"Cell_Line","Temperature","Time","Rep","Area","Batch","Incubator"
"X1690",16,0,0,0,"1","B"
"X1690",16,0,1,0,"1","B"
"X1690",16,0,2,0,"1","B"
"X1690",16,0,3,0,"1","B"
"X1690",16,0,4,0,"1","B"
"X1690",16,0,5,0,"1","B"
"X1690",16,0,6,0,"1","B"
"X1690",16,0,7,0,"1","B"
"X1690",16,2,0,0.216,"1","B"
"X1690",16,2,1,0.216,"1","B"
"X1690",16,2,2,0.092,"1","B"
"X1690",16,2,3,0.269,"1","B"
"X1690",16,2,4,0.176,"1","B"
"X1690",16,2,5,0.247,"1","B"
"X1690",16,2,6,0.163,"1","B"
"X1690",16,2,7,0.186,"1","B"
"X1690",16,8,0,0.869000044000065,"1","B"
"X1690",16,8,1,0.935666593333225,"1","B"
"X1690",16,8,2,0.372833340666678,"1","B"
"X1690",16,8,3,1.15758332966666,"1","B"
"X1690",16,8,4,0.697083395666759,"1","B"
"X1690",16,8,5,1.048,"1","B"
"X1690",16,8,6,0.656916692333371,"1","B"
"X1690",16,8,7,0.792166703333388,"1","B"
"X1690",16,20,0,2.35100001315553,"1","B"
"X1690",16,20,1,2.62603701305391,"1","B"
"X1690",16,20,2,0.979407297408651,"1","B"
"X1690",16,20,3,3.24905546124152,"1","B"
"X1690",16,20,4,1.89283335233577,"1","B"
"X1690",16,20,5,3.38577777258053,"1","B"
"X1690",16,20,6,1.76975895331189,"1","B"
"X1690",16,20,7,2.23029630858562,"1","B"
"X1690",16,26,0,3.18978851310603,"1","B"
"X1690",16,26,1,3.68936226076889,"1","B"
"X1690",16,26,2,1.30409964830072,"1","B"
"X1690",16,26,3,4.39090012768571,"1","B"
"X1690",16,26,4,2.55417918666955,"1","B"
"X1690",16,26,5,5.14630911922296,"1","B"
"X1690",16,26,6,2.40584530320087,"1","B"
"X1690",16,26,7,2.98295901468067,"1","B"
"X1690",16,32,0,4.12156797895852,"1","B"
"X1690",16,32,1,4.68676598821262,"1","B"
"X1690",16,32,2,1.64272713102733,"1","B"
"X1690",16,32,3,5.43909255845422,"1","B"
"X1690",16,32,4,3.40941252075304,"1","B"
"X1690",16,32,5,6.94873186694212,"1","B"
"X1690",16,32,6,3.11476313014556,"1","B"
"X1690",16,32,7,3.81550469275213,"1","B"
"X1690",16,44,0,6.11610912578457,"1","B"
"X1690",16,44,1,6.67940390717349,"1","B"
"X1690",16,44,2,2.38022982358938,"1","B"
"X1690",16,44,3,7.90232198546533,"1","B"
"X1690",16,44,4,6.02643068139148,"1","B"
"X1690",16,44,5,11.3761501236518,"1","B"
"X1690",16,44,6,4.78196853773497,"1","B"
"X1690",16,44,7,5.98480546262304,"1","B"
"X1690",16,50,0,7.11568435906949,"1","B"
"X1690",16,50,1,8.18387923693648,"1","B"
"X1690",16,50,2,2.78811151729101,"1","B"
"X1690",16,50,3,9.56248333055337,"1","B"
"X1690",16,50,4,7.45438100483788,"1","B"
"X1690",16,50,5,14.4140818483064,"1","B"
"X1690",16,50,6,5.79320583699368,"1","B"
"X1690",16,50,7,7.17164396781601,"1","B"
"X1690",16,56,0,8.38469015575149,"1","B"
"X1690",16,56,1,9.99835620095807,"1","B"
"X1690",16,56,2,3.29929645269234,"1","B"
"X1690",16,56,3,11.4292469032129,"1","B"
"X1690",16,56,4,8.91353235286089,"1","B"
"X1690",16,56,5,18.8567703007641,"1","B"
"X1690",16,56,6,6.94196901313768,"1","B"
"X1690",16,56,7,8.57200494907191,"1","B"
"X1690",16,68,0,11.3668380534415,"1","B"
"X1690",16,68,1,15.0908998470299,"1","B"
"X1690",16,68,2,4.54841143431638,"1","B"
"X1690",16,68,3,16.0417317501478,"1","B"
"X1690",16,68,4,12.4360426345311,"1","B"
"X1690",16,68,5,27.3337677045148,"1","B"
"X1690",16,68,6,9.86309255090754,"1","B"
"X1690",16,68,7,12.1965256351827,"1","B"
"X1690",16,74,0,13.1493236773182,"1","B"
"X1690",16,74,1,18.9541293706289,"1","B"
"X1690",16,74,2,5.16743728342809,"1","B"
"X1690",16,74,3,19.2280300622551,"1","B"
"X1690",16,74,4,14.3784702736248,"1","B"
"X1690",16,74,5,31.8980074742746,"1","B"
"X1690",16,74,6,11.7775881378608,"1","B"
"X1690",16,74,7,14.4987200603046,"1","B"
"X1690",16,80,0,15.3912289263974,"1","B"
"X1690",16,80,1,23.6103757136194,"1","B"
"X1690",16,80,2,5.95214667917661,"1","B"
"X1690",16,80,3,22.8380624129326,"1","B"
"X1690",16,80,4,16.4725643545559,"1","B"
"X1690",16,80,5,35.7708884732501,"1","B"
"X1690",16,80,6,13.9951361174708,"1","B"
"X1690",16,80,7,17.2975486022642,"1","B"
"X1690",16,92,0,21.2302458626278,"1","B"
"X1690",16,92,1,34.6639374056633,"1","B"
"X1690",16,92,2,8.38766248408328,"1","B"
"X1690",16,92,3,31.7085629079953,"1","B"
"X1690",16,92,4,21.5875047858774,"1","B"
"X1690",16,92,5,44.1015422992905,"1","B"
"X1690",16,92,6,19.0446339651024,"1","B"
"X1690",16,92,7,25.141410212473,"1","B"
"X1690",16,98,0,25.2037732661697,"1","B"
"X1690",16,98,1,40.369572322868,"1","B"
"X1690",16,98,2,10.5127694801514,"1","B"
"X1690",16,98,3,37.039503121632,"1","B"
"X1690",16,98,4,24.9361803692472,"1","B"
"X1690",16,98,5,48.4165649422925,"1","B"
"X1690",16,98,6,21.9231711912878,"1","B"
"X1690",16,98,7,30.3627485619063,"1","B"
"X1690",16,104,0,30.103792387495,"1","B"
"X1690",16,104,1,47.1934185473276,"1","B"
"X1690",16,104,2,13.1646913184585,"1","B"
"X1690",16,104,3,43.3559067018125,"1","B"
"X1690",16,104,4,28.8769294999861,"1","B"
"X1690",16,104,5,53.3205021277711,"1","B"
"X1690",16,104,6,25.3654500993108,"1","B"
"X1690",16,104,7,36.6691802931965,"1","B"
"X1690",16,127,0,56.589575175303,"1","B"
"X1690",16,127,1,78.0677868343493,"1","B"
"X1690",16,127,2,30.2511583699018,"1","B"
"X1690",16,127,3,77.3573452749898,"1","B"
"X1690",16,127,4,50.326892486919,"1","B"
"X1690",16,127,5,62.2979823368254,"1","B"
"X1690",16,127,6,44.1827978322748,"1","B"
"X1690",16,127,7,67.858803803571,"1","B"
"X1690",16,151,0,93.0763467929619,"1","B"
"X1690",16,151,1,116.207410792213,"1","B"
"X1690",16,151,2,61.2051600401502,"1","B"
"X1690",16,151,3,119.912870417952,"1","B"
"X1690",16,151,4,81.8826823618522,"1","B"
"X1690",16,151,5,86.1620676496195,"1","B"
"X1690",16,151,6,74.0783276768285,"1","B"
"X1690",16,151,7,107.128394437346,"1","B"
"X1690",16,164,0,112.564822830377,"1","B"
"X1690",16,164,1,135.995746497747,"1","B"
"X1690",16,164,2,82.3444734339282,"1","B"
"X1690",16,164,3,142.81389473676,"1","B"
"X1690",16,164,4,100.194386142776,"1","B"
"X1690",16,164,5,101.07918398903,"1","B"
"X1690",16,164,6,92.7515042905611,"1","B"
"X1690",16,164,7,129.235530148347,"1","B"
"X1690",20,0,0,0,"2","T"
"X1690",20,0,1,0,"2","T"
"X1690",20,0,2,0,"2","T"
"X1690",20,0,3,0,"2","T"
"X1690",20,0,4,0,"2","T"
"X1690",20,0,5,0,"2","T"
"X1690",20,0,6,0,"2","T"
"X1690",20,0,7,0,"2","T"
"X1690",20,4,0,0.454,"2","T"
"X1690",20,4,1,0.858,"2","T"
"X1690",20,4,2,0.58,"2","T"
"X1690",20,4,3,0.554,"2","T"
"X1690",20,4,4,0.742,"2","T"
"X1690",20,4,5,0.438,"2","T"
"X1690",20,4,6,0.428,"2","T"
"X1690",20,4,7,0.388,"2","T"
"X1690",20,10,0,1.13687509557524,"2","T"
"X1690",20,10,1,2.110875401416,"2","T"
"X1690",20,10,2,1.47550022938057,"2","T"
"X1690",20,10,3,1.38145857758116,"2","T"
"X1690",20,10,4,1.72579167514011,"2","T"
"X1690",20,10,5,1.16804170277287,"2","T"
"X1690",20,10,6,1.145,"2","T"
"X1690",20,10,7,1.05274998725664,"2","T"
"X1690",20,22,0,3.06679041422915,"2","T"
"X1690",20,22,1,6.0630169382111,"2","T"
"X1690",20,22,2,3.95047626782337,"2","T"
"X1690",20,22,3,4.25831889426971,"2","T"
"X1690",20,22,4,4.88707446802222,"2","T"
"X1690",20,22,5,3.01015495932916,"2","T"
"X1690",20,22,6,3.07288101432132,"2","T"
"X1690",20,22,7,2.77811898622542,"2","T"
"X1690",20,28,0,4.47840918333929,"2","T"
"X1690",20,28,1,9.02817148986897,"2","T"
"X1690",20,28,2,5.51162998939231,"2","T"
"X1690",20,28,3,6.6345951645461,"2","T"
"X1690",20,28,4,6.62690930406955,"2","T"
"X1690",20,28,5,4.1461970102953,"2","T"
"X1690",20,28,6,4.45776143792094,"2","T"
"X1690",20,28,7,3.95289421046591,"2","T"
"X1690",20,34,0,6.33168186945108,"2","T"
"X1690",20,34,1,13.3116715309649,"2","T"
"X1690",20,34,2,7.4294466315849,"2","T"
"X1690",20,34,3,9.54458380588276,"2","T"
"X1690",20,34,4,8.82966958793802,"2","T"
"X1690",20,34,5,5.6747721337188,"2","T"
"X1690",20,34,6,6.31308843311467,"2","T"
"X1690",20,34,7,5.52522735945509,"2","T"
"X1690",20,46,0,12.6994979742569,"2","T"
"X1690",20,46,1,26.570542370796,"2","T"
"X1690",20,46,2,12.3988324642996,"2","T"
"X1690",20,46,3,17.3240624775416,"2","T"
"X1690",20,46,4,15.4213677393872,"2","T"
"X1690",20,46,5,10.453817889381,"2","T"
"X1690",20,46,6,11.86253864804,"2","T"
"X1690",20,46,7,10.307485116094,"2","T"
"X1690",20,52,0,17.7072925486041,"2","T"
"X1690",20,52,1,35.6618748034404,"2","T"
"X1690",20,52,2,16.5076194963317,"2","T"
"X1690",20,52,3,23.5204692731889,"2","T"
"X1690",20,52,4,21.7105004340657,"2","T"
"X1690",20,52,5,13.652678537373,"2","T"
"X1690",20,52,6,16.1528277209003,"2","T"
"X1690",20,52,7,13.7895803781897,"2","T"
"X1690",20,58,0,24.1265687166546,"2","T"
"X1690",20,58,1,46.2779462179626,"2","T"
"X1690",20,58,2,22.4543804947945,"2","T"
"X1690",20,58,3,31.3321783855629,"2","T"
"X1690",20,58,4,30.3964750616265,"2","T"
"X1690",20,58,5,17.4815622923292,"2","T"
"X1690",20,58,6,22.6629437971794,"2","T"
"X1690",20,58,7,18.9725117236346,"2","T"
"X1690",20,70,0,40.7505296344431,"2","T"
"X1690",20,70,1,69.4232212149562,"2","T"
"X1690",20,70,2,39.4272048988204,"2","T"
"X1690",20,70,3,48.9250521997968,"2","T"
"X1690",20,70,4,48.3003067892692,"2","T"
"X1690",20,70,5,28.8361903340669,"2","T"
"X1690",20,70,6,38.2519814268236,"2","T"
"X1690",20,70,7,34.0805815611349,"2","T"
"X1690",20,76,0,50.475816920904,"2","T"
"X1690",20,76,1,82.9134224362985,"2","T"
"X1690",20,76,2,48.9842655738978,"2","T"
"X1690",20,76,3,58.2258649027184,"2","T"
"X1690",20,76,4,58.8234160452286,"2","T"
"X1690",20,76,5,36.4397468432719,"2","T"
"X1690",20,76,6,47.1273217362734,"2","T"
"X1690",20,76,7,42.4413996762512,"2","T"
"X1690",20,82,0,60.8541273182703,"2","T"
"X1690",20,82,1,97.357384793108,"2","T"
"X1690",20,82,2,58.9770296562643,"2","T"
"X1690",20,82,3,67.8605899321192,"2","T"
"X1690",20,82,4,69.6447502988271,"2","T"
"X1690",20,82,5,44.320927025379,"2","T"
"X1690",20,82,6,57.01047125821,"2","T"
"X1690",20,82,7,51.6072347709325,"2","T"
"X1690",20,94,0,81.7613820662281,"2","T"
"X1690",20,94,1,125.513513723466,"2","T"
"X1690",20,94,2,78.5008734295273,"2","T"
"X1690",20,94,3,87.4711544839119,"2","T"
"X1690",20,94,4,91.0623359004114,"2","T"
"X1690",20,94,5,60.939720864654,"2","T"
"X1690",20,94,6,77.0121793682908,"2","T"
"X1690",20,94,7,70.745058138805,"2","T"
"X1690",20,100,0,92.5654063230549,"2","T"
"X1690",20,100,1,139.548231545266,"2","T"
"X1690",20,100,2,88.9703203300358,"2","T"
"X1690",20,100,3,97.5372946678169,"2","T"
"X1690",20,100,4,102.198536325872,"2","T"
"X1690",20,100,5,69.5549074573569,"2","T"
"X1690",20,100,6,87.353954432755,"2","T"
"X1690",20,100,7,80.751532279588,"2","T"
"X1690",20,106,0,103.464251984692,"2","T"
"X1690",20,106,1,153.434372106208,"2","T"
"X1690",20,106,2,100.70460088883,"2","T"
"X1690",20,106,3,107.633393775281,"2","T"
"X1690",20,106,4,113.174702320913,"2","T"
"X1690",20,106,5,78.3352387120442,"2","T"
"X1690",20,106,6,97.7192675346406,"2","T"
"X1690",20,106,7,90.8210037283912,"2","T"
"X1690",25,0,0,0,"2","T"
"X1690",25,0,1,0,"2","T"
"X1690",25,0,2,0,"2","T"
"X1690",25,0,3,0,"2","T"
"X1690",25,0,4,0,"2","T"
"X1690",25,0,5,0,"2","T"
"X1690",25,0,6,0,"2","T"
"X1690",25,0,7,0,"2","T"
"X1690",25,5,0,1.2325,"2","T"
"X1690",25,5,1,1.0325,"2","T"
"X1690",25,5,2,0.6,"2","T"
"X1690",25,5,3,0.4575,"2","T"
"X1690",25,5,4,0.52,"2","T"
"X1690",25,5,5,0.54,"2","T"
"X1690",25,5,6,0.7475,"2","T"
"X1690",25,5,7,0.985,"2","T"
"X1690",25,11,0,2.8919211765013,"2","T"
"X1690",25,11,1,2.52994141790735,"2","T"
"X1690",25,11,2,1.61785023377381,"2","T"
"X1690",25,11,3,1.13983769331296,"2","T"
"X1690",25,11,4,1.30806664268987,"2","T"
"X1690",25,11,5,1.26763758541735,"2","T"
"X1690",25,11,6,1.76257148220552,"2","T"
"X1690",25,11,7,2.4907461495274,"2","T"
"X1690",25,23,0,8.10625937436821,"2","T"
"X1690",25,23,1,6.9070488793011,"2","T"
"X1690",25,23,2,5.58940706636143,"2","T"
"X1690",25,23,3,4.01169050308481,"2","T"
"X1690",25,23,4,3.94793861126616,"2","T"
"X1690",25,23,5,3.42016255220705,"2","T"
"X1690",25,23,6,5.61604759857863,"2","T"
"X1690",25,23,7,8.29603244354031,"2","T"
"X1690",25,29,0,12.1591220748551,"2","T"
"X1690",25,29,1,10.6786990676199,"2","T"
"X1690",25,29,2,9.050964175847,"2","T"
"X1690",25,29,3,6.68788316395077,"2","T"
"X1690",25,29,4,6.26250344452791,"2","T"
"X1690",25,29,5,5.05437887228997,"2","T"
"X1690",25,29,6,8.77759075047065,"2","T"
"X1690",25,29,7,13.4578296158453,"2","T"
"X1690",25,35,0,17.7389432539501,"2","T"
"X1690",25,35,1,17.0764885496747,"2","T"
"X1690",25,35,2,15.0326999207214,"2","T"
"X1690",25,35,3,10.812383275775,"2","T"
"X1690",25,35,4,9.86416190550113,"2","T"
"X1690",25,35,5,7.29070197910327,"2","T"
"X1690",25,35,6,14.0722346964987,"2","T"
"X1690",25,35,7,20.5772259420198,"2","T"
"X1690",25,47,0,34.254407057556,"2","T"
"X1690",25,47,1,36.6380871776352,"2","T"
"X1690",25,47,2,34.0891479931034,"2","T"
"X1690",25,47,3,23.2741469352678,"2","T"
"X1690",25,47,4,22.4577652471881,"2","T"
"X1690",25,47,5,14.6450629346966,"2","T"
"X1690",25,47,6,30.6608459008641,"2","T"
"X1690",25,47,7,37.7310413482246,"2","T"
"X1690",25,53,0,45.4381256981774,"2","T"
"X1690",25,53,1,48.7704413488365,"2","T"
"X1690",25,53,2,45.5366347441659,"2","T"
"X1690",25,53,3,30.2278739058617,"2","T"
"X1690",25,53,4,31.6063620448875,"2","T"
"X1690",25,53,5,20.4935683096927,"2","T"
"X1690",25,53,6,41.5158817915806,"2","T"
"X1690",25,53,7,47.3414970018525,"2","T"
"X1690",25,59,0,56.6959953657849,"2","T"
"X1690",25,59,1,61.3941306789894,"2","T"
"X1690",25,59,2,57.4845628226827,"2","T"
"X1690",25,59,3,36.1683711268563,"2","T"
"X1690",25,59,4,39.9142243240982,"2","T"
"X1690",25,59,5,27.6506856586422,"2","T"
"X1690",25,59,6,52.6782247400783,"2","T"
"X1690",25,59,7,57.049780973621,"2","T"
"X1690",25,71,0,78.3903455119082,"2","T"
"X1690",25,71,1,87.9040249113085,"2","T"
"X1690",25,71,2,82.4598371559022,"2","T"
"X1690",25,71,3,47.3208069559171,"2","T"
"X1690",25,71,4,57.6447012593728,"2","T"
"X1690",25,71,5,43.8642258504897,"2","T"
"X1690",25,71,6,75.8253242814313,"2","T"
"X1690",25,71,7,76.9026947497847,"2","T"
"X1690",25,77,0,88.1582112437178,"2","T"
"X1690",25,77,1,101.874643388065,"2","T"
"X1690",25,77,2,95.0150580799789,"2","T"
"X1690",25,77,3,54.0915144698755,"2","T"
"X1690",25,77,4,63.1433796181185,"2","T"
"X1690",25,77,5,52.3788746503358,"2","T"
"X1690",25,77,6,87.6851299640937,"2","T"
"X1690",25,77,7,86.9478035226058,"2","T"
"X1690",25,83,0,98.205782442383,"2","T"
"X1690",25,83,1,115.6552253817,"2","T"
"X1690",25,83,2,107.622655339667,"2","T"
"X1690",25,83,3,61.0435459953264,"2","T"
"X1690",25,83,4,69.6983108102196,"2","T"
"X1690",25,83,5,60.5749254418764,"2","T"
"X1690",25,83,6,99.4315760713997,"2","T"
"X1690",25,83,7,96.9830309498801,"2","T"
"X1690",25,95,0,118.718579728563,"2","T"
"X1690",25,95,1,143.116206692377,"2","T"
"X1690",25,95,2,132.764268284881,"2","T"
"X1690",25,95,3,75.3259000642299,"2","T"
"X1690",25,95,4,83.4675528246754,"2","T"
"X1690",25,95,5,76.8339419463611,"2","T"
"X1690",25,95,6,122.441533801219,"2","T"
"X1690",25,95,7,116.832108178239,"2","T"
"X1690",25,101,0,129.40903451118,"2","T"
"X1690",25,101,1,156.77186172111,"2","T"
"X1690",25,101,2,145.292295756188,"2","T"
"X1690",25,101,3,82.5733532756551,"2","T"
"X1690",25,101,4,89.4242994885668,"2","T"
"X1690",25,101,5,85.065369044092,"2","T"
"X1690",25,101,6,133.72934712318,"2","T"
"X1690",25,101,7,126.667232085173,"2","T"
"X1690",25,107,0,140.029803037076,"2","T"
"X1690",25,107,1,170.384963662409,"2","T"
"X1690",25,107,2,157.817168295452,"2","T"
"X1690",25,107,3,89.9022819831999,"2","T"
"X1690",25,107,4,95.4863484746973,"2","T"
"X1690",25,107,5,93.5434328936366,"2","T"
"X1690",25,107,6,144.838026522496,"2","T"
"X1690",25,107,7,136.427902673923,"2","T"
"X1690",25.1,0,0,0,"3","B"
"X1690",25.1,0,1,0,"3","B"
"X1690",25.1,0,2,0,"3","B"
"X1690",25.1,0,3,0,"3","B"
"X1690",25.1,0,4,0,"3","B"
"X1690",25.1,0,5,0,"3","B"
"X1690",25.1,0,6,0,"3","B"
"X1690",25.1,0,7,0,"3","B"
"X1690",25.1,4,0,0.34,"3","B"
"X1690",25.1,4,1,0.79,"3","B"
"X1690",25.1,4,2,1.594,"3","B"
"X1690",25.1,4,3,0.868,"3","B"
"X1690",25.1,4,4,0.786,"3","B"
"X1690",25.1,4,5,0.974,"3","B"
"X1690",25.1,4,6,0.798,"3","B"
"X1690",25.1,4,7,0.582,"3","B"
"X1690",25.1,10,0,1.14583380059005,"3","B"
"X1690",25.1,10,1,2.52262518477879,"3","B"
"X1690",25.1,10,2,4.20429304082619,"3","B"
"X1690",25.1,10,3,2.27716706595877,"3","B"
"X1690",25.1,10,4,2.47045786395272,"3","B"
"X1690",25.1,10,5,2.64462482796457,"3","B"
"X1690",25.1,10,6,2.41629191941007,"3","B"
"X1690",25.1,10,7,1.75145857758116,"3","B"
"X1690",25.1,22,0,4.96100806133892,"3","B"
"X1690",25.1,22,1,8.65834386792566,"3","B"
"X1690",25.1,22,2,15.3776439080984,"3","B"
"X1690",25.1,22,3,7.77014850626528,"3","B"
"X1690",25.1,22,4,8.22811372302519,"3","B"
"X1690",25.1,22,5,8.21154167857937,"3","B"
"X1690",25.1,22,6,8.67472775826808,"3","B"
"X1690",25.1,22,7,6.54806220858019,"3","B"
"X1690",25.1,28,0,7.9447119945579,"3","B"
"X1690",25.1,28,1,13.181261203447,"3","B"
"X1690",25.1,28,2,24.4081016507473,"3","B"
"X1690",25.1,28,3,12.6976789002824,"3","B"
"X1690",25.1,28,4,13.8872088579527,"3","B"
"X1690",25.1,28,5,13.6039873535963,"3","B"
"X1690",25.1,28,6,14.1955415392309,"3","B"
"X1690",25.1,28,7,11.1593289010367,"3","B"
"X1690",25.1,34,0,12.8386829115373,"3","B"
"X1690",25.1,34,1,18.9885396985694,"3","B"
"X1690",25.1,34,2,34.7735090594934,"3","B"
"X1690",25.1,34,3,20.7131081482194,"3","B"
"X1690",25.1,34,4,22.0184690918934,"3","B"
"X1690",25.1,34,5,21.9935597162056,"3","B"
"X1690",25.1,34,6,22.3822263098805,"3","B"
"X1690",25.1,34,7,19.7032830856345,"3","B"
"X1690",25.1,46,0,28.1121851313972,"3","B"
"X1690",25.1,46,1,31.9127013521125,"3","B"
"X1690",25.1,46,2,56.2088895237633,"3","B"
"X1690",25.1,46,3,43.6116163882747,"3","B"
"X1690",25.1,46,4,39.9481619628644,"3","B"
"X1690",25.1,46,5,45.4963048102813,"3","B"
"X1690",25.1,46,6,39.3696312414812,"3","B"
"X1690",25.1,46,7,38.1722728757863,"3","B"
"X1690",25.1,52,0,38.1546048265157,"3","B"
"X1690",25.1,52,1,37.616837463542,"3","B"
"X1690",25.1,52,2,67.668893145217,"3","B"
"X1690",25.1,52,3,55.5352769788778,"3","B"
"X1690",25.1,52,4,49.3056161346938,"3","B"
"X1690",25.1,52,5,59.026874031351,"3","B"
"X1690",25.1,52,6,48.5710080271997,"3","B"
"X1690",25.1,52,7,45.6052613690803,"3","B"
"X1690",25.1,58,0,48.0726063710785,"3","B"
"X1690",25.1,58,1,44.0908142931712,"3","B"
"X1690",25.1,58,2,79.301669160526,"3","B"
"X1690",25.1,58,3,67.6506933615774,"3","B"
"X1690",25.1,58,4,59.0205054796822,"3","B"
"X1690",25.1,58,5,72.7178452635956,"3","B"
"X1690",25.1,58,6,58.1646233683838,"3","B"
"X1690",25.1,58,7,53.6729342116404,"3","B"
"X1690",25.1,70,0,68.5665556214008,"3","B"
"X1690",25.1,70,1,57.2144942042416,"3","B"
"X1690",25.1,70,2,102.5998999218,"3","B"
"X1690",25.1,70,3,92.6585314361275,"3","B"
"X1690",25.1,70,4,79.1469816610076,"3","B"
"X1690",25.1,70,5,100.660418440423,"3","B"
"X1690",25.1,70,6,77.7355709915487,"3","B"
"X1690",25.1,70,7,69.1955468158788,"3","B"
"X1690",25.1,76,0,79.0721701353592,"3","B"
"X1690",25.1,76,1,62.8258431243,"3","B"
"X1690",25.1,76,2,114.276248621087,"3","B"
"X1690",25.1,76,3,104.548434451301,"3","B"
"X1690",25.1,76,4,89.1241691631546,"3","B"
"X1690",25.1,76,5,114.841997988203,"3","B"
"X1690",25.1,76,6,87.4708497801887,"3","B"
"X1690",25.1,76,7,76.1369822353959,"3","B"
"X1690",25.1,82,0,89.7081379465307,"3","B"
"X1690",25.1,82,1,67.7350518964137,"3","B"
"X1690",25.1,82,2,125.874828935959,"3","B"
"X1690",25.1,82,3,116.61598604135,"3","B"
"X1690",25.1,82,4,98.9642765366786,"3","B"
"X1690",25.1,82,5,129.097114643861,"3","B"
"X1690",25.1,82,6,97.1397519233768,"3","B"
"X1690",25.1,82,7,84.1582523586834,"3","B"
"X1690",25.1,94,0,110.913495636049,"3","B"
"X1690",25.1,94,1,76.2280405638589,"3","B"
"X1690",25.1,94,2,148.776011848313,"3","B"
"X1690",25.1,94,3,140.301128714573,"3","B"
"X1690",25.1,94,4,118.262699663721,"3","B"
"X1690",25.1,94,5,157.404487752218,"3","B"
"X1690",25.1,94,6,116.198116713977,"3","B"
"X1690",25.1,94,7,100.160800597352,"3","B"
"X1690",25.1,100,0,121.517678455873,"3","B"
"X1690",25.1,100,1,79.1510889887453,"3","B"
"X1690",25.1,100,2,160.054705385173,"3","B"
"X1690",25.1,100,3,152.138921504076,"3","B"
"X1690",25.1,100,4,127.734775017533,"3","B"
"X1690",25.1,100,5,171.47749189247,"3","B"
"X1690",25.1,100,6,125.609888748701,"3","B"
"X1690",25.1,100,7,108.522531376375,"3","B"
"X1690",25.1,106,0,132.063169201786,"3","B"
"X1690",25.1,106,1,82.8803161511168,"3","B"
"X1690",25.1,106,2,171.304691710062,"3","B"
"X1690",25.1,106,3,163.796487687502,"3","B"
"X1690",25.1,106,4,137.099381280616,"3","B"
"X1690",25.1,106,5,185.539194388408,"3","B"
"X1690",25.1,106,6,134.934924165789,"3","B"
"X1690",25.1,106,7,117.455113406291,"3","B"
"X1690",25.2,0,0,0,"1","T"
"X1690",25.2,0,1,0,"1","T"
"X1690",25.2,0,2,0,"1","T"
"X1690",25.2,0,3,0,"1","T"
"X1690",25.2,0,4,0,"1","T"
"X1690",25.2,0,5,0,"1","T"
"X1690",25.2,0,6,0,"1","T"
"X1690",25.2,0,7,0,"1","T"
"X1690",25.2,2,0,0.123,"1","T"
"X1690",25.2,2,1,0.276,"1","T"
"X1690",25.2,2,2,0.115,"1","T"
"X1690",25.2,2,3,0.111,"1","T"
"X1690",25.2,2,4,0.187,"1","T"
"X1690",25.2,2,5,0.313,"1","T"
"X1690",25.2,2,6,0.192,"1","T"
"X1690",25.2,2,7,0.177,"1","T"
"X1690",25.2,8,0,0.559416714333404,"1","T"
"X1690",25.2,8,1,1.22950015400023,"1","T"
"X1690",25.2,8,2,0.486500022000033,"1","T"
"X1690",25.2,8,3,0.465666681333355,"1","T"
"X1690",25.2,8,4,0.850833252666547,"1","T"
"X1690",25.2,8,5,1.24983338466674,"1","T"
"X1690",25.2,8,6,0.777333274666579,"1","T"
"X1690",25.2,8,7,0.75483360466707,"1","T"
"X1690",25.2,20,0,2.02442571157312,"1","T"
"X1690",25.2,20,1,4.25548152733636,"1","T"
"X1690",25.2,20,2,1.60744479953327,"1","T"
"X1690",25.2,20,3,1.51288937154276,"1","T"
"X1690",25.2,20,4,2.59029626960627,"1","T"
"X1690",25.2,20,5,4.4111851880545,"1","T"
"X1690",25.2,20,6,2.28992590275487,"1","T"
"X1690",25.2,20,7,2.67725934474314,"1","T"
"X1690",25.2,26,0,3.08382641852622,"1","T"
"X1690",25.2,26,1,6.3419479668462,"1","T"
"X1690",25.2,26,2,2.514093915922,"1","T"
"X1690",25.2,26,3,2.3409882551924,"1","T"
"X1690",25.2,26,4,3.84731066140525,"1","T"
"X1690",25.2,26,5,7.28783009999743,"1","T"
"X1690",25.2,26,6,3.57428037119761,"1","T"
"X1690",25.2,26,7,3.85689522957731,"1","T"
"X1690",25.2,32,0,4.28639730130132,"1","T"
"X1690",25.2,32,1,9.27076500390429,"1","T"
"X1690",25.2,32,2,3.69084003168328,"1","T"
"X1690",25.2,32,3,3.34318792125695,"1","T"
"X1690",25.2,32,4,5.73115225040406,"1","T"
"X1690",25.2,32,5,10.7121009593491,"1","T"
"X1690",25.2,32,6,5.62611165797228,"1","T"
"X1690",25.2,32,7,5.5763731922534,"1","T"
"X1690",25.2,44,0,8.72451189750146,"1","T"
"X1690",25.2,44,1,17.8296925369996,"1","T"
"X1690",25.2,44,2,7.14502118873019,"1","T"
"X1690",25.2,44,3,6.25163389642781,"1","T"
"X1690",25.2,44,4,11.4055446856777,"1","T"
"X1690",25.2,44,5,20.6274841217781,"1","T"
"X1690",25.2,44,6,13.2118706095319,"1","T"
"X1690",25.2,44,7,11.933124635811,"1","T"
"X1690",25.2,50,0,12.1020690501104,"1","T"
"X1690",25.2,50,1,22.0932478977624,"1","T"
"X1690",25.2,50,2,10.2738074623683,"1","T"
"X1690",25.2,50,3,8.91024163154615,"1","T"
"X1690",25.2,50,4,14.9703307135836,"1","T"
"X1690",25.2,50,5,27.433844301608,"1","T"
"X1690",25.2,50,6,18.7906342137227,"1","T"
"X1690",25.2,50,7,16.9989153378318,"1","T"
"X1690",25.2,56,0,16.830215297413,"1","T"
"X1690",25.2,56,1,27.8442923087875,"1","T"
"X1690",25.2,56,2,14.3222967762846,"1","T"
"X1690",25.2,56,3,12.5658777344305,"1","T"
"X1690",25.2,56,4,19.5337733478094,"1","T"
"X1690",25.2,56,5,34.7827674265369,"1","T"
"X1690",25.2,56,6,24.2054751398678,"1","T"
"X1690",25.2,56,7,22.6796536605483,"1","T"
"X1690",25.2,68,0,31.3322949372056,"1","T"
"X1690",25.2,68,1,39.0639112104496,"1","T"
"X1690",25.2,68,2,24.0917663613612,"1","T"
"X1690",25.2,68,3,21.3689208702974,"1","T"
"X1690",25.2,68,4,30.2781563574591,"1","T"
"X1690",25.2,68,5,50.0003618552099,"1","T"
"X1690",25.2,68,6,35.1040083498441,"1","T"
"X1690",25.2,68,7,34.4204897310593,"1","T"
"X1690",25.2,74,0,39.0476952034755,"1","T"
"X1690",25.2,74,1,44.0110184227638,"1","T"
"X1690",25.2,74,2,30.3145091620931,"1","T"
"X1690",25.2,74,3,28.3141905510265,"1","T"
"X1690",25.2,74,4,35.1627347866383,"1","T"
"X1690",25.2,74,5,57.2785110747094,"1","T"
"X1690",25.2,74,6,41.5808612169319,"1","T"
"X1690",25.2,74,7,40.3648340922856,"1","T"
"X1690",25.2,80,0,47.9451439878472,"1","T"
"X1690",25.2,80,1,49.231144388662,"1","T"
"X1690",25.2,80,2,35.5979104623608,"1","T"
"X1690",25.2,80,3,34.526635222501,"1","T"
"X1690",25.2,80,4,39.7286713167817,"1","T"
"X1690",25.2,80,5,65.2055154303275,"1","T"
"X1690",25.2,80,6,48.1877526151794,"1","T"
"X1690",25.2,80,7,45.7928738255117,"1","T"
"X1690",25.2,92,0,66.7305146455581,"1","T"
"X1690",25.2,92,1,60.5249930624364,"1","T"
"X1690",25.2,92,2,45.1944788106651,"1","T"
"X1690",25.2,92,3,45.5571228441648,"1","T"
"X1690",25.2,92,4,47.5940011252735,"1","T"
"X1690",25.2,92,5,80.5844832733547,"1","T"
"X1690",25.2,92,6,62.658742993933,"1","T"
"X1690",25.2,92,7,56.2889207657227,"1","T"
"X1690",25.2,98,0,74.3689603008562,"1","T"
"X1690",25.2,98,1,65.1716221233934,"1","T"
"X1690",25.2,98,2,50.8254545820456,"1","T"
"X1690",25.2,98,3,51.3764223539707,"1","T"
"X1690",25.2,98,4,52.3833348294637,"1","T"
"X1690",25.2,98,5,88.0727523672992,"1","T"
"X1690",25.2,98,6,68.8250355041997,"1","T"
"X1690",25.2,98,7,62.3309721377193,"1","T"
"X1690",25.2,104,0,82.2289857310221,"1","T"
"X1690",25.2,104,1,70.3620144534714,"1","T"
"X1690",25.2,104,2,56.1756179949018,"1","T"
"X1690",25.2,104,3,56.75389069241,"1","T"
"X1690",25.2,104,4,59.4715199474094,"1","T"
"X1690",25.2,104,5,96.7848754297925,"1","T"
"X1690",25.2,104,6,77.3999051098534,"1","T"
"X1690",25.2,104,7,68.7475531127825,"1","T"
"X1690",25.2,127,0,110.516402554716,"1","T"
"X1690",25.2,127,1,88.4084499552678,"1","T"
"X1690",25.2,127,2,77.3038161893315,"1","T"
"X1690",25.2,127,3,76.0262194468177,"1","T"
"X1690",25.2,127,4,80.2353229090456,"1","T"
"X1690",25.2,127,5,127.400283328827,"1","T"
"X1690",25.2,127,6,108.327662369335,"1","T"
"X1690",25.2,127,7,101.403635803973,"1","T"
"X1690",25.2,151,0,132.202354715959,"1","T"
"X1690",25.2,151,1,105.514829695565,"1","T"
"X1690",25.2,151,2,102.982578397748,"1","T"
"X1690",25.2,151,3,97.8067731782882,"1","T"
"X1690",25.2,151,4,99.2960900557137,"1","T"
"X1690",25.2,151,5,164.610294357571,"1","T"
"X1690",25.2,151,6,142.421317335164,"1","T"
"X1690",25.2,151,7,127.528599672133,"1","T"
"X1690",25.2,164,0,146.535123340403,"1","T"
"X1690",25.2,164,1,117.58753200585,"1","T"
"X1690",25.2,164,2,112.854306233702,"1","T"
"X1690",25.2,164,3,107.206839933492,"1","T"
"X1690",25.2,164,4,109.510397666559,"1","T"
"X1690",25.2,164,5,187.335178864144,"1","T"
"X1690",25.2,164,6,170.842799393799,"1","T"
"X1690",25.2,164,7,148.637566099634,"1","T"
"X1690",25.3,0,0,0,"4","M"
"X1690",25.3,0,1,0,"4","M"
"X1690",25.3,0,2,0,"4","M"
"X1690",25.3,0,3,0,"4","M"
"X1690",25.3,0,4,0,"4","M"
"X1690",25.3,0,5,0,"4","M"
"X1690",25.3,0,6,0,"4","M"
"X1690",25.3,0,7,0,"4","M"
"X1690",25.3,4,0,0.412,"4","M"
"X1690",25.3,4,1,1.046,"4","M"
"X1690",25.3,4,2,0.462,"4","M"
"X1690",25.3,4,3,0.424,"4","M"
"X1690",25.3,4,4,0.488,"4","M"
"X1690",25.3,4,5,0.362,"4","M"
"X1690",25.3,4,6,0.47,"4","M"
"X1690",25.3,4,7,0.476,"4","M"
"X1690",25.3,10,0,1.28891659445427,"4","M"
"X1690",25.3,10,1,2.59495865404135,"4","M"
"X1690",25.3,10,2,0.853041675277145,"4","M"
"X1690",25.3,10,3,1.25591674737464,"4","M"
"X1690",25.3,10,4,1.36441631410024,"4","M"
"X1690",25.3,10,5,0.980958348200592,"4","M"
"X1690",25.3,10,6,1.29595834820059,"4","M"
"X1690",25.3,10,7,1.28383339280237,"4","M"
"X1690",25.3,22,0,4.3158605314338,"4","M"
"X1690",25.3,22,1,7.60115710570071,"4","M"
"X1690",25.3,22,2,3.02394436726485,"4","M"
"X1690",25.3,22,3,4.76155901847083,"4","M"
"X1690",25.3,22,4,4.04067112009578,"4","M"
"X1690",25.3,22,5,2.82822336733242,"4","M"
"X1690",25.3,22,6,3.89443459593172,"4","M"
"X1690",25.3,22,7,3.8703145977881,"4","M"
"X1690",25.3,28,0,6.98036875584264,"4","M"
"X1690",25.3,28,1,11.7123244184453,"4","M"
"X1690",25.3,28,2,4.82897656022194,"4","M"
"X1690",25.3,28,3,8.09140720463678,"4","M"
"X1690",25.3,28,4,6.74630064146122,"4","M"
"X1690",25.3,28,5,4.33284053973671,"4","M"
"X1690",25.3,28,6,6.07227604315285,"4","M"
"X1690",25.3,28,7,5.99566718561748,"4","M"
"X1690",25.3,34,0,11.2798601416055,"4","M"
"X1690",25.3,34,1,17.589341506706,"4","M"
"X1690",25.3,34,2,7.24459257122722,"4","M"
"X1690",25.3,34,3,12.9188941324539,"4","M"
"X1690",25.3,34,4,11.0049701643748,"4","M"
"X1690",25.3,34,5,6.7504547234165,"4","M"
"X1690",25.3,34,6,9.79904938654148,"4","M"
"X1690",25.3,34,7,9.24509845781022,"4","M"
"X1690",25.3,46,0,25.869799519463,"4","M"
"X1690",25.3,46,1,40.7043285124684,"4","M"
"X1690",25.3,46,2,14.6615818668934,"4","M"
"X1690",25.3,46,3,26.7290632907832,"4","M"
"X1690",25.3,46,4,26.5644575981336,"4","M"
"X1690",25.3,46,5,15.4418477539334,"4","M"
"X1690",25.3,46,6,22.1567368377466,"4","M"
"X1690",25.3,46,7,20.9220193744093,"4","M"
"X1690",25.3,52,0,36.738065843735,"4","M"
"X1690",25.3,52,1,59.2372656254153,"4","M"
"X1690",25.3,52,2,21.2333176701885,"4","M"
"X1690",25.3,52,3,35.7958303318151,"4","M"
"X1690",25.3,52,4,36.1991256829858,"4","M"
"X1690",25.3,52,5,22.6571755054749,"4","M"
"X1690",25.3,52,6,30.0711409030726,"4","M"
"X1690",25.3,52,7,29.7056003416262,"4","M"
"X1690",25.3,58,0,48.0026289876348,"4","M"
"X1690",25.3,58,1,76.0047419826814,"4","M"
"X1690",25.3,58,2,29.0929814106276,"4","M"
"X1690",25.3,58,3,45.2718045160068,"4","M"
"X1690",25.3,58,4,46.7495881669242,"4","M"
"X1690",25.3,58,5,31.4427226237609,"4","M"
"X1690",25.3,58,6,38.8813142776364,"4","M"
"X1690",25.3,58,7,38.854790400741,"4","M"
"X1690",25.3,70,0,70.8210202587318,"4","M"
"X1690",25.3,70,1,109.85617721108,"4","M"
"X1690",25.3,70,2,44.6551108280263,"4","M"
"X1690",25.3,70,3,64.7916198057844,"4","M"
"X1690",25.3,70,4,65.9471213611794,"4","M"
"X1690",25.3,70,5,49.8668850211085,"4","M"
"X1690",25.3,70,6,57.1992680676811,"4","M"
"X1690",25.3,70,7,57.5993701404938,"4","M"
"X1690",25.3,76,0,82.3830783109186,"4","M"
"X1690",25.3,76,1,126.661469733612,"4","M"
"X1690",25.3,76,2,51.0391099612931,"4","M"
"X1690",25.3,76,3,74.8008774759425,"4","M"
"X1690",25.3,76,4,76.9578031357075,"4","M"
"X1690",25.3,76,5,59.7388538790179,"4","M"
"X1690",25.3,76,6,66.9230326790509,"4","M"
"X1690",25.3,76,7,67.1061457679161,"4","M"
"X1690",25.3,82,0,93.9815321614213,"4","M"
"X1690",25.3,82,1,143.296052510877,"4","M"
"X1690",25.3,82,2,55.5807311852191,"4","M"
"X1690",25.3,82,3,84.9712334878148,"4","M"
"X1690",25.3,82,4,87.6620942031317,"4","M"
"X1690",25.3,82,5,69.5806242004773,"4","M"
"X1690",25.3,82,6,76.7839029870044,"4","M"
"X1690",25.3,82,7,76.816348282699,"4","M"
"X1690",25.3,94,0,117.015126195746,"4","M"
"X1690",25.3,94,1,176.231161807365,"4","M"
"X1690",25.3,94,2,64.1844138534606,"4","M"
"X1690",25.3,94,3,105.53193059983,"4","M"
"X1690",25.3,94,4,109.751068791667,"4","M"
"X1690",25.3,94,5,89.219467671705,"4","M"
"X1690",25.3,94,6,96.8110441332684,"4","M"
"X1690",25.3,94,7,96.5183478534848,"4","M"
"X1690",25.3,100,0,128.497698931893,"4","M"
"X1690",25.3,100,1,192.412744436807,"4","M"
"X1690",25.3,100,2,69.0277212309474,"4","M"
"X1690",25.3,100,3,115.849874171474,"4","M"
"X1690",25.3,100,4,120.529523247857,"4","M"
"X1690",25.3,100,5,99.1029029556029,"4","M"
"X1690",25.3,100,6,106.966849727351,"4","M"
"X1690",25.3,100,7,106.555570178015,"4","M"
"X1690",25.3,106,0,139.904062293121,"4","M"
"X1690",25.3,106,1,208.536737688522,"4","M"
"X1690",25.3,106,2,73.1094341437097,"4","M"
"X1690",25.3,106,3,126.202602966778,"4","M"
"X1690",25.3,106,4,131.683253541893,"4","M"
"X1690",25.3,106,5,109.027564158451,"4","M"
"X1690",25.3,106,6,117.092538708757,"4","M"
"X1690",25.3,106,7,116.704349647844,"4","M"
"X1690",28,0,0,0,"3","M"
"X1690",28,0,1,0,"3","M"
"X1690",28,0,2,0,"3","M"
"X1690",28,0,3,0,"3","M"
"X1690",28,0,4,0,"3","M"
"X1690",28,0,5,0,"3","M"
"X1690",28,0,6,0,"3","M"
"X1690",28,0,7,0,"3","M"
"X1690",28,4,0,0.624,"3","M"
"X1690",28,4,1,0.802,"3","M"
"X1690",28,4,2,0.958,"3","M"
"X1690",28,4,3,0.78,"3","M"
"X1690",28,4,4,0.804,"3","M"
"X1690",28,4,5,0.67,"3","M"
"X1690",28,4,6,1.196,"3","M"
"X1690",28,4,7,0.62,"3","M"
"X1690",28,10,0,1.83641723162251,"3","M"
"X1690",28,10,1,1.99579167514011,"3","M"
"X1690",28,10,2,2.70795926572287,"3","M"
"X1690",28,10,3,2.22633326536872,"3","M"
"X1690",28,10,4,2.44991654348081,"3","M"
"X1690",28,10,5,1.79720866678472,"3","M"
"X1690",28,10,6,3.18750063716825,"3","M"
"X1690",28,10,7,1.55800035681422,"3","M"
"X1690",28,22,0,7.692759428418,"3","M"
"X1690",28,22,1,8.3062844307018,"3","M"
"X1690",28,22,2,11.9080466466123,"3","M"
"X1690",28,22,3,8.38353727315065,"3","M"
"X1690",28,22,4,9.693630983706,"3","M"
"X1690",28,22,5,6.15989106229838,"3","M"
"X1690",28,22,6,12.7851455331451,"3","M"
"X1690",28,22,7,5.59638091503529,"3","M"
"X1690",28,28,0,12.8839918268208,"3","M"
"X1690",28,28,1,14.4571738318286,"3","M"
"X1690",28,28,2,20.3659948268889,"3","M"
"X1690",28,28,3,14.7684048647124,"3","M"
"X1690",28,28,4,17.1358919545512,"3","M"
"X1690",28,28,5,10.0232425726605,"3","M"
"X1690",28,28,6,22.0892056371433,"3","M"
"X1690",28,28,7,9.97369122378148,"3","M"
"X1690",28,34,0,20.5454493963981,"3","M"
"X1690",28,34,1,21.4692813484234,"3","M"
"X1690",28,34,2,30.4958444281562,"3","M"
"X1690",28,34,3,23.1731103828315,"3","M"
"X1690",28,34,4,26.6435316980735,"3","M"
"X1690",28,34,5,16.5135028668814,"3","M"
"X1690",28,34,6,32.8154481432938,"3","M"
"X1690",28,34,7,18.4348950166216,"3","M"
"X1690",28,46,0,40.2918568902489,"3","M"
"X1690",28,46,1,32.9828863072801,"3","M"
"X1690",28,46,2,52.3705433847886,"3","M"
"X1690",28,46,3,42.5781340827427,"3","M"
"X1690",28,46,4,47.1088372679171,"3","M"
"X1690",28,46,5,34.8687106172269,"3","M"
"X1690",28,46,6,55.4829132114694,"3","M"
"X1690",28,46,7,35.9230788404063,"3","M"
"X1690",28,52,0,50.308983960413,"3","M"
"X1690",28,52,1,39.5044658555707,"3","M"
"X1690",28,52,2,64.5116599443052,"3","M"
"X1690",28,52,3,53.5610077813859,"3","M"
"X1690",28,52,4,58.056523185785,"3","M"
"X1690",28,52,5,44.6366516924577,"3","M"
"X1690",28,52,6,67.7800637323193,"3","M"
"X1690",28,52,7,42.1230424139949,"3","M"
"X1690",28,58,0,60.7337136140565,"3","M"
"X1690",28,58,1,44.3261083667378,"3","M"
"X1690",28,58,2,76.8934468822504,"3","M"
"X1690",28,58,3,64.8780910156836,"3","M"
"X1690",28,58,4,68.9708789464262,"3","M"
"X1690",28,58,5,53.0988867653142,"3","M"
"X1690",28,58,6,80.1486354439003,"3","M"
"X1690",28,58,7,47.9177732462886,"3","M"
"X1690",28,70,0,81.9593667165947,"3","M"
"X1690",28,70,1,54.1096133087173,"3","M"
"X1690",28,70,2,101.966829147671,"3","M"
"X1690",28,70,3,88.3293668120474,"3","M"
"X1690",28,70,4,90.8557008393604,"3","M"
"X1690",28,70,5,70.5506416779199,"3","M"
"X1690",28,70,6,105.277567487029,"3","M"
"X1690",28,70,7,61.1935463259303,"3","M"
"X1690",28,76,0,92.7478242130792,"3","M"
"X1690",28,76,1,57.7484631091353,"3","M"
"X1690",28,76,2,114.636236948338,"3","M"
"X1690",28,76,3,100.398923869058,"3","M"
"X1690",28,76,4,101.792071862804,"3","M"
"X1690",28,76,5,78.8471191197723,"3","M"
"X1690",28,76,6,117.86226006881,"3","M"
"X1690",28,76,7,67.439199606566,"3","M"
"X1690",28,82,0,103.554736267228,"3","M"
"X1690",28,82,1,60.8900923379772,"3","M"
"X1690",28,82,2,127.281548049512,"3","M"
"X1690",28,82,3,112.389941919564,"3","M"
"X1690",28,82,4,112.699437850769,"3","M"
"X1690",28,82,5,87.5136130012402,"3","M"
"X1690",28,82,6,130.365113216144,"3","M"
"X1690",28,82,7,74.0462267587696,"3","M"
"X1690",28,94,0,125.21356540322,"3","M"
"X1690",28,94,1,67.029718453089,"3","M"
"X1690",28,94,2,152.150265875514,"3","M"
"X1690",28,94,3,136.145209229279,"3","M"
"X1690",28,94,4,134.310029941114,"3","M"
"X1690",28,94,5,105.279587775105,"3","M"
"X1690",28,94,6,155.016182903387,"3","M"
"X1690",28,94,7,87.6386357286167,"3","M"
"X1690",28,100,0,136.059528357267,"3","M"
"X1690",28,100,1,68.9285788668089,"3","M"
"X1690",28,100,2,164.392105826529,"3","M"
"X1690",28,100,3,147.788388283307,"3","M"
"X1690",28,100,4,145.066298010654,"3","M"
"X1690",28,100,5,114.284415585029,"3","M"
"X1690",28,100,6,167.132647415907,"3","M"
"X1690",28,100,7,94.1165342644306,"3","M"
"X1690",28,106,0,146.92441369465,"3","M"
"X1690",28,106,1,70.2464273783321,"3","M"
"X1690",28,106,2,176.624199346947,"3","M"
"X1690",28,106,3,159.440203809064,"3","M"
"X1690",28,106,4,155.737471951011,"3","M"
"X1690",28,106,5,123.252085589621,"3","M"
"X1690",28,106,6,179.161599994267,"3","M"
"X1690",28,106,7,101.42390235092,"3","M"
"X1690",30,0,0,0,"2","B"
"X1690",30,0,1,0,"2","B"
"X1690",30,0,2,0,"2","B"
"X1690",30,0,3,0,"2","B"
"X1690",30,0,4,0,"2","B"
"X1690",30,0,5,0,"2","B"
"X1690",30,0,6,0,"2","B"
"X1690",30,0,7,0,"2","B"
"X1690",30,4,0,0.424,"2","B"
"X1690",30,4,1,0.418,"2","B"
"X1690",30,4,2,0.652,"2","B"
"X1690",30,4,3,0.668,"2","B"
"X1690",30,4,4,0.824,"2","B"
"X1690",30,4,5,0.42,"2","B"
"X1690",30,4,6,0.526,"2","B"
"X1690",30,4,7,0.598,"2","B"
"X1690",30,10,0,1.19066663268436,"2","B"
"X1690",30,10,1,1.20512505734514,"2","B"
"X1690",30,10,2,1.81283344377583,"2","B"
"X1690",30,10,3,1.56891667411233,"2","B"
"X1690",30,10,4,1.58966667507159,"2","B"
"X1690",30,10,5,1.19850007646019,"2","B"
"X1690",30,10,6,1.4808751465487,"2","B"
"X1690",30,10,7,1.69137512106197,"2","B"
"X1690",30,22,0,3.67953164425577,"2","B"
"X1690",30,22,1,4.9371888763513,"2","B"
"X1690",30,22,2,6.21651444593166,"2","B"
"X1690",30,22,3,6.29355350931199,"2","B"
"X1690",30,22,4,6.57901737756823,"2","B"
"X1690",30,22,5,4.4008616043462,"2","B"
"X1690",30,22,6,5.24351766950086,"2","B"
"X1690",30,22,7,6.01242074909069,"2","B"
"X1690",30,28,0,5.90149994783151,"2","B"
"X1690",30,28,1,8.90319862979544,"2","B"
"X1690",30,28,2,10.0973765981673,"2","B"
"X1690",30,28,3,10.3932684268513,"2","B"
"X1690",30,28,4,12.7366103803987,"2","B"
"X1690",30,28,5,7.44277362662129,"2","B"
"X1690",30,28,6,8.74108533562748,"2","B"
"X1690",30,28,7,10.0683806571513,"2","B"
"X1690",30,34,0,9.2604018208181,"2","B"
"X1690",30,34,1,13.6286825863335,"2","B"
"X1690",30,34,2,15.4414530574817,"2","B"
"X1690",30,34,3,13.1932264068987,"2","B"
"X1690",30,34,4,21.5682957063128,"2","B"
"X1690",30,34,5,12.207359986857,"2","B"
"X1690",30,34,6,14.401935838992,"2","B"
"X1690",30,34,7,17.3353699744358,"2","B"
"X1690",30,46,0,18.5010732498447,"2","B"
"X1690",30,46,1,30.5617592909705,"2","B"
"X1690",30,46,2,30.7824521304946,"2","B"
"X1690",30,46,3,24.9658082926819,"2","B"
"X1690",30,46,4,38.0425171246413,"2","B"
"X1690",30,46,5,26.3755892744251,"2","B"
"X1690",30,46,6,30.2247014653302,"2","B"
"X1690",30,46,7,39.1875242786089,"2","B"
"X1690",30,52,0,24.4846620842257,"2","B"
"X1690",30,52,1,48.8866021284498,"2","B"
"X1690",30,52,2,39.0181823746727,"2","B"
"X1690",30,52,3,38.8432905252018,"2","B"
"X1690",30,52,4,44.0745032190835,"2","B"
"X1690",30,52,5,34.2929772878146,"2","B"
"X1690",30,52,6,39.2476960630392,"2","B"
"X1690",30,52,7,49.5362054442073,"2","B"
"X1690",30,58,0,30.5215829251868,"2","B"
"X1690",30,58,1,64.5880123444343,"2","B"
"X1690",30,58,2,47.7752114235791,"2","B"
"X1690",30,58,3,50.7227298954513,"2","B"
"X1690",30,58,4,51.7187388617357,"2","B"
"X1690",30,58,5,43.0955715112249,"2","B"
"X1690",30,58,6,48.4396189224668,"2","B"
"X1690",30,58,7,60.4855305446813,"2","B"
"X1690",30,70,0,43.315734093524,"2","B"
"X1690",30,70,1,96.2253372064985,"2","B"
"X1690",30,70,2,65.8294726949298,"2","B"
"X1690",30,70,3,73.7141314544979,"2","B"
"X1690",30,70,4,73.2849245539279,"2","B"
"X1690",30,70,5,63.0483566702791,"2","B"
"X1690",30,70,6,67.4337234605451,"2","B"
"X1690",30,70,7,82.3873091698413,"2","B"
"X1690",30,76,0,50.190637295064,"2","B"
"X1690",30,76,1,111.578021970002,"2","B"
"X1690",30,76,2,75.2189901136413,"2","B"
"X1690",30,76,3,85.6980023800965,"2","B"
"X1690",30,76,4,84.9558030815207,"2","B"
"X1690",30,76,5,73.1338662935149,"2","B"
"X1690",30,76,6,77.5257744426359,"2","B"
"X1690",30,76,7,93.4652739426534,"2","B"
"X1690",30,82,0,57.5533124098427,"2","B"
"X1690",30,82,1,125.760130844116,"2","B"
"X1690",30,82,2,84.7941658291693,"2","B"
"X1690",30,82,3,98.1462737933351,"2","B"
"X1690",30,82,4,95.8046946891558,"2","B"
"X1690",30,82,5,83.6724663606037,"2","B"
"X1690",30,82,6,87.7342609667772,"2","B"
"X1690",30,82,7,104.59132908043,"2","B"
"X1690",30,94,0,72.603923717427,"2","B"
"X1690",30,94,1,154.391329191711,"2","B"
"X1690",30,94,2,104.017469356358,"2","B"
"X1690",30,94,3,122.716902697339,"2","B"
"X1690",30,94,4,114.705725473739,"2","B"
"X1690",30,94,5,105.034145482363,"2","B"
"X1690",30,94,6,108.306385625149,"2","B"
"X1690",30,94,7,127.015745272053,"2","B"
"X1690",30,100,0,80.3833258885726,"2","B"
"X1690",30,100,1,169.329299006666,"2","B"
"X1690",30,100,2,113.702890996044,"2","B"
"X1690",30,100,3,134.836219748569,"2","B"
"X1690",30,100,4,128.238518182946,"2","B"
"X1690",30,100,5,115.860424995709,"2","B"
"X1690",30,100,6,118.713701887248,"2","B"
"X1690",30,100,7,138.285704420807,"2","B"
"X1690",30,106,0,88.1469209731406,"2","B"
"X1690",30,106,1,187.402013719217,"2","B"
"X1690",30,106,2,123.379887686434,"2","B"
"X1690",30,106,3,146.07474739621,"2","B"
"X1690",30,106,4,138.794285746701,"2","B"
"X1690",30,106,5,126.778871495708,"2","B"
"X1690",30,106,6,129.281449727635,"2","B"
"X1690",30,106,7,149.567294873048,"2","B"
"X1690",32,0,0,0,"3","T"
"X1690",32,0,1,0,"3","T"
"X1690",32,0,2,0,"3","T"
"X1690",32,0,3,0,"3","T"
"X1690",32,0,4,0,"3","T"
"X1690",32,0,5,0,"3","T"
"X1690",32,0,6,0,"3","T"
"X1690",32,0,7,0,"3","T"
"X1690",32,4,0,0.704,"3","T"
"X1690",32,4,1,0.604,"3","T"
"X1690",32,4,2,0.576,"3","T"
"X1690",32,4,3,0.536,"3","T"
"X1690",32,4,4,1.182,"3","T"
"X1690",32,4,5,1.044,"3","T"
"X1690",32,4,6,0.752,"3","T"
"X1690",32,4,7,0.87,"3","T"
"X1690",32,10,0,2.09708360943957,"3","T"
"X1690",32,10,1,1.77008371138649,"3","T"
"X1690",32,10,2,1.61883364766967,"3","T"
"X1690",32,10,3,1.52758358395284,"3","T"
"X1690",32,10,4,3.07204251834823,"3","T"
"X1690",32,10,5,2.6025833442506,"3","T"
"X1690",32,10,6,2.08350033132749,"3","T"
"X1690",32,10,7,2.19679240365794,"3","T"
"X1690",32,22,0,8.02828178242737,"3","T"
"X1690",32,22,1,7.94817613576136,"3","T"
"X1690",32,22,2,7.10532989535771,"3","T"
"X1690",32,22,3,7.02896560499199,"3","T"
"X1690",32,22,4,14.302317814427,"3","T"
"X1690",32,22,5,9.75388118973826,"3","T"
"X1690",32,22,6,8.6846750304826,"3","T"
"X1690",32,22,7,11.4230979259448,"3","T"
"X1690",32,28,0,13.5314194523486,"3","T"
"X1690",32,28,1,14.5903263017132,"3","T"
"X1690",32,28,2,13.1657407224287,"3","T"
"X1690",32,28,3,12.8536023992728,"3","T"
"X1690",32,28,4,25.4492469956805,"3","T"
"X1690",32,28,5,15.7822244163328,"3","T"
"X1690",32,28,6,15.4770974694676,"3","T"
"X1690",32,28,7,21.5230955180694,"3","T"
"X1690",32,34,0,22.8856781535127,"3","T"
"X1690",32,34,1,24.9562725390262,"3","T"
"X1690",32,34,2,21.257444591268,"3","T"
"X1690",32,34,3,20.6679188638952,"3","T"
"X1690",32,34,4,33.3751962101493,"3","T"
"X1690",32,34,5,22.7249240432281,"3","T"
"X1690",32,34,6,23.756249377029,"3","T"
"X1690",32,34,7,31.0179028429953,"3","T"
"X1690",32,46,0,48.7857398226264,"3","T"
"X1690",32,46,1,47.8152078713758,"3","T"
"X1690",32,46,2,33.145525504649,"3","T"
"X1690",32,46,3,39.9500218840791,"3","T"
"X1690",32,46,4,46.5376732353668,"3","T"
"X1690",32,46,5,38.6510573573315,"3","T"
"X1690",32,46,6,39.2604717085952,"3","T"
"X1690",32,46,7,46.0168514552403,"3","T"
"X1690",32,52,0,61.5873737516926,"3","T"
"X1690",32,52,1,59.5005178692682,"3","T"
"X1690",32,52,2,41.3390776477774,"3","T"
"X1690",32,52,3,50.0317164227713,"3","T"
"X1690",32,52,4,59.315747553817,"3","T"
"X1690",32,52,5,47.7475232435326,"3","T"
"X1690",32,52,6,47.9846384189396,"3","T"
"X1690",32,52,7,55.5707523694105,"3","T"
"X1690",32,58,0,74.8257648492734,"3","T"
"X1690",32,58,1,67.6505988032695,"3","T"
"X1690",32,58,2,53.6496828175827,"3","T"
"X1690",32,58,3,60.2778033449526,"3","T"
"X1690",32,58,4,73.5288926922866,"3","T"
"X1690",32,58,5,57.2253861245333,"3","T"
"X1690",32,58,6,55.2528733111828,"3","T"
"X1690",32,58,7,68.1748049071249,"3","T"
"X1690",32,70,0,101.346003976871,"3","T"
"X1690",32,70,1,92.8877171037887,"3","T"
"X1690",32,70,2,80.7744704438661,"3","T"
"X1690",32,70,3,87.4769376561429,"3","T"
"X1690",32,70,4,103.438857358055,"3","T"
"X1690",32,70,5,76.68709365526,"3","T"
"X1690",32,70,6,73.1410043565761,"3","T"
"X1690",32,70,7,92.0397140585919,"3","T"
"X1690",32,76,0,114.693988431304,"3","T"
"X1690",32,76,1,107.399667344231,"3","T"
"X1690",32,76,2,94.7141945489476,"3","T"
"X1690",32,76,3,102.56548742536,"3","T"
"X1690",32,76,4,118.180819889415,"3","T"
"X1690",32,76,5,86.7027903512306,"3","T"
"X1690",32,76,6,83.0963266911297,"3","T"
"X1690",32,76,7,102.542850967758,"3","T"
"X1690",32,82,0,127.994075514247,"3","T"
"X1690",32,82,1,121.620208741772,"3","T"
"X1690",32,82,2,108.645832659912,"3","T"
"X1690",32,82,3,117.271900498201,"3","T"
"X1690",32,82,4,133.059816474195,"3","T"
"X1690",32,82,5,96.765775871329,"3","T"
"X1690",32,82,6,93.1388895178509,"3","T"
"X1690",32,82,7,114.144073138634,"3","T"
"X1690",32,94,0,156.139690910349,"3","T"
"X1690",32,94,1,149.923941300831,"3","T"
"X1690",32,94,2,136.452887674712,"3","T"
"X1690",32,94,3,146.723810646428,"3","T"
"X1690",32,94,4,162.731099799635,"3","T"
"X1690",32,94,5,117.450646012461,"3","T"
"X1690",32,94,6,113.492742031752,"3","T"
"X1690",32,94,7,137.536873148773,"3","T"
"X1690",32,100,0,171.688840951979,"3","T"
"X1690",32,100,1,163.837311964523,"3","T"
"X1690",32,100,2,150.366514521817,"3","T"
"X1690",32,100,3,161.411941877675,"3","T"
"X1690",32,100,4,177.530630784697,"3","T"
"X1690",32,100,5,128.132573059707,"3","T"
"X1690",32,100,6,123.633835788784,"3","T"
"X1690",32,100,7,149.382568729267,"3","T"
"X1690",32,106,0,186.448388134156,"3","T"
"X1690",32,106,1,177.748108753364,"3","T"
"X1690",32,106,2,164.281907999525,"3","T"
"X1690",32,106,3,176.05487676101,"3","T"
"X1690",32,106,4,192.300613405746,"3","T"
"X1690",32,106,5,138.592524815127,"3","T"
"X1690",32,106,6,133.800371358454,"3","T"
"X1690",32,106,7,161.167872993038,"3","T"
"X1690",35,0,0,0,"1","M"
"X1690",35,0,1,0,"1","M"
"X1690",35,0,2,0,"1","M"
"X1690",35,0,3,0,"1","M"
"X1690",35,0,4,0,"1","M"
"X1690",35,0,5,0,"1","M"
"X1690",35,0,6,0,"1","M"
"X1690",35,0,7,0,"1","M"
"X1690",35,2,0,0.118,"1","M"
"X1690",35,2,1,0.214,"1","M"
"X1690",35,2,2,0.095,"1","M"
"X1690",35,2,3,0.218,"1","M"
"X1690",35,2,4,0.208,"1","M"
"X1690",35,2,5,0.296,"1","M"
"X1690",35,2,6,0.155,"1","M"
"X1690",35,2,7,0.169,"1","M"
"X1690",35,8,0,0.513250099000147,"1","M"
"X1690",35,8,1,0.945416802333535,"1","M"
"X1690",35,8,2,0.413583329666661,"1","M"
"X1690",35,8,3,0.963833472666874,"1","M"
"X1690",35,8,4,0.960083527666955,"1","M"
"X1690",35,8,5,1.26200026400039,"1","M"
"X1690",35,8,6,0.670833428666808,"1","M"
"X1690",35,8,7,0.743583417666792,"1","M"
"X1690",35,20,0,1.96453706518879,"1","M"
"X1690",35,20,1,4.94446298499712,"1","M"
"X1690",35,20,2,1.40620370018473,"1","M"
"X1690",35,20,3,5.11848150346151,"1","M"
"X1690",35,20,4,4.47668524770335,"1","M"
"X1690",35,20,5,6.82885190441984,"1","M"
"X1690",35,20,6,3.53259260693916,"1","M"
"X1690",35,20,7,3.27587204773732,"1","M"
"X1690",35,26,0,3.29102473990797,"1","M"
"X1690",35,26,1,9.13303828574287,"1","M"
"X1690",35,26,2,2.38529185596878,"1","M"
"X1690",35,26,3,9.69300368422837,"1","M"
"X1690",35,26,4,7.79494445657595,"1","M"
"X1690",35,26,5,13.1824678239447,"1","M"
"X1690",35,26,6,6.50746280344154,"1","M"
"X1690",35,26,7,6.04057258228486,"1","M"
"X1690",35,32,0,7.04675435763773,"1","M"
"X1690",35,32,1,14.3789444582555,"1","M"
"X1690",35,32,2,4.97018203603184,"1","M"
"X1690",35,32,3,15.8172444317153,"1","M"
"X1690",35,32,4,13.1918755152028,"1","M"
"X1690",35,32,5,20.9807400958282,"1","M"
"X1690",35,32,6,9.71323604966498,"1","M"
"X1690",35,32,7,11.330080535656,"1","M"
"X1690",35,44,0,20.6960405181773,"1","M"
"X1690",35,44,1,28.1175973787621,"1","M"
"X1690",35,44,2,11.992028237713,"1","M"
"X1690",35,44,3,32.5969373553993,"1","M"
"X1690",35,44,4,30.3131822157254,"1","M"
"X1690",35,44,5,37.0374595715104,"1","M"
"X1690",35,44,6,19.6185297846678,"1","M"
"X1690",35,44,7,27.4575081281104,"1","M"
"X1690",35,50,0,27.188701910898,"1","M"
"X1690",35,50,1,35.6920459624496,"1","M"
"X1690",35,50,2,14.546498357685,"1","M"
"X1690",35,50,3,43.6232518795697,"1","M"
"X1690",35,50,4,39.6370903875685,"1","M"
"X1690",35,50,5,48.591828972902,"1","M"
"X1690",35,50,6,27.2889174130784,"1","M"
"X1690",35,50,7,37.4562105797773,"1","M"
"X1690",35,56,0,35.3084128798177,"1","M"
"X1690",35,56,1,46.6379610799599,"1","M"
"X1690",35,56,2,21.1640763331504,"1","M"
"X1690",35,56,3,55.726174405449,"1","M"
"X1690",35,56,4,49.7616050370092,"1","M"
"X1690",35,56,5,58.9314306289779,"1","M"
"X1690",35,56,6,38.1378320357417,"1","M"
"X1690",35,56,7,47.1868208245017,"1","M"
"X1690",35,68,0,51.976705456231,"1","M"
"X1690",35,68,1,64.9062907160904,"1","M"
"X1690",35,68,2,41.2578167264416,"1","M"
"X1690",35,68,3,81.2026424314208,"1","M"
"X1690",35,68,4,69.6624178318403,"1","M"
"X1690",35,68,5,82.2174252497852,"1","M"
"X1690",35,68,6,59.3231459288388,"1","M"
"X1690",35,68,7,66.905991297467,"1","M"
"X1690",35,74,0,60.5881889692839,"1","M"
"X1690",35,74,1,74.6421544562174,"1","M"
"X1690",35,74,2,53.1630365548551,"1","M"
"X1690",35,74,3,93.9379267888709,"1","M"
"X1690",35,74,4,79.5782975657444,"1","M"
"X1690",35,74,5,92.9592348473756,"1","M"
"X1690",35,74,6,70.2325190606273,"1","M"
"X1690",35,74,7,76.6615517244948,"1","M"
"X1690",35,80,0,69.7938436167753,"1","M"
"X1690",35,80,1,84.1591867731739,"1","M"
"X1690",35,80,2,64.4337070139392,"1","M"
"X1690",35,80,3,106.692206561129,"1","M"
"X1690",35,80,4,89.4801118512982,"1","M"
"X1690",35,80,5,104.494346345389,"1","M"
"X1690",35,80,6,81.1273188426322,"1","M"
"X1690",35,80,7,86.42245238595,"1","M"
"X1690",35,92,0,89.35218946735,"1","M"
"X1690",35,92,1,103.973099355674,"1","M"
"X1690",35,92,2,87.354724669468,"1","M"
"X1690",35,92,3,132.221782769499,"1","M"
"X1690",35,92,4,109.353219776289,"1","M"
"X1690",35,92,5,127.955747216,"1","M"
"X1690",35,92,6,102.721884715442,"1","M"
"X1690",35,92,7,105.986873199975,"1","M"
"X1690",35,98,0,99.3728481750675,"1","M"
"X1690",35,98,1,114.42632014152,"1","M"
"X1690",35,98,2,98.8423006945276,"1","M"
"X1690",35,98,3,145.047209503226,"1","M"
"X1690",35,98,4,119.218450831438,"1","M"
"X1690",35,98,5,139.886827054334,"1","M"
"X1690",35,98,6,113.410735365847,"1","M"
"X1690",35,98,7,115.797623527335,"1","M"
"X1690",35,104,0,110.150324228977,"1","M"
"X1690",35,104,1,125.332716758822,"1","M"
"X1690",35,104,2,110.388388639566,"1","M"
"X1690",35,104,3,157.974611162254,"1","M"
"X1690",35,104,4,129.107513654836,"1","M"
"X1690",35,104,5,152.351892570402,"1","M"
"X1690",35,104,6,124.533816217524,"1","M"
"X1690",35,104,7,125.528969296377,"1","M"
"X1690",35,127,0,142.671321527311,"1","M"
"X1690",35,127,1,168.090464443659,"1","M"
"X1690",35,127,2,154.427322273278,"1","M"
"X1690",35,127,3,207.741903962313,"1","M"
"X1690",35,127,4,167.083155791912,"1","M"
"X1690",35,127,5,185.742837885631,"1","M"
"X1690",35,127,6,166.549159961096,"1","M"
"X1690",35,127,7,162.251559441552,"1","M"
"X1690",35,151,0,161.826495621847,"1","M"
"X1690",35,151,1,217.271465835231,"1","M"
"X1690",35,151,2,200.701398832659,"1","M"
"X1690",35,151,3,262.877136441889,"1","M"
"X1690",35,151,4,207.041937964177,"1","M"
"X1690",35,151,5,195.824659829142,"1","M"
"X1690",35,151,6,213.269712732807,"1","M"
"X1690",35,151,7,200.063076917802,"1","M"
"X1690",35,164,0,160.728101003721,"1","M"
"X1690",35,164,1,249.034269012549,"1","M"
"X1690",35,164,2,225.086189450373,"1","M"
"X1690",35,164,3,295.229580240386,"1","M"
"X1690",35,164,4,228.981378426676,"1","M"
"X1690",35,164,5,196.722361075935,"1","M"
"X1690",35,164,6,241.356365654425,"1","M"
"X1690",35,164,7,220.31655736925,"1","M"
"X1690",37,0,0,0,"4","B"
"X1690",37,0,1,0,"4","B"
"X1690",37,0,2,0,"4","B"
"X1690",37,0,3,0,"4","B"
"X1690",37,0,4,0,"4","B"
"X1690",37,0,5,0,"4","B"
"X1690",37,0,6,0,"4","B"
"X1690",37,0,7,0,"4","B"
"X1690",37,5,0,0.7475,"4","B"
"X1690",37,5,1,0.6125,"4","B"
"X1690",37,5,2,1.2525,"4","B"
"X1690",37,5,3,0.6975,"4","B"
"X1690",37,5,4,0.6,"4","B"
"X1690",37,5,5,0.6575,"4","B"
"X1690",37,5,6,1.0575,"4","B"
"X1690",37,5,7,1.06,"4","B"
"X1690",37,11,0,1.90122966868094,"4","B"
"X1690",37,11,1,1.50713794506937,"4","B"
"X1690",37,11,2,2.74327194975314,"4","B"
"X1690",37,11,3,1.84781297204327,"4","B"
"X1690",37,11,4,1.36740469565484,"4","B"
"X1690",37,11,5,1.73830419214202,"4","B"
"X1690",37,11,6,2.65953816086058,"4","B"
"X1690",37,11,7,2.67555446188103,"4","B"
"X1690",37,23,0,6.61741920346261,"4","B"
"X1690",37,23,1,4.83128115805214,"4","B"
"X1690",37,23,2,8.18048886352447,"4","B"
"X1690",37,23,3,7.025248262331,"4","B"
"X1690",37,23,4,4.31859867227065,"4","B"
"X1690",37,23,5,5.38416952831019,"4","B"
"X1690",37,23,6,8.20511526086215,"4","B"
"X1690",37,23,7,7.95554963153677,"4","B"
"X1690",37,29,0,10.5719886757418,"4","B"
"X1690",37,29,1,7.41693325927659,"4","B"
"X1690",37,29,2,12.460901050027,"4","B"
"X1690",37,29,3,11.6161482933635,"4","B"
"X1690",37,29,4,6.6779122331265,"4","B"
"X1690",37,29,5,8.21550214054121,"4","B"
"X1690",37,29,6,12.2299503165639,"4","B"
"X1690",37,29,7,11.8823380338453,"4","B"
"X1690",37,35,0,15.6130793780815,"4","B"
"X1690",37,35,1,10.9915571501258,"4","B"
"X1690",37,35,2,18.2418596556405,"4","B"
"X1690",37,35,3,17.0506644693326,"4","B"
"X1690",37,35,4,9.85301479679338,"4","B"
"X1690",37,35,5,11.8387615555433,"4","B"
"X1690",37,35,6,17.4121155427024,"4","B"
"X1690",37,35,7,16.8931319585926,"4","B"
"X1690",37,47,0,27.7225364963128,"4","B"
"X1690",37,47,1,20.7084814009211,"4","B"
"X1690",37,47,2,32.0932694394254,"4","B"
"X1690",37,47,3,28.7952752916446,"4","B"
"X1690",37,47,4,18.5808632585905,"4","B"
"X1690",37,47,5,22.3446527024634,"4","B"
"X1690",37,47,6,29.4652807084494,"4","B"
"X1690",37,47,7,29.4516285471652,"4","B"
"X1690",37,53,0,34.2292139298089,"4","B"
"X1690",37,53,1,26.4648358192964,"4","B"
"X1690",37,53,2,39.6521511780776,"4","B"
"X1690",37,53,3,34.9806540224343,"4","B"
"X1690",37,53,4,23.8637458007967,"4","B"
"X1690",37,53,5,28.5478641896645,"4","B"
"X1690",37,53,6,36.1443105469916,"4","B"
"X1690",37,53,7,36.5073834694539,"4","B"
"X1690",37,59,0,40.8277028578019,"4","B"
"X1690",37,59,1,31.8802144389527,"4","B"
"X1690",37,59,2,46.8008501488158,"4","B"
"X1690",37,59,3,41.0693540977942,"4","B"
"X1690",37,59,4,29.3261352539672,"4","B"
"X1690",37,59,5,34.7179203391011,"4","B"
"X1690",37,59,6,42.8578395475417,"4","B"
"X1690",37,59,7,43.464097698889,"4","B"
"X1690",37,71,0,54.188464722079,"4","B"
"X1690",37,71,1,42.9612381896742,"4","B"
"X1690",37,71,2,61.1086236193927,"4","B"
"X1690",37,71,3,53.1274705528368,"4","B"
"X1690",37,71,4,40.7346276495452,"4","B"
"X1690",37,71,5,47.104975460541,"4","B"
"X1690",37,71,6,56.5267529844459,"4","B"
"X1690",37,71,7,57.5151721918593,"4","B"
"X1690",37,77,0,60.7879289235018,"4","B"
"X1690",37,77,1,48.5372607108242,"4","B"
"X1690",37,77,2,68.0174226823542,"4","B"
"X1690",37,77,3,58.7011118999443,"4","B"
"X1690",37,77,4,46.5442692906304,"4","B"
"X1690",37,77,5,53.281026411071,"4","B"
"X1690",37,77,6,63.4917716980974,"4","B"
"X1690",37,77,7,64.6110880105541,"4","B"
"X1690",37,83,0,67.2406640454775,"4","B"
"X1690",37,83,1,54.0716845709993,"4","B"
"X1690",37,83,2,75.0280055092466,"4","B"
"X1690",37,83,3,64.0660560329408,"4","B"
"X1690",37,83,4,52.2119514328482,"4","B"
"X1690",37,83,5,59.3203107738944,"4","B"
"X1690",37,83,6,70.2946343304508,"4","B"
"X1690",37,83,7,71.649896226996,"4","B"
"X1690",37,95,0,79.0123801324677,"4","B"
"X1690",37,95,1,64.5824553750428,"4","B"
"X1690",37,95,2,88.5360098800306,"4","B"
"X1690",37,95,3,73.9365292054176,"4","B"
"X1690",37,95,4,62.7790430966194,"4","B"
"X1690",37,95,5,71.3415587235107,"4","B"
"X1690",37,95,6,82.8524874286361,"4","B"
"X1690",37,95,7,84.8176208966709,"4","B"
"X1690",37,101,0,84.1336605931915,"4","B"
"X1690",37,101,1,69.3275549316901,"4","B"
"X1690",37,101,2,95.107303539249,"4","B"
"X1690",37,101,3,78.3943779979298,"4","B"
"X1690",37,101,4,67.4021544025755,"4","B"
"X1690",37,101,5,77.6345973689113,"4","B"
"X1690",37,101,6,88.4147375010811,"4","B"
"X1690",37,101,7,90.8122171888497,"4","B"
"X1690",37,107,0,89.0786152208852,"4","B"
"X1690",37,107,1,73.835247271967,"4","B"
"X1690",37,107,2,101.366368669491,"4","B"
"X1690",37,107,3,82.730208559437,"4","B"
"X1690",37,107,4,72.2731000631586,"4","B"
"X1690",37,107,5,84.0952295226203,"4","B"
"X1690",37,107,6,93.5368889182139,"4","B"
"X1690",37,107,7,98.0180836779947,"4","B"
"X1690",39,0,0,0,"4","M"
"X1690",39,0,1,0,"4","M"
"X1690",39,0,2,0,"4","M"
"X1690",39,0,3,0,"4","M"
"X1690",39,0,4,0,"4","M"
"X1690",39,0,5,0,"4","M"
"X1690",39,0,6,0,"4","M"
"X1690",39,0,7,0,"4","M"
"X1690",39,5,0,0.8275,"4","M"
"X1690",39,5,1,0.595,"4","M"
"X1690",39,5,2,0.4475,"4","M"
"X1690",39,5,3,0.67,"4","M"
"X1690",39,5,4,0.5725,"4","M"
"X1690",39,5,5,0.7575,"4","M"
"X1690",39,5,6,1.125,"4","M"
"X1690",39,5,7,1.015,"4","M"
"X1690",39,11,0,2.03534199335058,"4","M"
"X1690",39,11,1,1.41680455179404,"4","M"
"X1690",39,11,2,1.12822930902892,"4","M"
"X1690",39,11,3,1.74773790910417,"4","M"
"X1690",39,11,4,1.37018774726076,"4","M"
"X1690",39,11,5,1.83515030570422,"4","M"
"X1690",39,11,6,2.70863382485776,"4","M"
"X1690",39,11,7,2.20490487548085,"4","M"
"X1690",39,23,0,5.79821379891625,"4","M"
"X1690",39,23,1,4.05977053298455,"4","M"
"X1690",39,23,2,3.31380266407108,"4","M"
"X1690",39,23,3,5.53831846798097,"4","M"
"X1690",39,23,4,3.91086266327304,"4","M"
"X1690",39,23,5,5.19133140601389,"4","M"
"X1690",39,23,6,7.60174715439078,"4","M"
"X1690",39,23,7,5.9492326840195,"4","M"
"X1690",39,29,0,8.32272876259143,"4","M"
"X1690",39,29,1,5.8053396434413,"4","M"
"X1690",39,29,2,4.84969485405236,"4","M"
"X1690",39,29,3,8.27139778347973,"4","M"
"X1690",39,29,4,5.66624435795113,"4","M"
"X1690",39,29,5,7.48877775466388,"4","M"
"X1690",39,29,6,10.8799709344524,"4","M"
"X1690",39,29,7,8.53211399832168,"4","M"
"X1690",39,35,0,11.0417662239566,"4","M"
"X1690",39,35,1,7.79219670174534,"4","M"
"X1690",39,35,2,6.599424436532,"4","M"
"X1690",39,35,3,11.7931098434451,"4","M"
"X1690",39,35,4,7.52811166016491,"4","M"
"X1690",39,35,5,10.0817793012265,"4","M"
"X1690",39,35,6,14.5482469346805,"4","M"
"X1690",39,35,7,11.4432153609199,"4","M"
"X1690",39,47,0,16.9449862770999,"4","M"
"X1690",39,47,1,12.3898517088082,"4","M"
"X1690",39,47,2,10.9313733080516,"4","M"
"X1690",39,47,3,19.7180539818228,"4","M"
"X1690",39,47,4,11.8615623560761,"4","M"
"X1690",39,47,5,15.9365088646318,"4","M"
"X1690",39,47,6,22.8931065851741,"4","M"
"X1690",39,47,7,17.6729511845309,"4","M"
"X1690",39,53,0,20.0661122311601,"4","M"
"X1690",39,53,1,14.8867120458086,"4","M"
"X1690",39,53,2,13.5593253164714,"4","M"
"X1690",39,53,3,23.559985443164,"4","M"
"X1690",39,53,4,14.1426853042367,"4","M"
"X1690",39,53,5,19.1017528723903,"4","M"
"X1690",39,53,6,27.2594822307399,"4","M"
"X1690",39,53,7,20.6824865448048,"4","M"
"X1690",39,59,0,23.1604315654678,"4","M"
"X1690",39,59,1,17.5768837410775,"4","M"
"X1690",39,59,2,16.5876010570597,"4","M"
"X1690",39,59,3,27.3569867299581,"4","M"
"X1690",39,59,4,16.4927866645616,"4","M"
"X1690",39,59,5,22.2660264658845,"4","M"
"X1690",39,59,6,31.4644808978751,"4","M"
"X1690",39,59,7,23.6292726930539,"4","M"
"X1690",39,71,0,29.2020931636154,"4","M"
"X1690",39,71,1,23.2916296788599,"4","M"
"X1690",39,71,2,23.5098238801979,"4","M"
"X1690",39,71,3,34.708789568876,"4","M"
"X1690",39,71,4,21.7901828929779,"4","M"
"X1690",39,71,5,28.5707753535389,"4","M"
"X1690",39,71,6,39.5535033043856,"4","M"
"X1690",39,71,7,29.4092558873002,"4","M"
"X1690",39,77,0,31.9918052124406,"4","M"
"X1690",39,77,1,26.3317905049535,"4","M"
"X1690",39,77,2,27.0828792454526,"4","M"
"X1690",39,77,3,38.1875683614971,"4","M"
"X1690",39,77,4,24.3153086315041,"4","M"
"X1690",39,77,5,31.6239398320902,"4","M"
"X1690",39,77,6,43.3663916931599,"4","M"
"X1690",39,77,7,32.1670871173016,"4","M"
"X1690",39,83,0,34.4975941086199,"4","M"
"X1690",39,83,1,29.5077366268082,"4","M"
"X1690",39,83,2,30.6527710093127,"4","M"
"X1690",39,83,3,41.5333667695662,"4","M"
"X1690",39,83,4,26.7993662269093,"4","M"
"X1690",39,83,5,34.5282844726862,"4","M"
"X1690",39,83,6,47.0685018013493,"4","M"
"X1690",39,83,7,34.8640562132193,"4","M"
"X1690",39,95,0,39.1315935474169,"4","M"
"X1690",39,95,1,36.1632863855587,"4","M"
"X1690",39,95,2,37.8380847221017,"4","M"
"X1690",39,95,3,47.8258867077428,"4","M"
"X1690",39,95,4,31.3071844173733,"4","M"
"X1690",39,95,5,39.9868005450061,"4","M"
"X1690",39,95,6,54.1608047524996,"4","M"
"X1690",39,95,7,40.137764717774,"4","M"
"X1690",39,101,0,41.3949071287392,"4","M"
"X1690",39,101,1,39.6749127927419,"4","M"
"X1690",39,101,2,41.5529027299866,"4","M"
"X1690",39,101,3,50.6708064234322,"4","M"
"X1690",39,101,4,33.3374733817907,"4","M"
"X1690",39,101,5,42.6753003696896,"4","M"
"X1690",39,101,6,57.6164166590862,"4","M"
"X1690",39,101,7,42.7667042109399,"4","M"
"X1690",39,107,0,43.6446324452389,"4","M"
"X1690",39,107,1,42.7504328540233,"4","M"
"X1690",39,107,2,45.0021388511745,"4","M"
"X1690",39,107,3,53.5032539946022,"4","M"
"X1690",39,107,4,35.4005858939645,"4","M"
"X1690",39,107,5,45.3604772465668,"4","M"
"X1690",39,107,6,61.188066141622,"4","M"
"X1690",39,107,7,45.3984863681669,"4","M"
"X1691",16,0,0,0,"1","B"
"X1691",16,0,1,0,"1","B"
"X1691",16,0,2,0,"1","B"
"X1691",16,0,3,0,"1","B"
"X1691",16,0,4,0,"1","B"
"X1691",16,0,5,0,"1","B"
"X1691",16,0,6,0,"1","B"
"X1691",16,0,7,0,"1","B"
"X1691",16,2,0,0.215,"1","B"
"X1691",16,2,1,0.312,"1","B"
"X1691",16,2,2,0.225,"1","B"
"X1691",16,2,3,0.224,"1","B"
"X1691",16,2,4,0.27,"1","B"
"X1691",16,2,5,0.203,"1","B"
"X1691",16,2,6,0.254,"1","B"
"X1691",16,2,7,0.178,"1","B"
"X1691",16,8,0,0.950916604333241,"1","B"
"X1691",16,8,1,1.29616670333339,"1","B"
"X1691",16,8,2,0.933750033000049,"1","B"
"X1691",16,8,3,1.12691625233272,"1","B"
"X1691",16,8,4,1.0755000660001,"1","B"
"X1691",16,8,5,0.883916648333306,"1","B"
"X1691",16,8,6,1.10716665933332,"1","B"
"X1691",16,8,7,0.717166747333453,"1","B"
"X1691",16,20,0,2.75875923901165,"1","B"
"X1691",16,20,1,3.45633334600162,"1","B"
"X1691",16,20,2,2.60490690362986,"1","B"
"X1691",16,20,3,2.89879616825995,"1","B"
"X1691",16,20,4,2.94259261181158,"1","B"
"X1691",16,20,5,2.43142591107912,"1","B"
"X1691",16,20,6,3.10355531422862,"1","B"
"X1691",16,20,7,2.11714817207714,"1","B"
"X1691",16,26,0,3.89798260580564,"1","B"
"X1691",16,26,1,4.5830606523045,"1","B"
"X1691",16,26,2,3.57987234501529,"1","B"
"X1691",16,26,3,3.96567137827523,"1","B"
"X1691",16,26,4,4.033383707881,"1","B"
"X1691",16,26,5,3.27207115994903,"1","B"
"X1691",16,26,6,4.20466490635112,"1","B"
"X1691",16,26,7,3.00151039799613,"1","B"
"X1691",16,32,0,5.27101999912858,"1","B"
"X1691",16,32,1,6.00814096092391,"1","B"
"X1691",16,32,2,4.71410699688077,"1","B"
"X1691",16,32,3,5.29096873917289,"1","B"
"X1691",16,32,4,5.32982372260739,"1","B"
"X1691",16,32,5,4.04540073884493,"1","B"
"X1691",16,32,6,5.60779143691981,"1","B"
"X1691",16,32,7,4.01518456754249,"1","B"
"X1691",16,44,0,8.87372502363007,"1","B"
"X1691",16,44,1,9.52454418490658,"1","B"
"X1691",16,44,2,7.6570852765189,"1","B"
"X1691",16,44,3,8.41801299041845,"1","B"
"X1691",16,44,4,8.88733062784346,"1","B"
"X1691",16,44,5,5.03679869154725,"1","B"
"X1691",16,44,6,9.61271917096311,"1","B"
"X1691",16,44,7,6.49799525932512,"1","B"
"X1691",16,50,0,10.6630308485356,"1","B"
"X1691",16,50,1,11.4623168374428,"1","B"
"X1691",16,50,2,9.64987186952325,"1","B"
"X1691",16,50,3,9.9447061151857,"1","B"
"X1691",16,50,4,10.8386122995025,"1","B"
"X1691",16,50,5,5.91035150794993,"1","B"
"X1691",16,50,6,11.9248879494434,"1","B"
"X1691",16,50,7,8.01719286030341,"1","B"
"X1691",16,56,0,12.6060774312045,"1","B"
"X1691",16,56,1,13.4450899447619,"1","B"
"X1691",16,56,2,11.7439323881733,"1","B"
"X1691",16,56,3,11.4715990396198,"1","B"
"X1691",16,56,4,12.834365534475,"1","B"
"X1691",16,56,5,7.52873994800821,"1","B"
"X1691",16,56,6,13.9064884234574,"1","B"
"X1691",16,56,7,9.78323317815585,"1","B"
"X1691",16,68,0,16.9742544658914,"1","B"
"X1691",16,68,1,17.3849002351044,"1","B"
"X1691",16,68,2,16.960119719327,"1","B"
"X1691",16,68,3,15.2634257665689,"1","B"
"X1691",16,68,4,17.0703880210635,"1","B"
"X1691",16,68,5,13.0029491174798,"1","B"
"X1691",16,68,6,17.7482658828975,"1","B"
"X1691",16,68,7,13.6547597530546,"1","B"
"X1691",16,74,0,19.3942139281896,"1","B"
"X1691",16,74,1,19.4640413098205,"1","B"
"X1691",16,74,2,20.4162643558998,"1","B"
"X1691",16,74,3,17.7084527069814,"1","B"
"X1691",16,74,4,19.4834972840407,"1","B"
"X1691",16,74,5,16.2885563102861,"1","B"
"X1691",16,74,6,19.5160933598809,"1","B"
"X1691",16,74,7,15.613514941151,"1","B"
"X1691",16,80,0,21.8615871199624,"1","B"
"X1691",16,80,1,21.9334304103107,"1","B"
"X1691",16,80,2,24.7268907027738,"1","B"
"X1691",16,80,3,20.6233856092204,"1","B"
"X1691",16,80,4,22.4529100618409,"1","B"
"X1691",16,80,5,20.0015138824405,"1","B"
"X1691",16,80,6,21.69443286792,"1","B"
"X1691",16,80,7,17.6897675551832,"1","B"
"X1691",16,92,0,27.4521234576819,"1","B"
"X1691",16,92,1,26.9816991027379,"1","B"
"X1691",16,92,2,36.5655406071586,"1","B"
"X1691",16,92,3,27.1727533627058,"1","B"
"X1691",16,92,4,29.438088230704,"1","B"
"X1691",16,92,5,28.2827025717157,"1","B"
"X1691",16,92,6,29.968148845262,"1","B"
"X1691",16,92,7,22.6356681067767,"1","B"
"X1691",16,98,0,30.3712259282276,"1","B"
"X1691",16,98,1,31.3234301250286,"1","B"
"X1691",16,98,2,44.0853382285303,"1","B"
"X1691",16,98,3,32.3130110603973,"1","B"
"X1691",16,98,4,33.709426398892,"1","B"
"X1691",16,98,5,33.3829471461941,"1","B"
"X1691",16,98,6,36.3862711930697,"1","B"
"X1691",16,98,7,26.1649817193448,"1","B"
"X1691",16,104,0,34.2244631100384,"1","B"
"X1691",16,104,1,37.4584349481237,"1","B"
"X1691",16,104,2,52.588392581173,"1","B"
"X1691",16,104,3,39.806972117023,"1","B"
"X1691",16,104,4,38.4656155219369,"1","B"
"X1691",16,104,5,38.9604279712321,"1","B"
"X1691",16,104,6,43.4792951215446,"1","B"
"X1691",16,104,7,30.0720290481385,"1","B"
"X1691",16,127,0,51.5397110186514,"1","B"
"X1691",16,127,1,69.6148021637693,"1","B"
"X1691",16,127,2,93.1866302652083,"1","B"
"X1691",16,127,3,69.8282401966466,"1","B"
"X1691",16,127,4,60.2612423192916,"1","B"
"X1691",16,127,5,74.022042824161,"1","B"
"X1691",16,127,6,75.0271816145745,"1","B"
"X1691",16,127,7,48.5072500283336,"1","B"
"X1691",16,151,0,75.772160811656,"1","B"
"X1691",16,151,1,114.450060132611,"1","B"
"X1691",16,151,2,144.04411944923,"1","B"
"X1691",16,151,3,107.770880385155,"1","B"
"X1691",16,151,4,89.084615582936,"1","B"
"X1691",16,151,5,104.836878115546,"1","B"
"X1691",16,151,6,114.112537477728,"1","B"
"X1691",16,151,7,72.33915313703,"1","B"
"X1691",16,164,0,95.3429475719807,"1","B"
"X1691",16,164,1,140.753521629999,"1","B"
"X1691",16,164,2,172.085018234804,"1","B"
"X1691",16,164,3,130.109838698283,"1","B"
"X1691",16,164,4,106.510464108809,"1","B"
"X1691",16,164,5,122.979834628922,"1","B"
"X1691",16,164,6,136.869308910393,"1","B"
"X1691",16,164,7,88.0386823946071,"1","B"
"X1691",20,0,0,0,"2","T"
"X1691",20,0,1,0,"2","T"
"X1691",20,0,2,0,"2","T"
"X1691",20,0,3,0,"2","T"
"X1691",20,0,4,0,"2","T"
"X1691",20,0,5,0,"2","T"
"X1691",20,0,6,0,"2","T"
"X1691",20,0,7,0,"2","T"
"X1691",20,4,0,0.658,"2","T"
"X1691",20,4,1,0.804,"2","T"
"X1691",20,4,2,0.504,"2","T"
"X1691",20,4,3,0.964,"2","T"
"X1691",20,4,4,0.69,"2","T"
"X1691",20,4,5,0.568,"2","T"
"X1691",20,4,6,0.47,"2","T"
"X1691",20,4,7,0.852,"2","T"
"X1691",20,10,0,2.34854167728614,"2","T"
"X1691",20,10,1,2.53799984707962,"2","T"
"X1691",20,10,2,1.49641697675521,"2","T"
"X1691",20,10,3,3.27466668365782,"2","T"
"X1691",20,10,4,1.90737507008851,"2","T"
"X1691",20,10,5,2.01408350749265,"2","T"
"X1691",20,10,6,1.65837501911505,"2","T"
"X1691",20,10,7,2.403334182891,"2","T"
"X1691",20,22,0,7.55046045304524,"2","T"
"X1691",20,22,1,7.70507289877169,"2","T"
"X1691",20,22,2,5.38939185239538,"2","T"
"X1691",20,22,3,9.36455071455191,"2","T"
"X1691",20,22,4,5.75202838667999,"2","T"
"X1691",20,22,5,6.73783997889289,"2","T"
"X1691",20,22,6,5.36307118847683,"2","T"
"X1691",20,22,7,7.49768995799591,"2","T"
"X1691",20,28,0,10.7017834705645,"2","T"
"X1691",20,28,1,11.1277811381677,"2","T"
"X1691",20,28,2,8.19526395768028,"2","T"
"X1691",20,28,3,12.0317403138887,"2","T"
"X1691",20,28,4,8.50810276999187,"2","T"
"X1691",20,28,5,9.32972504583284,"2","T"
"X1691",20,28,6,7.29974758789714,"2","T"
"X1691",20,28,7,10.1261890850123,"2","T"
"X1691",20,34,0,14.207515282227,"2","T"
"X1691",20,34,1,14.7024807456807,"2","T"
"X1691",20,34,2,10.5575403486733,"2","T"
"X1691",20,34,3,14.539345597666,"2","T"
"X1691",20,34,4,10.6304727862118,"2","T"
"X1691",20,34,5,12.1625936201514,"2","T"
"X1691",20,34,6,9.43903099290585,"2","T"
"X1691",20,34,7,14.1900607962893,"2","T"
"X1691",20,46,0,22.928607264828,"2","T"
"X1691",20,46,1,24.2004665021826,"2","T"
"X1691",20,46,2,15.7645080096635,"2","T"
"X1691",20,46,3,21.5657355384725,"2","T"
"X1691",20,46,4,15.2458732358355,"2","T"
"X1691",20,46,5,21.2361008037808,"2","T"
"X1691",20,46,6,17.8059306271914,"2","T"
"X1691",20,46,7,25.4147304315761,"2","T"
"X1691",20,52,0,30.2936593685392,"2","T"
"X1691",20,52,1,29.0648623006295,"2","T"
"X1691",20,52,2,20.5530312702345,"2","T"
"X1691",20,52,3,26.9163501243933,"2","T"
"X1691",20,52,4,19.1882439990242,"2","T"
"X1691",20,52,5,26.1654073835413,"2","T"
"X1691",20,52,6,21.2894112285919,"2","T"
"X1691",20,52,7,31.5509655860183,"2","T"
"X1691",20,58,0,37.0238621113483,"2","T"
"X1691",20,58,1,36.0502292572882,"2","T"
"X1691",20,58,2,27.1382906581329,"2","T"
"X1691",20,58,3,33.3004405207568,"2","T"
"X1691",20,58,4,25.8254829040564,"2","T"
"X1691",20,58,5,31.7677792785771,"2","T"
"X1691",20,58,6,28.4369916164979,"2","T"
"X1691",20,58,7,40.6297976115771,"2","T"
"X1691",20,70,0,53.0897592986657,"2","T"
"X1691",20,70,1,53.8339508082768,"2","T"
"X1691",20,70,2,40.6600894147501,"2","T"
"X1691",20,70,3,45.5045894881126,"2","T"
"X1691",20,70,4,41.9709369255148,"2","T"
"X1691",20,70,5,47.062535681008,"2","T"
"X1691",20,70,6,44.1956059795833,"2","T"
"X1691",20,70,7,58.1823741878165,"2","T"
"X1691",20,76,0,62.1040698237417,"2","T"
"X1691",20,76,1,61.308892528784,"2","T"
"X1691",20,76,2,47.8031900916648,"2","T"
"X1691",20,76,3,51.4510190610094,"2","T"
"X1691",20,76,4,49.2855086364017,"2","T"
"X1691",20,76,5,54.56484602463,"2","T"
"X1691",20,76,6,51.9306863857833,"2","T"
"X1691",20,76,7,66.596707334784,"2","T"
"X1691",20,82,0,70.1760248391854,"2","T"
"X1691",20,82,1,70.298508976765,"2","T"
"X1691",20,82,2,54.2215190913963,"2","T"
"X1691",20,82,3,58.7340172872669,"2","T"
"X1691",20,82,4,56.8508890056361,"2","T"
"X1691",20,82,5,61.1705874069207,"2","T"
"X1691",20,82,6,59.5214783675169,"2","T"
"X1691",20,82,7,75.4501311388193,"2","T"
"X1691",20,94,0,85.1061500775579,"2","T"
"X1691",20,94,1,91.9936642317856,"2","T"
"X1691",20,94,2,64.7860269159956,"2","T"
"X1691",20,94,3,71.3343691057968,"2","T"
"X1691",20,94,4,71.2290434921812,"2","T"
"X1691",20,94,5,71.9780847810584,"2","T"
"X1691",20,94,6,72.7509806498937,"2","T"
"X1691",20,94,7,88.9196867587481,"2","T"
"X1691",20,100,0,93.5305952034451,"2","T"
"X1691",20,100,1,103.506255818923,"2","T"
"X1691",20,100,2,70.9704595677874,"2","T"
"X1691",20,100,3,77.4244766147158,"2","T"
"X1691",20,100,4,78.1467331512656,"2","T"
"X1691",20,100,5,78.1642636195868,"2","T"
"X1691",20,100,6,79.7614540488669,"2","T"
"X1691",20,100,7,94.9999638993467,"2","T"
"X1691",20,106,0,102.105350089197,"2","T"
"X1691",20,106,1,115.119204256882,"2","T"
"X1691",20,106,2,78.5069508920171,"2","T"
"X1691",20,106,3,83.8310160829762,"2","T"
"X1691",20,106,4,83.6985141012497,"2","T"
"X1691",20,106,5,84.2909843626159,"2","T"
"X1691",20,106,6,87.0118726621491,"2","T"
"X1691",20,106,7,101.872473451846,"2","T"
"X1691",25,0,0,0,"2","T"
"X1691",25,0,1,0,"2","T"
"X1691",25,0,2,0,"2","T"
"X1691",25,0,3,0,"2","T"
"X1691",25,0,4,0,"2","T"
"X1691",25,0,5,0,"2","T"
"X1691",25,0,6,0,"2","T"
"X1691",25,0,7,0,"2","T"
"X1691",25,5,0,0.87,"2","T"
"X1691",25,5,1,0.595,"2","T"
"X1691",25,5,2,1.45,"2","T"
"X1691",25,5,3,0.42,"2","T"
"X1691",25,5,4,1.2275,"2","T"
"X1691",25,5,5,1.035,"2","T"
"X1691",25,5,6,0.9075,"2","T"
"X1691",25,5,7,1.73,"2","T"
"X1691",25,11,0,2.58276299002588,"2","T"
"X1691",25,11,1,1.95373378889256,"2","T"
"X1691",25,11,2,3.14688803498238,"2","T"
"X1691",25,11,3,1.31268810691278,"2","T"
"X1691",25,11,4,2.79397169799673,"2","T"
"X1691",25,11,5,2.87254550215377,"2","T"
"X1691",25,11,6,2.43239627540561,"2","T"
"X1691",25,11,7,3.71491275625206,"2","T"
"X1691",25,23,0,7.72654480960011,"2","T"
"X1691",25,23,1,6.14251012901707,"2","T"
"X1691",25,23,2,7.30472669823371,"2","T"
"X1691",25,23,3,4.41683219393807,"2","T"
"X1691",25,23,4,7.08939485424765,"2","T"
"X1691",25,23,5,7.02095122359914,"2","T"
"X1691",25,23,6,6.68707730667318,"2","T"
"X1691",25,23,7,7.87700939069898,"2","T"
"X1691",25,29,0,10.4020334134234,"2","T"
"X1691",25,29,1,8.15446858920641,"2","T"
"X1691",25,29,2,9.79592847995043,"2","T"
"X1691",25,29,3,6.16385551163579,"2","T"
"X1691",25,29,4,9.2993428258854,"2","T"
"X1691",25,29,5,9.04216723315842,"2","T"
"X1691",25,29,6,8.80422019650567,"2","T"
"X1691",25,29,7,10.1137802265982,"2","T"
"X1691",25,35,0,13.6911155846927,"2","T"
"X1691",25,35,1,10.9907258204974,"2","T"
"X1691",25,35,2,12.6905616157857,"2","T"
"X1691",25,35,3,8.91614760026252,"2","T"
"X1691",25,35,4,11.9113965382066,"2","T"
"X1691",25,35,5,12.1703380512903,"2","T"
"X1691",25,35,6,11.7022589633214,"2","T"
"X1691",25,35,7,12.8202912930922,"2","T"
"X1691",25,47,0,24.0839217977378,"2","T"
"X1691",25,47,1,21.9991262215477,"2","T"
"X1691",25,47,2,22.050997742309,"2","T"
"X1691",25,47,3,17.0247060187875,"2","T"
"X1691",25,47,4,22.1198130758945,"2","T"
"X1691",25,47,5,22.3910160609744,"2","T"
"X1691",25,47,6,22.2454350079879,"2","T"
"X1691",25,47,7,22.7362210135437,"2","T"
"X1691",25,53,0,32.7855262869576,"2","T"
"X1691",25,53,1,31.2988761953881,"2","T"
"X1691",25,53,2,31.0924767633814,"2","T"
"X1691",25,53,3,24.0134635653555,"2","T"
"X1691",25,53,4,30.3948336035164,"2","T"
"X1691",25,53,5,30.2950882493913,"2","T"
"X1691",25,53,6,29.9025020605668,"2","T"
"X1691",25,53,7,31.3540398968633,"2","T"
"X1691",25,59,0,40.3173977589941,"2","T"
"X1691",25,59,1,38.9766231331795,"2","T"
"X1691",25,59,2,38.5753432161088,"2","T"
"X1691",25,59,3,30.6480562974128,"2","T"
"X1691",25,59,4,37.2394194569515,"2","T"
"X1691",25,59,5,36.7251965671221,"2","T"
"X1691",25,59,6,36.4700326531733,"2","T"
"X1691",25,59,7,38.4645270907676,"2","T"
"X1691",25,71,0,60.6157418130378,"2","T"
"X1691",25,71,1,54.110279639544,"2","T"
"X1691",25,71,2,54.32084804636,"2","T"
"X1691",25,71,3,42.0789126161165,"2","T"
"X1691",25,71,4,51.1772635765783,"2","T"
"X1691",25,71,5,48.9854621786699,"2","T"
"X1691",25,71,6,48.7180065324401,"2","T"
"X1691",25,71,7,50.9675847021793,"2","T"
"X1691",25,77,0,73.2121303531544,"2","T"
"X1691",25,77,1,61.0111531373249,"2","T"
"X1691",25,77,2,63.9077885517902,"2","T"
"X1691",25,77,3,46.7785345411082,"2","T"
"X1691",25,77,4,58.6902839402919,"2","T"
"X1691",25,77,5,55.0275988896741,"2","T"
"X1691",25,77,6,55.0155608056766,"2","T"
"X1691",25,77,7,57.2416181932558,"2","T"
"X1691",25,83,0,85.9177456992445,"2","T"
"X1691",25,83,1,68.6836656355696,"2","T"
"X1691",25,83,2,73.9227103296404,"2","T"
"X1691",25,83,3,51.9665870314363,"2","T"
"X1691",25,83,4,66.6359699612409,"2","T"
"X1691",25,83,5,60.9827203008961,"2","T"
"X1691",25,83,6,61.5622349825869,"2","T"
"X1691",25,83,7,64.2050822635471,"2","T"
"X1691",25,95,0,110.712296485766,"2","T"
"X1691",25,95,1,88.5389072441644,"2","T"
"X1691",25,95,2,96.030930272741,"2","T"
"X1691",25,95,3,62.3615446454845,"2","T"
"X1691",25,95,4,84.7911037366743,"2","T"
"X1691",25,95,5,71.9710086871464,"2","T"
"X1691",25,95,6,78.8421234660969,"2","T"
"X1691",25,95,7,81.6790768333335,"2","T"
"X1691",25,101,0,123.989489512823,"2","T"
"X1691",25,101,1,101.641464892916,"2","T"
"X1691",25,101,2,109.244681079141,"2","T"
"X1691",25,101,3,66.9666227788273,"2","T"
"X1691",25,101,4,94.9284778730872,"2","T"
"X1691",25,101,5,77.2115735292907,"2","T"
"X1691",25,101,6,91.6318475560959,"2","T"
"X1691",25,101,7,93.2120817191164,"2","T"
"X1691",25,107,0,138.485119549002,"2","T"
"X1691",25,107,1,114.26943878928,"2","T"
"X1691",25,107,2,122.367747462624,"2","T"
"X1691",25,107,3,71.2440264416209,"2","T"
"X1691",25,107,4,105.231526346853,"2","T"
"X1691",25,107,5,82.1675815494825,"2","T"
"X1691",25,107,6,105.094799304378,"2","T"
"X1691",25,107,7,105.563784949804,"2","T"
"X1691",25.1,0,0,0,"3","B"
"X1691",25.1,0,1,0,"3","B"
"X1691",25.1,0,2,0,"3","B"
"X1691",25.1,0,3,0,"3","B"
"X1691",25.1,0,4,0,"3","B"
"X1691",25.1,0,5,0,"3","B"
"X1691",25.1,0,6,0,"3","B"
"X1691",25.1,0,7,0,"3","B"
"X1691",25.1,4,0,0.756,"3","B"
"X1691",25.1,4,1,0.706,"3","B"
"X1691",25.1,4,2,0.656,"3","B"
"X1691",25.1,4,3,0.616,"3","B"
"X1691",25.1,4,4,0.634,"3","B"
"X1691",25.1,4,5,0.74,"3","B"
"X1691",25.1,4,6,0.468,"3","B"
"X1691",25.1,4,7,0.736,"3","B"
"X1691",25.1,10,0,2.46083354572275,"3","B"
"X1691",25.1,10,1,2.28329156259585,"3","B"
"X1691",25.1,10,2,2.29341712967559,"3","B"
"X1691",25.1,10,3,2.14283344377583,"3","B"
"X1691",25.1,10,4,1.99770838643069,"3","B"
"X1691",25.1,10,5,2.07591674737464,"3","B"
"X1691",25.1,10,6,1.6666670914455,"3","B"
"X1691",25.1,10,7,2.21950053522133,"3","B"
"X1691",25.1,22,0,7.95232325603077,"3","B"
"X1691",25.1,22,1,6.33952532175081,"3","B"
"X1691",25.1,22,2,8.0453177538367,"3","B"
"X1691",25.1,22,3,6.21102139908997,"3","B"
"X1691",25.1,22,4,6.02898539433484,"3","B"
"X1691",25.1,22,5,5.81176891832995,"3","B"
"X1691",25.1,22,6,5.50169344572494,"3","B"
"X1691",25.1,22,7,6.96916416471714,"3","B"
"X1691",25.1,28,0,11.6214461448762,"3","B"
"X1691",25.1,28,1,8.77503536703992,"3","B"
"X1691",25.1,28,2,11.5437945119036,"3","B"
"X1691",25.1,28,3,8.09506250154741,"3","B"
"X1691",25.1,28,4,8.57406287496947,"3","B"
"X1691",25.1,28,5,8.31104250513083,"3","B"
"X1691",25.1,28,6,7.20024442654977,"3","B"
"X1691",25.1,28,7,9.55371816767657,"3","B"
"X1691",25.1,34,0,17.4981623222395,"3","B"
"X1691",25.1,34,1,14.032763018596,"3","B"
"X1691",25.1,34,2,17.4994698231521,"3","B"
"X1691",25.1,34,3,12.2817289877767,"3","B"
"X1691",25.1,34,4,13.1345121043512,"3","B"
"X1691",25.1,34,5,12.62311225797,"3","B"
"X1691",25.1,34,6,10.6871822740332,"3","B"
"X1691",25.1,34,7,13.3105301816463,"3","B"
"X1691",25.1,46,0,32.8824261168776,"3","B"
"X1691",25.1,46,1,31.2824248265086,"3","B"
"X1691",25.1,46,2,35.0735859469295,"3","B"
"X1691",25.1,46,3,28.8971959322569,"3","B"
"X1691",25.1,46,4,28.9666279032423,"3","B"
"X1691",25.1,46,5,27.3943564082736,"3","B"
"X1691",25.1,46,6,25.5788763953087,"3","B"
"X1691",25.1,46,7,23.7968312623368,"3","B"
"X1691",25.1,52,0,41.1605826261916,"3","B"
"X1691",25.1,52,1,41.0092627448752,"3","B"
"X1691",25.1,52,2,44.0605389590655,"3","B"
"X1691",25.1,52,3,39.7067531273486,"3","B"
"X1691",25.1,52,4,37.3031179416308,"3","B"
"X1691",25.1,52,5,36.0792458989192,"3","B"
"X1691",25.1,52,6,35.1237356339286,"3","B"
"X1691",25.1,52,7,29.8015345598984,"3","B"
"X1691",25.1,58,0,49.1625323237385,"3","B"
"X1691",25.1,58,1,50.731289395048,"3","B"
"X1691",25.1,58,2,52.9848211643836,"3","B"
"X1691",25.1,58,3,47.8383082405715,"3","B"
"X1691",25.1,58,4,45.1192942112352,"3","B"
"X1691",25.1,58,5,45.435708780288,"3","B"
"X1691",25.1,58,6,44.4662904348591,"3","B"
"X1691",25.1,58,7,36.0209501057862,"3","B"
"X1691",25.1,70,0,64.8311037990387,"3","B"
"X1691",25.1,70,1,68.8531173340575,"3","B"
"X1691",25.1,70,2,68.6656256959007,"3","B"
"X1691",25.1,70,3,61.4060900815972,"3","B"
"X1691",25.1,70,4,59.1142544929695,"3","B"
"X1691",25.1,70,5,61.4024926257362,"3","B"
"X1691",25.1,70,6,62.2934185509254,"3","B"
"X1691",25.1,70,7,47.5012644464855,"3","B"
"X1691",25.1,76,0,73.0863972793825,"3","B"
"X1691",25.1,76,1,77.4294700406538,"3","B"
"X1691",25.1,76,2,76.4913807485458,"3","B"
"X1691",25.1,76,3,68.2691533040775,"3","B"
"X1691",25.1,76,4,66.4732388814228,"3","B"
"X1691",25.1,76,5,68.764817092677,"3","B"
"X1691",25.1,76,6,69.5893813256232,"3","B"
"X1691",25.1,76,7,54.217326006129,"3","B"
"X1691",25.1,82,0,82.2927057349007,"3","B"
"X1691",25.1,82,1,87.7793738430318,"3","B"
"X1691",25.1,82,2,84.2962268152071,"3","B"
"X1691",25.1,82,3,76.0679069585855,"3","B"
"X1691",25.1,82,4,74.2551345657283,"3","B"
"X1691",25.1,82,5,76.116066462811,"3","B"
"X1691",25.1,82,6,77.0981350869057,"3","B"
"X1691",25.1,82,7,61.5928892945248,"3","B"
"X1691",25.1,94,0,102.713690112348,"3","B"
"X1691",25.1,94,1,107.397775708472,"3","B"
"X1691",25.1,94,2,99.7242846837856,"3","B"
"X1691",25.1,94,3,91.2832656706161,"3","B"
"X1691",25.1,94,4,90.9927012997947,"3","B"
"X1691",25.1,94,5,88.7476560118685,"3","B"
"X1691",25.1,94,6,89.9457075972445,"3","B"
"X1691",25.1,94,7,80.2819667530218,"3","B"
"X1691",25.1,100,0,114.585183888757,"3","B"
"X1691",25.1,100,1,118.152276266401,"3","B"
"X1691",25.1,100,2,109.327096236185,"3","B"
"X1691",25.1,100,3,100.572190210524,"3","B"
"X1691",25.1,100,4,100.471805243267,"3","B"
"X1691",25.1,100,5,93.2680087584845,"3","B"
"X1691",25.1,100,6,94.7784391946155,"3","B"
"X1691",25.1,100,7,92.43117615556,"3","B"
"X1691",25.1,106,0,127.077882383511,"3","B"
"X1691",25.1,106,1,128.916001301857,"3","B"
"X1691",25.1,106,2,120.497576107872,"3","B"
"X1691",25.1,106,3,111.608480013697,"3","B"
"X1691",25.1,106,4,109.993094544738,"3","B"
"X1691",25.1,106,5,99.4790950171487,"3","B"
"X1691",25.1,106,6,100.041883807947,"3","B"
"X1691",25.1,106,7,105.656731596873,"3","B"
"X1691",25.2,0,0,0,"1","T"
"X1691",25.2,0,1,0,"1","T"
"X1691",25.2,0,2,0,"1","T"
"X1691",25.2,0,3,0,"1","T"
"X1691",25.2,0,4,0,"1","T"
"X1691",25.2,0,5,0,"1","T"
"X1691",25.2,0,6,0,"1","T"
"X1691",25.2,0,7,0,"1","T"
"X1691",25.2,2,0,0.161,"1","T"
"X1691",25.2,2,1,0.339,"1","T"
"X1691",25.2,2,2,0.284,"1","T"
"X1691",25.2,2,3,0.327,"1","T"
"X1691",25.2,2,4,0.212,"1","T"
"X1691",25.2,2,5,0.218,"1","T"
"X1691",25.2,2,6,0.188,"1","T"
"X1691",25.2,2,7,0.179,"1","T"
"X1691",25.2,8,0,0.759250011000016,"1","T"
"X1691",25.2,8,1,1.47316657133319,"1","T"
"X1691",25.2,8,2,1.37099995599993,"1","T"
"X1691",25.2,8,3,1.56791682433357,"1","T"
"X1691",25.2,8,4,1.0909167803335,"1","T"
"X1691",25.2,8,5,1.09474990099985,"1","T"
"X1691",25.2,8,6,0.90533327466658,"1","T"
"X1691",25.2,8,7,0.908583461666857,"1","T"
"X1691",25.2,20,0,2.55520370558527,"1","T"
"X1691",25.2,20,1,4.30733330068812,"1","T"
"X1691",25.2,20,2,4.16759218104178,"1","T"
"X1691",25.2,20,3,4.59405561581114,"1","T"
"X1691",25.2,20,4,3.64338893062928,"1","T"
"X1691",25.2,20,5,3.17653721333206,"1","T"
"X1691",25.2,20,6,3.00970368410575,"1","T"
"X1691",25.2,20,7,3.0501296750514,"1","T"
"X1691",25.2,26,0,3.8441412011155,"1","T"
"X1691",25.2,26,1,6.16150041365765,"1","T"
"X1691",25.2,26,2,5.65827823460479,"1","T"
"X1691",25.2,26,3,5.89115951393513,"1","T"
"X1691",25.2,26,4,4.9114973387636,"1","T"
"X1691",25.2,26,5,4.2540970833801,"1","T"
"X1691",25.2,26,6,4.4685018389357,"1","T"
"X1691",25.2,26,7,4.15634265982619,"1","T"
"X1691",25.2,32,0,5.68204093748723,"1","T"
"X1691",25.2,32,1,7.95304493486725,"1","T"
"X1691",25.2,32,2,7.18128573900158,"1","T"
"X1691",25.2,32,3,7.94470977662411,"1","T"
"X1691",25.2,32,4,6.45879058025827,"1","T"
"X1691",25.2,32,5,5.92594282306793,"1","T"
"X1691",25.2,32,6,6.15612203232965,"1","T"
"X1691",25.2,32,7,5.56047393851197,"1","T"
"X1691",25.2,44,0,13.8741937275831,"1","T"
"X1691",25.2,44,1,14.1793535349937,"1","T"
"X1691",25.2,44,2,14.3431337634373,"1","T"
"X1691",25.2,44,3,15.3350866960072,"1","T"
"X1691",25.2,44,4,13.1375095486388,"1","T"
"X1691",25.2,44,5,13.6622569329382,"1","T"
"X1691",25.2,44,6,14.0401008369273,"1","T"
"X1691",25.2,44,7,11.3972951734003,"1","T"
"X1691",25.2,50,0,21.7456768568344,"1","T"
"X1691",25.2,50,1,19.9399111008867,"1","T"
"X1691",25.2,50,2,21.5332535785219,"1","T"
"X1691",25.2,50,3,22.5516829355302,"1","T"
"X1691",25.2,50,4,19.4107747576736,"1","T"
"X1691",25.2,50,5,20.9311438763008,"1","T"
"X1691",25.2,50,6,21.6213421776694,"1","T"
"X1691",25.2,50,7,17.6183323839177,"1","T"
"X1691",25.2,56,0,28.3423642335555,"1","T"
"X1691",25.2,56,1,25.6734301799005,"1","T"
"X1691",25.2,56,2,28.0007831859329,"1","T"
"X1691",25.2,56,3,28.9725750569271,"1","T"
"X1691",25.2,56,4,26.0010676390637,"1","T"
"X1691",25.2,56,5,27.1961167705979,"1","T"
"X1691",25.2,56,6,28.6440784170985,"1","T"
"X1691",25.2,56,7,23.9289166105198,"1","T"
"X1691",25.2,68,0,40.2084697858372,"1","T"
"X1691",25.2,68,1,37.2010418636955,"1","T"
"X1691",25.2,68,2,39.5022397652465,"1","T"
"X1691",25.2,68,3,41.6941128084628,"1","T"
"X1691",25.2,68,4,38.185734529458,"1","T"
"X1691",25.2,68,5,38.5182155220722,"1","T"
"X1691",25.2,68,6,40.1668892979754,"1","T"
"X1691",25.2,68,7,35.5788028195282,"1","T"
"X1691",25.2,74,0,47.2102242084852,"1","T"
"X1691",25.2,74,1,44.5054909121282,"1","T"
"X1691",25.2,74,2,44.8965338118799,"1","T"
"X1691",25.2,74,3,46.0728173645037,"1","T"
"X1691",25.2,74,4,44.5380734612902,"1","T"
"X1691",25.2,74,5,43.8894611742133,"1","T"
"X1691",25.2,74,6,44.9675817330813,"1","T"
"X1691",25.2,74,7,40.631025088461,"1","T"
"X1691",25.2,80,0,55.1244000169197,"1","T"
"X1691",25.2,80,1,53.0461368006446,"1","T"
"X1691",25.2,80,2,50.3542494934966,"1","T"
"X1691",25.2,80,3,51.3610467427679,"1","T"
"X1691",25.2,80,4,53.3854955452925,"1","T"
"X1691",25.2,80,5,49.9595182429523,"1","T"
"X1691",25.2,80,6,49.9111920181213,"1","T"
"X1691",25.2,80,7,45.851080364742,"1","T"
"X1691",25.2,92,0,71.6973573255153,"1","T"
"X1691",25.2,92,1,68.2937445824681,"1","T"
"X1691",25.2,92,2,65.3644491511082,"1","T"
"X1691",25.2,92,3,64.0236099728349,"1","T"
"X1691",25.2,92,4,65.368933759927,"1","T"
"X1691",25.2,92,5,62.3744341805697,"1","T"
"X1691",25.2,92,6,60.1425746828828,"1","T"
"X1691",25.2,92,7,57.7648086287988,"1","T"
"X1691",25.2,98,0,80.8802797503296,"1","T"
"X1691",25.2,98,1,76.9273773000058,"1","T"
"X1691",25.2,98,2,76.1670942812866,"1","T"
"X1691",25.2,98,3,70.8409855729909,"1","T"
"X1691",25.2,98,4,72.9870227669614,"1","T"
"X1691",25.2,98,5,67.5798619586599,"1","T"
"X1691",25.2,98,6,66.8698632965331,"1","T"
"X1691",25.2,98,7,63.90442599963,"1","T"
"X1691",25.2,104,0,91.6161136486873,"1","T"
"X1691",25.2,104,1,87.658041223945,"1","T"
"X1691",25.2,104,2,87.8559178483088,"1","T"
"X1691",25.2,104,3,80.7781620369158,"1","T"
"X1691",25.2,104,4,82.7358652487716,"1","T"
"X1691",25.2,104,5,73.0713137505826,"1","T"
"X1691",25.2,104,6,76.8594675667813,"1","T"
"X1691",25.2,104,7,72.1413111795339,"1","T"
"X1691",25.2,127,0,129.193663752948,"1","T"
"X1691",25.2,127,1,126.683466620552,"1","T"
"X1691",25.2,127,2,133.40853825124,"1","T"
"X1691",25.2,127,3,122.361849001714,"1","T"
"X1691",25.2,127,4,119.968281065098,"1","T"
"X1691",25.2,127,5,100.04965549738,"1","T"
"X1691",25.2,127,6,116.829125481375,"1","T"
"X1691",25.2,127,7,106.988399313309,"1","T"
"X1691",25.2,151,0,173.065795293843,"1","T"
"X1691",25.2,151,1,169.576355253155,"1","T"
"X1691",25.2,151,2,179.415564227483,"1","T"
"X1691",25.2,151,3,172.400447133075,"1","T"
"X1691",25.2,151,4,168.548053581268,"1","T"
"X1691",25.2,151,5,147.806676614329,"1","T"
"X1691",25.2,151,6,159.903054237263,"1","T"
"X1691",25.2,151,7,148.154413950959,"1","T"
"X1691",25.2,164,0,197.88457368104,"1","T"
"X1691",25.2,164,1,192.406619957974,"1","T"
"X1691",25.2,164,2,203.455102988541,"1","T"
"X1691",25.2,164,3,197.681799679355,"1","T"
"X1691",25.2,164,4,193.744776444954,"1","T"
"X1691",25.2,164,5,177.206904813309,"1","T"
"X1691",25.2,164,6,184.734722686408,"1","T"
"X1691",25.2,164,7,167.511058412969,"1","T"
"X1691",25.3,0,0,0,"4","M"
"X1691",25.3,0,1,0,"4","M"
"X1691",25.3,0,2,0,"4","M"
"X1691",25.3,0,3,0,"4","M"
"X1691",25.3,0,4,0,"4","M"
"X1691",25.3,0,5,0,"4","M"
"X1691",25.3,0,6,0,"4","M"
"X1691",25.3,0,7,0,"4","M"
"X1691",25.3,4,0,0.596,"4","M"
"X1691",25.3,4,1,0.818,"4","M"
"X1691",25.3,4,2,0.51,"4","M"
"X1691",25.3,4,3,0.534,"4","M"
"X1691",25.3,4,4,0.536,"4","M"
"X1691",25.3,4,5,0.364,"4","M"
"X1691",25.3,4,6,0.542,"4","M"
"X1691",25.3,4,7,1.082,"4","M"
"X1691",25.3,10,0,2.50258434855474,"4","M"
"X1691",25.3,10,1,2.98520902359894,"4","M"
"X1691",25.3,10,2,1.71637563079657,"4","M"
"X1691",25.3,10,3,2.2774592912096,"4","M"
"X1691",25.3,10,4,1.76450053522133,"4","M"
"X1691",25.3,10,5,1.48391735905616,"4","M"
"X1691",25.3,10,6,1.93112526123898,"4","M"
"X1691",25.3,10,7,2.83879204684372,"4","M"
"X1691",25.3,22,0,9.16951809253294,"4","M"
"X1691",25.3,22,1,9.86318544234218,"4","M"
"X1691",25.3,22,2,6.08845049804662,"4","M"
"X1691",25.3,22,3,8.40502699726378,"4","M"
"X1691",25.3,22,4,5.98121967318224,"4","M"
"X1691",25.3,22,5,5.91302486462698,"4","M"
"X1691",25.3,22,6,5.80443340189841,"4","M"
"X1691",25.3,22,7,7.74402920321789,"4","M"
"X1691",25.3,28,0,11.8567923469443,"4","M"
"X1691",25.3,28,1,13.0207182707196,"4","M"
"X1691",25.3,28,2,8.30320476413302,"4","M"
"X1691",25.3,28,3,10.8491338276351,"4","M"
"X1691",25.3,28,4,8.12811813670127,"4","M"
"X1691",25.3,28,5,8.13499189930594,"4","M"
"X1691",25.3,28,6,7.45547738191988,"4","M"
"X1691",25.3,28,7,10.6492910083793,"4","M"
"X1691",25.3,34,0,17.2087867492094,"4","M"
"X1691",25.3,34,1,18.3140425987187,"4","M"
"X1691",25.3,34,2,12.466163704882,"4","M"
"X1691",25.3,34,3,15.1573839401024,"4","M"
"X1691",25.3,34,4,12.0817589197532,"4","M"
"X1691",25.3,34,5,12.4052079624569,"4","M"
"X1691",25.3,34,6,11.9680753764608,"4","M"
"X1691",25.3,34,7,15.6073860159332,"4","M"
"X1691",25.3,46,0,32.9825945444975,"4","M"
"X1691",25.3,46,1,34.8958625862924,"4","M"
"X1691",25.3,46,2,28.7458393860948,"4","M"
"X1691",25.3,46,3,26.8360223240707,"4","M"
"X1691",25.3,46,4,28.0273451543601,"4","M"
"X1691",25.3,46,5,28.0976328037103,"4","M"
"X1691",25.3,46,6,28.5257597895987,"4","M"
"X1691",25.3,46,7,35.0464292092801,"4","M"
"X1691",25.3,52,0,41.8014566038913,"4","M"
"X1691",25.3,52,1,45.8082931898327,"4","M"
"X1691",25.3,52,2,37.71327346406,"4","M"
"X1691",25.3,52,3,34.9000708936694,"4","M"
"X1691",25.3,52,4,37.4858824210398,"4","M"
"X1691",25.3,52,5,37.8232641858531,"4","M"
"X1691",25.3,52,6,36.6361596483265,"4","M"
"X1691",25.3,52,7,45.0756185507329,"4","M"
"X1691",25.3,58,0,52.6835161649446,"4","M"
"X1691",25.3,58,1,56.4273240340923,"4","M"
"X1691",25.3,58,2,48.5304601964827,"4","M"
"X1691",25.3,58,3,44.6360401814189,"4","M"
"X1691",25.3,58,4,47.0517408634113,"4","M"
"X1691",25.3,58,5,46.0765668809289,"4","M"
"X1691",25.3,58,6,45.2015372156318,"4","M"
"X1691",25.3,58,7,54.5638208173018,"4","M"
"X1691",25.3,70,0,77.5117631542288,"4","M"
"X1691",25.3,70,1,79.5975916286278,"4","M"
"X1691",25.3,70,2,74.8281437450191,"4","M"
"X1691",25.3,70,3,69.4545036291443,"4","M"
"X1691",25.3,70,4,67.9413875086036,"4","M"
"X1691",25.3,70,5,66.3202015245325,"4","M"
"X1691",25.3,70,6,62.7121817676235,"4","M"
"X1691",25.3,70,7,72.2041457162887,"4","M"
"X1691",25.3,76,0,90.5879295225315,"4","M"
"X1691",25.3,76,1,92.570508095083,"4","M"
"X1691",25.3,76,2,80.9579527346406,"4","M"
"X1691",25.3,76,3,81.7567267648678,"4","M"
"X1691",25.3,76,4,73.1673150053306,"4","M"
"X1691",25.3,76,5,79.1915799943444,"4","M"
"X1691",25.3,76,6,71.0263369112216,"4","M"
"X1691",25.3,76,7,81.3630846179795,"4","M"
"X1691",25.3,82,0,105.443669848014,"4","M"
"X1691",25.3,82,1,106.442059480015,"4","M"
"X1691",25.3,82,2,90.8509400374809,"4","M"
"X1691",25.3,82,3,93.6382667715815,"4","M"
"X1691",25.3,82,4,81.0633259109534,"4","M"
"X1691",25.3,82,5,92.0549203158668,"4","M"
"X1691",25.3,82,6,79.9260147763766,"4","M"
"X1691",25.3,82,7,91.1546440536929,"4","M"
"X1691",25.3,94,0,131.195206387909,"4","M"
"X1691",25.3,94,1,134.813849372873,"4","M"
"X1691",25.3,94,2,116.38046170279,"4","M"
"X1691",25.3,94,3,113.891184553091,"4","M"
"X1691",25.3,94,4,101.677348690476,"4","M"
"X1691",25.3,94,5,112.790058047667,"4","M"
"X1691",25.3,94,6,96.2447994340674,"4","M"
"X1691",25.3,94,7,111.472266974969,"4","M"
"X1691",25.3,100,0,145.420455091147,"4","M"
"X1691",25.3,100,1,147.388094768083,"4","M"
"X1691",25.3,100,2,127.863166305044,"4","M"
"X1691",25.3,100,3,124.714933515462,"4","M"
"X1691",25.3,100,4,112.077836978901,"4","M"
"X1691",25.3,100,5,124.538321642873,"4","M"
"X1691",25.3,100,6,103.987128259811,"4","M"
"X1691",25.3,100,7,119.538486039077,"4","M"
"X1691",25.3,106,0,158.722281639157,"4","M"
"X1691",25.3,106,1,160.242733747473,"4","M"
"X1691",25.3,106,2,139.37314331556,"4","M"
"X1691",25.3,106,3,134.93753049388,"4","M"
"X1691",25.3,106,4,123.613908915449,"4","M"
"X1691",25.3,106,5,135.012396946459,"4","M"
"X1691",25.3,106,6,111.80476200337,"4","M"
"X1691",25.3,106,7,128.32199993959,"4","M"
"X1691",28,0,0,0,"3","M"
"X1691",28,0,1,0,"3","M"
"X1691",28,0,2,0,"3","M"
"X1691",28,0,3,0,"3","M"
"X1691",28,0,4,0,"3","M"
"X1691",28,0,5,0,"3","M"
"X1691",28,0,6,0,"3","M"
"X1691",28,0,7,0,"3","M"
"X1691",28,4,0,0.898,"3","M"
"X1691",28,4,1,0.754,"3","M"
"X1691",28,4,2,0.676,"3","M"
"X1691",28,4,3,0.55,"3","M"
"X1691",28,4,4,0.81,"3","M"
"X1691",28,4,5,0.692,"3","M"
"X1691",28,4,6,0.568,"3","M"
"X1691",28,4,7,0.59,"3","M"
"X1691",28,10,0,2.9141243437167,"3","M"
"X1691",28,10,1,2.43195804235983,"3","M"
"X1691",28,10,2,2.55216681109147,"3","M"
"X1691",28,10,3,2.2558746368141,"3","M"
"X1691",28,10,4,2.377541218525,"3","M"
"X1691",28,10,5,2.09141672188791,"3","M"
"X1691",28,10,6,1.84708360943957,"3","M"
"X1691",28,10,7,1.830875401416,"3","M"
"X1691",28,22,0,7.69636355593674,"3","M"
"X1691",28,22,1,7.3146118148162,"3","M"
"X1691",28,22,2,9.00369671574796,"3","M"
"X1691",28,22,3,6.63007062448625,"3","M"
"X1691",28,22,4,6.66681818174027,"3","M"
"X1691",28,22,5,5.85929031922837,"3","M"
"X1691",28,22,6,6.52126173935504,"3","M"
"X1691",28,22,7,6.03874779180959,"3","M"
"X1691",28,28,0,11.4651970968413,"3","M"
"X1691",28,28,1,11.4298129059462,"3","M"
"X1691",28,28,2,13.7166084703477,"3","M"
"X1691",28,28,3,9.47889819958632,"3","M"
"X1691",28,28,4,10.7075324158249,"3","M"
"X1691",28,28,5,8.61871832984463,"3","M"
"X1691",28,28,6,10.0956107852139,"3","M"
"X1691",28,28,7,8.63991285038033,"3","M"
"X1691",28,34,0,18.9411500709793,"3","M"
"X1691",28,34,1,18.7710603373458,"3","M"
"X1691",28,34,2,21.2176185002681,"3","M"
"X1691",28,34,3,16.4799362999327,"3","M"
"X1691",28,34,4,17.4242588983509,"3","M"
"X1691",28,34,5,15.0399309682209,"3","M"
"X1691",28,34,6,16.1028921110985,"3","M"
"X1691",28,34,7,12.7157834835377,"3","M"
"X1691",28,46,0,38.8901783841043,"3","M"
"X1691",28,46,1,35.4754500984658,"3","M"
"X1691",28,46,2,36.6153020011452,"3","M"
"X1691",28,46,3,35.2255478374857,"3","M"
"X1691",28,46,4,31.5328469548835,"3","M"
"X1691",28,46,5,30.0231197567635,"3","M"
"X1691",28,46,6,30.2254636901678,"3","M"
"X1691",28,46,7,24.4028033657507,"3","M"
"X1691",28,52,0,51.7360018603732,"3","M"
"X1691",28,52,1,44.8407338209282,"3","M"
"X1691",28,52,2,46.5239847641271,"3","M"
"X1691",28,52,3,45.8800004770566,"3","M"
"X1691",28,52,4,39.0934334985906,"3","M"
"X1691",28,52,5,37.1418024711526,"3","M"
"X1691",28,52,6,37.4073009167101,"3","M"
"X1691",28,52,7,30.5713479304481,"3","M"
"X1691",28,58,0,61.5148172998431,"3","M"
"X1691",28,58,1,53.9467250628965,"3","M"
"X1691",28,58,2,55.3164295835445,"3","M"
"X1691",28,58,3,53.024317526791,"3","M"
"X1691",28,58,4,46.4178628966362,"3","M"
"X1691",28,58,5,43.9267535133055,"3","M"
"X1691",28,58,6,44.9163727261236,"3","M"
"X1691",28,58,7,35.8744321500367,"3","M"
"X1691",28,70,0,80.5913887873374,"3","M"
"X1691",28,70,1,71.599617387374,"3","M"
"X1691",28,70,2,76.5559400568207,"3","M"
"X1691",28,70,3,69.4509933523388,"3","M"
"X1691",28,70,4,61.4899863760893,"3","M"
"X1691",28,70,5,57.0464759413176,"3","M"
"X1691",28,70,6,58.2408439700233,"3","M"
"X1691",28,70,7,51.5476535276061,"3","M"
"X1691",28,76,0,91.2998866705678,"3","M"
"X1691",28,76,1,80.5010914775334,"3","M"
"X1691",28,76,2,87.7753074953297,"3","M"
"X1691",28,76,3,80.4015679375465,"3","M"
"X1691",28,76,4,71.2111627889094,"3","M"
"X1691",28,76,5,63.3738010281933,"3","M"
"X1691",28,76,6,64.9178582182281,"3","M"
"X1691",28,76,7,59.7724162974589,"3","M"
"X1691",28,82,0,102.178531837022,"3","M"
"X1691",28,82,1,89.6616959000994,"3","M"
"X1691",28,82,2,98.8343320571232,"3","M"
"X1691",28,82,3,90.2490485722663,"3","M"
"X1691",28,82,4,80.7212139157776,"3","M"
"X1691",28,82,5,68.8230815046647,"3","M"
"X1691",28,82,6,70.5600181882939,"3","M"
"X1691",28,82,7,69.6516426956028,"3","M"
"X1691",28,94,0,124.693664364046,"3","M"
"X1691",28,94,1,109.259706529119,"3","M"
"X1691",28,94,2,121.33152060403,"3","M"
"X1691",28,94,3,110.806485329245,"3","M"
"X1691",28,94,4,100.691509820327,"3","M"
"X1691",28,94,5,79.1834959303048,"3","M"
"X1691",28,94,6,82.0030169703802,"3","M"
"X1691",28,94,7,94.9398804567187,"3","M"
"X1691",28,100,0,136.772332324027,"3","M"
"X1691",28,100,1,119.229448582703,"3","M"
"X1691",28,100,2,133.796552642182,"3","M"
"X1691",28,100,3,122.351037649336,"3","M"
"X1691",28,100,4,111.625520912043,"3","M"
"X1691",28,100,5,84.2645810185981,"3","M"
"X1691",28,100,6,86.9263362360773,"3","M"
"X1691",28,100,7,108.757853359078,"3","M"
"X1691",28,106,0,149.503630697504,"3","M"
"X1691",28,106,1,129.040564709164,"3","M"
"X1691",28,106,2,145.685053405039,"3","M"
"X1691",28,106,3,134.318429803516,"3","M"
"X1691",28,106,4,122.381478321535,"3","M"
"X1691",28,106,5,89.6242582516923,"3","M"
"X1691",28,106,6,91.9092777890596,"3","M"
"X1691",28,106,7,122.418157041446,"3","M"
"X1691",30,0,0,0,"2","B"
"X1691",30,0,1,0,"2","B"
"X1691",30,0,2,0,"2","B"
"X1691",30,0,3,0,"2","B"
"X1691",30,0,4,0,"2","B"
"X1691",30,0,5,0,"2","B"
"X1691",30,0,6,0,"2","B"
"X1691",30,0,7,0,"2","B"
"X1691",30,4,0,0.596,"2","B"
"X1691",30,4,1,0.678,"2","B"
"X1691",30,4,2,0.886,"2","B"
"X1691",30,4,3,0.764,"2","B"
"X1691",30,4,4,0.56,"2","B"
"X1691",30,4,5,0.72,"2","B"
"X1691",30,4,6,0.45,"2","B"
"X1691",30,4,7,0.886,"2","B"
"X1691",30,10,0,1.86891659445427,"2","B"
"X1691",30,10,1,2.10729161356931,"2","B"
"X1691",30,10,2,2.38237507008851,"2","B"
"X1691",30,10,3,2.27091674737464,"2","B"
"X1691",30,10,4,1.64033357120948,"2","B"
"X1691",30,10,5,2.14058343103246,"2","B"
"X1691",30,10,6,1.40487468778756,"2","B"
"X1691",30,10,7,2.10237481522121,"2","B"
"X1691",30,22,0,6.77690263868115,"2","B"
"X1691",30,22,1,7.72708478441075,"2","B"
"X1691",30,22,2,6.25406448660413,"2","B"
"X1691",30,22,3,7.21439324696175,"2","B"
"X1691",30,22,4,5.46561401944826,"2","B"
"X1691",30,22,5,6.6686321034169,"2","B"
"X1691",30,22,6,4.87052419993383,"2","B"
"X1691",30,22,7,7.22201872687353,"2","B"
"X1691",30,28,0,11.5972011828125,"2","B"
"X1691",30,28,1,12.9509886063605,"2","B"
"X1691",30,28,2,8.89724929512517,"2","B"
"X1691",30,28,3,11.2389970900501,"2","B"
"X1691",30,28,4,8.38698260057132,"2","B"
"X1691",30,28,5,10.4072679884333,"2","B"
"X1691",30,28,6,8.15171315018047,"2","B"
"X1691",30,28,7,13.2258245872526,"2","B"
"X1691",30,34,0,19.3266198820382,"2","B"
"X1691",30,34,1,20.5663000080081,"2","B"
"X1691",30,34,2,14.6072011221568,"2","B"
"X1691",30,34,3,18.0461871285064,"2","B"
"X1691",30,34,4,13.9465333596762,"2","B"
"X1691",30,34,5,17.3463063968584,"2","B"
"X1691",30,34,6,12.2631198503326,"2","B"
"X1691",30,34,7,20.3417524835425,"2","B"
"X1691",30,46,0,37.5446838484762,"2","B"
"X1691",30,46,1,40.2899998642083,"2","B"
"X1691",30,46,2,35.7346947542036,"2","B"
"X1691",30,46,3,35.4721114339041,"2","B"
"X1691",30,46,4,32.2841753481228,"2","B"
"X1691",30,46,5,33.6484197335686,"2","B"
"X1691",30,46,6,26.534063384127,"2","B"
"X1691",30,46,7,38.6310522876273,"2","B"
"X1691",30,52,0,47.6738934593988,"2","B"
"X1691",30,52,1,50.1875693672581,"2","B"
"X1691",30,52,2,47.4145458599051,"2","B"
"X1691",30,52,3,44.5570955942881,"2","B"
"X1691",30,52,4,41.2273701624324,"2","B"
"X1691",30,52,5,41.849820995238,"2","B"
"X1691",30,52,6,35.1551718407339,"2","B"
"X1691",30,52,7,48.8136808533314,"2","B"
"X1691",30,58,0,57.2095698788405,"2","B"
"X1691",30,58,1,59.5738077578893,"2","B"
"X1691",30,58,2,58.1186623405198,"2","B"
"X1691",30,58,3,53.691411398587,"2","B"
"X1691",30,58,4,49.7554414613633,"2","B"
"X1691",30,58,5,49.5999686877874,"2","B"
"X1691",30,58,6,43.2234170738035,"2","B"
"X1691",30,58,7,58.0056487112529,"2","B"
"X1691",30,70,0,76.7424232317848,"2","B"
"X1691",30,70,1,78.0955348789525,"2","B"
"X1691",30,70,2,78.957328291532,"2","B"
"X1691",30,70,3,71.909705844813,"2","B"
"X1691",30,70,4,66.1447265571042,"2","B"
"X1691",30,70,5,65.3153100773613,"2","B"
"X1691",30,70,6,56.6712600407708,"2","B"
"X1691",30,70,7,73.2347942994577,"2","B"
"X1691",30,76,0,88.8656462419527,"2","B"
"X1691",30,76,1,87.4073709022551,"2","B"
"X1691",30,76,2,88.1631279717874,"2","B"
"X1691",30,76,3,82.5572948846687,"2","B"
"X1691",30,76,4,73.454283546967,"2","B"
"X1691",30,76,5,74.9443439279348,"2","B"
"X1691",30,76,6,61.9330829897614,"2","B"
"X1691",30,76,7,78.8538576830958,"2","B"
"X1691",30,82,0,100.965428450535,"2","B"
"X1691",30,82,1,99.5890354428431,"2","B"
"X1691",30,82,2,96.1276585663768,"2","B"
"X1691",30,82,3,93.5352821528076,"2","B"
"X1691",30,82,4,80.8424630110083,"2","B"
"X1691",30,82,5,83.9933001517521,"2","B"
"X1691",30,82,6,65.8946761070222,"2","B"
"X1691",30,82,7,84.6735817781652,"2","B"
"X1691",30,94,0,124.281166664789,"2","B"
"X1691",30,94,1,125.117480310061,"2","B"
"X1691",30,94,2,112.73676843387,"2","B"
"X1691",30,94,3,116.639358469934,"2","B"
"X1691",30,94,4,97.5562424724409,"2","B"
"X1691",30,94,5,101.063722847252,"2","B"
"X1691",30,94,6,74.1121442401008,"2","B"
"X1691",30,94,7,101.780588704882,"2","B"
"X1691",30,100,0,136.763458907775,"2","B"
"X1691",30,100,1,139.099493638617,"2","B"
"X1691",30,100,2,124.357211872259,"2","B"
"X1691",30,100,3,129.041096255729,"2","B"
"X1691",30,100,4,109.137388790212,"2","B"
"X1691",30,100,5,109.699555416358,"2","B"
"X1691",30,100,6,78.0499598546925,"2","B"
"X1691",30,100,7,115.158727322917,"2","B"
"X1691",30,106,0,151.086391138765,"2","B"
"X1691",30,106,1,152.998749145037,"2","B"
"X1691",30,106,2,136.328953308284,"2","B"
"X1691",30,106,3,143.240733802013,"2","B"
"X1691",30,106,4,121.129822360029,"2","B"
"X1691",30,106,5,120.533453945607,"2","B"
"X1691",30,106,6,81.6707446489022,"2","B"
"X1691",30,106,7,126.544955627119,"2","B"
"X1691",32,0,0,0,"3","T"
"X1691",32,0,1,0,"3","T"
"X1691",32,0,2,0,"3","T"
"X1691",32,0,3,0,"3","T"
"X1691",32,0,4,0,"3","T"
"X1691",32,0,5,0,"3","T"
"X1691",32,0,6,0,"3","T"
"X1691",32,0,7,0,"3","T"
"X1691",32,4,0,0.708,"3","T"
"X1691",32,4,1,0.406,"3","T"
"X1691",32,4,2,0.744,"3","T"
"X1691",32,4,3,0.694,"3","T"
"X1691",32,4,4,0.44,"3","T"
"X1691",32,4,5,0.568,"3","T"
"X1691",32,4,6,0.522,"3","T"
"X1691",32,4,7,0.534,"3","T"
"X1691",32,10,0,2.02200015292038,"3","T"
"X1691",32,10,1,1.31929176648969,"3","T"
"X1691",32,10,2,2.01650043327441,"3","T"
"X1691",32,10,3,1.64637512106197,"3","T"
"X1691",32,10,4,1.29900056070806,"3","T"
"X1691",32,10,5,1.15333334246912,"3","T"
"X1691",32,10,6,1.3324585266077,"3","T"
"X1691",32,10,7,1.56337501911505,"3","T"
"X1691",32,22,0,7.70085155153716,"3","T"
"X1691",32,22,1,7.67165855442797,"3","T"
"X1691",32,22,2,7.73653530499515,"3","T"
"X1691",32,22,3,6.2947154328738,"3","T"
"X1691",32,22,4,7.39487550734945,"3","T"
"X1691",32,22,5,5.5692889819177,"3","T"
"X1691",32,22,6,5.67651779822175,"3","T"
"X1691",32,22,7,5.63330713873149,"3","T"
"X1691",32,28,0,13.2313917564637,"3","T"
"X1691",32,28,1,14.2344907216191,"3","T"
"X1691",32,28,2,13.5294976924381,"3","T"
"X1691",32,28,3,11.416464646675,"3","T"
"X1691",32,28,4,13.6331523342846,"3","T"
"X1691",32,28,5,10.1377890110525,"3","T"
"X1691",32,28,6,10.1216494202207,"3","T"
"X1691",32,28,7,9.52948444556681,"3","T"
"X1691",32,34,0,20.4215715527435,"3","T"
"X1691",32,34,1,20.2754681447403,"3","T"
"X1691",32,34,2,22.5323021120776,"3","T"
"X1691",32,34,3,17.0589661586901,"3","T"
"X1691",32,34,4,21.0265786582938,"3","T"
"X1691",32,34,5,14.5128324594859,"3","T"
"X1691",32,34,6,14.7079390680462,"3","T"
"X1691",32,34,7,14.7539266352198,"3","T"
"X1691",32,46,0,36.3248223163152,"3","T"
"X1691",32,46,1,37.8920912244322,"3","T"
"X1691",32,46,2,40.5302200514353,"3","T"
"X1691",32,46,3,31.1825606043783,"3","T"
"X1691",32,46,4,38.1825362294361,"3","T"
"X1691",32,46,5,23.6603009204397,"3","T"
"X1691",32,46,6,25.904583974547,"3","T"
"X1691",32,46,7,27.6544149231154,"3","T"
"X1691",32,52,0,45.0816730203317,"3","T"
"X1691",32,52,1,46.018793576432,"3","T"
"X1691",32,52,2,50.0787208953156,"3","T"
"X1691",32,52,3,38.7889240298142,"3","T"
"X1691",32,52,4,46.5285530761255,"3","T"
"X1691",32,52,5,30.1236815771863,"3","T"
"X1691",32,52,6,30.803037910354,"3","T"
"X1691",32,52,7,36.0220849842925,"3","T"
"X1691",32,58,0,52.9663415552614,"3","T"
"X1691",32,58,1,54.0406839514778,"3","T"
"X1691",32,58,2,58.8960360528946,"3","T"
"X1691",32,58,3,44.6165367673929,"3","T"
"X1691",32,58,4,54.485794091997,"3","T"
"X1691",32,58,5,35.8094942652161,"3","T"
"X1691",32,58,6,35.743346331393,"3","T"
"X1691",32,58,7,42.4140738277934,"3","T"
"X1691",32,70,0,71.7728522794942,"3","T"
"X1691",32,70,1,68.4531758314667,"3","T"
"X1691",32,70,2,79.5425584540924,"3","T"
"X1691",32,70,3,55.9450407714576,"3","T"
"X1691",32,70,4,70.5542274698415,"3","T"
"X1691",32,70,5,45.4023835134655,"3","T"
"X1691",32,70,6,44.0165303189665,"3","T"
"X1691",32,70,7,54.7909283626883,"3","T"
"X1691",32,76,0,84.2689010799767,"3","T"
"X1691",32,76,1,74.9645740804855,"3","T"
"X1691",32,76,2,91.9716271586198,"3","T"
"X1691",32,76,3,63.0495578114318,"3","T"
"X1691",32,76,4,79.3428879202787,"3","T"
"X1691",32,76,5,49.5467190728365,"3","T"
"X1691",32,76,6,47.4572399805649,"3","T"
"X1691",32,76,7,60.9203963957471,"3","T"
"X1691",32,82,0,96.441597721763,"3","T"
"X1691",32,82,1,82.9039058460166,"3","T"
"X1691",32,82,2,104.846646598514,"3","T"
"X1691",32,82,3,70.3668937179204,"3","T"
"X1691",32,82,4,88.0706896023137,"3","T"
"X1691",32,82,5,54.8623802744935,"3","T"
"X1691",32,82,6,51.0514868699493,"3","T"
"X1691",32,82,7,67.8470127219092,"3","T"
"X1691",32,94,0,122.974953282436,"3","T"
"X1691",32,94,1,101.06954062164,"3","T"
"X1691",32,94,2,134.096010523896,"3","T"
"X1691",32,94,3,86.1273033710158,"3","T"
"X1691",32,94,4,111.788542718313,"3","T"
"X1691",32,94,5,65.3025456758658,"3","T"
"X1691",32,94,6,63.1186409847781,"3","T"
"X1691",32,94,7,83.6876775626769,"3","T"
"X1691",32,100,0,136.747305553719,"3","T"
"X1691",32,100,1,110.908193772214,"3","T"
"X1691",32,100,2,148.839956369536,"3","T"
"X1691",32,100,3,94.3595396332923,"3","T"
"X1691",32,100,4,124.612392077349,"3","T"
"X1691",32,100,5,70.5744615006493,"3","T"
"X1691",32,100,6,71.8039678023055,"3","T"
"X1691",32,100,7,90.9390779300309,"3","T"
"X1691",32,106,0,150.885974740413,"3","T"
"X1691",32,106,1,121.651056587453,"3","T"
"X1691",32,106,2,163.600406925925,"3","T"
"X1691",32,106,3,103.807257232722,"3","T"
"X1691",32,106,4,138.05851719341,"3","T"
"X1691",32,106,5,78.4271730625476,"3","T"
"X1691",32,106,6,79.976554245069,"3","T"
"X1691",32,106,7,100.805558407851,"3","T"
"X1691",35,0,0,0,"1","M"
"X1691",35,0,1,0,"1","M"
"X1691",35,0,2,0,"1","M"
"X1691",35,0,3,0,"1","M"
"X1691",35,0,4,0,"1","M"
"X1691",35,0,5,0,"1","M"
"X1691",35,0,6,0,"1","M"
"X1691",35,0,7,0,"1","M"
"X1691",35,2,0,0.175,"1","M"
"X1691",35,2,1,0.254,"1","M"
"X1691",35,2,2,0.203,"1","M"
"X1691",35,2,3,0.288,"1","M"
"X1691",35,2,4,0.235,"1","M"
"X1691",35,2,5,0.226,"1","M"
"X1691",35,2,6,0.212,"1","M"
"X1691",35,2,7,0.223,"1","M"
"X1691",35,8,0,0.589500506000752,"1","M"
"X1691",35,8,1,0.959084011667675,"1","M"
"X1691",35,8,2,0.715000308000458,"1","M"
"X1691",35,8,3,1.24900022000033,"1","M"
"X1691",35,8,4,0.731250539000801,"1","M"
"X1691",35,8,5,1.01275016500025,"1","M"
"X1691",35,8,6,1.04333301066619,"1","M"
"X1691",35,8,7,1.12266725333421,"1","M"
"X1691",35,20,0,4.07655569133363,"1","M"
"X1691",35,20,1,6.09161129593821,"1","M"
"X1691",35,20,2,4.34200286328941,"1","M"
"X1691",35,20,3,6.90281485238658,"1","M"
"X1691",35,20,4,6.30727789828894,"1","M"
"X1691",35,20,5,6.83042593978525,"1","M"
"X1691",35,20,6,4.25937025381128,"1","M"
"X1691",35,20,7,7.07892608936852,"1","M"
"X1691",35,26,0,8.07360424910316,"1","M"
"X1691",35,26,1,11.4545038977176,"1","M"
"X1691",35,26,2,8.55283511495162,"1","M"
"X1691",35,26,3,12.6216861991625,"1","M"
"X1691",35,26,4,12.7104509931311,"1","M"
"X1691",35,26,5,13.0164334448049,"1","M"
"X1691",35,26,6,7.72745094032267,"1","M"
"X1691",35,26,7,12.4663437900446,"1","M"
"X1691",35,32,0,13.3498448454826,"1","M"
"X1691",35,32,1,17.5687867406971,"1","M"
"X1691",35,32,2,13.2775645389222,"1","M"
"X1691",35,32,3,16.9292682965988,"1","M"
"X1691",35,32,4,16.5456024825617,"1","M"
"X1691",35,32,5,17.044860909168,"1","M"
"X1691",35,32,6,11.6708787607155,"1","M"
"X1691",35,32,7,17.1966329861832,"1","M"
"X1691",35,44,0,25.2635200725144,"1","M"
"X1691",35,44,1,31.6085991806412,"1","M"
"X1691",35,44,2,24.6335627745844,"1","M"
"X1691",35,44,3,26.512314307031,"1","M"
"X1691",35,44,4,26.4731377817719,"1","M"
"X1691",35,44,5,25.510794727006,"1","M"
"X1691",35,44,6,19.460681270838,"1","M"
"X1691",35,44,7,28.1871935106691,"1","M"
"X1691",35,50,0,30.1376603912971,"1","M"
"X1691",35,50,1,39.2067404045565,"1","M"
"X1691",35,50,2,31.7048631910978,"1","M"
"X1691",35,50,3,32.6671034798123,"1","M"
"X1691",35,50,4,33.3988452088211,"1","M"
"X1691",35,50,5,29.9724329291729,"1","M"
"X1691",35,50,6,24.1610162627785,"1","M"
"X1691",35,50,7,35.0642898309804,"1","M"
"X1691",35,56,0,34.46831737585,"1","M"
"X1691",35,56,1,48.8315197622302,"1","M"
"X1691",35,56,2,43.1671814499512,"1","M"
"X1691",35,56,3,36.1912425243343,"1","M"
"X1691",35,56,4,41.925631733798,"1","M"
"X1691",35,56,5,33.7943111126424,"1","M"
"X1691",35,56,6,28.7590656893088,"1","M"
"X1691",35,56,7,42.9123364568427,"1","M"
"X1691",35,68,0,40.4434648828405,"1","M"
"X1691",35,68,1,72.7835799041816,"1","M"
"X1691",35,68,2,67.6619503851683,"1","M"
"X1691",35,68,3,39.7038314010089,"1","M"
"X1691",35,68,4,62.1014574191826,"1","M"
"X1691",35,68,5,42.9019756604383,"1","M"
"X1691",35,68,6,36.7472021011747,"1","M"
"X1691",35,68,7,65.1746033920088,"1","M"
"X1691",35,74,0,41.5008988938123,"1","M"
"X1691",35,74,1,87.9382894515638,"1","M"
"X1691",35,74,2,80.9615929846449,"1","M"
"X1691",35,74,3,40.2611570943365,"1","M"
"X1691",35,74,4,73.8709242870958,"1","M"
"X1691",35,74,5,46.5371212239608,"1","M"
"X1691",35,74,6,41.2214431616011,"1","M"
"X1691",35,74,7,78.8458995954863,"1","M"
"X1691",35,80,0,42.5050440754145,"1","M"
"X1691",35,80,1,102.525196921878,"1","M"
"X1691",35,80,2,94.5555064367416,"1","M"
"X1691",35,80,3,40.7950150220866,"1","M"
"X1691",35,80,4,87.0915949400288,"1","M"
"X1691",35,80,5,48.7610900302557,"1","M"
"X1691",35,80,6,46.6717120063583,"1","M"
"X1691",35,80,7,92.4510248976219,"1","M"
"X1691",35,92,0,43.2912781858055,"1","M"
"X1691",35,92,1,132.78939956245,"1","M"
"X1691",35,92,2,123.29195095944,"1","M"
"X1691",35,92,3,41.429277340574,"1","M"
"X1691",35,92,4,116.768614031996,"1","M"
"X1691",35,92,5,50.4611871873009,"1","M"
"X1691",35,92,6,58.6886693458202,"1","M"
"X1691",35,92,7,122.483646185625,"1","M"
"X1691",35,98,0,43.5667289548665,"1","M"
"X1691",35,98,1,147.802889113822,"1","M"
"X1691",35,98,2,138.065308930549,"1","M"
"X1691",35,98,3,41.8027754733089,"1","M"
"X1691",35,98,4,132.534722862667,"1","M"
"X1691",35,98,5,50.842959881752,"1","M"
"X1691",35,98,6,67.3059238002056,"1","M"
"X1691",35,98,7,137.874402003904,"1","M"
"X1691",35,104,0,43.826723271273,"1","M"
"X1691",35,104,1,163.070303348949,"1","M"
"X1691",35,104,2,152.602853888082,"1","M"
"X1691",35,104,3,42.1359172842037,"1","M"
"X1691",35,104,4,147.588840601289,"1","M"
"X1691",35,104,5,51.2592201047876,"1","M"
"X1691",35,104,6,75.271191027588,"1","M"
"X1691",35,104,7,153.091789695903,"1","M"
"X1691",35,127,0,44.8136296514103,"1","M"
"X1691",35,127,1,220.34818824897,"1","M"
"X1691",35,127,2,207.907961940026,"1","M"
"X1691",35,127,3,43.7735037532409,"1","M"
"X1691",35,127,4,203.714682724333,"1","M"
"X1691",35,127,5,53.7450777520303,"1","M"
"X1691",35,127,6,98.0771360279679,"1","M"
"X1691",35,127,7,209.986179539511,"1","M"
"X1691",35,151,0,45.8467070396757,"1","M"
"X1691",35,151,1,282.272885446681,"1","M"
"X1691",35,151,2,263.154990758573,"1","M"
"X1691",35,151,3,45.3000620658855,"1","M"
"X1691",35,151,4,259.761683981142,"1","M"
"X1691",35,151,5,55.6910236613763,"1","M"
"X1691",35,151,6,97.1993715459017,"1","M"
"X1691",35,151,7,267.191545621174,"1","M"
"X1691",35,164,0,46.4054275259508,"1","M"
"X1691",35,164,1,318.04737268066,"1","M"
"X1691",35,164,2,292.216717945882,"1","M"
"X1691",35,164,3,46.2100650961024,"1","M"
"X1691",35,164,4,289.203447867364,"1","M"
"X1691",35,164,5,56.8722046855837,"1","M"
"X1691",35,164,6,99.0361810058561,"1","M"
"X1691",35,164,7,297.014842028565,"1","M"
"X1691",37,0,0,0,"4","B"
"X1691",37,0,1,0,"4","B"
"X1691",37,0,2,0,"4","B"
"X1691",37,0,3,0,"4","B"
"X1691",37,0,4,0,"4","B"
"X1691",37,0,5,0,"4","B"
"X1691",37,0,6,0,"4","B"
"X1691",37,0,7,0,"4","B"
"X1691",37,5,0,0.7925,"4","B"
"X1691",37,5,1,0.495,"4","B"
"X1691",37,5,2,1.125,"4","B"
"X1691",37,5,3,0.505,"4","B"
"X1691",37,5,4,1.0175,"4","B"
"X1691",37,5,5,0.985,"4","B"
"X1691",37,5,6,0.925,"4","B"
"X1691",37,5,7,1.145,"4","B"
"X1691",37,11,0,1.86466248651305,"4","B"
"X1691",37,11,1,1.26443317748413,"4","B"
"X1691",37,11,2,2.03296327774749,"4","B"
"X1691",37,11,3,1.25623324941453,"4","B"
"X1691",37,11,4,1.94693389678816,"4","B"
"X1691",37,11,5,2.0894672181331,"4","B"
"X1691",37,11,6,1.7644249370609,"4","B"
"X1691",37,11,7,2.15538785515637,"4","B"
"X1691",37,23,0,6.5102870645727,"4","B"
"X1691",37,23,1,3.89440426793479,"4","B"
"X1691",37,23,2,4.86356200880678,"4","B"
"X1691",37,23,3,4.47293213363189,"4","B"
"X1691",37,23,4,5.27620695467349,"4","B"
"X1691",37,23,5,6.88876407940671,"4","B"
"X1691",37,23,6,4.81126693813425,"4","B"
"X1691",37,23,7,5.09603396046046,"4","B"
"X1691",37,29,0,11.1549017614073,"4","B"
"X1691",37,29,1,6.34187524567012,"4","B"
"X1691",37,29,2,7.41053076106185,"4","B"
"X1691",37,29,3,7.82683815822903,"4","B"
"X1691",37,29,4,8.5356137466741,"4","B"
"X1691",37,29,5,12.0071885628053,"4","B"
"X1691",37,29,6,8.65566445835221,"4","B"
"X1691",37,29,7,8.13430251286887,"4","B"
"X1691",37,35,0,15.9595832969992,"4","B"
"X1691",37,35,1,9.69834328026892,"4","B"
"X1691",37,35,2,10.766444209278,"4","B"
"X1691",37,35,3,12.5497924762164,"4","B"
"X1691",37,35,4,12.6766258295539,"4","B"
"X1691",37,35,5,19.6248632442334,"4","B"
"X1691",37,35,6,14.5790414613034,"4","B"
"X1691",37,35,7,13.0630096299396,"4","B"
"X1691",37,47,0,26.5202289406512,"4","B"
"X1691",37,47,1,17.5396011799109,"4","B"
"X1691",37,47,2,18.8714137349522,"4","B"
"X1691",37,47,3,25.3188047440491,"4","B"
"X1691",37,47,4,21.6733043317222,"4","B"
"X1691",37,47,5,37.0481154682354,"4","B"
"X1691",37,47,6,29.1340043485658,"4","B"
"X1691",37,47,7,25.2889098398933,"4","B"
"X1691",37,53,0,31.5443974862941,"4","B"
"X1691",37,53,1,21.8029642039312,"4","B"
"X1691",37,53,2,23.2328646902404,"4","B"
"X1691",37,53,3,32.09186040421,"4","B"
"X1691",37,53,4,26.2045142823832,"4","B"
"X1691",37,53,5,47.1111412775036,"4","B"
"X1691",37,53,6,36.4314121682419,"4","B"
"X1691",37,53,7,31.8098460669074,"4","B"
"X1691",37,59,0,36.8822876879771,"4","B"
"X1691",37,59,1,26.2082060459414,"4","B"
"X1691",37,59,2,27.6920225130756,"4","B"
"X1691",37,59,3,38.7523484512237,"4","B"
"X1691",37,59,4,30.7345823748548,"4","B"
"X1691",37,59,5,57.3820796014949,"4","B"
"X1691",37,59,6,43.9989223430312,"4","B"
"X1691",37,59,7,38.1682181901763,"4","B"
"X1691",37,71,0,47.4199885870907,"4","B"
"X1691",37,71,1,35.5368349234892,"4","B"
"X1691",37,71,2,36.8165582487258,"4","B"
"X1691",37,71,3,52.0460094965684,"4","B"
"X1691",37,71,4,39.8859669296333,"4","B"
"X1691",37,71,5,77.7191768402431,"4","B"
"X1691",37,71,6,59.1954879001361,"4","B"
"X1691",37,71,7,50.9967633519213,"4","B"
"X1691",37,77,0,52.3476499729355,"4","B"
"X1691",37,77,1,40.3478284725861,"4","B"
"X1691",37,77,2,41.431586818877,"4","B"
"X1691",37,77,3,58.1910095677699,"4","B"
"X1691",37,77,4,44.4485615128682,"4","B"
"X1691",37,77,5,87.6471086165086,"4","B"
"X1691",37,77,6,66.5693645461721,"4","B"
"X1691",37,77,7,57.4813824085129,"4","B"
"X1691",37,83,0,57.036485694182,"4","B"
"X1691",37,83,1,45.1233608427709,"4","B"
"X1691",37,83,2,46.0524492887416,"4","B"
"X1691",37,83,3,64.1271843273363,"4","B"
"X1691",37,83,4,48.8478414985291,"4","B"
"X1691",37,83,5,97.4212885679318,"4","B"
"X1691",37,83,6,73.7743381990789,"4","B"
"X1691",37,83,7,63.7992728949102,"4","B"
"X1691",37,95,0,65.6871667244929,"4","B"
"X1691",37,95,1,54.5333680120657,"4","B"
"X1691",37,95,2,55.1647279676127,"4","B"
"X1691",37,95,3,75.1361989898822,"4","B"
"X1691",37,95,4,57.2213423835825,"4","B"
"X1691",37,95,5,116.446982313239,"4","B"
"X1691",37,95,6,88.3698396520178,"4","B"
"X1691",37,95,7,76.3533916619957,"4","B"
"X1691",37,101,0,69.4970121459774,"4","B"
"X1691",37,101,1,59.1149040349138,"4","B"
"X1691",37,101,2,59.5983328650773,"4","B"
"X1691",37,101,3,79.9614117169931,"4","B"
"X1691",37,101,4,60.9398148882849,"4","B"
"X1691",37,101,5,125.674373447961,"4","B"
"X1691",37,101,6,96.5405684861006,"4","B"
"X1691",37,101,7,82.5016692066024,"4","B"
"X1691",37,107,0,73.0598733665711,"4","B"
"X1691",37,107,1,63.6842333054436,"4","B"
"X1691",37,107,2,64.0411339769018,"4","B"
"X1691",37,107,3,84.5520403893858,"4","B"
"X1691",37,107,4,64.584089306273,"4","B"
"X1691",37,107,5,135.322759596311,"4","B"
"X1691",37,107,6,106.041285418318,"4","B"
"X1691",37,107,7,89.1797844398781,"4","B"
"X1691",39,0,0,0,"4","M"
"X1691",39,0,1,0,"4","M"
"X1691",39,0,2,0,"4","M"
"X1691",39,0,3,0,"4","M"
"X1691",39,0,4,0,"4","M"
"X1691",39,0,5,0,"4","M"
"X1691",39,0,6,0,"4","M"
"X1691",39,0,7,0,"4","M"
"X1691",39,5,0,0.8675,"4","M"
"X1691",39,5,1,0.71,"4","M"
"X1691",39,5,2,0.9,"4","M"
"X1691",39,5,3,0.9175,"4","M"
"X1691",39,5,4,0.8425,"4","M"
"X1691",39,5,5,1.22,"4","M"
"X1691",39,5,6,1.3475,"4","M"
"X1691",39,5,7,0.7675,"4","M"
"X1691",39,11,0,1.95310462372444,"4","M"
"X1691",39,11,1,1.72785023377381,"4","M"
"X1691",39,11,2,1.98356718216789,"4","M"
"X1691",39,11,3,2.15703350117094,"4","M"
"X1691",39,11,4,1.95988373494475,"4","M"
"X1691",39,11,5,2.30528789112157,"4","M"
"X1691",39,11,6,2.7025519601035,"4","M"
"X1691",39,11,7,1.83466660672466,"4","M"
"X1691",39,23,0,5.79976976883054,"4","M"
"X1691",39,23,1,5.03814826577606,"4","M"
"X1691",39,23,2,5.59677191010058,"4","M"
"X1691",39,23,3,6.2066088397876,"4","M"
"X1691",39,23,4,5.98689724962337,"4","M"
"X1691",39,23,5,6.86333800903007,"4","M"
"X1691",39,23,6,8.87345052361017,"4","M"
"X1691",39,23,7,5.85214777094278,"4","M"
"X1691",39,29,0,8.89931758609128,"4","M"
"X1691",39,29,1,7.50427015816101,"4","M"
"X1691",39,29,2,8.35623543497067,"4","M"
"X1691",39,29,3,9.46058419059787,"4","M"
"X1691",39,29,4,9.2269856523086,"4","M"
"X1691",39,29,5,11.8505006334123,"4","M"
"X1691",39,29,6,13.8497799290931,"4","M"
"X1691",39,29,7,9.68423285965835,"4","M"
"X1691",39,35,0,12.3130128710439,"4","M"
"X1691",39,35,1,10.4481994018315,"4","M"
"X1691",39,35,2,11.4903031096851,"4","M"
"X1691",39,35,3,13.1336175951105,"4","M"
"X1691",39,35,4,12.7523964486667,"4","M"
"X1691",39,35,5,16.7837247882936,"4","M"
"X1691",39,35,6,18.9958310185641,"4","M"
"X1691",39,35,7,14.1697988367399,"4","M"
"X1691",39,47,0,20.0533924407293,"4","M"
"X1691",39,47,1,17.081205281448,"4","M"
"X1691",39,47,2,18.6231899851671,"4","M"
"X1691",39,47,3,21.0663057952573,"4","M"
"X1691",39,47,4,20.7983816232209,"4","M"
"X1691",39,47,5,26.8915817645856,"4","M"
"X1691",39,47,6,29.3139866609051,"4","M"
"X1691",39,47,7,24.4721101597831,"4","M"
"X1691",39,53,0,24.4754207028989,"4","M"
"X1691",39,53,1,20.5608313051301,"4","M"
"X1691",39,53,2,22.4527494356993,"4","M"
"X1691",39,53,3,25.0080082972007,"4","M"
"X1691",39,53,4,25.2560415336659,"4","M"
"X1691",39,53,5,32.1538335403412,"4","M"
"X1691",39,53,6,34.440459877473,"4","M"
"X1691",39,53,7,29.9196370981858,"4","M"
"X1691",39,59,0,28.944005740948,"4","M"
"X1691",39,59,1,24.4397718512464,"4","M"
"X1691",39,59,2,26.5965195340956,"4","M"
"X1691",39,59,3,28.9736795805717,"4","M"
"X1691",39,59,4,29.7390727915731,"4","M"
"X1691",39,59,5,37.2687655644885,"4","M"
"X1691",39,59,6,39.3123071567976,"4","M"
"X1691",39,59,7,35.2121811091665,"4","M"
"X1691",39,71,0,38.527382009859,"4","M"
"X1691",39,71,1,32.2512047032179,"4","M"
"X1691",39,71,2,35.0864940358761,"4","M"
"X1691",39,71,3,37.0764167215929,"4","M"
"X1691",39,71,4,38.8686086247967,"4","M"
"X1691",39,71,5,48.1369483025012,"4","M"
"X1691",39,71,6,49.1820392985521,"4","M"
"X1691",39,71,7,45.6178848195253,"4","M"
"X1691",39,77,0,43.8637272940423,"4","M"
"X1691",39,77,1,35.8783381167908,"4","M"
"X1691",39,77,2,39.040531834705,"4","M"
"X1691",39,77,3,40.6716618572525,"4","M"
"X1691",39,77,4,43.0008938590634,"4","M"
"X1691",39,77,5,52.8257131871425,"4","M"
"X1691",39,77,6,54.315333510587,"4","M"
"X1691",39,77,7,50.0673338193458,"4","M"
"X1691",39,83,0,48.8527020637286,"4","M"
"X1691",39,83,1,39.3972401199711,"4","M"
"X1691",39,83,2,42.8286533599816,"4","M"
"X1691",39,83,3,44.3532236219231,"4","M"
"X1691",39,83,4,47.0265285890699,"4","M"
"X1691",39,83,5,53.6575640253805,"4","M"
"X1691",39,83,6,60.3352609051207,"4","M"
"X1691",39,83,7,54.6488572959778,"4","M"
"X1691",39,95,0,58.0123303775021,"4","M"
"X1691",39,95,1,45.78145763329,"4","M"
"X1691",39,95,2,49.5825892039273,"4","M"
"X1691",39,95,3,54.1421093467616,"4","M"
"X1691",39,95,4,54.1244483700624,"4","M"
"X1691",39,95,5,54.9623970058909,"4","M"
"X1691",39,95,6,66.7730982286077,"4","M"
"X1691",39,95,7,60.7867528444912,"4","M"
"X1691",39,101,0,62.1399665608469,"4","M"
"X1691",39,101,1,48.5765759540388,"4","M"
"X1691",39,101,2,52.5992491143798,"4","M"
"X1691",39,101,3,60.3003642304859,"4","M"
"X1691",39,101,4,57.0944596267486,"4","M"
"X1691",39,101,5,55.0472446174222,"4","M"
"X1691",39,101,6,68.2968424892443,"4","M"
"X1691",39,101,7,61.2896500153392,"4","M"
"X1691",39,107,0,66.1422453625452,"4","M"
"X1691",39,107,1,51.2695910292533,"4","M"
"X1691",39,107,2,55.5086172398172,"4","M"
"X1691",39,107,3,63.5117286837398,"4","M"
"X1691",39,107,4,60.0925144825739,"4","M"
"X1691",39,107,5,55.2886430122596,"4","M"
"X1691",39,107,6,70.5258652363774,"4","M"
"X1691",39,107,7,63.8811340873844,"4","M"
"X1952",16,0,0,0,"1","B"
"X1952",16,0,1,0,"1","B"
"X1952",16,0,2,0,"1","B"
"X1952",16,0,3,0,"1","B"
"X1952",16,0,4,0,"1","B"
"X1952",16,0,5,0,"1","B"
"X1952",16,0,6,0,"1","B"
"X1952",16,0,7,0,"1","B"
"X1952",16,2,0,0.218,"1","B"
"X1952",16,2,1,0.325,"1","B"
"X1952",16,2,2,0.582,"1","B"
"X1952",16,2,3,0.118,"1","B"
"X1952",16,2,4,0.251,"1","B"
"X1952",16,2,5,0.239,"1","B"
"X1952",16,2,6,0.246,"1","B"
"X1952",16,2,7,0.2,"1","B"
"X1952",16,8,0,0.941750033000049,"1","B"
"X1952",16,8,1,1.34549997799997,"1","B"
"X1952",16,8,2,2.304,"1","B"
"X1952",16,8,3,0.479250011000016,"1","B"
"X1952",16,8,4,1.02566668133336,"1","B"
"X1952",16,8,5,1.00891669233337,"1","B"
"X1952",16,8,6,1.01783338466674,"1","B"
"X1952",16,8,7,0.855250011000016,"1","B"
"X1952",16,20,0,2.79035129537545,"1","B"
"X1952",16,20,1,3.555741193701,"1","B"
"X1952",16,20,2,5.79040795196223,"1","B"
"X1952",16,20,3,1.29579622791273,"1","B"
"X1952",16,20,4,2.71396272539917,"1","B"
"X1952",16,20,5,2.92372203923885,"1","B"
"X1952",16,20,6,2.81277779401918,"1","B"
"X1952",16,20,7,2.37875883955,"1","B"
"X1952",16,26,0,3.86826163109765,"1","B"
"X1952",16,26,1,4.75807628927243,"1","B"
"X1952",16,26,2,7.6810583776932,"1","B"
"X1952",16,26,3,1.77132367996104,"1","B"
"X1952",16,26,4,3.60873249937951,"1","B"
"X1952",16,26,5,4.06890354462055,"1","B"
"X1952",16,26,6,3.78430953668358,"1","B"
"X1952",16,26,7,3.18066643632269,"1","B"
"X1952",16,32,0,4.90610876714012,"1","B"
"X1952",16,32,1,5.97217774502374,"1","B"
"X1952",16,32,2,9.76071542752652,"1","B"
"X1952",16,32,3,2.30618679392575,"1","B"
"X1952",16,32,4,4.55291973690083,"1","B"
"X1952",16,32,5,5.16219055549432,"1","B"
"X1952",16,32,6,4.73311648050962,"1","B"
"X1952",16,32,7,3.99561617198429,"1","B"
"X1952",16,44,0,7.20707177197977,"1","B"
"X1952",16,44,1,8.61992866666489,"1","B"
"X1952",16,44,2,14.2454993350683,"1","B"
"X1952",16,44,3,3.54580466885505,"1","B"
"X1952",16,44,4,6.95502363786284,"1","B"
"X1952",16,44,5,7.49249189819708,"1","B"
"X1952",16,44,6,6.70687229346614,"1","B"
"X1952",16,44,7,6.24428097373948,"1","B"
"X1952",16,50,0,8.50563226865177,"1","B"
"X1952",16,50,1,10.0981400992948,"1","B"
"X1952",16,50,2,16.7524427184693,"1","B"
"X1952",16,50,3,4.28149833350361,"1","B"
"X1952",16,50,4,8.30108473754639,"1","B"
"X1952",16,50,5,8.82865645336652,"1","B"
"X1952",16,50,6,7.90467747767829,"1","B"
"X1952",16,50,7,7.6592140274964,"1","B"
"X1952",16,56,0,10.0566600452243,"1","B"
"X1952",16,56,1,11.5913474223226,"1","B"
"X1952",16,56,2,19.3283161778552,"1","B"
"X1952",16,56,3,5.14028307064948,"1","B"
"X1952",16,56,4,9.72796634047405,"1","B"
"X1952",16,56,5,10.3078462709461,"1","B"
"X1952",16,56,6,9.20691233768814,"1","B"
"X1952",16,56,7,9.06162286125773,"1","B"
"X1952",16,68,0,14.2183666353941,"1","B"
"X1952",16,68,1,15.5470002534278,"1","B"
"X1952",16,68,2,24.915754952668,"1","B"
"X1952",16,68,3,7.2274467697908,"1","B"
"X1952",16,68,4,13.0722022441409,"1","B"
"X1952",16,68,5,14.1260590201168,"1","B"
"X1952",16,68,6,12.3342865650188,"1","B"
"X1952",16,68,7,12.1703512096763,"1","B"
"X1952",16,74,0,16.9291299040612,"1","B"
"X1952",16,74,1,18.2373390777946,"1","B"
"X1952",16,74,2,27.9427062465838,"1","B"
"X1952",16,74,3,8.50224723150518,"1","B"
"X1952",16,74,4,15.0721400153067,"1","B"
"X1952",16,74,5,16.7056171889623,"1","B"
"X1952",16,74,6,14.3677432951368,"1","B"
"X1952",16,74,7,13.9657798931178,"1","B"
"X1952",16,80,0,20.1940077356625,"1","B"
"X1952",16,80,1,21.5113101387855,"1","B"
"X1952",16,80,2,31.2780854198159,"1","B"
"X1952",16,80,3,10.0419432959832,"1","B"
"X1952",16,80,4,17.4177639411612,"1","B"
"X1952",16,80,5,19.5330269422418,"1","B"
"X1952",16,80,6,16.7934587271844,"1","B"
"X1952",16,80,7,15.900227739054,"1","B"
"X1952",16,92,0,28.4591057162027,"1","B"
"X1952",16,92,1,30.286983664799,"1","B"
"X1952",16,92,2,39.67423739732,"1","B"
"X1952",16,92,3,14.3989121742976,"1","B"
"X1952",16,92,4,23.0700420185868,"1","B"
"X1952",16,92,5,26.5571626634061,"1","B"
"X1952",16,92,6,23.0920181565436,"1","B"
"X1952",16,92,7,21.1709658652832,"1","B"
"X1952",16,98,0,33.5343402244157,"1","B"
"X1952",16,98,1,35.8162012015851,"1","B"
"X1952",16,98,2,45.5126990702547,"1","B"
"X1952",16,98,3,17.3575855386447,"1","B"
"X1952",16,98,4,26.5263542494719,"1","B"
"X1952",16,98,5,31.1454338335825,"1","B"
"X1952",16,98,6,27.0302827644732,"1","B"
"X1952",16,98,7,24.7561099911848,"1","B"
"X1952",16,104,0,39.5841684492165,"1","B"
"X1952",16,104,1,42.1225193756304,"1","B"
"X1952",16,104,2,53.297563423764,"1","B"
"X1952",16,104,3,20.5106419054011,"1","B"
"X1952",16,104,4,30.1842478489976,"1","B"
"X1952",16,104,5,36.9185997036228,"1","B"
"X1952",16,104,6,31.8304527055373,"1","B"
"X1952",16,104,7,29.1305896204227,"1","B"
"X1952",16,127,0,70.6894086505075,"1","B"
"X1952",16,127,1,73.3932519271873,"1","B"
"X1952",16,127,2,80.7412210848117,"1","B"
"X1952",16,127,3,38.0950429438982,"1","B"
"X1952",16,127,4,50.4780580689404,"1","B"
"X1952",16,127,5,60.464450600344,"1","B"
"X1952",16,127,6,58.0851252039992,"1","B"
"X1952",16,127,7,48.0303350980896,"1","B"
"X1952",16,151,0,110.637934421651,"1","B"
"X1952",16,151,1,113.009622157633,"1","B"
"X1952",16,151,2,120.173083102216,"1","B"
"X1952",16,151,3,66.9517216840485,"1","B"
"X1952",16,151,4,81.0010389788792,"1","B"
"X1952",16,151,5,96.1645693484949,"1","B"
"X1952",16,151,6,94.7949817479767,"1","B"
"X1952",16,151,7,70.919129495656,"1","B"
"X1952",16,164,0,133.225805937809,"1","B"
"X1952",16,164,1,135.030382000782,"1","B"
"X1952",16,164,2,141.310358244774,"1","B"
"X1952",16,164,3,83.1756316902411,"1","B"
"X1952",16,164,4,98.3235085187742,"1","B"
"X1952",16,164,5,115.628400497838,"1","B"
"X1952",16,164,6,113.893611008089,"1","B"
"X1952",16,164,7,88.477977833628,"1","B"
"X1952",20,0,0,0,"2","T"
"X1952",20,0,1,0,"2","T"
"X1952",20,0,2,0,"2","T"
"X1952",20,0,3,0,"2","T"
"X1952",20,0,4,0,"2","T"
"X1952",20,0,5,0,"2","T"
"X1952",20,0,6,0,"2","T"
"X1952",20,0,7,0,"2","T"
"X1952",20,4,0,0.568,"2","T"
"X1952",20,4,1,0.768,"2","T"
"X1952",20,4,2,0.64,"2","T"
"X1952",20,4,3,0.656,"2","T"
"X1952",20,4,4,0.496,"2","T"
"X1952",20,4,5,0.536,"2","T"
"X1952",20,4,6,0.534,"2","T"
"X1952",20,4,7,0.56,"2","T"
"X1952",20,10,0,1.50033331634218,"2","T"
"X1952",20,10,1,1.98774998725664,"2","T"
"X1952",20,10,2,1.65225001274337,"2","T"
"X1952",20,10,3,1.82449977061943,"2","T"
"X1952",20,10,4,1.28983334182891,"2","T"
"X1952",20,10,5,1.39758332908555,"2","T"
"X1952",20,10,6,1.39112500637168,"2","T"
"X1952",20,10,7,1.48808330359882,"2","T"
"X1952",20,22,0,3.731288550673,"2","T"
"X1952",20,22,1,4.78858690051423,"2","T"
"X1952",20,22,2,4.01022994238471,"2","T"
"X1952",20,22,3,4.30652813672988,"2","T"
"X1952",20,22,4,3.16193159254348,"2","T"
"X1952",20,22,5,3.42884402875264,"2","T"
"X1952",20,22,6,3.41661731048388,"2","T"
"X1952",20,22,7,3.67579724401573,"2","T"
"X1952",20,28,0,5.1213446971274,"2","T"
"X1952",20,28,1,6.48901293084344,"2","T"
"X1952",20,28,2,5.43536637676623,"2","T"
"X1952",20,28,3,5.78757313479771,"2","T"
"X1952",20,28,4,4.30477228296449,"2","T"
"X1952",20,28,5,4.67846441193408,"2","T"
"X1952",20,28,6,4.6496035556959,"2","T"
"X1952",20,28,7,5.01360631082997,"2","T"
"X1952",20,34,0,6.7675314310277,"2","T"
"X1952",20,34,1,8.51972130315591,"2","T"
"X1952",20,34,2,7.11850716520877,"2","T"
"X1952",20,34,3,7.66672336255294,"2","T"
"X1952",20,34,4,5.69103781402153,"2","T"
"X1952",20,34,5,6.14831583855737,"2","T"
"X1952",20,34,6,6.10117552197149,"2","T"
"X1952",20,34,7,6.55363932891558,"2","T"
"X1952",20,46,0,11.0207220826282,"2","T"
"X1952",20,46,1,13.8170578101278,"2","T"
"X1952",20,46,2,11.6147201163147,"2","T"
"X1952",20,46,3,12.9889205938679,"2","T"
"X1952",20,46,4,9.45167607435256,"2","T"
"X1952",20,46,5,10.0271118523874,"2","T"
"X1952",20,46,6,9.98330176447129,"2","T"
"X1952",20,46,7,10.5469812226508,"2","T"
"X1952",20,52,0,13.7098280918964,"2","T"
"X1952",20,52,1,17.2182382931285,"2","T"
"X1952",20,52,2,14.6517405358672,"2","T"
"X1952",20,52,3,16.6055887078304,"2","T"
"X1952",20,52,4,11.9684379461514,"2","T"
"X1952",20,52,5,12.5967764978303,"2","T"
"X1952",20,52,6,12.5759904050643,"2","T"
"X1952",20,52,7,13.2395958086037,"2","T"
"X1952",20,58,0,17.00435831548,"2","T"
"X1952",20,58,1,21.3931033735881,"2","T"
"X1952",20,58,2,18.5060275013303,"2","T"
"X1952",20,58,3,21.1462976448791,"2","T"
"X1952",20,58,4,15.1026709981371,"2","T"
"X1952",20,58,5,15.8480791183171,"2","T"
"X1952",20,58,6,15.7774179893705,"2","T"
"X1952",20,58,7,16.5689533320652,"2","T"
"X1952",20,70,0,25.8171095865252,"2","T"
"X1952",20,70,1,32.8081759499586,"2","T"
"X1952",20,70,2,29.0550785962581,"2","T"
"X1952",20,70,3,32.8711219589985,"2","T"
"X1952",20,70,4,24.0053118057673,"2","T"
"X1952",20,70,5,24.32698456538,"2","T"
"X1952",20,70,6,24.3170956821527,"2","T"
"X1952",20,70,7,26.6772563989361,"2","T"
"X1952",20,76,0,31.7107580808362,"2","T"
"X1952",20,76,1,40.232569660219,"2","T"
"X1952",20,76,2,35.9672974287177,"2","T"
"X1952",20,76,3,40.6341807081076,"2","T"
"X1952",20,76,4,29.7973503631759,"2","T"
"X1952",20,76,5,29.8005218435625,"2","T"
"X1952",20,76,6,29.8776481460315,"2","T"
"X1952",20,76,7,33.907146252331,"2","T"
"X1952",20,82,0,38.7961210582775,"2","T"
"X1952",20,82,1,48.5809912516828,"2","T"
"X1952",20,82,2,43.8596752333621,"2","T"
"X1952",20,82,3,49.2284213643806,"2","T"
"X1952",20,82,4,35.793114029395,"2","T"
"X1952",20,82,5,36.7429467929886,"2","T"
"X1952",20,82,6,36.5651495053581,"2","T"
"X1952",20,82,7,41.8404938142368,"2","T"
"X1952",20,94,0,55.6810891206656,"2","T"
"X1952",20,94,1,67.1601727564167,"2","T"
"X1952",20,94,2,61.625208058574,"2","T"
"X1952",20,94,3,66.7936585405692,"2","T"
"X1952",20,94,4,51.2779475869466,"2","T"
"X1952",20,94,5,53.3004592916882,"2","T"
"X1952",20,94,6,52.8120553986005,"2","T"
"X1952",20,94,7,58.7157413133618,"2","T"
"X1952",20,100,0,64.8483150171664,"2","T"
"X1952",20,100,1,77.0922277566302,"2","T"
"X1952",20,100,2,70.9933445595404,"2","T"
"X1952",20,100,3,75.6391624472397,"2","T"
"X1952",20,100,4,59.7791315407341,"2","T"
"X1952",20,100,5,62.6285471909194,"2","T"
"X1952",20,100,6,61.9734370548093,"2","T"
"X1952",20,100,7,67.803614160335,"2","T"
"X1952",20,106,0,74.1844943350548,"2","T"
"X1952",20,106,1,87.2030627461505,"2","T"
"X1952",20,106,2,81.0215930461456,"2","T"
"X1952",20,106,3,85.7683802903261,"2","T"
"X1952",20,106,4,69.4324236232219,"2","T"
"X1952",20,106,5,72.3252946782258,"2","T"
"X1952",20,106,6,71.6105721146806,"2","T"
"X1952",20,106,7,77.6399160573323,"2","T"
"X1952",25,0,0,0,"2","T"
"X1952",25,0,1,0,"2","T"
"X1952",25,0,2,0,"2","T"
"X1952",25,0,3,0,"2","T"
"X1952",25,0,4,0,"2","T"
"X1952",25,0,5,0,"2","T"
"X1952",25,0,6,0,"2","T"
"X1952",25,0,7,0,"2","T"
"X1952",25,5,0,0.4325,"2","T"
"X1952",25,5,1,0.665,"2","T"
"X1952",25,5,2,0.745,"2","T"
"X1952",25,5,3,1.0475,"2","T"
"X1952",25,5,4,0.6975,"2","T"
"X1952",25,5,5,0.835,"2","T"
"X1952",25,5,6,0.83,"2","T"
"X1952",25,5,7,0.7325,"2","T"
"X1952",25,11,0,1.00049175957677,"2","T"
"X1952",25,11,1,1.61050430003762,"2","T"
"X1952",25,11,2,1.79405428205502,"2","T"
"X1952",25,11,3,2.52462092474489,"2","T"
"X1952",25,11,4,1.66881261239126,"2","T"
"X1952",25,11,5,1.97411268432166,"2","T"
"X1952",25,11,6,1.98714188545498,"2","T"
"X1952",25,11,7,1.70570852814484,"2","T"
"X1952",25,23,0,2.64807174702706,"2","T"
"X1952",25,23,1,4.6599147372305,"2","T"
"X1952",25,23,2,5.06062956271905,"2","T"
"X1952",25,23,3,7.04074104969668,"2","T"
"X1952",25,23,4,4.75592157843297,"2","T"
"X1952",25,23,5,5.61089768110775,"2","T"
"X1952",25,23,6,5.85327604666018,"2","T"
"X1952",25,23,7,4.74101486021383,"2","T"
"X1952",25,29,0,3.87328876610731,"2","T"
"X1952",25,29,1,7.1416556154771,"2","T"
"X1952",25,29,2,7.63238900403438,"2","T"
"X1952",25,29,3,10.5913291447978,"2","T"
"X1952",25,29,4,7.26871867561642,"2","T"
"X1952",25,29,5,8.56138198489844,"2","T"
"X1952",25,29,6,9.07608841605823,"2","T"
"X1952",25,29,7,7.16506682468673,"2","T"
"X1952",25,35,0,5.60959780367002,"2","T"
"X1952",25,35,1,11.0003636014822,"2","T"
"X1952",25,35,2,11.3832580500252,"2","T"
"X1952",25,35,3,15.5579438975889,"2","T"
"X1952",25,35,4,11.0251556789223,"2","T"
"X1952",25,35,5,12.9292275732041,"2","T"
"X1952",25,35,6,13.9747973011098,"2","T"
"X1952",25,35,7,10.8788556811087,"2","T"
"X1952",25,47,0,11.7021218778798,"2","T"
"X1952",25,47,1,23.8729584060553,"2","T"
"X1952",25,47,2,22.6710721594143,"2","T"
"X1952",25,47,3,30.2917517714465,"2","T"
"X1952",25,47,4,23.7778230638606,"2","T"
"X1952",25,47,5,26.06730221117,"2","T"
"X1952",25,47,6,28.7952246896139,"2","T"
"X1952",25,47,7,22.2402348738227,"2","T"
"X1952",25,53,0,16.7612125924298,"2","T"
"X1952",25,53,1,33.0703153786807,"2","T"
"X1952",25,53,2,30.1805503073753,"2","T"
"X1952",25,53,3,40.1345441304052,"2","T"
"X1952",25,53,4,33.1563116300397,"2","T"
"X1952",25,53,5,34.6845025474953,"2","T"
"X1952",25,53,6,38.4675013456648,"2","T"
"X1952",25,53,7,29.7439395068682,"2","T"
"X1952",25,59,0,23.314325889636,"2","T"
"X1952",25,59,1,42.4201070283697,"2","T"
"X1952",25,59,2,38.9366357363841,"2","T"
"X1952",25,59,3,49.8800885560364,"2","T"
"X1952",25,59,4,42.2162444734917,"2","T"
"X1952",25,59,5,43.7546119322337,"2","T"
"X1952",25,59,6,48.1671065016135,"2","T"
"X1952",25,59,7,37.751633273142,"2","T"
"X1952",25,71,0,39.3536648180097,"2","T"
"X1952",25,71,1,63.8438313015518,"2","T"
"X1952",25,71,2,55.5432175658337,"2","T"
"X1952",25,71,3,70.5322814469723,"2","T"
"X1952",25,71,4,61.6186253550676,"2","T"
"X1952",25,71,5,64.1973840799603,"2","T"
"X1952",25,71,6,70.2365681367911,"2","T"
"X1952",25,71,7,55.2903701030996,"2","T"
"X1952",25,77,0,48.1042467064736,"2","T"
"X1952",25,77,1,75.3916877734679,"2","T"
"X1952",25,77,2,61.4717355679282,"2","T"
"X1952",25,77,3,81.8539423167487,"2","T"
"X1952",25,77,4,72.1718156310763,"2","T"
"X1952",25,77,5,75.3432825830315,"2","T"
"X1952",25,77,6,82.8639844657449,"2","T"
"X1952",25,77,7,64.6151456219366,"2","T"
"X1952",25,83,0,57.4830663153225,"2","T"
"X1952",25,83,1,87.3881049052172,"2","T"
"X1952",25,83,2,67.3778157448897,"2","T"
"X1952",25,83,3,93.5089680998686,"2","T"
"X1952",25,83,4,82.8660500642826,"2","T"
"X1952",25,83,5,86.5854188716731,"2","T"
"X1952",25,83,6,95.1178601731635,"2","T"
"X1952",25,83,7,74.5684148744849,"2","T"
"X1952",25,95,0,77.1189611357138,"2","T"
"X1952",25,95,1,111.906756931242,"2","T"
"X1952",25,95,2,77.9687714425975,"2","T"
"X1952",25,95,3,117.20430615648,"2","T"
"X1952",25,95,4,103.658308627349,"2","T"
"X1952",25,95,5,109.602246313923,"2","T"
"X1952",25,95,6,117.603607626674,"2","T"
"X1952",25,95,7,95.0636105045043,"2","T"
"X1952",25,101,0,87.1146955291545,"2","T"
"X1952",25,101,1,124.278185842731,"2","T"
"X1952",25,101,2,82.3898624986782,"2","T"
"X1952",25,101,3,129.208566706801,"2","T"
"X1952",25,101,4,113.710745473171,"2","T"
"X1952",25,101,5,121.065370577865,"2","T"
"X1952",25,101,6,128.370297189828,"2","T"
"X1952",25,101,7,105.120837787854,"2","T"
"X1952",25,107,0,97.2955354059665,"2","T"
"X1952",25,107,1,136.794623507121,"2","T"
"X1952",25,107,2,86.9771363172308,"2","T"
"X1952",25,107,3,141.689570111134,"2","T"
"X1952",25,107,4,124.348209245663,"2","T"
"X1952",25,107,5,133.004051179043,"2","T"
"X1952",25,107,6,140.051226028528,"2","T"
"X1952",25,107,7,115.625794841451,"2","T"
"X1952",25.1,0,0,0,"3","B"
"X1952",25.1,0,1,0,"3","B"
"X1952",25.1,0,2,0,"3","B"
"X1952",25.1,0,3,0,"3","B"
"X1952",25.1,0,4,0,"3","B"
"X1952",25.1,0,5,0,"3","B"
"X1952",25.1,0,6,0,"3","B"
"X1952",25.1,0,7,0,"3","B"
"X1952",25.1,4,0,0.684,"3","B"
"X1952",25.1,4,1,0.742,"3","B"
"X1952",25.1,4,2,0.714,"3","B"
"X1952",25.1,4,3,0.716,"3","B"
"X1952",25.1,4,4,0.63,"3","B"
"X1952",25.1,4,5,0.898,"3","B"
"X1952",25.1,4,6,0.74,"3","B"
"X1952",25.1,4,7,0.75,"3","B"
"X1952",25.1,10,0,1.87058343103246,"3","B"
"X1952",25.1,10,1,2.07704175374633,"3","B"
"X1952",25.1,10,2,1.8874585266077,"3","B"
"X1952",25.1,10,3,2.05858327811209,"3","B"
"X1952",25.1,10,4,1.69737507008851,"3","B"
"X1952",25.1,10,5,2.31162523575225,"3","B"
"X1952",25.1,10,6,2.00575008920355,"3","B"
"X1952",25.1,10,7,2.05204175374633,"3","B"
"X1952",25.1,22,0,5.71092621777074,"3","B"
"X1952",25.1,22,1,6.40768502175069,"3","B"
"X1952",25.1,22,2,5.66522532479588,"3","B"
"X1952",25.1,22,3,6.30065954509837,"3","B"
"X1952",25.1,22,4,5.06009723668541,"3","B"
"X1952",25.1,22,5,6.42564866599878,"3","B"
"X1952",25.1,22,6,6.08640772525977,"3","B"
"X1952",25.1,22,7,6.1692859574673,"3","B"
"X1952",25.1,28,0,8.81832502933197,"3","B"
"X1952",25.1,28,1,9.83176541058971,"3","B"
"X1952",25.1,28,2,8.65040388528063,"3","B"
"X1952",25.1,28,3,9.7639422402977,"3","B"
"X1952",25.1,28,4,7.80348993570166,"3","B"
"X1952",25.1,28,5,9.43070650412354,"3","B"
"X1952",25.1,28,6,9.46965230723114,"3","B"
"X1952",25.1,28,7,9.43809960506022,"3","B"
"X1952",25.1,34,0,13.5309429166511,"3","B"
"X1952",25.1,34,1,14.5380704470821,"3","B"
"X1952",25.1,34,2,13.2194235141897,"3","B"
"X1952",25.1,34,3,14.6656948523818,"3","B"
"X1952",25.1,34,4,11.8584159702839,"3","B"
"X1952",25.1,34,5,14.008891980879,"3","B"
"X1952",25.1,34,6,14.5665245525153,"3","B"
"X1952",25.1,34,7,14.0800339650293,"3","B"
"X1952",25.1,46,0,28.5527226638379,"3","B"
"X1952",25.1,46,1,28.3069755542647,"3","B"
"X1952",25.1,46,2,27.0540439840987,"3","B"
"X1952",25.1,46,3,28.8252179842645,"3","B"
"X1952",25.1,46,4,24.5824288548499,"3","B"
"X1952",25.1,46,5,27.9272234342215,"3","B"
"X1952",25.1,46,6,28.9581250845988,"3","B"
"X1952",25.1,46,7,27.0095255831092,"3","B"
"X1952",25.1,52,0,38.2039620275562,"3","B"
"X1952",25.1,52,1,37.5846453098916,"3","B"
"X1952",25.1,52,2,34.974236946241,"3","B"
"X1952",25.1,52,3,37.7048219264383,"3","B"
"X1952",25.1,52,4,33.307537180459,"3","B"
"X1952",25.1,52,5,36.2428276593825,"3","B"
"X1952",25.1,52,6,37.7556404008594,"3","B"
"X1952",25.1,52,7,34.8804218194758,"3","B"
"X1952",25.1,58,0,46.2897021302476,"3","B"
"X1952",25.1,58,1,48.203479317007,"3","B"
"X1952",25.1,58,2,40.3618806551907,"3","B"
"X1952",25.1,58,3,45.3706407185468,"3","B"
"X1952",25.1,58,4,40.1799793521529,"3","B"
"X1952",25.1,58,5,42.6379767677283,"3","B"
"X1952",25.1,58,6,45.6971073811347,"3","B"
"X1952",25.1,58,7,43.1927157686601,"3","B"
"X1952",25.1,70,0,55.9522701403233,"3","B"
"X1952",25.1,70,1,68.5810752747707,"3","B"
"X1952",25.1,70,2,47.8648237334969,"3","B"
"X1952",25.1,70,3,53.8888421272225,"3","B"
"X1952",25.1,70,4,46.3535615095605,"3","B"
"X1952",25.1,70,5,50.1421653253201,"3","B"
"X1952",25.1,70,6,51.3550201429497,"3","B"
"X1952",25.1,70,7,53.5618645803717,"3","B"
"X1952",25.1,76,0,61.0546032241523,"3","B"
"X1952",25.1,76,1,79.9876684363847,"3","B"
"X1952",25.1,76,2,53.9338568612618,"3","B"
"X1952",25.1,76,3,58.3678195035476,"3","B"
"X1952",25.1,76,4,51.2838158131687,"3","B"
"X1952",25.1,76,5,54.0351300351173,"3","B"
"X1952",25.1,76,6,57.6688942914587,"3","B"
"X1952",25.1,76,7,57.8983437163748,"3","B"
"X1952",25.1,82,0,66.6532498510087,"3","B"
"X1952",25.1,82,1,92.3260924839142,"3","B"
"X1952",25.1,82,2,62.6237797548777,"3","B"
"X1952",25.1,82,3,64.8837802086587,"3","B"
"X1952",25.1,82,4,56.132123493414,"3","B"
"X1952",25.1,82,5,59.5948208400823,"3","B"
"X1952",25.1,82,6,65.254213593717,"3","B"
"X1952",25.1,82,7,62.6703674074561,"3","B"
"X1952",25.1,94,0,79.3137186784588,"3","B"
"X1952",25.1,94,1,115.542102840407,"3","B"
"X1952",25.1,94,2,75.9449313766777,"3","B"
"X1952",25.1,94,3,75.3530524121057,"3","B"
"X1952",25.1,94,4,65.9810144239216,"3","B"
"X1952",25.1,94,5,69.7807958648606,"3","B"
"X1952",25.1,94,6,77.5491723795025,"3","B"
"X1952",25.1,94,7,71.9168075378244,"3","B"
"X1952",25.1,100,0,84.0439292998797,"3","B"
"X1952",25.1,100,1,127.901604822111,"3","B"
"X1952",25.1,100,2,83.3743271189628,"3","B"
"X1952",25.1,100,3,80.1983537784834,"3","B"
"X1952",25.1,100,4,71.0794069193657,"3","B"
"X1952",25.1,100,5,73.9124805686015,"3","B"
"X1952",25.1,100,6,84.4154469126408,"3","B"
"X1952",25.1,100,7,76.7110117286182,"3","B"
"X1952",25.1,106,0,89.5316272063006,"3","B"
"X1952",25.1,106,1,140.18897682018,"3","B"
"X1952",25.1,106,2,90.1429176202443,"3","B"
"X1952",25.1,106,3,84.5944567342751,"3","B"
"X1952",25.1,106,4,76.4257636861474,"3","B"
"X1952",25.1,106,5,78.701838110671,"3","B"
"X1952",25.1,106,6,90.7976393118123,"3","B"
"X1952",25.1,106,7,81.5677670038273,"3","B"
"X1952",25.2,0,0,0,"1","T"
"X1952",25.2,0,1,0,"1","T"
"X1952",25.2,0,2,0,"1","T"
"X1952",25.2,0,3,0,"1","T"
"X1952",25.2,0,4,0,"1","T"
"X1952",25.2,0,5,0,"1","T"
"X1952",25.2,0,6,0,"1","T"
"X1952",25.2,0,7,0,"1","T"
"X1952",25.2,2,0,0.299,"1","T"
"X1952",25.2,2,1,0.285,"1","T"
"X1952",25.2,2,2,0.298,"1","T"
"X1952",25.2,2,3,0.206,"1","T"
"X1952",25.2,2,4,0.205,"1","T"
"X1952",25.2,2,5,0.213,"1","T"
"X1952",25.2,2,6,0.206,"1","T"
"X1952",25.2,2,7,0.165,"1","T"
"X1952",25.2,8,0,1.28758341766679,"1","T"
"X1952",25.2,8,1,1.22416670333339,"1","T"
"X1952",25.2,8,2,1.26675007700011,"1","T"
"X1952",25.2,8,3,0.912749988999984,"1","T"
"X1952",25.2,8,4,0.882583373666727,"1","T"
"X1952",25.2,8,5,0.917000044000065,"1","T"
"X1952",25.2,8,6,0.898416670333339,"1","T"
"X1952",25.2,8,7,0.705833384666743,"1","T"
"X1952",25.2,20,0,4.36772249428641,"1","T"
"X1952",25.2,20,1,3.99974164874857,"1","T"
"X1952",25.2,20,2,4.15494463327826,"1","T"
"X1952",25.2,20,3,2.9892777711188,"1","T"
"X1952",25.2,20,4,2.87235206369092,"1","T"
"X1952",25.2,20,5,3.03785221070381,"1","T"
"X1952",25.2,20,6,2.95720483442853,"1","T"
"X1952",25.2,20,7,2.33051838091346,"1","T"
"X1952",25.2,26,0,6.74493766655162,"1","T"
"X1952",25.2,26,1,6.12621406295232,"1","T"
"X1952",25.2,26,2,6.34775209062994,"1","T"
"X1952",25.2,26,3,4.59618144223334,"1","T"
"X1952",25.2,26,4,4.36287259090695,"1","T"
"X1952",25.2,26,5,4.65489962145008,"1","T"
"X1952",25.2,26,6,4.56313101868267,"1","T"
"X1952",25.2,26,7,3.57630352550226,"1","T"
"X1952",25.2,32,0,10.0012384255167,"1","T"
"X1952",25.2,32,1,9.07726655849556,"1","T"
"X1952",25.2,32,2,9.35104026888182,"1","T"
"X1952",25.2,32,3,6.95591037070899,"1","T"
"X1952",25.2,32,4,6.46178244772616,"1","T"
"X1952",25.2,32,5,6.84909209538506,"1","T"
"X1952",25.2,32,6,6.80991575779951,"1","T"
"X1952",25.2,32,7,5.47012618638881,"1","T"
"X1952",25.2,44,0,20.8746545440165,"1","T"
"X1952",25.2,44,1,18.8128443725336,"1","T"
"X1952",25.2,44,2,19.1852290711047,"1","T"
"X1952",25.2,44,3,14.830216187882,"1","T"
"X1952",25.2,44,4,13.8574146185694,"1","T"
"X1952",25.2,44,5,14.300046367782,"1","T"
"X1952",25.2,44,6,14.7669090537334,"1","T"
"X1952",25.2,44,7,11.9762029024252,"1","T"
"X1952",25.2,50,0,28.5379913883725,"1","T"
"X1952",25.2,50,1,25.9480271444105,"1","T"
"X1952",25.2,50,2,26.4237811728734,"1","T"
"X1952",25.2,50,3,20.5038667725557,"1","T"
"X1952",25.2,50,4,19.6179232263761,"1","T"
"X1952",25.2,50,5,19.8873411956216,"1","T"
"X1952",25.2,50,6,21.0866734920686,"1","T"
"X1952",25.2,50,7,17.0443814052748,"1","T"
"X1952",25.2,56,0,36.0192040644077,"1","T"
"X1952",25.2,56,1,33.8266394711282,"1","T"
"X1952",25.2,56,2,33.8392079050653,"1","T"
"X1952",25.2,56,3,26.9041909353967,"1","T"
"X1952",25.2,56,4,25.7057183205481,"1","T"
"X1952",25.2,56,5,25.5127351534147,"1","T"
"X1952",25.2,56,6,28.1125521916287,"1","T"
"X1952",25.2,56,7,23.5582868896502,"1","T"
"X1952",25.2,68,0,53.1143647748914,"1","T"
"X1952",25.2,68,1,51.1171605207174,"1","T"
"X1952",25.2,68,2,50.3017733828962,"1","T"
"X1952",25.2,68,3,42.4350680338034,"1","T"
"X1952",25.2,68,4,40.416339867267,"1","T"
"X1952",25.2,68,5,39.1318062797389,"1","T"
"X1952",25.2,68,6,43.7274166553849,"1","T"
"X1952",25.2,68,7,39.8678923970133,"1","T"
"X1952",25.2,74,0,62.3710537820661,"1","T"
"X1952",25.2,74,1,60.4672531636288,"1","T"
"X1952",25.2,74,2,59.3465809499627,"1","T"
"X1952",25.2,74,3,51.5879323873635,"1","T"
"X1952",25.2,74,4,49.0330126089993,"1","T"
"X1952",25.2,74,5,46.731543967014,"1","T"
"X1952",25.2,74,6,52.3320484501349,"1","T"
"X1952",25.2,74,7,49.9466885433383,"1","T"
"X1952",25.2,80,0,71.8483044870933,"1","T"
"X1952",25.2,80,1,70.0650916753046,"1","T"
"X1952",25.2,80,2,68.662654144533,"1","T"
"X1952",25.2,80,3,61.1956847988538,"1","T"
"X1952",25.2,80,4,58.3945724933893,"1","T"
"X1952",25.2,80,5,54.6250732681306,"1","T"
"X1952",25.2,80,6,61.404087929837,"1","T"
"X1952",25.2,80,7,61.4316997779983,"1","T"
"X1952",25.2,92,0,91.2600688312114,"1","T"
"X1952",25.2,92,1,89.9276456515642,"1","T"
"X1952",25.2,92,2,87.6992748019578,"1","T"
"X1952",25.2,92,3,81.3356814346688,"1","T"
"X1952",25.2,92,4,78.0358334180626,"1","T"
"X1952",25.2,92,5,71.2866087696334,"1","T"
"X1952",25.2,92,6,80.3967392968194,"1","T"
"X1952",25.2,92,7,83.5776748541084,"1","T"
"X1952",25.2,98,0,101.172203647856,"1","T"
"X1952",25.2,98,1,100.166425100186,"1","T"
"X1952",25.2,98,2,97.3562329980397,"1","T"
"X1952",25.2,98,3,91.6974364914447,"1","T"
"X1952",25.2,98,4,88.2139453445132,"1","T"
"X1952",25.2,98,5,79.985356664422,"1","T"
"X1952",25.2,98,6,90.2592954184686,"1","T"
"X1952",25.2,98,7,95.3594526233281,"1","T"
"X1952",25.2,104,0,111.24753334643,"1","T"
"X1952",25.2,104,1,110.523570431367,"1","T"
"X1952",25.2,104,2,107.15812563624,"1","T"
"X1952",25.2,104,3,102.389860161586,"1","T"
"X1952",25.2,104,4,98.6542068282491,"1","T"
"X1952",25.2,104,5,88.8019192156519,"1","T"
"X1952",25.2,104,6,100.320503486954,"1","T"
"X1952",25.2,104,7,108.030916662173,"1","T"
"X1952",25.2,127,0,150.951849276773,"1","T"
"X1952",25.2,127,1,151.210461629939,"1","T"
"X1952",25.2,127,2,145.857551019638,"1","T"
"X1952",25.2,127,3,144.168414771218,"1","T"
"X1952",25.2,127,4,140.771213409434,"1","T"
"X1952",25.2,127,5,123.665222288919,"1","T"
"X1952",25.2,127,6,140.077650072563,"1","T"
"X1952",25.2,127,7,157.811893934688,"1","T"
"X1952",25.2,151,0,193.62189699154,"1","T"
"X1952",25.2,151,1,194.901755492853,"1","T"
"X1952",25.2,151,2,187.678757626812,"1","T"
"X1952",25.2,151,3,189.209410701765,"1","T"
"X1952",25.2,151,4,187.400900672456,"1","T"
"X1952",25.2,151,5,163.106801623586,"1","T"
"X1952",25.2,151,6,182.853132755802,"1","T"
"X1952",25.2,151,7,209.933593024424,"1","T"
"X1952",25.2,164,0,218.789048543655,"1","T"
"X1952",25.2,164,1,218.70525146693,"1","T"
"X1952",25.2,164,2,210.478930917829,"1","T"
"X1952",25.2,164,3,214.084397267486,"1","T"
"X1952",25.2,164,4,212.81776657766,"1","T"
"X1952",25.2,164,5,186.147811790823,"1","T"
"X1952",25.2,164,6,206.297588762846,"1","T"
"X1952",25.2,164,7,238.187631059012,"1","T"
"X1952",25.3,0,0,0,"4","M"
"X1952",25.3,0,1,0,"4","M"
"X1952",25.3,0,2,0,"4","M"
"X1952",25.3,0,3,0,"4","M"
"X1952",25.3,0,4,0,"4","M"
"X1952",25.3,0,5,0,"4","M"
"X1952",25.3,0,6,0,"4","M"
"X1952",25.3,0,7,0,"4","M"
"X1952",25.3,4,0,0.424,"4","M"
"X1952",25.3,4,1,0.536,"4","M"
"X1952",25.3,4,2,0.608,"4","M"
"X1952",25.3,4,3,0.622,"4","M"
"X1952",25.3,4,4,0.4,"4","M"
"X1952",25.3,4,5,0.332,"4","M"
"X1952",25.3,4,6,0.578,"4","M"
"X1952",25.3,4,7,0.582,"4","M"
"X1952",25.3,10,0,1.14808330359881,"4","M"
"X1952",25.3,10,1,1.40191669640119,"4","M"
"X1952",25.3,10,2,1.60758332908554,"4","M"
"X1952",25.3,10,3,1.76612475150438,"4","M"
"X1952",25.3,10,4,1.04983334182891,"4","M"
"X1952",25.3,10,5,0.887583329085545,"4","M"
"X1952",25.3,10,6,1.56695829722713,"4","M"
"X1952",25.3,10,7,1.5207916900295,"4","M"
"X1952",25.3,22,0,3.0640726440374,"4","M"
"X1952",25.3,22,1,3.69749219175506,"4","M"
"X1952",25.3,22,2,4.26132597879057,"4","M"
"X1952",25.3,22,3,4.71232214350146,"4","M"
"X1952",25.3,22,4,3.01355592117528,"4","M"
"X1952",25.3,22,5,2.34091287875806,"4","M"
"X1952",25.3,22,6,4.24933634787485,"4","M"
"X1952",25.3,22,7,4.02748517415387,"4","M"
"X1952",25.3,28,0,4.44757304560047,"4","M"
"X1952",25.3,28,1,5.31842125557578,"4","M"
"X1952",25.3,28,2,6.19063773625161,"4","M"
"X1952",25.3,28,3,7.11871804143697,"4","M"
"X1952",25.3,28,4,4.61271353036609,"4","M"
"X1952",25.3,28,5,3.36460578789324,"4","M"
"X1952",25.3,28,6,6.24111517818635,"4","M"
"X1952",25.3,28,7,5.84160678093874,"4","M"
"X1952",25.3,34,0,6.39580987594669,"4","M"
"X1952",25.3,34,1,7.51770232711701,"4","M"
"X1952",25.3,34,2,8.93139531662906,"4","M"
"X1952",25.3,34,3,11.1893828862349,"4","M"
"X1952",25.3,34,4,6.81797539412482,"4","M"
"X1952",25.3,34,5,4.81583773583418,"4","M"
"X1952",25.3,34,6,9.08918093882624,"4","M"
"X1952",25.3,34,7,8.39709497980516,"4","M"
"X1952",25.3,46,0,13.0692137551325,"4","M"
"X1952",25.3,46,1,14.7160614148241,"4","M"
"X1952",25.3,46,2,18.2734004495793,"4","M"
"X1952",25.3,46,3,23.7293521250081,"4","M"
"X1952",25.3,46,4,15.9606879351141,"4","M"
"X1952",25.3,46,5,9.97765181342601,"4","M"
"X1952",25.3,46,6,18.239752396,"4","M"
"X1952",25.3,46,7,17.3293985523233,"4","M"
"X1952",25.3,52,0,18.2580793369876,"4","M"
"X1952",25.3,52,1,20.2121287741457,"4","M"
"X1952",25.3,52,2,25.5026565500887,"4","M"
"X1952",25.3,52,3,32.3014399090521,"4","M"
"X1952",25.3,52,4,24.0330338885599,"4","M"
"X1952",25.3,52,5,14.3070545438998,"4","M"
"X1952",25.3,52,6,24.8271478180049,"4","M"
"X1952",25.3,52,7,24.3127608324865,"4","M"
"X1952",25.3,58,0,24.7140991310617,"4","M"
"X1952",25.3,58,1,26.9931453592657,"4","M"
"X1952",25.3,58,2,34.2030214602085,"4","M"
"X1952",25.3,58,3,42.6570171936727,"4","M"
"X1952",25.3,58,4,33.9099599413982,"4","M"
"X1952",25.3,58,5,20.9141360340324,"4","M"
"X1952",25.3,58,6,32.5410660804451,"4","M"
"X1952",25.3,58,7,32.0108209671535,"4","M"
"X1952",25.3,70,0,40.8573334258553,"4","M"
"X1952",25.3,70,1,44.2547735032993,"4","M"
"X1952",25.3,70,2,53.5810766929825,"4","M"
"X1952",25.3,70,3,55.3358585244237,"4","M"
"X1952",25.3,70,4,54.1086041779217,"4","M"
"X1952",25.3,70,5,39.0450498068315,"4","M"
"X1952",25.3,70,6,50.2117309957302,"4","M"
"X1952",25.3,70,7,49.1019657886568,"4","M"
"X1952",25.3,76,0,49.8525399275967,"4","M"
"X1952",25.3,76,1,54.0544576793592,"4","M"
"X1952",25.3,76,2,64.0397083966817,"4","M"
"X1952",25.3,76,3,60.3357502279473,"4","M"
"X1952",25.3,76,4,63.2694124210687,"4","M"
"X1952",25.3,76,5,48.2081893846735,"4","M"
"X1952",25.3,76,6,59.4647332778531,"4","M"
"X1952",25.3,76,7,59.182502971591,"4","M"
"X1952",25.3,82,0,59.8020322191833,"4","M"
"X1952",25.3,82,1,64.4533865028243,"4","M"
"X1952",25.3,82,2,73.7079364009702,"4","M"
"X1952",25.3,82,3,66.2192250544062,"4","M"
"X1952",25.3,82,4,72.6704307290458,"4","M"
"X1952",25.3,82,5,56.7291500202495,"4","M"
"X1952",25.3,82,6,68.3169171194302,"4","M"
"X1952",25.3,82,7,69.1602371416901,"4","M"
"X1952",25.3,94,0,77.6652375552324,"4","M"
"X1952",25.3,94,1,85.092409395499,"4","M"
"X1952",25.3,94,2,88.8295104118397,"4","M"
"X1952",25.3,94,3,78.853682996973,"4","M"
"X1952",25.3,94,4,92.0134406074174,"4","M"
"X1952",25.3,94,5,66.1743835843068,"4","M"
"X1952",25.3,94,6,82.9154505815092,"4","M"
"X1952",25.3,94,7,88.011802223883,"4","M"
"X1952",25.3,100,0,84.7762739643824,"4","M"
"X1952",25.3,100,1,94.8554993320634,"4","M"
"X1952",25.3,100,2,95.9103417503135,"4","M"
"X1952",25.3,100,3,84.5917928573622,"4","M"
"X1952",25.3,100,4,99.1894712603143,"4","M"
"X1952",25.3,100,5,71.4652084596448,"4","M"
"X1952",25.3,100,6,87.0861092010326,"4","M"
"X1952",25.3,100,7,98.3290849331244,"4","M"
"X1952",25.3,106,0,91.8284431876237,"4","M"
"X1952",25.3,106,1,105.121673545222,"4","M"
"X1952",25.3,106,2,105.288312953124,"4","M"
"X1952",25.3,106,3,90.4545318897366,"4","M"
"X1952",25.3,106,4,104.151404125499,"4","M"
"X1952",25.3,106,5,77.145570380129,"4","M"
"X1952",25.3,106,6,92.2283862372545,"4","M"
"X1952",25.3,106,7,109.588438590416,"4","M"
"X1952",28,0,0,0,"3","M"
"X1952",28,0,1,0,"3","M"
"X1952",28,0,2,0,"3","M"
"X1952",28,0,3,0,"3","M"
"X1952",28,0,4,0,"3","M"
"X1952",28,0,5,0,"3","M"
"X1952",28,0,6,0,"3","M"
"X1952",28,0,7,0,"3","M"
"X1952",28,4,0,0.516,"3","M"
"X1952",28,4,1,0.834,"3","M"
"X1952",28,4,2,0.396,"3","M"
"X1952",28,4,3,0.61,"3","M"
"X1952",28,4,4,0.582,"3","M"
"X1952",28,4,5,0.564,"3","M"
"X1952",28,4,6,0.882,"3","M"
"X1952",28,4,7,0.77,"3","M"
"X1952",28,10,0,1.41575008920355,"3","M"
"X1952",28,10,1,2.33787529946908,"3","M"
"X1952",28,10,2,1.11625006371682,"3","M"
"X1952",28,10,3,1.7141251083186,"3","M"
"X1952",28,10,4,1.63687509557524,"3","M"
"X1952",28,10,5,1.54200015292038,"3","M"
"X1952",28,10,6,2.36595860306789,"3","M"
"X1952",28,10,7,2.17454188117998,"3","M"
"X1952",28,22,0,4.7148114681262,"3","M"
"X1952",28,22,1,8.15147284222741,"3","M"
"X1952",28,22,2,3.73814971192356,"3","M"
"X1952",28,22,3,5.85598893527276,"3","M"
"X1952",28,22,4,5.58176367147109,"3","M"
"X1952",28,22,5,5.12885490138003,"3","M"
"X1952",28,22,6,7.7551323862323,"3","M"
"X1952",28,22,7,7.57401118835588,"3","M"
"X1952",28,28,0,7.71762356122028,"3","M"
"X1952",28,28,1,13.1570453422308,"3","M"
"X1952",28,28,2,6.11135470366628,"3","M"
"X1952",28,28,3,9.62372262881193,"3","M"
"X1952",28,28,4,9.16304565160986,"3","M"
"X1952",28,28,5,8.31057921579816,"3","M"
"X1952",28,28,6,12.4822593565454,"3","M"
"X1952",28,28,7,12.3223256682812,"3","M"
"X1952",28,34,0,12.4888064849612,"3","M"
"X1952",28,34,1,19.8694501111648,"3","M"
"X1952",28,34,2,10.2965191651772,"3","M"
"X1952",28,34,3,15.2187985348971,"3","M"
"X1952",28,34,4,14.5905806729573,"3","M"
"X1952",28,34,5,13.3180783184544,"3","M"
"X1952",28,34,6,19.3630333862018,"3","M"
"X1952",28,34,7,18.3650500400743,"3","M"
"X1952",28,46,0,27.8673444820687,"3","M"
"X1952",28,46,1,37.1980694834618,"3","M"
"X1952",28,46,2,22.0356566857516,"3","M"
"X1952",28,46,3,29.5194068679311,"3","M"
"X1952",28,46,4,29.1598186485682,"3","M"
"X1952",28,46,5,26.5740466115631,"3","M"
"X1952",28,46,6,35.8860945439761,"3","M"
"X1952",28,46,7,31.6935131532416,"3","M"
"X1952",28,52,0,38.2156137287148,"3","M"
"X1952",28,52,1,47.96037998431,"3","M"
"X1952",28,52,2,27.4953015087498,"3","M"
"X1952",28,52,3,38.0210895857311,"3","M"
"X1952",28,52,4,37.6034897417992,"3","M"
"X1952",28,52,5,33.3674736237891,"3","M"
"X1952",28,52,6,44.9186532050972,"3","M"
"X1952",28,52,7,39.8959541229328,"3","M"
"X1952",28,58,0,48.1879929766401,"3","M"
"X1952",28,58,1,59.7620083740161,"3","M"
"X1952",28,58,2,31.9455862282616,"3","M"
"X1952",28,58,3,47.1652959078883,"3","M"
"X1952",28,58,4,47.1585479997418,"3","M"
"X1952",28,58,5,39.27396280081,"3","M"
"X1952",28,58,6,53.8580180837518,"3","M"
"X1952",28,58,7,48.2215739899538,"3","M"
"X1952",28,70,0,61.86200717211,"3","M"
"X1952",28,70,1,84.3682316870678,"3","M"
"X1952",28,70,2,41.332526601395,"3","M"
"X1952",28,70,3,57.0861378321977,"3","M"
"X1952",28,70,4,61.6269065604404,"3","M"
"X1952",28,70,5,47.7173949573457,"3","M"
"X1952",28,70,6,63.5408488746343,"3","M"
"X1952",28,70,7,58.8674512583362,"3","M"
"X1952",28,76,0,66.7733749052876,"3","M"
"X1952",28,76,1,97.1602893083454,"3","M"
"X1952",28,76,2,51.1566822039321,"3","M"
"X1952",28,76,3,63.0160411775237,"3","M"
"X1952",28,76,4,67.92009107974,"3","M"
"X1952",28,76,5,52.3743325117372,"3","M"
"X1952",28,76,6,69.8924340740921,"3","M"
"X1952",28,76,7,64.2068970795665,"3","M"
"X1952",28,82,0,75.1893274264835,"3","M"
"X1952",28,82,1,110.732636888955,"3","M"
"X1952",28,82,2,61.5442958590197,"3","M"
"X1952",28,82,3,69.0270693400002,"3","M"
"X1952",28,82,4,76.7270690658541,"3","M"
"X1952",28,82,5,57.8325422801945,"3","M"
"X1952",28,82,6,76.4725910821214,"3","M"
"X1952",28,82,7,70.2639253501814,"3","M"
"X1952",28,94,0,100.830021803192,"3","M"
"X1952",28,94,1,139.560077401039,"3","M"
"X1952",28,94,2,84.3886779504941,"3","M"
"X1952",28,94,3,79.4807684900631,"3","M"
"X1952",28,94,4,86.9343289249748,"3","M"
"X1952",28,94,5,67.8111006941548,"3","M"
"X1952",28,94,6,88.3175569030015,"3","M"
"X1952",28,94,7,81.7235388256284,"3","M"
"X1952",28,100,0,110.121881059683,"3","M"
"X1952",28,100,1,153.476940395242,"3","M"
"X1952",28,100,2,93.6083449272535,"3","M"
"X1952",28,100,3,83.8753267942639,"3","M"
"X1952",28,100,4,91.3212199219429,"3","M"
"X1952",28,100,5,72.1606524618756,"3","M"
"X1952",28,100,6,93.8289912089906,"3","M"
"X1952",28,100,7,86.4154346503287,"3","M"
"X1952",28,106,0,117.966460287889,"3","M"
"X1952",28,106,1,167.375384470015,"3","M"
"X1952",28,106,2,102.159772553362,"3","M"
"X1952",28,106,3,89.3775977001892,"3","M"
"X1952",28,106,4,95.79237700226,"3","M"
"X1952",28,106,5,76.4501255373138,"3","M"
"X1952",28,106,6,99.4737358438976,"3","M"
"X1952",28,106,7,90.8907788453172,"3","M"
"X1952",30,0,0,0,"2","B"
"X1952",30,0,1,0,"2","B"
"X1952",30,0,2,0,"2","B"
"X1952",30,0,3,0,"2","B"
"X1952",30,0,4,0,"2","B"
"X1952",30,0,5,0,"2","B"
"X1952",30,0,6,0,"2","B"
"X1952",30,0,7,0,"2","B"
"X1952",30,4,0,0.616,"2","B"
"X1952",30,4,1,0.638,"2","B"
"X1952",30,4,2,0.676,"2","B"
"X1952",30,4,3,0.694,"2","B"
"X1952",30,4,4,0.624,"2","B"
"X1952",30,4,5,0.458,"2","B"
"X1952",30,4,6,0.51,"2","B"
"X1952",30,4,7,0.408,"2","B"
"X1952",30,10,0,1.69575008920355,"2","B"
"X1952",30,10,1,1.75654177923306,"2","B"
"X1952",30,10,2,1.88391684932156,"2","B"
"X1952",30,10,3,1.86862487893803,"2","B"
"X1952",30,10,4,1.706583380059,"2","B"
"X1952",30,10,5,1.27170843740415,"2","B"
"X1952",30,10,6,1.42204175374633,"2","B"
"X1952",30,10,7,1.12208335457228,"2","B"
"X1952",30,22,0,5.54555010385364,"2","B"
"X1952",30,22,1,5.81475052081976,"2","B"
"X1952",30,22,2,6.85937048605029,"2","B"
"X1952",30,22,3,5.89000787242884,"2","B"
"X1952",30,22,4,5.51005791264532,"2","B"
"X1952",30,22,5,4.45575007827087,"2","B"
"X1952",30,22,6,4.79729531463338,"2","B"
"X1952",30,22,7,3.58672169213762,"2","B"
"X1952",30,28,0,8.99701881500212,"2","B"
"X1952",30,28,1,9.44151999700625,"2","B"
"X1952",30,28,2,11.5826865021222,"2","B"
"X1952",30,28,3,9.38543768624279,"2","B"
"X1952",30,28,4,9.00009974314282,"2","B"
"X1952",30,28,5,7.44313475305392,"2","B"
"X1952",30,28,6,7.90007461030204,"2","B"
"X1952",30,28,7,5.83651968786126,"2","B"
"X1952",30,34,0,14.2342488396895,"2","B"
"X1952",30,34,1,14.7199043383975,"2","B"
"X1952",30,34,2,18.4370163586133,"2","B"
"X1952",30,34,3,12.1200515131774,"2","B"
"X1952",30,34,4,14.3560365529921,"2","B"
"X1952",30,34,5,11.9563029566434,"2","B"
"X1952",30,34,6,12.7421407706609,"2","B"
"X1952",30,34,7,9.66852750625055,"2","B"
"X1952",30,46,0,28.296885510315,"2","B"
"X1952",30,46,1,28.7116927760936,"2","B"
"X1952",30,46,2,35.5805660986546,"2","B"
"X1952",30,46,3,18.3636380833316,"2","B"
"X1952",30,46,4,28.8560234558119,"2","B"
"X1952",30,46,5,25.1470636860663,"2","B"
"X1952",30,46,6,26.2784582428242,"2","B"
"X1952",30,46,7,24.342647369349,"2","B"
"X1952",30,52,0,36.3252332490421,"2","B"
"X1952",30,52,1,37.0317119828855,"2","B"
"X1952",30,52,2,44.6945435678583,"2","B"
"X1952",30,52,3,23.156461387767,"2","B"
"X1952",30,52,4,37.3352899496611,"2","B"
"X1952",30,52,5,33.8870858400315,"2","B"
"X1952",30,52,6,34.9109633848388,"2","B"
"X1952",30,52,7,35.6727961858869,"2","B"
"X1952",30,58,0,44.9078872056216,"2","B"
"X1952",30,58,1,45.9506492998497,"2","B"
"X1952",30,58,2,54.1100795206895,"2","B"
"X1952",30,58,3,32.4724365738963,"2","B"
"X1952",30,58,4,46.5941893694685,"2","B"
"X1952",30,58,5,42.7329064366707,"2","B"
"X1952",30,58,6,44.5785921318558,"2","B"
"X1952",30,58,7,47.9461147544584,"2","B"
"X1952",30,70,0,63.0219078464734,"2","B"
"X1952",30,70,1,64.6738459286124,"2","B"
"X1952",30,70,2,73.1097382949261,"2","B"
"X1952",30,70,3,54.2958969436254,"2","B"
"X1952",30,70,4,66.8456010141752,"2","B"
"X1952",30,70,5,61.4791078375438,"2","B"
"X1952",30,70,6,58.6439919843237,"2","B"
"X1952",30,70,7,76.4516597066239,"2","B"
"X1952",30,76,0,72.2220651309878,"2","B"
"X1952",30,76,1,74.5927573685302,"2","B"
"X1952",30,76,2,82.7454010998236,"2","B"
"X1952",30,76,3,64.3441802775565,"2","B"
"X1952",30,76,4,77.8211504461369,"2","B"
"X1952",30,76,5,70.981992323815,"2","B"
"X1952",30,76,6,62.6573181972274,"2","B"
"X1952",30,76,7,91.6878846411322,"2","B"
"X1952",30,82,0,81.4858593860718,"2","B"
"X1952",30,82,1,85.0752182213222,"2","B"
"X1952",30,82,2,92.7610736318592,"2","B"
"X1952",30,82,3,74.7832583650413,"2","B"
"X1952",30,82,4,89.2290075727278,"2","B"
"X1952",30,82,5,81.1400028838135,"2","B"
"X1952",30,82,6,73.5833118838667,"2","B"
"X1952",30,82,7,103.788133051968,"2","B"
"X1952",30,94,0,100.165862047273,"2","B"
"X1952",30,94,1,106.692780275958,"2","B"
"X1952",30,94,2,113.025500182891,"2","B"
"X1952",30,94,3,102.534876566507,"2","B"
"X1952",30,94,4,112.73990797038,"2","B"
"X1952",30,94,5,101.731748243358,"2","B"
"X1952",30,94,6,94.2059376452637,"2","B"
"X1952",30,94,7,115.75672900793,"2","B"
"X1952",30,100,0,109.424783462206,"2","B"
"X1952",30,100,1,117.810130678939,"2","B"
"X1952",30,100,2,123.053478375276,"2","B"
"X1952",30,100,3,114.601513334348,"2","B"
"X1952",30,100,4,125.289270987211,"2","B"
"X1952",30,100,5,111.995765870236,"2","B"
"X1952",30,100,6,104.369770599686,"2","B"
"X1952",30,100,7,121.369772109294,"2","B"
"X1952",30,106,0,118.834972825789,"2","B"
"X1952",30,106,1,129.532563375503,"2","B"
"X1952",30,106,2,133.068321855615,"2","B"
"X1952",30,106,3,127.799471094563,"2","B"
"X1952",30,106,4,138.232214249817,"2","B"
"X1952",30,106,5,123.477706744384,"2","B"
"X1952",30,106,6,115.147905906999,"2","B"
"X1952",30,106,7,127.52184161121,"2","B"
"X1952",32,0,0,0,"3","T"
"X1952",32,0,1,0,"3","T"
"X1952",32,0,2,0,"3","T"
"X1952",32,0,3,0,"3","T"
"X1952",32,0,4,0,"3","T"
"X1952",32,0,5,0,"3","T"
"X1952",32,0,6,0,"3","T"
"X1952",32,0,7,0,"3","T"
"X1952",32,4,0,0.714,"3","T"
"X1952",32,4,1,0.752,"3","T"
"X1952",32,4,2,0.716,"3","T"
"X1952",32,4,3,0.662,"3","T"
"X1952",32,4,4,0.654,"3","T"
"X1952",32,4,5,0.88,"3","T"
"X1952",32,4,6,1.224,"3","T"
"X1952",32,4,7,0.62,"3","T"
"X1952",32,10,0,2.15879204684372,"3","T"
"X1952",32,10,1,2.27800035681422,"3","T"
"X1952",32,10,2,2.10183374961659,"3","T"
"X1952",32,10,3,1.98820861581126,"3","T"
"X1952",32,10,4,1.9207919448968,"3","T"
"X1952",32,10,5,2.48775024212393,"3","T"
"X1952",32,10,6,3.42458373687322,"3","T"
"X1952",32,10,7,1.79375019115047,"3","T"
"X1952",32,22,0,8.59864550342379,"3","T"
"X1952",32,22,1,9.39767970797216,"3","T"
"X1952",32,22,2,8.05698361985401,"3","T"
"X1952",32,22,3,8.27025737868745,"3","T"
"X1952",32,22,4,7.70748175739133,"3","T"
"X1952",32,22,5,8.41603268370834,"3","T"
"X1952",32,22,6,12.1342229204983,"3","T"
"X1952",32,22,7,6.97070114287716,"3","T"
"X1952",32,28,0,13.8226484285128,"3","T"
"X1952",32,28,1,15.8398838984814,"3","T"
"X1952",32,28,2,13.0164706594415,"3","T"
"X1952",32,28,3,14.092688025512,"3","T"
"X1952",32,28,4,13.1102515502509,"3","T"
"X1952",32,28,5,12.9663367390973,"3","T"
"X1952",32,28,6,19.2057331521894,"3","T"
"X1952",32,28,7,11.4330928329465,"3","T"
"X1952",32,34,0,19.2682071977434,"3","T"
"X1952",32,34,1,23.5014615399405,"3","T"
"X1952",32,34,2,18.3593012127169,"3","T"
"X1952",32,34,3,20.6858099207099,"3","T"
"X1952",32,34,4,19.9127010660883,"3","T"
"X1952",32,34,5,17.2552018803211,"3","T"
"X1952",32,34,6,25.4243991876771,"3","T"
"X1952",32,34,7,14.8966834914849,"3","T"
"X1952",32,46,0,36.045772191225,"3","T"
"X1952",32,46,1,40.8161356329336,"3","T"
"X1952",32,46,2,26.5023178421022,"3","T"
"X1952",32,46,3,34.7477560879286,"3","T"
"X1952",32,46,4,34.9890758718189,"3","T"
"X1952",32,46,5,25.6021798068637,"3","T"
"X1952",32,46,6,38.286038727134,"3","T"
"X1952",32,46,7,20.15822406663,"3","T"
"X1952",32,52,0,46.4632082232775,"3","T"
"X1952",32,52,1,49.8484452768602,"3","T"
"X1952",32,52,2,30.0094957399504,"3","T"
"X1952",32,52,3,42.4095323142742,"3","T"
"X1952",32,52,4,42.9308784220227,"3","T"
"X1952",32,52,5,27.8040234350114,"3","T"
"X1952",32,52,6,45.0569939871188,"3","T"
"X1952",32,52,7,22.3438944532198,"3","T"
"X1952",32,58,0,58.5075344174214,"3","T"
"X1952",32,58,1,60.1907452071346,"3","T"
"X1952",32,58,2,38.9980510108649,"3","T"
"X1952",32,58,3,50.5044388553141,"3","T"
"X1952",32,58,4,50.911183969844,"3","T"
"X1952",32,58,5,32.6931473857373,"3","T"
"X1952",32,58,6,52.3295138199377,"3","T"
"X1952",32,58,7,24.7908689715635,"3","T"
"X1952",32,70,0,84.3314925228053,"3","T"
"X1952",32,70,1,81.3846345949474,"3","T"
"X1952",32,70,2,56.3180290870187,"3","T"
"X1952",32,70,3,67.6367514575583,"3","T"
"X1952",32,70,4,67.400702012787,"3","T"
"X1952",32,70,5,50.2007996954194,"3","T"
"X1952",32,70,6,67.5343667199398,"3","T"
"X1952",32,70,7,30.4448708749236,"3","T"
"X1952",32,76,0,97.2691201789564,"3","T"
"X1952",32,76,1,92.267190235996,"3","T"
"X1952",32,76,2,65.8681647966409,"3","T"
"X1952",32,76,3,76.5910144477298,"3","T"
"X1952",32,76,4,75.9414749513466,"3","T"
"X1952",32,76,5,58.1495749814639,"3","T"
"X1952",32,76,6,75.9783187394263,"3","T"
"X1952",32,76,7,35.4342064317911,"3","T"
"X1952",32,82,0,110.191874870064,"3","T"
"X1952",32,82,1,102.992398480311,"3","T"
"X1952",32,82,2,75.4463486954855,"3","T"
"X1952",32,82,3,85.6484806783553,"3","T"
"X1952",32,82,4,84.5798839895287,"3","T"
"X1952",32,82,5,67.4907776923146,"3","T"
"X1952",32,82,6,85.5762525531002,"3","T"
"X1952",32,82,7,42.0624406828133,"3","T"
"X1952",32,94,0,136.320593208466,"3","T"
"X1952",32,94,1,124.314835469168,"3","T"
"X1952",32,94,2,95.8063581386865,"3","T"
"X1952",32,94,3,103.910097643134,"3","T"
"X1952",32,94,4,102.21035127559,"3","T"
"X1952",32,94,5,88.00928795518,"3","T"
"X1952",32,94,6,104.531617247587,"3","T"
"X1952",32,94,7,56.6707147196661,"3","T"
"X1952",32,100,0,150.237032425308,"3","T"
"X1952",32,100,1,134.948772667962,"3","T"
"X1952",32,100,2,106.476523808451,"3","T"
"X1952",32,100,3,112.884524639904,"3","T"
"X1952",32,100,4,111.171609566557,"3","T"
"X1952",32,100,5,99.3863964824392,"3","T"
"X1952",32,100,6,114.353611089598,"3","T"
"X1952",32,100,7,64.5762658753098,"3","T"
"X1952",32,106,0,163.098002480399,"3","T"
"X1952",32,106,1,145.558492187119,"3","T"
"X1952",32,106,2,116.701079719307,"3","T"
"X1952",32,106,3,122.05751855144,"3","T"
"X1952",32,106,4,120.259291858298,"3","T"
"X1952",32,106,5,109.87674143875,"3","T"
"X1952",32,106,6,124.544617966746,"3","T"
"X1952",32,106,7,72.7432993686157,"3","T"
"X1952",35,0,0,0,"1","M"
"X1952",35,0,1,0,"1","M"
"X1952",35,0,2,0,"1","M"
"X1952",35,0,3,0,"1","M"
"X1952",35,0,4,0,"1","M"
"X1952",35,0,5,0,"1","M"
"X1952",35,0,6,0,"1","M"
"X1952",35,0,7,0,"1","M"
"X1952",35,2,0,0.241,"1","M"
"X1952",35,2,1,0.327,"1","M"
"X1952",35,2,2,0.389,"1","M"
"X1952",35,2,3,0.146,"1","M"
"X1952",35,2,4,0.289,"1","M"
"X1952",35,2,5,0.254,"1","M"
"X1952",35,2,6,0.18,"1","M"
"X1952",35,2,7,0.248,"1","M"
"X1952",35,8,0,1.12825023100034,"1","M"
"X1952",35,8,1,1.493833560667,"1","M"
"X1952",35,8,2,1.77775020900031,"1","M"
"X1952",35,8,3,0.750250143000212,"1","M"
"X1952",35,8,4,1.28400017600026,"1","M"
"X1952",35,8,5,1.17016679133352,"1","M"
"X1952",35,8,6,0.867250187000278,"1","M"
"X1952",35,8,7,1.18483351666694,"1","M"
"X1952",35,20,0,5.86813158386756,"1","M"
"X1952",35,20,1,7.48733754713935,"1","M"
"X1952",35,20,2,8.43768522362316,"1","M"
"X1952",35,20,3,3.62664769831885,"1","M"
"X1952",35,20,4,5.91955839626616,"1","M"
"X1952",35,20,5,5.5940000209514,"1","M"
"X1952",35,20,6,4.24449990902266,"1","M"
"X1952",35,20,7,5.37851893048081,"1","M"
"X1952",35,26,0,10.8441032427874,"1","M"
"X1952",35,26,1,13.9449613196131,"1","M"
"X1952",35,26,2,14.9761696664024,"1","M"
"X1952",35,26,3,6.3677324038029,"1","M"
"X1952",35,26,4,10.5151264533864,"1","M"
"X1952",35,26,5,10.3041734677499,"1","M"
"X1952",35,26,6,7.41152321240995,"1","M"
"X1952",35,26,7,9.03182330345231,"1","M"
"X1952",35,32,0,17.957610427986,"1","M"
"X1952",35,32,1,21.4274611431257,"1","M"
"X1952",35,32,2,22.9098926554477,"1","M"
"X1952",35,32,3,10.1758621023039,"1","M"
"X1952",35,32,4,16.841739596319,"1","M"
"X1952",35,32,5,16.949847199446,"1","M"
"X1952",35,32,6,11.3104079611467,"1","M"
"X1952",35,32,7,13.4095219486934,"1","M"
"X1952",35,44,0,32.5874432190501,"1","M"
"X1952",35,44,1,34.1377977947818,"1","M"
"X1952",35,44,2,42.9122530394205,"1","M"
"X1952",35,44,3,15.9684741576802,"1","M"
"X1952",35,44,4,34.4403247010311,"1","M"
"X1952",35,44,5,31.2541239479208,"1","M"
"X1952",35,44,6,17.6084337110014,"1","M"
"X1952",35,44,7,28.7391389810443,"1","M"
"X1952",35,50,0,39.4067857131303,"1","M"
"X1952",35,50,1,44.9335402279887,"1","M"
"X1952",35,50,2,54.2124082303023,"1","M"
"X1952",35,50,3,17.7452920467686,"1","M"
"X1952",35,50,4,44.8709018979746,"1","M"
"X1952",35,50,5,40.1386867625386,"1","M"
"X1952",35,50,6,18.8481367685045,"1","M"
"X1952",35,50,7,40.0032209164284,"1","M"
"X1952",35,56,0,49.9695129362492,"1","M"
"X1952",35,56,1,55.1043512224949,"1","M"
"X1952",35,56,2,65.6115534097611,"1","M"
"X1952",35,56,3,20.0685133131219,"1","M"
"X1952",35,56,4,56.7989931604212,"1","M"
"X1952",35,56,5,51.5023095028998,"1","M"
"X1952",35,56,6,20.7794145263696,"1","M"
"X1952",35,56,7,51.1662446433481,"1","M"
"X1952",35,68,0,71.2905505495645,"1","M"
"X1952",35,68,1,76.4733283793378,"1","M"
"X1952",35,68,2,80.7037482192695,"1","M"
"X1952",35,68,3,26.4878635779426,"1","M"
"X1952",35,68,4,81.1197958274776,"1","M"
"X1952",35,68,5,74.5859514750416,"1","M"
"X1952",35,68,6,27.6211383490988,"1","M"
"X1952",35,68,7,74.7240065653993,"1","M"
"X1952",35,74,0,82.4073860169527,"1","M"
"X1952",35,74,1,86.8543401433037,"1","M"
"X1952",35,74,2,80.6610698962673,"1","M"
"X1952",35,74,3,30.6795749688521,"1","M"
"X1952",35,74,4,93.1118019862874,"1","M"
"X1952",35,74,5,86.46488607718,"1","M"
"X1952",35,74,6,32.3562343707986,"1","M"
"X1952",35,74,7,86.3859648029912,"1","M"
"X1952",35,80,0,93.6376785816317,"1","M"
"X1952",35,80,1,97.3454883381617,"1","M"
"X1952",35,80,2,82.1569017298869,"1","M"
"X1952",35,80,3,35.7677977150745,"1","M"
"X1952",35,80,4,105.156099310593,"1","M"
"X1952",35,80,5,98.3196313529658,"1","M"
"X1952",35,80,6,37.5125909725421,"1","M"
"X1952",35,80,7,97.9299787767356,"1","M"
"X1952",35,92,0,116.423937247485,"1","M"
"X1952",35,92,1,118.362442513816,"1","M"
"X1952",35,92,2,83.8613573475106,"1","M"
"X1952",35,92,3,47.2501236896894,"1","M"
"X1952",35,92,4,129.269318006088,"1","M"
"X1952",35,92,5,121.068447221108,"1","M"
"X1952",35,92,6,48.9625730264109,"1","M"
"X1952",35,92,7,120.702177968019,"1","M"
"X1952",35,98,0,127.929123356898,"1","M"
"X1952",35,98,1,128.964270674948,"1","M"
"X1952",35,98,2,84.6016533147236,"1","M"
"X1952",35,98,3,53.4443423091204,"1","M"
"X1952",35,98,4,141.314525989953,"1","M"
"X1952",35,98,5,130.877587038606,"1","M"
"X1952",35,98,6,55.3529534037378,"1","M"
"X1952",35,98,7,131.963393144401,"1","M"
"X1952",35,104,0,139.818867010418,"1","M"
"X1952",35,104,1,139.533333642441,"1","M"
"X1952",35,104,2,84.9648259712749,"1","M"
"X1952",35,104,3,60.1208027249537,"1","M"
"X1952",35,104,4,153.450585590434,"1","M"
"X1952",35,104,5,136.238687352476,"1","M"
"X1952",35,104,6,62.3978985703275,"1","M"
"X1952",35,104,7,143.166326823641,"1","M"
"X1952",35,127,0,189.297255248325,"1","M"
"X1952",35,127,1,179.948697330707,"1","M"
"X1952",35,127,2,87.5138675149364,"1","M"
"X1952",35,127,3,89.6862032145665,"1","M"
"X1952",35,127,4,200.321219745746,"1","M"
"X1952",35,127,5,131.112676888584,"1","M"
"X1952",35,127,6,94.6863650651837,"1","M"
"X1952",35,127,7,185.588784604173,"1","M"
"X1952",35,151,0,226.85184925723,"1","M"
"X1952",35,151,1,229.182489192089,"1","M"
"X1952",35,151,2,89.0855079440783,"1","M"
"X1952",35,151,3,113.286595401847,"1","M"
"X1952",35,151,4,249.27747311611,"1","M"
"X1952",35,151,5,138.522625222025,"1","M"
"X1952",35,151,6,122.450168445404,"1","M"
"X1952",35,151,7,229.001207368396,"1","M"
"X1952",35,164,0,224.509192623986,"1","M"
"X1952",35,164,1,263.136810083068,"1","M"
"X1952",35,164,2,90.0824506254763,"1","M"
"X1952",35,164,3,111.876179417557,"1","M"
"X1952",35,164,4,275.485194291623,"1","M"
"X1952",35,164,5,139.601775751588,"1","M"
"X1952",35,164,6,120.669382750261,"1","M"
"X1952",35,164,7,251.923180949521,"1","M"
"X1952",37,0,0,0,"4","B"
"X1952",37,0,1,0,"4","B"
"X1952",37,0,2,0,"4","B"
"X1952",37,0,3,0,"4","B"
"X1952",37,0,4,0,"4","B"
"X1952",37,0,5,0,"4","B"
"X1952",37,0,6,0,"4","B"
"X1952",37,0,7,0,"4","B"
"X1952",37,5,0,0.7325,"4","B"
"X1952",37,5,1,0.815,"4","B"
"X1952",37,5,2,0.77,"4","B"
"X1952",37,5,3,0.8225,"4","B"
"X1952",37,5,4,0.8325,"4","B"
"X1952",37,5,5,0.8075,"4","B"
"X1952",37,5,6,1.0175,"4","B"
"X1952",37,5,7,0.8325,"4","B"
"X1952",37,11,0,1.80977965069834,"4","B"
"X1952",37,11,1,2.05626316985189,"4","B"
"X1952",37,11,2,1.92527965069834,"4","B"
"X1952",37,11,3,2.07800053947803,"4","B"
"X1952",37,11,4,2.05518810691278,"4","B"
"X1952",37,11,5,2.02941311590408,"4","B"
"X1952",37,11,6,2.55115926543148,"4","B"
"X1952",37,11,7,2.03765084518224,"4","B"
"X1952",37,23,0,6.73784114307307,"4","B"
"X1952",37,23,1,7.15923714726682,"4","B"
"X1952",37,23,2,7.72706772979743,"4","B"
"X1952",37,23,3,7.66308022419886,"4","B"
"X1952",37,23,4,7.40119781838188,"4","B"
"X1952",37,23,5,8.88408957478224,"4","B"
"X1952",37,23,6,9.39338948835171,"4","B"
"X1952",37,23,7,7.04500927014134,"4","B"
"X1952",37,29,0,11.2031101858199,"4","B"
"X1952",37,29,1,11.2204653123616,"4","B"
"X1952",37,29,2,13.1546161772957,"4","B"
"X1952",37,29,3,12.4952193545355,"4","B"
"X1952",37,29,4,12.088614947133,"4","B"
"X1952",37,29,5,15.5964591165816,"4","B"
"X1952",37,29,6,14.8601028153622,"4","B"
"X1952",37,29,7,10.9931828194483,"4","B"
"X1952",37,35,0,15.9980336481857,"4","B"
"X1952",37,35,1,15.5762289414925,"4","B"
"X1952",37,35,2,18.1720687738213,"4","B"
"X1952",37,35,3,17.3147929459306,"4","B"
"X1952",37,35,4,17.4357684674805,"4","B"
"X1952",37,35,5,21.92468302717,"4","B"
"X1952",37,35,6,19.4870780215917,"4","B"
"X1952",37,35,7,15.108805725233,"4","B"
"X1952",37,47,0,25.6871195494235,"4","B"
"X1952",37,47,1,24.3348897883821,"4","B"
"X1952",37,47,2,27.182567298008,"4","B"
"X1952",37,47,3,27.1605126659538,"4","B"
"X1952",37,47,4,28.3822961810038,"4","B"
"X1952",37,47,5,34.0104436450745,"4","B"
"X1952",37,47,6,29.0827368385004,"4","B"
"X1952",37,47,7,22.390252305382,"4","B"
"X1952",37,53,0,30.5357228672449,"4","B"
"X1952",37,53,1,28.707568300694,"4","B"
"X1952",37,53,2,31.0019060411009,"4","B"
"X1952",37,53,3,32.2482902411613,"4","B"
"X1952",37,53,4,33.8027240261092,"4","B"
"X1952",37,53,5,39.7426951689898,"4","B"
"X1952",37,53,6,34.2041154980386,"4","B"
"X1952",37,53,7,26.4939705616004,"4","B"
"X1952",37,59,0,35.4374876279521,"4","B"
"X1952",37,59,1,33.0603787736663,"4","B"
"X1952",37,59,2,34.7590366630052,"4","B"
"X1952",37,59,3,37.3261514148266,"4","B"
"X1952",37,59,4,39.1124918841322,"4","B"
"X1952",37,59,5,45.2428183275521,"4","B"
"X1952",37,59,6,39.2426837499702,"4","B"
"X1952",37,59,7,30.5078419600836,"4","B"
"X1952",37,71,0,45.2839760167907,"4","B"
"X1952",37,71,1,41.6066271872546,"4","B"
"X1952",37,71,2,42.255184635728,"4","B"
"X1952",37,71,3,47.709905652826,"4","B"
"X1952",37,71,4,49.62855553386,"4","B"
"X1952",37,71,5,56.0630041039275,"4","B"
"X1952",37,71,6,49.510305397745,"4","B"
"X1952",37,71,7,38.6600512287898,"4","B"
"X1952",37,77,0,50.1615831015188,"4","B"
"X1952",37,77,1,45.8093512719833,"4","B"
"X1952",37,77,2,46.0706042064707,"4","B"
"X1952",37,77,3,52.8679777007055,"4","B"
"X1952",37,77,4,54.859512251874,"4","B"
"X1952",37,77,5,61.1762570622096,"4","B"
"X1952",37,77,6,54.6396888381649,"4","B"
"X1952",37,77,7,42.8774719413227,"4","B"
"X1952",37,83,0,54.9930006323677,"4","B"
"X1952",37,83,1,49.9980892246887,"4","B"
"X1952",37,83,2,49.8621353745086,"4","B"
"X1952",37,83,3,58.0201594913582,"4","B"
"X1952",37,83,4,60.0250125108228,"4","B"
"X1952",37,83,5,66.8612538998924,"4","B"
"X1952",37,83,6,59.7172320741306,"4","B"
"X1952",37,83,7,47.0670411587864,"4","B"
"X1952",37,95,0,64.1114123312216,"4","B"
"X1952",37,95,1,58.3388375817577,"4","B"
"X1952",37,95,2,57.5866811358124,"4","B"
"X1952",37,95,3,68.1823738697327,"4","B"
"X1952",37,95,4,69.9988371143635,"4","B"
"X1952",37,95,5,80.858160204883,"4","B"
"X1952",37,95,6,69.9819363431252,"4","B"
"X1952",37,95,7,55.3480490795335,"4","B"
"X1952",37,101,0,68.1800626675941,"4","B"
"X1952",37,101,1,62.433127116654,"4","B"
"X1952",37,101,2,61.4531075580509,"4","B"
"X1952",37,101,3,72.9460204092355,"4","B"
"X1952",37,101,4,74.535092322569,"4","B"
"X1952",37,101,5,87.413942601782,"4","B"
"X1952",37,101,6,75.2556196533617,"4","B"
"X1952",37,101,7,59.3570503199039,"4","B"
"X1952",37,107,0,72.0026479320546,"4","B"
"X1952",37,107,1,66.4469253696639,"4","B"
"X1952",37,107,2,65.3395233979405,"4","B"
"X1952",37,107,3,77.3906348590376,"4","B"
"X1952",37,107,4,78.8303963616693,"4","B"
"X1952",37,107,5,93.8155010128347,"4","B"
"X1952",37,107,6,80.3971316263191,"4","B"
"X1952",37,107,7,63.2781603011644,"4","B"
"X1952",39,0,0,0,"4","M"
"X1952",39,0,1,0,"4","M"
"X1952",39,0,2,0,"4","M"
"X1952",39,0,3,0,"4","M"
"X1952",39,0,4,0,"4","M"
"X1952",39,0,5,0,"4","M"
"X1952",39,0,6,0,"4","M"
"X1952",39,0,7,0,"4","M"
"X1952",39,5,0,0.6275,"4","M"
"X1952",39,5,1,0.77,"4","M"
"X1952",39,5,2,0.56,"4","M"
"X1952",39,5,3,0.7975,"4","M"
"X1952",39,5,4,0.6425,"4","M"
"X1952",39,5,5,0.9275,"4","M"
"X1952",39,5,6,0.7875,"4","M"
"X1952",39,5,7,0.83,"4","M"
"X1952",39,11,0,1.50912934499413,"4","M"
"X1952",39,11,1,1.87770870797085,"4","M"
"X1952",39,11,2,1.34224184948978,"4","M"
"X1952",39,11,3,1.9500211405361,"4","M"
"X1952",39,11,4,1.53928771129556,"4","M"
"X1952",39,11,5,2.17952096071009,"4","M"
"X1952",39,11,6,1.75835435398543,"4","M"
"X1952",39,11,7,2.04234593373619,"4","M"
"X1952",39,23,0,4.57391338883244,"4","M"
"X1952",39,23,1,5.80672478452507,"4","M"
"X1952",39,23,2,4.6285399372991,"4","M"
"X1952",39,23,3,6.98528364195273,"4","M"
"X1952",39,23,4,4.70315360039024,"4","M"
"X1952",39,23,5,8.29700311789675,"4","M"
"X1952",39,23,6,6.89927578773509,"4","M"
"X1952",39,23,7,6.04095610082579,"4","M"
"X1952",39,29,0,7.13693407541459,"4","M"
"X1952",39,29,1,8.83234672197599,"4","M"
"X1952",39,29,2,7.74210741047052,"4","M"
"X1952",39,29,3,11.7146195272874,"4","M"
"X1952",39,29,4,7.31099169165871,"4","M"
"X1952",39,29,5,14.5084770356552,"4","M"
"X1952",39,29,6,12.3043930705022,"4","M"
"X1952",39,29,7,9.4794707576304,"4","M"
"X1952",39,35,0,10.3282140918262,"4","M"
"X1952",39,35,1,12.5636475240782,"4","M"
"X1952",39,35,2,11.449904101934,"4","M"
"X1952",39,35,3,17.065187338588,"4","M"
"X1952",39,35,4,10.826976156771,"4","M"
"X1952",39,35,5,20.0800914573356,"4","M"
"X1952",39,35,6,17.2649667479962,"4","M"
"X1952",39,35,7,14.6443273883166,"4","M"
"X1952",39,47,0,17.4802069142108,"4","M"
"X1952",39,47,1,22.240670225734,"4","M"
"X1952",39,47,2,19.7805702167602,"4","M"
"X1952",39,47,3,28.0171276514982,"4","M"
"X1952",39,47,4,20.4861767807515,"4","M"
"X1952",39,47,5,31.6116173089796,"4","M"
"X1952",39,47,6,28.0400193220748,"4","M"
"X1952",39,47,7,26.5763602714277,"4","M"
"X1952",39,53,0,21.6631424140065,"4","M"
"X1952",39,53,1,27.4484914668867,"4","M"
"X1952",39,53,2,24.3899947757379,"4","M"
"X1952",39,53,3,33.313846475208,"4","M"
"X1952",39,53,4,25.6650315208805,"4","M"
"X1952",39,53,5,37.7745846793307,"4","M"
"X1952",39,53,6,32.7007130707219,"4","M"
"X1952",39,53,7,32.9326110075078,"4","M"
"X1952",39,59,0,25.8813867937655,"4","M"
"X1952",39,59,1,32.6328383738093,"4","M"
"X1952",39,59,2,28.6990169662839,"4","M"
"X1952",39,59,3,38.5490088445648,"4","M"
"X1952",39,59,4,30.9105116539872,"4","M"
"X1952",39,59,5,43.6547124586314,"4","M"
"X1952",39,59,6,37.4560718818909,"4","M"
"X1952",39,59,7,38.9055368890382,"4","M"
"X1952",39,71,0,34.5022672089153,"4","M"
"X1952",39,71,1,42.8845002973388,"4","M"
"X1952",39,71,2,37.3376080905143,"4","M"
"X1952",39,71,3,48.9974843933656,"4","M"
"X1952",39,71,4,42.170626275866,"4","M"
"X1952",39,71,5,55.2496121737635,"4","M"
"X1952",39,71,6,46.886441647429,"4","M"
"X1952",39,71,7,50.9669702877486,"4","M"
"X1952",39,77,0,38.7582450752743,"4","M"
"X1952",39,77,1,47.967434890904,"4","M"
"X1952",39,77,2,41.8141629695924,"4","M"
"X1952",39,77,3,54.0395318303894,"4","M"
"X1952",39,77,4,47.8346087047366,"4","M"
"X1952",39,77,5,61.5462325638266,"4","M"
"X1952",39,77,6,51.3577699957633,"4","M"
"X1952",39,77,7,56.7471382576749,"4","M"
"X1952",39,83,0,42.9563143845136,"4","M"
"X1952",39,83,1,53.0788434409614,"4","M"
"X1952",39,83,2,46.528791197864,"4","M"
"X1952",39,83,3,59.1184781064725,"4","M"
"X1952",39,83,4,53.4048127213111,"4","M"
"X1952",39,83,5,68.9821201183841,"4","M"
"X1952",39,83,6,56.8711259865333,"4","M"
"X1952",39,83,7,62.4767170492008,"4","M"
"X1952",39,95,0,51.1691774893676,"4","M"
"X1952",39,95,1,63.2212635619875,"4","M"
"X1952",39,95,2,53.2567622206195,"4","M"
"X1952",39,95,3,69.5127527617931,"4","M"
"X1952",39,95,4,64.1116874820937,"4","M"
"X1952",39,95,5,78.2378893822425,"4","M"
"X1952",39,95,6,70.7156416845086,"4","M"
"X1952",39,95,7,73.5280343278851,"4","M"
"X1952",39,101,0,55.1166069253353,"4","M"
"X1952",39,101,1,68.1913295756074,"4","M"
"X1952",39,101,2,56.29196809244,"4","M"
"X1952",39,101,3,74.9509100637343,"4","M"
"X1952",39,101,4,69.326970025759,"4","M"
"X1952",39,101,5,81.5063018217266,"4","M"
"X1952",39,101,6,77.7349138804202,"4","M"
"X1952",39,101,7,79.0045325670538,"4","M"
"X1952",39,107,0,58.9305561426568,"4","M"
"X1952",39,107,1,72.8903976839089,"4","M"
"X1952",39,107,2,59.1415126860097,"4","M"
"X1952",39,107,3,81.6483141851483,"4","M"
"X1952",39,107,4,75.4533324263734,"4","M"
"X1952",39,107,5,85.759612487378,"4","M"
"X1952",39,107,6,83.220946573959,"4","M"
"X1952",39,107,7,85.2662616659436,"4","M"
"X2342",16,0,0,0,"1","B"
"X2342",16,0,1,0,"1","B"
"X2342",16,0,2,0,"1","B"
"X2342",16,0,3,0,"1","B"
"X2342",16,0,4,0,"1","B"
"X2342",16,0,5,0,"1","B"
"X2342",16,0,6,0,"1","B"
"X2342",16,0,7,0,"1","B"
"X2342",16,2,0,0.306,"1","B"
"X2342",16,2,1,0.242,"1","B"
"X2342",16,2,2,0.252,"1","B"
"X2342",16,2,3,0.212,"1","B"
"X2342",16,2,4,0.283,"1","B"
"X2342",16,2,5,0.218,"1","B"
"X2342",16,2,6,0.292,"1","B"
"X2342",16,2,7,0.216,"1","B"
"X2342",16,8,0,1.01716657133319,"1","B"
"X2342",16,8,1,0.9935831536664,"1","B"
"X2342",16,8,2,0.936166703333388,"1","B"
"X2342",16,8,3,0.830416494333077,"1","B"
"X2342",16,8,4,1.11983329666661,"1","B"
"X2342",16,8,5,0.826416670333339,"1","B"
"X2342",16,8,6,1.16733318666645,"1","B"
"X2342",16,8,7,0.870916604333241,"1","B"
"X2342",16,20,0,1.96459255529152,"1","B"
"X2342",16,20,1,2.38172216407802,"1","B"
"X2342",16,20,2,2.21833322249666,"1","B"
"X2342",16,20,3,1.91212957224336,"1","B"
"X2342",16,20,4,2.69088887703267,"1","B"
"X2342",16,20,5,1.99768518464381,"1","B"
"X2342",16,20,6,3.02922217138665,"1","B"
"X2342",16,20,7,2.21153701597736,"1","B"
"X2342",16,26,0,2.67956393838161,"1","B"
"X2342",16,26,1,3.26230484229766,"1","B"
"X2342",16,26,2,2.91964980473787,"1","B"
"X2342",16,26,3,2.66969810149711,"1","B"
"X2342",16,26,4,3.47819895392284,"1","B"
"X2342",16,26,5,2.75353496655443,"1","B"
"X2342",16,26,6,4.32500159638407,"1","B"
"X2342",16,26,7,3.05546474745008,"1","B"
"X2342",16,32,0,3.39210092060464,"1","B"
"X2342",16,32,1,4.33291906833834,"1","B"
"X2342",16,32,2,3.71304075871964,"1","B"
"X2342",16,32,3,3.43599866966288,"1","B"
"X2342",16,32,4,4.28491230909184,"1","B"
"X2342",16,32,5,3.91231122948567,"1","B"
"X2342",16,32,6,5.49105630228952,"1","B"
"X2342",16,32,7,4.03327848912623,"1","B"
"X2342",16,44,0,5.36541747458582,"1","B"
"X2342",16,44,1,6.82074604871944,"1","B"
"X2342",16,44,2,5.58419604663558,"1","B"
"X2342",16,44,3,4.96018824397072,"1","B"
"X2342",16,44,4,6.39093755203625,"1","B"
"X2342",16,44,5,6.26018995758216,"1","B"
"X2342",16,44,6,7.85815077909773,"1","B"
"X2342",16,44,7,5.99947855465396,"1","B"
"X2342",16,50,0,6.98035428590564,"1","B"
"X2342",16,50,1,8.19910794757411,"1","B"
"X2342",16,50,2,6.95158860617739,"1","B"
"X2342",16,50,3,5.79714939302503,"1","B"
"X2342",16,50,4,7.98889735205215,"1","B"
"X2342",16,50,5,7.67333131649393,"1","B"
"X2342",16,50,6,9.20732552713617,"1","B"
"X2342",16,50,7,7.22616047672939,"1","B"
"X2342",16,56,0,8.04141080490265,"1","B"
"X2342",16,56,1,9.90445172158064,"1","B"
"X2342",16,56,2,8.15364280115756,"1","B"
"X2342",16,56,3,6.83574046837593,"1","B"
"X2342",16,56,4,9.61732851508914,"1","B"
"X2342",16,56,5,9.19466357575273,"1","B"
"X2342",16,56,6,11.1535862835594,"1","B"
"X2342",16,56,7,8.71567917436816,"1","B"
"X2342",16,68,0,10.3120450786742,"1","B"
"X2342",16,68,1,13.2677561842413,"1","B"
"X2342",16,68,2,10.4770320575629,"1","B"
"X2342",16,68,3,10.0859513404321,"1","B"
"X2342",16,68,4,13.0499543329795,"1","B"
"X2342",16,68,5,12.4428843647916,"1","B"
"X2342",16,68,6,15.9042164166271,"1","B"
"X2342",16,68,7,12.6745658848727,"1","B"
"X2342",16,74,0,11.4488892760943,"1","B"
"X2342",16,74,1,14.3533407435918,"1","B"
"X2342",16,74,2,11.5967481101376,"1","B"
"X2342",16,74,3,12.8251973012786,"1","B"
"X2342",16,74,4,14.8166872346083,"1","B"
"X2342",16,74,5,14.2818188894335,"1","B"
"X2342",16,74,6,18.8157850276373,"1","B"
"X2342",16,74,7,15.175125137984,"1","B"
"X2342",16,80,0,13.115066528974,"1","B"
"X2342",16,80,1,17.5149823348131,"1","B"
"X2342",16,80,2,13.5176830037641,"1","B"
"X2342",16,80,3,16.0813133833649,"1","B"
"X2342",16,80,4,16.5931516432289,"1","B"
"X2342",16,80,5,16.5797498349328,"1","B"
"X2342",16,80,6,23.2805268925555,"1","B"
"X2342",16,80,7,18.0448586334202,"1","B"
"X2342",16,92,0,18.1651417783577,"1","B"
"X2342",16,92,1,27.4694343781168,"1","B"
"X2342",16,92,2,21.601380707724,"1","B"
"X2342",16,92,3,23.6974753637981,"1","B"
"X2342",16,92,4,20.7492802365464,"1","B"
"X2342",16,92,5,21.725721628698,"1","B"
"X2342",16,92,6,33.9499529436561,"1","B"
"X2342",16,92,7,25.0354578897437,"1","B"
"X2342",16,98,0,19.5849097874383,"1","B"
"X2342",16,98,1,32.3568749893798,"1","B"
"X2342",16,98,2,25.9467171091168,"1","B"
"X2342",16,98,3,27.4983567841708,"1","B"
"X2342",16,98,4,22.6000347887239,"1","B"
"X2342",16,98,5,25.2183409957569,"1","B"
"X2342",16,98,6,39.832506639389,"1","B"
"X2342",16,98,7,29.2304408589069,"1","B"
"X2342",16,104,0,21.2727571452235,"1","B"
"X2342",16,104,1,38.1678704729285,"1","B"
"X2342",16,104,2,30.5947593894725,"1","B"
"X2342",16,104,3,31.8892894943877,"1","B"
"X2342",16,104,4,24.4621294270013,"1","B"
"X2342",16,104,5,28.4053687249044,"1","B"
"X2342",16,104,6,45.7244162949943,"1","B"
"X2342",16,104,7,33.5614366586315,"1","B"
"X2342",16,127,0,29.6247209463753,"1","B"
"X2342",16,127,1,65.887992441606,"1","B"
"X2342",16,127,2,51.4450276594704,"1","B"
"X2342",16,127,3,53.4549625026746,"1","B"
"X2342",16,127,4,34.8275894143795,"1","B"
"X2342",16,127,5,41.8282153258151,"1","B"
"X2342",16,127,6,59.628188131786,"1","B"
"X2342",16,127,7,51.5012711848193,"1","B"
"X2342",16,151,0,40.0427785093927,"1","B"
"X2342",16,151,1,99.5752940567446,"1","B"
"X2342",16,151,2,73.9542101167899,"1","B"
"X2342",16,151,3,75.7698719687078,"1","B"
"X2342",16,151,4,48.115447330387,"1","B"
"X2342",16,151,5,56.5900908882956,"1","B"
"X2342",16,151,6,81.6210445026325,"1","B"
"X2342",16,151,7,68.5810152541159,"1","B"
"X2342",16,164,0,45.9400071188677,"1","B"
"X2342",16,164,1,113.093713275541,"1","B"
"X2342",16,164,2,82.1987992957241,"1","B"
"X2342",16,164,3,82.7345817774529,"1","B"
"X2342",16,164,4,57.5692222258414,"1","B"
"X2342",16,164,5,64.1718183637685,"1","B"
"X2342",16,164,6,91.4012522741362,"1","B"
"X2342",16,164,7,76.43420978503,"1","B"
"X2342",20,0,0,0,"2","T"
"X2342",20,0,1,0,"2","T"
"X2342",20,0,2,0,"2","T"
"X2342",20,0,3,0,"2","T"
"X2342",20,0,5,0,"2","T"
"X2342",20,0,6,0,"2","T"
"X2342",20,0,7,0,"2","T"
"X2342",20,4,0,0.63,"2","T"
"X2342",20,4,1,0.462,"2","T"
"X2342",20,4,2,0.596,"2","T"
"X2342",20,4,3,0.65,"2","T"
"X2342",20,4,5,0.694,"2","T"
"X2342",20,4,6,0.46,"2","T"
"X2342",20,4,7,0.68,"2","T"
"X2342",20,10,0,1.64687535044254,"2","T"
"X2342",20,10,1,1.2608751465487,"2","T"
"X2342",20,10,2,2.00366622489668,"2","T"
"X2342",20,10,3,1.62954213604728,"2","T"
"X2342",20,10,5,2.05629242914467,"2","T"
"X2342",20,10,6,1.31066663268436,"2","T"
"X2342",20,10,7,1.69516667479752,"2","T"
"X2342",20,22,0,4.28465869428322,"2","T"
"X2342",20,22,1,3.29337543085585,"2","T"
"X2342",20,22,2,4.94926512811455,"2","T"
"X2342",20,22,3,3.94600870179875,"2","T"
"X2342",20,22,5,5.91366507780278,"2","T"
"X2342",20,22,6,3.21894341554811,"2","T"
"X2342",20,22,7,4.60197650293809,"2","T"
"X2342",20,28,0,5.55727798217671,"2","T"
"X2342",20,28,1,4.36563042365407,"2","T"
"X2342",20,28,2,6.32825508748254,"2","T"
"X2342",20,28,3,4.80123787276582,"2","T"
"X2342",20,28,5,7.1377202969803,"2","T"
"X2342",20,28,6,4.16913471364293,"2","T"
"X2342",20,28,7,5.79123510184627,"2","T"
"X2342",20,34,0,7.57854267985886,"2","T"
"X2342",20,34,1,5.87947228781829,"2","T"
"X2342",20,34,2,8.01991693310999,"2","T"
"X2342",20,34,3,6.38617020745202,"2","T"
"X2342",20,34,5,9.37116289634388,"2","T"
"X2342",20,34,6,5.36584043701,"2","T"
"X2342",20,34,7,7.86001347537233,"2","T"
"X2342",20,46,0,12.6623603736629,"2","T"
"X2342",20,46,1,9.95171175881684,"2","T"
"X2342",20,46,2,13.2956388924893,"2","T"
"X2342",20,46,3,10.2782502203745,"2","T"
"X2342",20,46,5,14.5661546303232,"2","T"
"X2342",20,46,6,8.42495718999452,"2","T"
"X2342",20,46,7,13.2285261289313,"2","T"
"X2342",20,52,0,15.5667297898151,"2","T"
"X2342",20,52,1,12.9168328662362,"2","T"
"X2342",20,52,2,17.2337167871886,"2","T"
"X2342",20,52,3,13.4610523377865,"2","T"
"X2342",20,52,5,17.6045321763734,"2","T"
"X2342",20,52,6,10.6762248859918,"2","T"
"X2342",20,52,7,17.8216829860376,"2","T"
"X2342",20,58,0,20.5299923263613,"2","T"
"X2342",20,58,1,17.3891775668812,"2","T"
"X2342",20,58,2,22.827114315475,"2","T"
"X2342",20,58,3,18.2459803126408,"2","T"
"X2342",20,58,5,23.0372733280101,"2","T"
"X2342",20,58,6,13.8908072322814,"2","T"
"X2342",20,58,7,24.9620048301305,"2","T"
"X2342",20,70,0,35.2222739825171,"2","T"
"X2342",20,70,1,34.9863628731634,"2","T"
"X2342",20,70,2,37.3857541357967,"2","T"
"X2342",20,70,3,36.8274059195936,"2","T"
"X2342",20,70,5,37.9600911775941,"2","T"
"X2342",20,70,6,24.625917804802,"2","T"
"X2342",20,70,7,41.483498923468,"2","T"
"X2342",20,76,0,42.7105888034678,"2","T"
"X2342",20,76,1,44.7975068485277,"2","T"
"X2342",20,76,2,46.3473507294269,"2","T"
"X2342",20,76,3,45.4741107544661,"2","T"
"X2342",20,76,5,46.2774021419798,"2","T"
"X2342",20,76,6,31.8909268865044,"2","T"
"X2342",20,76,7,48.5913287957614,"2","T"
"X2342",20,82,0,50.2783178231696,"2","T"
"X2342",20,82,1,54.4112461514348,"2","T"
"X2342",20,82,2,54.6745802347463,"2","T"
"X2342",20,82,3,54.0273307451885,"2","T"
"X2342",20,82,5,54.9046594952269,"2","T"
"X2342",20,82,6,37.9770560842419,"2","T"
"X2342",20,82,7,55.237625283891,"2","T"
"X2342",20,94,0,65.8850721699025,"2","T"
"X2342",20,94,1,73.1706820525602,"2","T"
"X2342",20,94,2,72.8219631479732,"2","T"
"X2342",20,94,3,70.3070514268477,"2","T"
"X2342",20,94,5,72.5283215161509,"2","T"
"X2342",20,94,6,49.029625421731,"2","T"
"X2342",20,94,7,70.3592198555605,"2","T"
"X2342",20,100,0,74.2623704744471,"2","T"
"X2342",20,100,1,83.1193033964499,"2","T"
"X2342",20,100,2,82.9500458449467,"2","T"
"X2342",20,100,3,79.2328055200075,"2","T"
"X2342",20,100,5,82.7391626760168,"2","T"
"X2342",20,100,6,54.4356902652377,"2","T"
"X2342",20,100,7,79.0846481219998,"2","T"
"X2342",20,106,0,82.1255965588749,"2","T"
"X2342",20,106,1,92.6988582757356,"2","T"
"X2342",20,106,2,91.8834022779564,"2","T"
"X2342",20,106,3,88.1902461131622,"2","T"
"X2342",20,106,5,92.2160652635985,"2","T"
"X2342",20,106,6,59.7431224517952,"2","T"
"X2342",20,106,7,87.3880898565157,"2","T"
"X2342",25,0,0,0,"2","T"
"X2342",25,0,1,0,"2","T"
"X2342",25,0,2,0,"2","T"
"X2342",25,0,3,0,"2","T"
"X2342",25,0,5,0,"2","T"
"X2342",25,0,6,0,"2","T"
"X2342",25,0,7,0,"2","T"
"X2342",25,5,0,0.8875,"2","T"
"X2342",25,5,1,0.425,"2","T"
"X2342",25,5,2,0.7275,"2","T"
"X2342",25,5,3,0.6625,"2","T"
"X2342",25,5,5,1.0875,"2","T"
"X2342",25,5,6,0.6975,"2","T"
"X2342",25,5,7,1.04,"2","T"
"X2342",25,11,0,2.14307470328708,"2","T"
"X2342",25,11,1,1.07081655277686,"2","T"
"X2342",25,11,2,1.58065012587821,"2","T"
"X2342",25,11,3,1.85200734129318,"2","T"
"X2342",25,11,5,2.27263364503175,"2","T"
"X2342",25,11,6,1.61604586180578,"2","T"
"X2342",25,11,7,2.34417896735951,"2","T"
"X2342",25,23,0,4.99971076940375,"2","T"
"X2342",25,23,1,3.13368872136379,"2","T"
"X2342",25,23,2,3.64643411176389,"2","T"
"X2342",25,23,3,4.3606022645476,"2","T"
"X2342",25,23,5,5.40196773599715,"2","T"
"X2342",25,23,6,4.39073569179294,"2","T"
"X2342",25,23,7,6.09965246976909,"2","T"
"X2342",25,29,0,6.8731991847987,"2","T"
"X2342",25,29,1,4.9509710805291,"2","T"
"X2342",25,29,2,4.90090716308878,"2","T"
"X2342",25,29,3,6.25290885666581,"2","T"
"X2342",25,29,5,8.15481026527088,"2","T"
"X2342",25,29,6,6.55531175888479,"2","T"
"X2342",25,29,7,9.67525990603201,"2","T"
"X2342",25,35,0,10.1142639272588,"2","T"
"X2342",25,35,1,7.25354971195137,"2","T"
"X2342",25,35,2,6.27688076278434,"2","T"
"X2342",25,35,3,8.80534117527804,"2","T"
"X2342",25,35,5,13.8593464115637,"2","T"
"X2342",25,35,6,9.91599685318951,"2","T"
"X2342",25,35,7,14.9975045869259,"2","T"
"X2342",25,47,0,20.7754929167539,"2","T"
"X2342",25,47,1,14.8256680887265,"2","T"
"X2342",25,47,2,11.1045891657491,"2","T"
"X2342",25,47,3,15.8828456372443,"2","T"
"X2342",25,47,5,29.7462454834572,"2","T"
"X2342",25,47,6,22.0640676394419,"2","T"
"X2342",25,47,7,26.3589732426352,"2","T"
"X2342",25,53,0,26.5233325328062,"2","T"
"X2342",25,53,1,21.8444273092197,"2","T"
"X2342",25,53,2,14.8735919623876,"2","T"
"X2342",25,53,3,21.790599250521,"2","T"
"X2342",25,53,5,39.3149827612475,"2","T"
"X2342",25,53,6,28.4436969535751,"2","T"
"X2342",25,53,7,32.7007979483234,"2","T"
"X2342",25,59,0,32.3406624480316,"2","T"
"X2342",25,59,1,28.9368549095637,"2","T"
"X2342",25,59,2,22.2970854104601,"2","T"
"X2342",25,59,3,30.7116109178904,"2","T"
"X2342",25,59,5,49.2370067060936,"2","T"
"X2342",25,59,6,35.5993081327354,"2","T"
"X2342",25,59,7,38.5032850641117,"2","T"
"X2342",25,71,0,44.6499338429759,"2","T"
"X2342",25,71,1,44.2580733485946,"2","T"
"X2342",25,71,2,41.8548990106151,"2","T"
"X2342",25,71,3,51.4357724440279,"2","T"
"X2342",25,71,5,67.2447937186649,"2","T"
"X2342",25,71,6,49.3402706693073,"2","T"
"X2342",25,71,7,50.0981901539122,"2","T"
"X2342",25,77,0,52.789357920817,"2","T"
"X2342",25,77,1,52.2563980133724,"2","T"
"X2342",25,77,2,52.2166333735844,"2","T"
"X2342",25,77,3,63.300804838073,"2","T"
"X2342",25,77,5,74.3916700500395,"2","T"
"X2342",25,77,6,55.9964029042134,"2","T"
"X2342",25,77,7,57.4281198116999,"2","T"
"X2342",25,83,0,60.3439656578116,"2","T"
"X2342",25,83,1,60.1316987334871,"2","T"
"X2342",25,83,2,63.7656871743712,"2","T"
"X2342",25,83,3,74.9382315257415,"2","T"
"X2342",25,83,5,82.3059111700172,"2","T"
"X2342",25,83,6,63.0709578160652,"2","T"
"X2342",25,83,7,64.5843462156031,"2","T"
"X2342",25,95,0,75.0318685830935,"2","T"
"X2342",25,95,1,76.1220944449884,"2","T"
"X2342",25,95,2,87.4208877790676,"2","T"
"X2342",25,95,3,98.5967647480923,"2","T"
"X2342",25,95,5,97.1702023729517,"2","T"
"X2342",25,95,6,77.1211544310213,"2","T"
"X2342",25,95,7,78.2213731450249,"2","T"
"X2342",25,101,0,82.5871164726837,"2","T"
"X2342",25,101,1,84.331800331697,"2","T"
"X2342",25,101,2,98.8047251839869,"2","T"
"X2342",25,101,3,109.937297933558,"2","T"
"X2342",25,101,5,104.412844560675,"2","T"
"X2342",25,101,6,84.3795801397717,"2","T"
"X2342",25,101,7,83.8856084976867,"2","T"
"X2342",25,107,0,90.2759666245936,"2","T"
"X2342",25,107,1,92.8630815685657,"2","T"
"X2342",25,107,2,110.130713782286,"2","T"
"X2342",25,107,3,121.144572792056,"2","T"
"X2342",25,107,5,111.545179771605,"2","T"
"X2342",25,107,6,91.8841109711365,"2","T"
"X2342",25,107,7,90.169335245679,"2","T"
"X2342",25.1,0,0,0,"3","B"
"X2342",25.1,0,1,0,"3","B"
"X2342",25.1,0,2,0,"3","B"
"X2342",25.1,0,3,0,"3","B"
"X2342",25.1,0,5,0,"3","B"
"X2342",25.1,0,6,0,"3","B"
"X2342",25.1,0,7,0,"3","B"
"X2342",25.1,4,0,0.662,"3","B"
"X2342",25.1,4,1,0.594,"3","B"
"X2342",25.1,4,2,0.452,"3","B"
"X2342",25.1,4,3,0.738,"3","B"
"X2342",25.1,4,5,0.702,"3","B"
"X2342",25.1,4,6,0.568,"3","B"
"X2342",25.1,4,7,0.746,"3","B"
"X2342",25.1,10,0,1.63737532495581,"3","B"
"X2342",25.1,10,1,1.76712495539822,"3","B"
"X2342",25.1,10,2,1.36041651799408,"3","B"
"X2342",25.1,10,3,2.05829181746315,"3","B"
"X2342",25.1,10,5,1.68845873050154,"3","B"
"X2342",25.1,10,6,1.48233346926256,"3","B"
"X2342",25.1,10,7,1.76820834185245,"3","B"
"X2342",25.1,22,0,4.80567471256714,"3","B"
"X2342",25.1,22,1,6.04378643402278,"3","B"
"X2342",25.1,22,2,4.94530318888641,"3","B"
"X2342",25.1,22,3,6.04737016922831,"3","B"
"X2342",25.1,22,5,5.34981083129048,"3","B"
"X2342",25.1,22,6,5.18670360926245,"3","B"
"X2342",25.1,22,7,5.01249697946082,"3","B"
"X2342",25.1,28,0,7.41549587483842,"3","B"
"X2342",25.1,28,1,10.2581874925705,"3","B"
"X2342",25.1,28,2,8.41262091824739,"3","B"
"X2342",25.1,28,3,9.27183230012962,"3","B"
"X2342",25.1,28,5,8.59707563874482,"3","B"
"X2342",25.1,28,6,8.68253103732683,"3","B"
"X2342",25.1,28,7,7.24191872024232,"3","B"
"X2342",25.1,34,0,11.6732149371436,"3","B"
"X2342",25.1,34,1,17.1137120674934,"3","B"
"X2342",25.1,34,2,12.5827511908673,"3","B"
"X2342",25.1,34,3,15.034382129248,"3","B"
"X2342",25.1,34,5,13.1203193577488,"3","B"
"X2342",25.1,34,6,12.7333510614642,"3","B"
"X2342",25.1,34,7,11.9830601908069,"3","B"
"X2342",25.1,46,0,23.0221909104728,"3","B"
"X2342",25.1,46,1,31.0796853625399,"3","B"
"X2342",25.1,46,2,24.1390872913462,"3","B"
"X2342",25.1,46,3,27.617697605298,"3","B"
"X2342",25.1,46,5,23.8394127708353,"3","B"
"X2342",25.1,46,6,23.7316458086355,"3","B"
"X2342",25.1,46,7,22.0962023420263,"3","B"
"X2342",25.1,52,0,30.2088668214844,"3","B"
"X2342",25.1,52,1,37.4246942023464,"3","B"
"X2342",25.1,52,2,30.9037053599666,"3","B"
"X2342",25.1,52,3,33.882782619493,"3","B"
"X2342",25.1,52,5,30.5725724939839,"3","B"
"X2342",25.1,52,6,31.2168623592387,"3","B"
"X2342",25.1,52,7,28.5082612845262,"3","B"
"X2342",25.1,58,0,36.2559512286916,"3","B"
"X2342",25.1,58,1,42.859620176786,"3","B"
"X2342",25.1,58,2,36.6121900177519,"3","B"
"X2342",25.1,58,3,39.2018696921609,"3","B"
"X2342",25.1,58,5,37.4811274945555,"3","B"
"X2342",25.1,58,6,37.0441810501976,"3","B"
"X2342",25.1,58,7,34.3301427316834,"3","B"
"X2342",25.1,70,0,50.5374409646087,"3","B"
"X2342",25.1,70,1,57.1532442301337,"3","B"
"X2342",25.1,70,2,49.9855009095837,"3","B"
"X2342",25.1,70,3,53.9306943921118,"3","B"
"X2342",25.1,70,5,50.1879817619802,"3","B"
"X2342",25.1,70,6,48.1575895831334,"3","B"
"X2342",25.1,70,7,46.6229433742863,"3","B"
"X2342",25.1,76,0,57.246418680705,"3","B"
"X2342",25.1,76,1,63.8832638409434,"3","B"
"X2342",25.1,76,2,57.8935712578759,"3","B"
"X2342",25.1,76,3,60.5410577428928,"3","B"
"X2342",25.1,76,5,57.128507217958,"3","B"
"X2342",25.1,76,6,54.8872847591488,"3","B"
"X2342",25.1,76,7,53.5773304625304,"3","B"
"X2342",25.1,82,0,64.6359797005934,"3","B"
"X2342",25.1,82,1,71.33979124134,"3","B"
"X2342",25.1,82,2,67.4827767552882,"3","B"
"X2342",25.1,82,3,68.6906332488647,"3","B"
"X2342",25.1,82,5,63.942326245777,"3","B"
"X2342",25.1,82,6,62.1723586522292,"3","B"
"X2342",25.1,82,7,59.5490779290049,"3","B"
"X2342",25.1,94,0,79.6369330508665,"3","B"
"X2342",25.1,94,1,85.7250966675626,"3","B"
"X2342",25.1,94,2,84.8366136071429,"3","B"
"X2342",25.1,94,3,84.0465702550234,"3","B"
"X2342",25.1,94,5,77.7301263502493,"3","B"
"X2342",25.1,94,6,72.284316053023,"3","B"
"X2342",25.1,94,7,69.9866578741797,"3","B"
"X2342",25.1,100,0,86.8541804929191,"3","B"
"X2342",25.1,100,1,92.9206535513285,"3","B"
"X2342",25.1,100,2,93.6552813881142,"3","B"
"X2342",25.1,100,3,92.0236358918698,"3","B"
"X2342",25.1,100,5,84.6770424288373,"3","B"
"X2342",25.1,100,6,78.8299133005623,"3","B"
"X2342",25.1,100,7,75.6972467417208,"3","B"
"X2342",25.1,106,0,94.2751257168645,"3","B"
"X2342",25.1,106,1,100.758920628859,"3","B"
"X2342",25.1,106,2,102.312452347316,"3","B"
"X2342",25.1,106,3,100.032561158638,"3","B"
"X2342",25.1,106,5,92.9424735573406,"3","B"
"X2342",25.1,106,6,86.584632433267,"3","B"
"X2342",25.1,106,7,81.8761666746541,"3","B"
"X2342",25.2,0,0,0,"1","T"
"X2342",25.2,0,1,0,"1","T"
"X2342",25.2,0,2,0,"1","T"
"X2342",25.2,0,3,0,"1","T"
"X2342",25.2,0,4,0,"1","T"
"X2342",25.2,0,5,0,"1","T"
"X2342",25.2,0,6,0,"1","T"
"X2342",25.2,0,7,0,"1","T"
"X2342",25.2,2,0,0.24,"1","T"
"X2342",25.2,2,1,0.224,"1","T"
"X2342",25.2,2,2,0.204,"1","T"
"X2342",25.2,2,3,0.201,"1","T"
"X2342",25.2,2,4,0.244,"1","T"
"X2342",25.2,2,5,0.203,"1","T"
"X2342",25.2,2,6,0.247,"1","T"
"X2342",25.2,2,7,0.172,"1","T"
"X2342",25.2,8,0,0.94758324166653,"1","T"
"X2342",25.2,8,1,0.865583505666923,"1","T"
"X2342",25.2,8,2,0.88024987899982,"1","T"
"X2342",25.2,8,3,0.802166791333519,"1","T"
"X2342",25.2,8,4,0.99383303266622,"1","T"
"X2342",25.2,8,5,0.765250275000409,"1","T"
"X2342",25.2,8,6,1.07700004400007,"1","T"
"X2342",25.2,8,7,0.765166747333453,"1","T"
"X2342",25.2,20,0,2.43224070836622,"1","T"
"X2342",25.2,20,1,3.15042549282499,"1","T"
"X2342",25.2,20,2,2.54975921806025,"1","T"
"X2342",25.2,20,3,2.60825929455723,"1","T"
"X2342",25.2,20,4,2.49277767708112,"1","T"
"X2342",25.2,20,5,2.28820378983725,"1","T"
"X2342",25.2,20,6,2.9659259427087,"1","T"
"X2342",25.2,20,7,2.17018521387832,"1","T"
"X2342",25.2,26,0,3.48397608936314,"1","T"
"X2342",25.2,26,1,4.97057968249736,"1","T"
"X2342",25.2,26,2,3.79458301364073,"1","T"
"X2342",25.2,26,3,3.91024037975554,"1","T"
"X2342",25.2,26,4,3.76050812883097,"1","T"
"X2342",25.2,26,5,3.13052106441377,"1","T"
"X2342",25.2,26,6,3.88518233308871,"1","T"
"X2342",25.2,26,7,2.81067577317129,"1","T"
"X2342",25.2,32,0,4.73155349545482,"1","T"
"X2342",25.2,32,1,6.47650240747263,"1","T"
"X2342",25.2,32,2,5.140286297943,"1","T"
"X2342",25.2,32,3,5.24659478827259,"1","T"
"X2342",25.2,32,4,5.19237990731569,"1","T"
"X2342",25.2,32,5,4.39161934520838,"1","T"
"X2342",25.2,32,6,5.22435072229187,"1","T"
"X2342",25.2,32,7,3.7997200789848,"1","T"
"X2342",25.2,44,0,9.37473676576467,"1","T"
"X2342",25.2,44,1,12.0055518464697,"1","T"
"X2342",25.2,44,2,10.2426326730968,"1","T"
"X2342",25.2,44,3,9.82904440747628,"1","T"
"X2342",25.2,44,4,11.0756709719743,"1","T"
"X2342",25.2,44,5,8.82251725421099,"1","T"
"X2342",25.2,44,6,10.7111022859621,"1","T"
"X2342",25.2,44,7,7.72984704945531,"1","T"
"X2342",25.2,50,0,13.5759040601489,"1","T"
"X2342",25.2,50,1,16.4898135366493,"1","T"
"X2342",25.2,50,2,15.3660093471479,"1","T"
"X2342",25.2,50,3,14.2330619310415,"1","T"
"X2342",25.2,50,4,16.2118505675153,"1","T"
"X2342",25.2,50,5,12.4685140131003,"1","T"
"X2342",25.2,50,6,15.455558542682,"1","T"
"X2342",25.2,50,7,11.2285995116484,"1","T"
"X2342",25.2,56,0,17.9676262217561,"1","T"
"X2342",25.2,56,1,20.7941074211907,"1","T"
"X2342",25.2,56,2,20.8705876784765,"1","T"
"X2342",25.2,56,3,19.3057818701807,"1","T"
"X2342",25.2,56,4,21.5348384230959,"1","T"
"X2342",25.2,56,5,17.0262675749777,"1","T"
"X2342",25.2,56,6,20.428585487932,"1","T"
"X2342",25.2,56,7,14.4717697008581,"1","T"
"X2342",25.2,68,0,29.1205881975975,"1","T"
"X2342",25.2,68,1,33.320174789886,"1","T"
"X2342",25.2,68,2,31.1789582563554,"1","T"
"X2342",25.2,68,3,29.6153649843786,"1","T"
"X2342",25.2,68,4,34.9626521019321,"1","T"
"X2342",25.2,68,5,29.935918757686,"1","T"
"X2342",25.2,68,6,31.8778817984038,"1","T"
"X2342",25.2,68,7,23.5873988570694,"1","T"
"X2342",25.2,74,0,35.2509313252526,"1","T"
"X2342",25.2,74,1,40.8123522119228,"1","T"
"X2342",25.2,74,2,36.5181136677729,"1","T"
"X2342",25.2,74,3,35.1021784436094,"1","T"
"X2342",25.2,74,4,41.9480265126875,"1","T"
"X2342",25.2,74,5,36.9076363773646,"1","T"
"X2342",25.2,74,6,37.7363392302571,"1","T"
"X2342",25.2,74,7,28.7909839593399,"1","T"
"X2342",25.2,80,0,41.3348233843974,"1","T"
"X2342",25.2,80,1,48.9234102426045,"1","T"
"X2342",25.2,80,2,42.6518157013571,"1","T"
"X2342",25.2,80,3,41.1960212410748,"1","T"
"X2342",25.2,80,4,48.6492198467867,"1","T"
"X2342",25.2,80,5,42.4634605973055,"1","T"
"X2342",25.2,80,6,44.1345964517683,"1","T"
"X2342",25.2,80,7,34.1880716560918,"1","T"
"X2342",25.2,92,0,56.391116341544,"1","T"
"X2342",25.2,92,1,66.1711214620579,"1","T"
"X2342",25.2,92,2,56.5637727375974,"1","T"
"X2342",25.2,92,3,55.3295153322565,"1","T"
"X2342",25.2,92,4,64.6171951264128,"1","T"
"X2342",25.2,92,5,55.7914883738842,"1","T"
"X2342",25.2,92,6,58.7880314306215,"1","T"
"X2342",25.2,92,7,44.0324456285431,"1","T"
"X2342",25.2,98,0,63.9479756110535,"1","T"
"X2342",25.2,98,1,74.6905687169834,"1","T"
"X2342",25.2,98,2,63.2932110145274,"1","T"
"X2342",25.2,98,3,62.3864083698148,"1","T"
"X2342",25.2,98,4,72.743653637005,"1","T"
"X2342",25.2,98,5,63.0538175475977,"1","T"
"X2342",25.2,98,6,66.2812480213073,"1","T"
"X2342",25.2,98,7,50.2727740695873,"1","T"
"X2342",25.2,104,0,71.0976225595827,"1","T"
"X2342",25.2,104,1,83.0555088130675,"1","T"
"X2342",25.2,104,2,69.8463595587727,"1","T"
"X2342",25.2,104,3,69.3255149108679,"1","T"
"X2342",25.2,104,4,80.94502073285,"1","T"
"X2342",25.2,104,5,70.4724041636991,"1","T"
"X2342",25.2,104,6,73.2855259739833,"1","T"
"X2342",25.2,104,7,56.1740875891274,"1","T"
"X2342",25.2,127,0,97.787190070509,"1","T"
"X2342",25.2,127,1,114.535499345753,"1","T"
"X2342",25.2,127,2,93.9816647952517,"1","T"
"X2342",25.2,127,3,94.1859182405968,"1","T"
"X2342",25.2,127,4,112.225199707699,"1","T"
"X2342",25.2,127,5,97.9089604376912,"1","T"
"X2342",25.2,127,6,97.9170142882786,"1","T"
"X2342",25.2,127,7,76.0080528166402,"1","T"
"X2342",25.2,151,0,122.843233488587,"1","T"
"X2342",25.2,151,1,147.579713977581,"1","T"
"X2342",25.2,151,2,119.75233446331,"1","T"
"X2342",25.2,151,3,121.375264981169,"1","T"
"X2342",25.2,151,4,144.152784875123,"1","T"
"X2342",25.2,151,5,127.21176507274,"1","T"
"X2342",25.2,151,6,124.923473085776,"1","T"
"X2342",25.2,151,7,100.116419287067,"1","T"
"X2342",25.2,164,0,136.944309974271,"1","T"
"X2342",25.2,164,1,167.880996984375,"1","T"
"X2342",25.2,164,2,134.111493423796,"1","T"
"X2342",25.2,164,3,136.922406950252,"1","T"
"X2342",25.2,164,4,161.808567267235,"1","T"
"X2342",25.2,164,5,143.421925277159,"1","T"
"X2342",25.2,164,6,140.007891899039,"1","T"
"X2342",25.2,164,7,113.717306037722,"1","T"
"X2342",25.3,0,0,0,"4","M"
"X2342",25.3,0,1,0,"4","M"
"X2342",25.3,0,2,0,"4","M"
"X2342",25.3,0,3,0,"4","M"
"X2342",25.3,0,5,0,"4","M"
"X2342",25.3,0,6,0,"4","M"
"X2342",25.3,0,7,0,"4","M"
"X2342",25.3,4,0,0.498,"4","M"
"X2342",25.3,4,1,0.434,"4","M"
"X2342",25.3,4,2,0.44,"4","M"
"X2342",25.3,4,3,0.482,"4","M"
"X2342",25.3,4,5,0.468,"4","M"
"X2342",25.3,4,6,0.396,"4","M"
"X2342",25.3,4,7,0.652,"4","M"
"X2342",25.3,10,0,1.37937522300889,"4","M"
"X2342",25.3,10,1,1.28962508283187,"4","M"
"X2342",25.3,10,2,1.62483359669621,"4","M"
"X2342",25.3,10,3,1.30295875598827,"4","M"
"X2342",25.3,10,5,1.36933336731564,"4","M"
"X2342",25.3,10,6,1.16958322713863,"4","M"
"X2342",25.3,10,7,1.80533382607678,"4","M"
"X2342",25.3,22,0,4.81943743794623,"4","M"
"X2342",25.3,22,1,4.27123493614951,"4","M"
"X2342",25.3,22,2,5.58212216627377,"4","M"
"X2342",25.3,22,3,4.17298616003761,"4","M"
"X2342",25.3,22,5,4.66014882737251,"4","M"
"X2342",25.3,22,6,3.25493228982666,"4","M"
"X2342",25.3,22,7,5.80257816205803,"4","M"
"X2342",25.3,28,0,7.91121982298926,"4","M"
"X2342",25.3,28,1,6.59682206035327,"4","M"
"X2342",25.3,28,2,7.92897784731669,"4","M"
"X2342",25.3,28,3,6.00337306044383,"4","M"
"X2342",25.3,28,5,7.45483089980357,"4","M"
"X2342",25.3,28,6,4.8144458190679,"4","M"
"X2342",25.3,28,7,8.57137035708515,"4","M"
"X2342",25.3,34,0,12.6445446324564,"4","M"
"X2342",25.3,34,1,9.35705184649451,"4","M"
"X2342",25.3,34,2,11.9097376551521,"4","M"
"X2342",25.3,34,3,9.23827488513363,"4","M"
"X2342",25.3,34,5,10.9890697680259,"4","M"
"X2342",25.3,34,6,7.14034877251148,"4","M"
"X2342",25.3,34,7,12.8564283369645,"4","M"
"X2342",25.3,46,0,23.514475820396,"4","M"
"X2342",25.3,46,1,17.5569655093011,"4","M"
"X2342",25.3,46,2,23.0666913916085,"4","M"
"X2342",25.3,46,3,20.2190000094845,"4","M"
"X2342",25.3,46,5,22.1572722375492,"4","M"
"X2342",25.3,46,6,14.4140152821543,"4","M"
"X2342",25.3,46,7,24.65272723679,"4","M"
"X2342",25.3,52,0,29.5924412021508,"4","M"
"X2342",25.3,52,1,24.789874401641,"4","M"
"X2342",25.3,52,2,30.6069070479134,"4","M"
"X2342",25.3,52,3,26.4746534942194,"4","M"
"X2342",25.3,52,5,30.5038149339321,"4","M"
"X2342",25.3,52,6,20.3125567329217,"4","M"
"X2342",25.3,52,7,32.5932505363005,"4","M"
"X2342",25.3,58,0,36.2763446335914,"4","M"
"X2342",25.3,58,1,32.8489908356269,"4","M"
"X2342",25.3,58,2,38.0550639022981,"4","M"
"X2342",25.3,58,3,33.5885732379519,"4","M"
"X2342",25.3,58,5,38.6889136043432,"4","M"
"X2342",25.3,58,6,27.3751435297252,"4","M"
"X2342",25.3,58,7,38.8693448366798,"4","M"
"X2342",25.3,70,0,50.2842168796258,"4","M"
"X2342",25.3,70,1,48.5937003485735,"4","M"
"X2342",25.3,70,2,52.41354726705,"4","M"
"X2342",25.3,70,3,46.6262195172694,"4","M"
"X2342",25.3,70,5,54.3403663029367,"4","M"
"X2342",25.3,70,6,42.3383594794462,"4","M"
"X2342",25.3,70,7,50.9312332644519,"4","M"
"X2342",25.3,76,0,57.7189813407109,"4","M"
"X2342",25.3,76,1,58.1569189906082,"4","M"
"X2342",25.3,76,2,61.3671513514317,"4","M"
"X2342",25.3,76,3,54.9490781914063,"4","M"
"X2342",25.3,76,5,63.15956808972,"4","M"
"X2342",25.3,76,6,51.9647128957109,"4","M"
"X2342",25.3,76,7,58.9577145458507,"4","M"
"X2342",25.3,82,0,65.2186552068151,"4","M"
"X2342",25.3,82,1,68.4830310187654,"4","M"
"X2342",25.3,82,2,69.830437046126,"4","M"
"X2342",25.3,82,3,64.4873987964684,"4","M"
"X2342",25.3,82,5,71.714551382247,"4","M"
"X2342",25.3,82,6,62.0284239999824,"4","M"
"X2342",25.3,82,7,66.9504404868194,"4","M"
"X2342",25.3,94,0,80.5603459721119,"4","M"
"X2342",25.3,94,1,87.3332439602514,"4","M"
"X2342",25.3,94,2,87.9315010269632,"4","M"
"X2342",25.3,94,3,82.0967868177065,"4","M"
"X2342",25.3,94,5,89.7976510694086,"4","M"
"X2342",25.3,94,6,79.5755943090065,"4","M"
"X2342",25.3,94,7,84.2058005941692,"4","M"
"X2342",25.3,100,0,88.0393825850416,"4","M"
"X2342",25.3,100,1,97.6196065149061,"4","M"
"X2342",25.3,100,2,96.9898487165668,"4","M"
"X2342",25.3,100,3,91.1953824707363,"4","M"
"X2342",25.3,100,5,98.7454740092521,"4","M"
"X2342",25.3,100,6,89.4288006002014,"4","M"
"X2342",25.3,100,7,91.4934761103832,"4","M"
"X2342",25.3,106,0,95.8584875734893,"4","M"
"X2342",25.3,106,1,107.559800625282,"4","M"
"X2342",25.3,106,2,106.001436561211,"4","M"
"X2342",25.3,106,3,100.086418259315,"4","M"
"X2342",25.3,106,5,107.567349295094,"4","M"
"X2342",25.3,106,6,99.2490537761348,"4","M"
"X2342",25.3,106,7,99.2116634183045,"4","M"
"X2342",28,0,0,0,"3","M"
"X2342",28,0,1,0,"3","M"
"X2342",28,0,2,0,"3","M"
"X2342",28,0,3,0,"3","M"
"X2342",28,0,5,0,"3","M"
"X2342",28,0,6,0,"3","M"
"X2342",28,0,7,0,"3","M"
"X2342",28,4,0,0.714,"3","M"
"X2342",28,4,1,0.504,"3","M"
"X2342",28,4,2,0.718,"3","M"
"X2342",28,4,3,0.51,"3","M"
"X2342",28,4,5,0.658,"3","M"
"X2342",28,4,6,0.558,"3","M"
"X2342",28,4,7,0.888,"3","M"
"X2342",28,10,0,1.76879204684372,"3","M"
"X2342",28,10,1,1.47774998725663,"3","M"
"X2342",28,10,2,1.8407919448968,"3","M"
"X2342",28,10,3,1.58370833545723,"3","M"
"X2342",28,10,5,2.3490424164013,"3","M"
"X2342",28,10,6,1.51329207233045,"3","M"
"X2342",28,10,7,1.98433334192097,"3","M"
"X2342",28,22,0,5.61095232478656,"3","M"
"X2342",28,22,1,5.87914665132967,"3","M"
"X2342",28,22,2,7.01084940033362,"3","M"
"X2342",28,22,3,5.7533062536337,"3","M"
"X2342",28,22,5,9.20610097332094,"3","M"
"X2342",28,22,6,5.62479255950722,"3","M"
"X2342",28,22,7,5.68208910171577,"3","M"
"X2342",28,28,0,9.22344764197939,"3","M"
"X2342",28,28,1,10.3706058797127,"3","M"
"X2342",28,28,2,12.0880997864449,"3","M"
"X2342",28,28,3,9.62877580366659,"3","M"
"X2342",28,28,5,13.7825447708079,"3","M"
"X2342",28,28,6,9.12080992371251,"3","M"
"X2342",28,28,7,8.44172914224563,"3","M"
"X2342",28,34,0,15.2635423574659,"3","M"
"X2342",28,34,1,15.7232421510907,"3","M"
"X2342",28,34,2,18.0889203747233,"3","M"
"X2342",28,34,3,15.1887900325506,"3","M"
"X2342",28,34,5,20.1485610084489,"3","M"
"X2342",28,34,6,13.8187183410539,"3","M"
"X2342",28,34,7,12.9479416386647,"3","M"
"X2342",28,46,0,27.1017533448262,"3","M"
"X2342",28,46,1,26.5849386871049,"3","M"
"X2342",28,46,2,31.0778412575846,"3","M"
"X2342",28,46,3,26.9336880684032,"3","M"
"X2342",28,46,5,32.1077043216296,"3","M"
"X2342",28,46,6,24.7613414417025,"3","M"
"X2342",28,46,7,23.2278515522836,"3","M"
"X2342",28,52,0,32.4993426852222,"3","M"
"X2342",28,52,1,32.0007400274774,"3","M"
"X2342",28,52,2,35.9434779199713,"3","M"
"X2342",28,52,3,33.0464971247634,"3","M"
"X2342",28,52,5,36.9707388748862,"3","M"
"X2342",28,52,6,29.4434790920947,"3","M"
"X2342",28,52,7,28.499879858037,"3","M"
"X2342",28,58,0,36.3826374484961,"3","M"
"X2342",28,58,1,37.2704942390788,"3","M"
"X2342",28,58,2,40.9709476037831,"3","M"
"X2342",28,58,3,39.9784473710384,"3","M"
"X2342",28,58,5,41.7087157669885,"3","M"
"X2342",28,58,6,33.5690807072128,"3","M"
"X2342",28,58,7,34.1341082865917,"3","M"
"X2342",28,70,0,46.2562534199445,"3","M"
"X2342",28,70,1,49.2394566916496,"3","M"
"X2342",28,70,2,54.9709335004128,"3","M"
"X2342",28,70,3,51.551745421516,"3","M"
"X2342",28,70,5,54.9468949789951,"3","M"
"X2342",28,70,6,44.8338874497472,"3","M"
"X2342",28,70,7,45.1849014121506,"3","M"
"X2342",28,76,0,52.2005763315047,"3","M"
"X2342",28,76,1,55.6113139947354,"3","M"
"X2342",28,76,2,60.6814922080127,"3","M"
"X2342",28,76,3,57.8972249642379,"3","M"
"X2342",28,76,5,60.7849691949056,"3","M"
"X2342",28,76,6,52.1764323204839,"3","M"
"X2342",28,76,7,50.7982139246971,"3","M"
"X2342",28,82,0,58.6836248740862,"3","M"
"X2342",28,82,1,62.3654813890795,"3","M"
"X2342",28,82,2,67.549372311891,"3","M"
"X2342",28,82,3,64.5454875238314,"3","M"
"X2342",28,82,5,67.4727867445183,"3","M"
"X2342",28,82,6,59.3214409677439,"3","M"
"X2342",28,82,7,57.0667913715802,"3","M"
"X2342",28,94,0,72.1001054846687,"3","M"
"X2342",28,94,1,76.6609994340488,"3","M"
"X2342",28,94,2,81.4352429710645,"3","M"
"X2342",28,94,3,79.0105292012497,"3","M"
"X2342",28,94,5,80.4699750375586,"3","M"
"X2342",28,94,6,73.3441485352464,"3","M"
"X2342",28,94,7,69.4818782269298,"3","M"
"X2342",28,100,0,78.8200403269201,"3","M"
"X2342",28,100,1,83.4296943618736,"3","M"
"X2342",28,100,2,88.4509993459755,"3","M"
"X2342",28,100,3,85.9451311091935,"3","M"
"X2342",28,100,5,86.6945619721811,"3","M"
"X2342",28,100,6,80.6589964753764,"3","M"
"X2342",28,100,7,76.4240920815766,"3","M"
"X2342",28,106,0,85.6467981777211,"3","M"
"X2342",28,106,1,90.0979806785351,"3","M"
"X2342",28,106,2,95.6378790585072,"3","M"
"X2342",28,106,3,93.0062941160292,"3","M"
"X2342",28,106,5,93.0809960867959,"3","M"
"X2342",28,106,6,88.1558178309293,"3","M"
"X2342",28,106,7,83.3834604877985,"3","M"
"X2342",30,0,0,0,"2","B"
"X2342",30,0,1,0,"2","B"
"X2342",30,0,2,0,"2","B"
"X2342",30,0,3,0,"2","B"
"X2342",30,0,5,0,"2","B"
"X2342",30,0,6,0,"2","B"
"X2342",30,0,7,0,"2","B"
"X2342",30,4,0,0.64,"2","B"
"X2342",30,4,1,0.434,"2","B"
"X2342",30,4,2,0.602,"2","B"
"X2342",30,4,3,0.428,"2","B"
"X2342",30,4,5,0.816,"2","B"
"X2342",30,4,6,0.426,"2","B"
"X2342",30,4,7,0.472,"2","B"
"X2342",30,10,0,1.52291667740122,"2","B"
"X2342",30,10,1,1.2842085648378,"2","B"
"X2342",30,10,2,1.87820887067856,"2","B"
"X2342",30,10,3,1.15100000493332,"2","B"
"X2342",30,10,5,2.37800001205924,"2","B"
"X2342",30,10,6,1.20887550336292,"2","B"
"X2342",30,10,7,1.50900005097346,"2","B"
"X2342",30,22,0,8.18583617629041,"2","B"
"X2342",30,22,1,6.00783359493565,"2","B"
"X2342",30,22,2,9.53008819041584,"2","B"
"X2342",30,22,3,5.38216898969955,"2","B"
"X2342",30,22,5,11.5985277714532,"2","B"
"X2342",30,22,6,5.91291597012814,"2","B"
"X2342",30,22,7,6.48779275543426,"2","B"
"X2342",30,28,0,14.9725195272738,"2","B"
"X2342",30,28,1,10.7592297011661,"2","B"
"X2342",30,28,2,16.8232059534214,"2","B"
"X2342",30,28,3,9.70787492299423,"2","B"
"X2342",30,28,5,19.7811926599325,"2","B"
"X2342",30,28,6,10.3834828154566,"2","B"
"X2342",30,28,7,11.5570253936385,"2","B"
"X2342",30,34,0,22.5216172851334,"2","B"
"X2342",30,34,1,16.8005160579547,"2","B"
"X2342",30,34,2,24.598473225869,"2","B"
"X2342",30,34,3,15.6277113784629,"2","B"
"X2342",30,34,5,28.6768130430733,"2","B"
"X2342",30,34,6,15.7077295460862,"2","B"
"X2342",30,34,7,18.3958939113491,"2","B"
"X2342",30,46,0,39.2806614109773,"2","B"
"X2342",30,46,1,32.0048372072305,"2","B"
"X2342",30,46,2,43.1991792759404,"2","B"
"X2342",30,46,3,28.5304422345848,"2","B"
"X2342",30,46,5,47.7773300278207,"2","B"
"X2342",30,46,6,27.8724410950982,"2","B"
"X2342",30,46,7,33.240235638738,"2","B"
"X2342",30,52,0,47.9201951934934,"2","B"
"X2342",30,52,1,39.2151006922097,"2","B"
"X2342",30,52,2,53.3111229975259,"2","B"
"X2342",30,52,3,35.706068659152,"2","B"
"X2342",30,52,5,56.6830228559694,"2","B"
"X2342",30,52,6,33.7621940863374,"2","B"
"X2342",30,52,7,40.783190043312,"2","B"
"X2342",30,58,0,56.3059959520569,"2","B"
"X2342",30,58,1,46.8940514958925,"2","B"
"X2342",30,58,2,63.7379147507128,"2","B"
"X2342",30,58,3,42.1903548208837,"2","B"
"X2342",30,58,5,64.675828613136,"2","B"
"X2342",30,58,6,38.8098168399776,"2","B"
"X2342",30,58,7,46.9587609225482,"2","B"
"X2342",30,70,0,69.5853050494502,"2","B"
"X2342",30,70,1,64.4024326740146,"2","B"
"X2342",30,70,2,82.9630491872756,"2","B"
"X2342",30,70,3,54.4867538557738,"2","B"
"X2342",30,70,5,79.4377205259375,"2","B"
"X2342",30,70,6,48.5784613132204,"2","B"
"X2342",30,70,7,57.330528704471,"2","B"
"X2342",30,76,0,75.2676761309087,"2","B"
"X2342",30,76,1,71.948415687496,"2","B"
"X2342",30,76,2,90.6920867291857,"2","B"
"X2342",30,76,3,60.8559926342042,"2","B"
"X2342",30,76,5,86.6484918832796,"2","B"
"X2342",30,76,6,54.0452704543497,"2","B"
"X2342",30,76,7,62.4623063609909,"2","B"
"X2342",30,82,0,81.2830777646638,"2","B"
"X2342",30,82,1,80.7432300168883,"2","B"
"X2342",30,82,2,98.1452582041347,"2","B"
"X2342",30,82,3,66.7935522900659,"2","B"
"X2342",30,82,5,93.2905199282517,"2","B"
"X2342",30,82,6,60.2308036281446,"2","B"
"X2342",30,82,7,67.8500490755425,"2","B"
"X2342",30,94,0,92.928386739317,"2","B"
"X2342",30,94,1,99.3437900334447,"2","B"
"X2342",30,94,2,112.213037984094,"2","B"
"X2342",30,94,3,78.7092109211073,"2","B"
"X2342",30,94,5,105.499412558467,"2","B"
"X2342",30,94,6,73.2519032478068,"2","B"
"X2342",30,94,7,80.09996664463,"2","B"
"X2342",30,100,0,98.957428858559,"2","B"
"X2342",30,100,1,108.331542456215,"2","B"
"X2342",30,100,2,119.284084740023,"2","B"
"X2342",30,100,3,85.6554600354819,"2","B"
"X2342",30,100,5,113.304070318369,"2","B"
"X2342",30,100,6,80.5589734671802,"2","B"
"X2342",30,100,7,86.9377190762078,"2","B"
"X2342",30,106,0,105.22021735294,"2","B"
"X2342",30,106,1,118.729076649022,"2","B"
"X2342",30,106,2,126.675559569254,"2","B"
"X2342",30,106,3,93.846973672946,"2","B"
"X2342",30,106,5,120.791551889086,"2","B"
"X2342",30,106,6,89.0741143901454,"2","B"
"X2342",30,106,7,93.5807966873573,"2","B"
"X2342",32,0,0,0,"3","T"
"X2342",32,0,1,0,"3","T"
"X2342",32,0,2,0,"3","T"
"X2342",32,0,3,0,"3","T"
"X2342",32,0,5,0,"3","T"
"X2342",32,0,6,0,"3","T"
"X2342",32,0,7,0,"3","T"
"X2342",32,4,0,0.704,"3","T"
"X2342",32,4,1,0.758,"3","T"
"X2342",32,4,2,0.6,"3","T"
"X2342",32,4,3,0.698,"3","T"
"X2342",32,4,5,0.652,"3","T"
"X2342",32,4,6,0.582,"3","T"
"X2342",32,4,7,0.678,"3","T"
"X2342",32,10,0,1.71875001027776,"3","T"
"X2342",32,10,1,2.00204168130676,"3","T"
"X2342",32,10,2,1.45441667657899,"3","T"
"X2342",32,10,3,2.22729186843661,"3","T"
"X2342",32,10,5,1.96600001315553,"3","T"
"X2342",32,10,6,1.65712521026552,"3","T"
"X2342",32,10,7,1.89162549061955,"3","T"
"X2342",32,22,0,7.40719092058196,"3","T"
"X2342",32,22,1,9.02709343472526,"3","T"
"X2342",32,22,2,6.77095585761205,"3","T"
"X2342",32,22,3,8.65151988169861,"3","T"
"X2342",32,22,5,9.96284493082143,"3","T"
"X2342",32,22,6,5.70488195986658,"3","T"
"X2342",32,22,7,6.66943269189677,"3","T"
"X2342",32,28,0,12.3447398101971,"3","T"
"X2342",32,28,1,14.4261595712601,"3","T"
"X2342",32,28,2,11.5923378769946,"3","T"
"X2342",32,28,3,14.0591055930452,"3","T"
"X2342",32,28,5,16.5737964321163,"3","T"
"X2342",32,28,6,9.01684364336946,"3","T"
"X2342",32,28,7,10.2973722642566,"3","T"
"X2342",32,34,0,17.7325840669749,"3","T"
"X2342",32,34,1,20.189683974353,"3","T"
"X2342",32,34,2,16.5415174408878,"3","T"
"X2342",32,34,3,20.0312693097008,"3","T"
"X2342",32,34,5,23.4475281232074,"3","T"
"X2342",32,34,6,13.1213161266607,"3","T"
"X2342",32,34,7,14.7411493253046,"3","T"
"X2342",32,46,0,31.2582628380143,"3","T"
"X2342",32,46,1,34.6638987527351,"3","T"
"X2342",32,46,2,27.0283746310704,"3","T"
"X2342",32,46,3,33.526712109021,"3","T"
"X2342",32,46,5,38.3256642899095,"3","T"
"X2342",32,46,6,22.5914593260803,"3","T"
"X2342",32,46,7,24.8674311903321,"3","T"
"X2342",32,52,0,38.9188052548797,"3","T"
"X2342",32,52,1,42.2469361692219,"3","T"
"X2342",32,52,2,33.2960917654515,"3","T"
"X2342",32,52,3,41.3182457795156,"3","T"
"X2342",32,52,5,46.5981117065492,"3","T"
"X2342",32,52,6,27.7069355475279,"3","T"
"X2342",32,52,7,30.0759244221749,"3","T"
"X2342",32,58,0,46.2854294013029,"3","T"
"X2342",32,58,1,49.6512091299847,"3","T"
"X2342",32,58,2,38.748186085778,"3","T"
"X2342",32,58,3,48.5863018839591,"3","T"
"X2342",32,58,5,54.749563785063,"3","T"
"X2342",32,58,6,32.4537916865961,"3","T"
"X2342",32,58,7,35.2517584654172,"3","T"
"X2342",32,70,0,58.4732336374808,"3","T"
"X2342",32,70,1,63.4653173357379,"3","T"
"X2342",32,70,2,48.9936341809679,"3","T"
"X2342",32,70,3,62.2973903415356,"3","T"
"X2342",32,70,5,69.6732105351606,"3","T"
"X2342",32,70,6,42.7759173796415,"3","T"
"X2342",32,70,7,45.2765444342275,"3","T"
"X2342",32,76,0,63.1560366091944,"3","T"
"X2342",32,76,1,68.6693731547952,"3","T"
"X2342",32,76,2,54.4807823049562,"3","T"
"X2342",32,76,3,68.8949527579882,"3","T"
"X2342",32,76,5,76.2317786311712,"3","T"
"X2342",32,76,6,48.4840588788616,"3","T"
"X2342",32,76,7,49.9457627478885,"3","T"
"X2342",32,82,0,68.4135464300495,"3","T"
"X2342",32,82,1,74.8585035240961,"3","T"
"X2342",32,82,2,60.4546282504139,"3","T"
"X2342",32,82,3,76.0056757100669,"3","T"
"X2342",32,82,5,82.7863219652632,"3","T"
"X2342",32,82,6,54.6008878906793,"3","T"
"X2342",32,82,7,55.5450060916159,"3","T"
"X2342",32,94,0,80.0195565699102,"3","T"
"X2342",32,94,1,87.3412941620919,"3","T"
"X2342",32,94,2,72.581004043451,"3","T"
"X2342",32,94,3,90.2645834562114,"3","T"
"X2342",32,94,5,93.6352779619093,"3","T"
"X2342",32,94,6,66.6640362342612,"3","T"
"X2342",32,94,7,65.6600538613984,"3","T"
"X2342",32,100,0,85.892983135673,"3","T"
"X2342",32,100,1,93.7364339066209,"3","T"
"X2342",32,100,2,78.3948220959832,"3","T"
"X2342",32,100,3,97.2237084132644,"3","T"
"X2342",32,100,5,99.4097276070738,"3","T"
"X2342",32,100,6,73.2765660736492,"3","T"
"X2342",32,100,7,70.0181411518211,"3","T"
"X2342",32,106,0,91.2015867849505,"3","T"
"X2342",32,106,1,99.9399735836874,"3","T"
"X2342",32,106,2,84.1206911125457,"3","T"
"X2342",32,106,3,104.036154392529,"3","T"
"X2342",32,106,5,106.196872089002,"3","T"
"X2342",32,106,6,79.9443273643973,"3","T"
"X2342",32,106,7,75.4030869747661,"3","T"
"X2342",35,0,0,0,"1","M"
"X2342",35,0,1,0,"1","M"
"X2342",35,0,2,0,"1","M"
"X2342",35,0,3,0,"1","M"
"X2342",35,0,4,0,"1","M"
"X2342",35,0,5,0,"1","M"
"X2342",35,0,6,0,"1","M"
"X2342",35,0,7,0,"1","M"
"X2342",35,2,0,0.185,"1","M"
"X2342",35,2,1,0.187,"1","M"
"X2342",35,2,2,0.202,"1","M"
"X2342",35,2,3,0.159,"1","M"
"X2342",35,2,4,0.197,"1","M"
"X2342",35,2,5,0.158,"1","M"
"X2342",35,2,6,0.227,"1","M"
"X2342",35,2,7,0.156,"1","M"
"X2342",35,8,0,0.771417242334189,"1","M"
"X2342",35,8,1,0.74991708833396,"1","M"
"X2342",35,8,2,0.960583637667119,"1","M"
"X2342",35,8,3,0.625166923333715,"1","M"
"X2342",35,8,4,0.815249658999493,"1","M"
"X2342",35,8,5,0.612417110333993,"1","M"
"X2342",35,8,6,1.25091713233403,"1","M"
"X2342",35,8,7,0.761333978667626,"1","M"
"X2342",35,20,0,4.5851668333034,"1","M"
"X2342",35,20,1,4.14020382102073,"1","M"
"X2342",35,20,2,5.36990734821098,"1","M"
"X2342",35,20,3,2.91603710806608,"1","M"
"X2342",35,20,4,3.12320357788702,"1","M"
"X2342",35,20,5,3.12768531619912,"1","M"
"X2342",35,20,6,6.54768532350775,"1","M"
"X2342",35,20,7,4.92866685863998,"1","M"
"X2342",35,26,0,7.85715299786155,"1","M"
"X2342",35,26,1,7.73558553423109,"1","M"
"X2342",35,26,2,9.44732499276294,"1","M"
"X2342",35,26,3,5.53700866670016,"1","M"
"X2342",35,26,4,6.34787632643375,"1","M"
"X2342",35,26,5,5.55574990980465,"1","M"
"X2342",35,26,6,10.7610641353213,"1","M"
"X2342",35,26,7,8.36272834306084,"1","M"
"X2342",35,32,0,10.3782755075515,"1","M"
"X2342",35,32,1,12.1199470433061,"1","M"
"X2342",35,32,2,13.0305878792238,"1","M"
"X2342",35,32,3,9.91060441855322,"1","M"
"X2342",35,32,4,11.1194799564533,"1","M"
"X2342",35,32,5,9.63190910340663,"1","M"
"X2342",35,32,6,14.6582665577061,"1","M"
"X2342",35,32,7,11.6466447727887,"1","M"
"X2342",35,44,0,16.336441783867,"1","M"
"X2342",35,44,1,19.5974101537453,"1","M"
"X2342",35,44,2,21.4365015553572,"1","M"
"X2342",35,44,3,15.8835840649491,"1","M"
"X2342",35,44,4,21.5808572078474,"1","M"
"X2342",35,44,5,18.7110291467608,"1","M"
"X2342",35,44,6,22.8326737344761,"1","M"
"X2342",35,44,7,21.2183001552471,"1","M"
"X2342",35,50,0,20.3681674521994,"1","M"
"X2342",35,50,1,25.3173706332856,"1","M"
"X2342",35,50,2,26.6888068750007,"1","M"
"X2342",35,50,3,18.496889718418,"1","M"
"X2342",35,50,4,28.2718960564588,"1","M"
"X2342",35,50,5,22.8429915152133,"1","M"
"X2342",35,50,6,28.6528622630414,"1","M"
"X2342",35,50,7,27.4581903051027,"1","M"
"X2342",35,56,0,26.1071637061028,"1","M"
"X2342",35,56,1,29.950095816455,"1","M"
"X2342",35,56,2,32.9971573056236,"1","M"
"X2342",35,56,3,22.5621091735969,"1","M"
"X2342",35,56,4,34.9745748827264,"1","M"
"X2342",35,56,5,28.3300380528256,"1","M"
"X2342",35,56,6,35.0147467410936,"1","M"
"X2342",35,56,7,33.6845088123577,"1","M"
"X2342",35,68,0,39.2132664568868,"1","M"
"X2342",35,68,1,36.1462803643956,"1","M"
"X2342",35,68,2,46.9691946944315,"1","M"
"X2342",35,68,3,34.7975593815087,"1","M"
"X2342",35,68,4,47.5075391343149,"1","M"
"X2342",35,68,5,38.6364128109468,"1","M"
"X2342",35,68,6,49.1005872401748,"1","M"
"X2342",35,68,7,45.6706579324994,"1","M"
"X2342",35,74,0,45.8029564877201,"1","M"
"X2342",35,74,1,37.1620924277651,"1","M"
"X2342",35,74,2,53.6141862215523,"1","M"
"X2342",35,74,3,42.1963572828216,"1","M"
"X2342",35,74,4,53.6413689234238,"1","M"
"X2342",35,74,5,43.7034231958465,"1","M"
"X2342",35,74,6,56.4934382707816,"1","M"
"X2342",35,74,7,51.1532368240132,"1","M"
"X2342",35,80,0,52.9306308699327,"1","M"
"X2342",35,80,1,38.355398385903,"1","M"
"X2342",35,80,2,60.3137824165581,"1","M"
"X2342",35,80,3,46.1185621002248,"1","M"
"X2342",35,80,4,59.628761268507,"1","M"
"X2342",35,80,5,48.510535843402,"1","M"
"X2342",35,80,6,65.7924387702236,"1","M"
"X2342",35,80,7,56.3853507039953,"1","M"
"X2342",35,92,0,66.0391912177576,"1","M"
"X2342",35,92,1,39.2872649861343,"1","M"
"X2342",35,92,2,73.1798195299163,"1","M"
"X2342",35,92,3,44.2309380598671,"1","M"
"X2342",35,92,4,71.2938641808376,"1","M"
"X2342",35,92,5,57.5661599782749,"1","M"
"X2342",35,92,6,80.3895188042823,"1","M"
"X2342",35,92,7,66.6188462041071,"1","M"
"X2342",35,98,0,72.9575229983876,"1","M"
"X2342",35,98,1,39.6147675643401,"1","M"
"X2342",35,98,2,79.3880437948987,"1","M"
"X2342",35,98,3,45.2308211506469,"1","M"
"X2342",35,98,4,76.9993393927317,"1","M"
"X2342",35,98,5,62.0061848974788,"1","M"
"X2342",35,98,6,80.4943337555248,"1","M"
"X2342",35,98,7,71.8136073984158,"1","M"
"X2342",35,104,0,80.2248094384808,"1","M"
"X2342",35,104,1,40.0199865677828,"1","M"
"X2342",35,104,2,85.7510150341043,"1","M"
"X2342",35,104,3,45.4232897539616,"1","M"
"X2342",35,104,4,82.8790135924474,"1","M"
"X2342",35,104,5,66.4272714146798,"1","M"
"X2342",35,104,6,82.8036083561818,"1","M"
"X2342",35,104,7,76.9677636226702,"1","M"
"X2342",35,127,0,107.704464509232,"1","M"
"X2342",35,127,1,41.3672813987859,"1","M"
"X2342",35,127,2,110.713504396125,"1","M"
"X2342",35,127,3,46.6200152196826,"1","M"
"X2342",35,127,4,104.804279780617,"1","M"
"X2342",35,127,5,83.5898719274268,"1","M"
"X2342",35,127,6,90.1959646464086,"1","M"
"X2342",35,127,7,96.9157007781176,"1","M"
"X2342",35,151,0,139.661063503052,"1","M"
"X2342",35,151,1,42.6140460002591,"1","M"
"X2342",35,151,2,138.802775705629,"1","M"
"X2342",35,151,3,47.5549937208225,"1","M"
"X2342",35,151,4,129.625424625113,"1","M"
"X2342",35,151,5,102.405204615745,"1","M"
"X2342",35,151,6,95.9441611027894,"1","M"
"X2342",35,151,7,119.021984104118,"1","M"
"X2342",35,164,0,161.361177156995,"1","M"
"X2342",35,164,1,43.3073674685412,"1","M"
"X2342",35,164,2,157.271751864614,"1","M"
"X2342",35,164,3,48.1472657539118,"1","M"
"X2342",35,164,4,144.695537165994,"1","M"
"X2342",35,164,5,113.037149013084,"1","M"
"X2342",35,164,6,99.3244805683681,"1","M"
"X2342",35,164,7,131.654832094978,"1","M"
"X2342",37,0,0,0,"4","B"
"X2342",37,0,1,0,"4","B"
"X2342",37,0,2,0,"4","B"
"X2342",37,0,3,0,"4","B"
"X2342",37,0,5,0,"4","B"
"X2342",37,0,6,0,"4","B"
"X2342",37,0,7,0,"4","B"
"X2342",37,5,0,0.7175,"4","B"
"X2342",37,5,1,0.68,"4","B"
"X2342",37,5,2,0.655,"4","B"
"X2342",37,5,3,0.395,"4","B"
"X2342",37,5,5,0.6675,"4","B"
"X2342",37,5,6,0.7775,"4","B"
"X2342",37,5,7,0.85,"4","B"
"X2342",37,11,0,1.92500949920529,"4","B"
"X2342",37,11,1,2.26972590812135,"4","B"
"X2342",37,11,2,1.47403028008937,"4","B"
"X2342",37,11,3,1.01138033403718,"4","B"
"X2342",37,11,5,1.84424578987538,"4","B"
"X2342",37,11,6,2.06659244291561,"4","B"
"X2342",37,11,7,2.07570494741126,"4","B"
"X2342",37,23,0,7.72833054878081,"4","B"
"X2342",37,23,1,10.269617678485,"4","B"
"X2342",37,23,2,4.70129657958773,"4","B"
"X2342",37,23,3,5.61069507657527,"4","B"
"X2342",37,23,5,5.29328443013944,"4","B"
"X2342",37,23,6,8.68856064825959,"4","B"
"X2342",37,23,7,8.34456447767134,"4","B"
"X2342",37,29,0,11.9671825640507,"4","B"
"X2342",37,29,1,16.4695644797276,"4","B"
"X2342",37,29,2,7.04853438154853,"4","B"
"X2342",37,29,3,9.94935794340465,"4","B"
"X2342",37,29,5,7.64703704915227,"4","B"
"X2342",37,29,6,14.6513365473519,"4","B"
"X2342",37,29,7,14.2462378389873,"4","B"
"X2342",37,35,0,15.2267885080926,"4","B"
"X2342",37,35,1,21.3181149261425,"4","B"
"X2342",37,35,2,11.231647542938,"4","B"
"X2342",37,35,3,15.2577850951113,"4","B"
"X2342",37,35,5,10.4868800226789,"4","B"
"X2342",37,35,6,20.7274245046952,"4","B"
"X2342",37,35,7,20.3374667641231,"4","B"
"X2342",37,47,0,20.5660899553368,"4","B"
"X2342",37,47,1,29.2449841038277,"4","B"
"X2342",37,47,2,19.2437001730978,"4","B"
"X2342",37,47,3,26.481500043804,"4","B"
"X2342",37,47,5,15.472723046684,"4","B"
"X2342",37,47,6,32.3400332300824,"4","B"
"X2342",37,47,7,30.9776712630607,"4","B"
"X2342",37,53,0,22.8958296148475,"4","B"
"X2342",37,53,1,32.1994100988175,"4","B"
"X2342",37,53,2,22.4807947030769,"4","B"
"X2342",37,53,3,31.3550173377005,"4","B"
"X2342",37,53,5,18.1910462958443,"4","B"
"X2342",37,53,6,37.8519606204848,"4","B"
"X2342",37,53,7,35.9644011129435,"4","B"
"X2342",37,59,0,25.26035984909,"4","B"
"X2342",37,59,1,35.2901018133544,"4","B"
"X2342",37,59,2,25.5737006042585,"4","B"
"X2342",37,59,3,35.9628881370863,"4","B"
"X2342",37,59,5,20.7440733028013,"4","B"
"X2342",37,59,6,43.0449188980939,"4","B"
"X2342",37,59,7,40.3450021422263,"4","B"
"X2342",37,71,0,30.1212018944458,"4","B"
"X2342",37,71,1,41.4972531377661,"4","B"
"X2342",37,71,2,31.3910257656162,"4","B"
"X2342",37,71,3,43.9026599116192,"4","B"
"X2342",37,71,5,25.8143298718532,"4","B"
"X2342",37,71,6,52.6931307161295,"4","B"
"X2342",37,71,7,48.0794080676644,"4","B"
"X2342",37,77,0,32.4751533877021,"4","B"
"X2342",37,77,1,44.32448693121,"4","B"
"X2342",37,77,2,33.9874566127635,"4","B"
"X2342",37,77,3,47.0065664358919,"4","B"
"X2342",37,77,5,28.339298718621,"4","B"
"X2342",37,77,6,57.1162408990534,"4","B"
"X2342",37,77,7,51.6773901155047,"4","B"
"X2342",37,83,0,34.7683611912292,"4","B"
"X2342",37,83,1,47.0962448757275,"4","B"
"X2342",37,83,2,36.5214240937384,"4","B"
"X2342",37,83,3,49.9600294992518,"4","B"
"X2342",37,83,5,30.7987474089509,"4","B"
"X2342",37,83,6,61.4846147127771,"4","B"
"X2342",37,83,7,55.2127561764278,"4","B"
"X2342",37,95,0,39.279174381287,"4","B"
"X2342",37,95,1,52.4912515215034,"4","B"
"X2342",37,95,2,41.2532169935373,"4","B"
"X2342",37,95,3,55.544217810442,"4","B"
"X2342",37,95,5,35.6186549534191,"4","B"
"X2342",37,95,6,70.1504884073567,"4","B"
"X2342",37,95,7,62.1117834439162,"4","B"
"X2342",37,101,0,41.527399104061,"4","B"
"X2342",37,101,1,55.0282249624511,"4","B"
"X2342",37,101,2,43.4773685648221,"4","B"
"X2342",37,101,3,58.2056658538772,"4","B"
"X2342",37,101,5,37.9497226853368,"4","B"
"X2342",37,101,6,74.3975598068828,"4","B"
"X2342",37,101,7,65.3455668592251,"4","B"
"X2342",37,107,0,43.8062091399198,"4","B"
"X2342",37,107,1,57.5785800446833,"4","B"
"X2342",37,107,2,45.7042443742362,"4","B"
"X2342",37,107,3,60.8618120782247,"4","B"
"X2342",37,107,5,40.3115537630196,"4","B"
"X2342",37,107,6,78.9199914628715,"4","B"
"X2342",37,107,7,68.6000264163711,"4","B"
"X2342",39,0,0,0,"4","M"
"X2342",39,0,1,0,"4","M"
"X2342",39,0,2,0,"4","M"
"X2342",39,0,3,0,"4","M"
"X2342",39,0,5,0,"4","M"
"X2342",39,0,6,0,"4","M"
"X2342",39,0,7,0,"4","M"
"X2342",39,5,0,0.7425,"4","M"
"X2342",39,5,1,0.9275,"4","M"
"X2342",39,5,2,0.7375,"4","M"
"X2342",39,5,3,0.6125,"4","M"
"X2342",39,5,5,0.8825,"4","M"
"X2342",39,5,6,1.0275,"4","M"
"X2342",39,5,7,0.5725,"4","M"
"X2342",39,11,0,1.81878449021399,"4","M"
"X2342",39,11,1,2.32848763936516,"4","M"
"X2342",39,11,2,1.6912056667153,"4","M"
"X2342",39,11,3,1.26285001063576,"4","M"
"X2342",39,11,5,2.00720906762287,"4","M"
"X2342",39,11,6,2.40559728243126,"4","M"
"X2342",39,11,7,1.19442207563135,"4","M"
"X2342",39,23,0,5.76861641477286,"4","M"
"X2342",39,23,1,8.17296322030187,"4","M"
"X2342",39,23,2,5.70479900047764,"4","M"
"X2342",39,23,3,5.18021666341395,"4","M"
"X2342",39,23,5,6.48666611719193,"4","M"
"X2342",39,23,6,10.2202574788632,"4","M"
"X2342",39,23,7,4.40887531684875,"4","M"
"X2342",39,29,0,7.9512944246009,"4","M"
"X2342",39,29,1,13.26361472532,"4","M"
"X2342",39,29,2,8.22992870104916,"4","M"
"X2342",39,29,3,7.96411861489271,"4","M"
"X2342",39,29,5,9.9300058533343,"4","M"
"X2342",39,29,6,17.2139773853715,"4","M"
"X2342",39,29,7,6.79796634653894,"4","M"
"X2342",39,35,0,10.045696784163,"4","M"
"X2342",39,35,1,17.0610498063785,"4","M"
"X2342",39,35,2,11.3933765156889,"4","M"
"X2342",39,35,3,10.8032645391504,"4","M"
"X2342",39,35,5,12.7269200875973,"4","M"
"X2342",39,35,6,23.3030107041226,"4","M"
"X2342",39,35,7,9.3589302471017,"4","M"
"X2342",39,47,0,13.5036444521376,"4","M"
"X2342",39,47,1,22.8928457677862,"4","M"
"X2342",39,47,2,17.2253997407802,"4","M"
"X2342",39,47,3,15.4638109748838,"4","M"
"X2342",39,47,5,17.7198579025591,"4","M"
"X2342",39,47,6,34.9754176270064,"4","M"
"X2342",39,47,7,14.1265530628767,"4","M"
"X2342",39,53,0,14.9580992556883,"4","M"
"X2342",39,53,1,24.9388482190976,"4","M"
"X2342",39,53,2,19.8629411661496,"4","M"
"X2342",39,53,3,17.4724726290144,"4","M"
"X2342",39,53,5,19.8072378727309,"4","M"
"X2342",39,53,6,40.2670259055604,"4","M"
"X2342",39,53,7,15.8478568247283,"4","M"
"X2342",39,59,0,16.4277775767552,"4","M"
"X2342",39,59,1,26.9726373073246,"4","M"
"X2342",39,59,2,22.3651291028122,"4","M"
"X2342",39,59,3,19.2662691480144,"4","M"
"X2342",39,59,5,21.8596278227503,"4","M"
"X2342",39,59,6,45.0688798720949,"4","M"
"X2342",39,59,7,17.5473040318447,"4","M"
"X2342",39,71,0,19.4382720503754,"4","M"
"X2342",39,71,1,31.057309436459,"4","M"
"X2342",39,71,2,27.2312976658343,"4","M"
"X2342",39,71,3,22.5857735340425,"4","M"
"X2342",39,71,5,26.1468497468936,"4","M"
"X2342",39,71,6,54.0610888398295,"4","M"
"X2342",39,71,7,21.2204241512163,"4","M"
"X2342",39,77,0,20.7509552126771,"4","M"
"X2342",39,77,1,32.890987235793,"4","M"
"X2342",39,77,2,29.4055423152622,"4","M"
"X2342",39,77,3,24.1750929018191,"4","M"
"X2342",39,77,5,28.1027673574107,"4","M"
"X2342",39,77,6,58.797796260481,"4","M"
"X2342",39,77,7,22.8234245297166,"4","M"
"X2342",39,83,0,22.087259895095,"4","M"
"X2342",39,83,1,34.6396627320022,"4","M"
"X2342",39,83,2,31.5495358902527,"4","M"
"X2342",39,83,3,25.705646894973,"4","M"
"X2342",39,83,5,30.0129722929939,"4","M"
"X2342",39,83,6,65.2561759106669,"4","M"
"X2342",39,83,7,24.4227520671037,"4","M"
"X2342",39,95,0,24.6475611632364,"4","M"
"X2342",39,95,1,38.1487821436968,"4","M"
"X2342",39,95,2,35.5737994612676,"4","M"
"X2342",39,95,3,28.6906925434801,"4","M"
"X2342",39,95,5,33.6258330931686,"4","M"
"X2342",39,95,6,72.9428868911363,"4","M"
"X2342",39,95,7,28.1897350031573,"4","M"
"X2342",39,101,0,25.853991648717,"4","M"
"X2342",39,101,1,39.7180652112182,"4","M"
"X2342",39,101,2,37.3233953281874,"4","M"
"X2342",39,101,3,30.1423780947914,"4","M"
"X2342",39,101,5,35.3004936074474,"4","M"
"X2342",39,101,6,72.1789752036882,"4","M"
"X2342",39,101,7,30.7992169323573,"4","M"
"X2342",39,107,0,27.0715621271606,"4","M"
"X2342",39,107,1,41.3218008739479,"4","M"
"X2342",39,107,2,39.0931574966914,"4","M"
"X2342",39,107,3,31.5821610947448,"4","M"
"X2342",39,107,5,36.9284751762203,"4","M"
"X2342",39,107,6,72.48068935917,"4","M"
"X2342",39,107,7,32.2844590481423,"4","M"
"X2343",16,0,0,0,"1","B"
"X2343",16,0,1,0,"1","B"
"X2343",16,0,2,0,"1","B"
"X2343",16,0,3,0,"1","B"
"X2343",16,0,4,0,"1","B"
"X2343",16,0,5,0,"1","B"
"X2343",16,0,6,0,"1","B"
"X2343",16,0,7,0,"1","B"
"X2343",16,2,0,0.209,"1","B"
"X2343",16,2,1,0.264,"1","B"
"X2343",16,2,2,0.348,"1","B"
"X2343",16,2,3,0.214,"1","B"
"X2343",16,2,4,0.201,"1","B"
"X2343",16,2,5,0.232,"1","B"
"X2343",16,2,6,0.148,"1","B"
"X2343",16,2,7,0.174,"1","B"
"X2343",16,8,0,0.850750077000114,"1","B"
"X2343",16,8,1,1.17166676933349,"1","B"
"X2343",16,8,2,1.49958324166653,"1","B"
"X2343",16,8,3,0.829916736333437,"1","B"
"X2343",16,8,4,0.799250011000016,"1","B"
"X2343",16,8,5,0.973416626333273,"1","B"
"X2343",16,8,6,0.554000088000131,"1","B"
"X2343",16,8,7,0.66733336266671,"1","B"
"X2343",16,20,0,2.42679631979218,"1","B"
"X2343",16,20,1,3.71525929163378,"1","B"
"X2343",16,20,2,4.16479626668282,"1","B"
"X2343",16,20,3,2.26383335331025,"1","B"
"X2343",16,20,4,2.11827800802104,"1","B"
"X2343",16,20,5,2.70549998586998,"1","B"
"X2343",16,20,6,1.50685187810878,"1","B"
"X2343",16,20,7,1.75348153334242,"1","B"
"X2343",16,26,0,3.3394377686226,"1","B"
"X2343",16,26,1,5.21444889140462,"1","B"
"X2343",16,26,2,5.75999715049721,"1","B"
"X2343",16,26,3,3.14249573515477,"1","B"
"X2343",16,26,4,2.90215933354208,"1","B"
"X2343",16,26,5,3.78189951377668,"1","B"
"X2343",16,26,6,2.07030867407539,"1","B"
"X2343",16,26,7,2.42726690148214,"1","B"
"X2343",16,32,0,4.44322836947253,"1","B"
"X2343",16,32,1,6.66441309829211,"1","B"
"X2343",16,32,2,7.32345986374009,"1","B"
"X2343",16,32,3,4.13550489607555,"1","B"
"X2343",16,32,4,3.82869018803602,"1","B"
"X2343",16,32,5,4.85441041426152,"1","B"
"X2343",16,32,6,2.69963216056002,"1","B"
"X2343",16,32,7,3.17823774057069,"1","B"
"X2343",16,44,0,7.50005774756229,"1","B"
"X2343",16,44,1,9.71679965998911,"1","B"
"X2343",16,44,2,10.6254967052973,"1","B"
"X2343",16,44,3,6.6090889538528,"1","B"
"X2343",16,44,4,6.43648614428085,"1","B"
"X2343",16,44,5,7.17124593388098,"1","B"
"X2343",16,44,6,4.28358831811524,"1","B"
"X2343",16,44,7,5.12967397647169,"1","B"
"X2343",16,50,0,9.18761579259841,"1","B"
"X2343",16,50,1,11.288395121318,"1","B"
"X2343",16,50,2,12.6500398472523,"1","B"
"X2343",16,50,3,8.23196872038502,"1","B"
"X2343",16,50,4,7.97210105779243,"1","B"
"X2343",16,50,5,8.52655824047615,"1","B"
"X2343",16,50,6,5.32051633912821,"1","B"
"X2343",16,50,7,6.39805966310358,"1","B"
"X2343",16,56,0,11.1645704370275,"1","B"
"X2343",16,56,1,13.52833671687,"1","B"
"X2343",16,56,2,15.2595066553732,"1","B"
"X2343",16,56,3,10.2531844204474,"1","B"
"X2343",16,56,4,9.62660393164701,"1","B"
"X2343",16,56,5,10.4473092874997,"1","B"
"X2343",16,56,6,6.61056514836614,"1","B"
"X2343",16,56,7,7.9470061689702,"1","B"
"X2343",16,68,0,16.2309384039429,"1","B"
"X2343",16,68,1,18.2743775282421,"1","B"
"X2343",16,68,2,21.6415741794033,"1","B"
"X2343",16,68,3,15.2732127527156,"1","B"
"X2343",16,68,4,14.0449021004639,"1","B"
"X2343",16,68,5,15.6455091030012,"1","B"
"X2343",16,68,6,10.4298279635761,"1","B"
"X2343",16,68,7,12.5293290637736,"1","B"
"X2343",16,74,0,19.2240546707046,"1","B"
"X2343",16,74,1,21.5740203889493,"1","B"
"X2343",16,74,2,25.646100043337,"1","B"
"X2343",16,74,3,18.6775758899251,"1","B"
"X2343",16,74,4,16.7094964735973,"1","B"
"X2343",16,74,5,18.8745955914041,"1","B"
"X2343",16,74,6,13.2440269734806,"1","B"
"X2343",16,74,7,15.5340143340226,"1","B"
"X2343",16,80,0,22.9300360090197,"1","B"
"X2343",16,80,1,25.0044180783135,"1","B"
"X2343",16,80,2,30.3107043195578,"1","B"
"X2343",16,80,3,22.7868919124484,"1","B"
"X2343",16,80,4,19.8997965637597,"1","B"
"X2343",16,80,5,22.6813417385283,"1","B"
"X2343",16,80,6,16.3751882055094,"1","B"
"X2343",16,80,7,19.1585489247922,"1","B"
"X2343",16,92,0,31.8033306421494,"1","B"
"X2343",16,92,1,33.0701595465275,"1","B"
"X2343",16,92,2,41.2361900008757,"1","B"
"X2343",16,92,3,32.3806793666787,"1","B"
"X2343",16,92,4,27.8957352387471,"1","B"
"X2343",16,92,5,32.5369534757922,"1","B"
"X2343",16,92,6,23.8884172646703,"1","B"
"X2343",16,92,7,27.5814660151247,"1","B"
"X2343",16,98,0,37.0496199323896,"1","B"
"X2343",16,98,1,38.4326499110095,"1","B"
"X2343",16,98,2,47.929870973226,"1","B"
"X2343",16,98,3,38.0371751740201,"1","B"
"X2343",16,98,4,32.5770309117688,"1","B"
"X2343",16,98,5,38.9513642533799,"1","B"
"X2343",16,98,6,28.4117764246193,"1","B"
"X2343",16,98,7,32.8511370966562,"1","B"
"X2343",16,104,0,42.7879721931079,"1","B"
"X2343",16,104,1,45.4108582195449,"1","B"
"X2343",16,104,2,54.7872722445272,"1","B"
"X2343",16,104,3,44.1093497955155,"1","B"
"X2343",16,104,4,38.0702450213104,"1","B"
"X2343",16,104,5,45.7815739405898,"1","B"
"X2343",16,104,6,33.3483456411516,"1","B"
"X2343",16,104,7,38.8707606689952,"1","B"
"X2343",16,127,0,62.7846255817669,"1","B"
"X2343",16,127,1,61.7597837478299,"1","B"
"X2343",16,127,2,77.6159304890207,"1","B"
"X2343",16,127,3,66.1321706614398,"1","B"
"X2343",16,127,4,60.5896245605779,"1","B"
"X2343",16,127,5,69.8904731477488,"1","B"
"X2343",16,127,6,54.1791361096456,"1","B"
"X2343",16,127,7,65.6782469202068,"1","B"
"X2343",16,151,0,90.6221449648794,"1","B"
"X2343",16,151,1,87.073004587114,"1","B"
"X2343",16,151,2,105.398872170994,"1","B"
"X2343",16,151,3,93.3739859575515,"1","B"
"X2343",16,151,4,83.6959042136176,"1","B"
"X2343",16,151,5,103.076945237914,"1","B"
"X2343",16,151,6,77.5631362494167,"1","B"
"X2343",16,151,7,92.9594681864998,"1","B"
"X2343",16,164,0,108.396120317147,"1","B"
"X2343",16,164,1,100.264677028551,"1","B"
"X2343",16,164,2,120.509314523475,"1","B"
"X2343",16,164,3,108.114429221479,"1","B"
"X2343",16,164,4,101.181883889217,"1","B"
"X2343",16,164,5,119.389079685942,"1","B"
"X2343",16,164,6,93.0918786843309,"1","B"
"X2343",16,164,7,110.858765972412,"1","B"
"X2343",20,0,0,0,"2","T"
"X2343",20,0,1,0,"2","T"
"X2343",20,0,2,0,"2","T"
"X2343",20,0,3,0,"2","T"
"X2343",20,0,4,0,"2","T"
"X2343",20,0,5,0,"2","T"
"X2343",20,0,6,0,"2","T"
"X2343",20,0,7,0,"2","T"
"X2343",20,4,0,0.694,"2","T"
"X2343",20,4,1,0.602,"2","T"
"X2343",20,4,2,0.356,"2","T"
"X2343",20,4,3,1.148,"2","T"
"X2343",20,4,4,0.57,"2","T"
"X2343",20,4,5,0.358,"2","T"
"X2343",20,4,6,0.472,"2","T"
"X2343",20,4,7,0.268,"2","T"
"X2343",20,10,0,1.89712495539822,"2","T"
"X2343",20,10,1,2.037541218525,"2","T"
"X2343",20,10,2,1.09283318890853,"2","T"
"X2343",20,10,3,3.33049946477867,"2","T"
"X2343",20,10,4,1.58929125675509,"2","T"
"X2343",20,10,5,0.973874993628318,"2","T"
"X2343",20,10,6,1.22066663268436,"2","T"
"X2343",20,10,7,0.78033331634218,"2","T"
"X2343",20,22,0,4.9208633124541,"2","T"
"X2343",20,22,1,5.58168339131669,"2","T"
"X2343",20,22,2,3.33141113678996,"2","T"
"X2343",20,22,3,8.10945258367938,"2","T"
"X2343",20,22,4,4.02460825069135,"2","T"
"X2343",20,22,5,2.65780046813167,"2","T"
"X2343",20,22,6,3.24245630937332,"2","T"
"X2343",20,22,7,2.32795833639502,"2","T"
"X2343",20,28,0,6.84678532036252,"2","T"
"X2343",20,28,1,7.84054539295805,"2","T"
"X2343",20,28,2,5.15278182961566,"2","T"
"X2343",20,28,3,10.9796265244083,"2","T"
"X2343",20,28,4,6.15384862017843,"2","T"
"X2343",20,28,5,3.91910161345561,"2","T"
"X2343",20,28,6,4.92082406283215,"2","T"
"X2343",20,28,7,3.55327519017919,"2","T"
"X2343",20,34,0,9.04686836698338,"2","T"
"X2343",20,34,1,10.7091451246051,"2","T"
"X2343",20,34,2,7.50781992304895,"2","T"
"X2343",20,34,3,14.2547501243904,"2","T"
"X2343",20,34,4,8.87841881978406,"2","T"
"X2343",20,34,5,5.78981363738077,"2","T"
"X2343",20,34,6,7.54459154082816,"2","T"
"X2343",20,34,7,5.42907221983746,"2","T"
"X2343",20,46,0,15.0427578196887,"2","T"
"X2343",20,46,1,18.4114539309765,"2","T"
"X2343",20,46,2,14.4298712786964,"2","T"
"X2343",20,46,3,23.9038178673514,"2","T"
"X2343",20,46,4,16.4706774481127,"2","T"
"X2343",20,46,5,11.1676309957503,"2","T"
"X2343",20,46,6,14.8034206081639,"2","T"
"X2343",20,46,7,11.3430657497558,"2","T"
"X2343",20,52,0,19.1818137056763,"2","T"
"X2343",20,52,1,23.0320195302608,"2","T"
"X2343",20,52,2,19.2196286591493,"2","T"
"X2343",20,52,3,30.4039289206613,"2","T"
"X2343",20,52,4,21.6809021307703,"2","T"
"X2343",20,52,5,14.8682668299892,"2","T"
"X2343",20,52,6,19.1812728287408,"2","T"
"X2343",20,52,7,15.931724497612,"2","T"
"X2343",20,58,0,24.2534492741799,"2","T"
"X2343",20,58,1,28.0418103391119,"2","T"
"X2343",20,58,2,24.7006682334419,"2","T"
"X2343",20,58,3,36.0750695532729,"2","T"
"X2343",20,58,4,29.0775862096907,"2","T"
"X2343",20,58,5,19.1291033715559,"2","T"
"X2343",20,58,6,24.2490621772608,"2","T"
"X2343",20,58,7,21.7797235326356,"2","T"
"X2343",20,70,0,35.4552061863367,"2","T"
"X2343",20,70,1,39.3541060018287,"2","T"
"X2343",20,70,2,36.904660145904,"2","T"
"X2343",20,70,3,47.6083857828361,"2","T"
"X2343",20,70,4,49.459963833557,"2","T"
"X2343",20,70,5,28.5903898920906,"2","T"
"X2343",20,70,6,37.4667863584308,"2","T"
"X2343",20,70,7,34.8337548497233,"2","T"
"X2343",20,76,0,40.1167627403527,"2","T"
"X2343",20,76,1,46.5700678838185,"2","T"
"X2343",20,76,2,43.5666012706597,"2","T"
"X2343",20,76,3,54.6763519492089,"2","T"
"X2343",20,76,4,58.7022810907696,"2","T"
"X2343",20,76,5,33.0001900760583,"2","T"
"X2343",20,76,6,45.6286681462843,"2","T"
"X2343",20,76,7,41.5246241626233,"2","T"
"X2343",20,82,0,47.5624863411425,"2","T"
"X2343",20,82,1,56.0383750655159,"2","T"
"X2343",20,82,2,51.501802133287,"2","T"
"X2343",20,82,3,62.4127333865391,"2","T"
"X2343",20,82,4,67.3885215806089,"2","T"
"X2343",20,82,5,39.5957820670738,"2","T"
"X2343",20,82,6,53.5443975585978,"2","T"
"X2343",20,82,7,50.6788396745083,"2","T"
"X2343",20,94,0,67.7190870543751,"2","T"
"X2343",20,94,1,78.0086690418327,"2","T"
"X2343",20,94,2,67.7622801500483,"2","T"
"X2343",20,94,3,79.22113125459,"2","T"
"X2343",20,94,4,83.2920238073948,"2","T"
"X2343",20,94,5,53.3598321797779,"2","T"
"X2343",20,94,6,68.8626857796537,"2","T"
"X2343",20,94,7,70.0406559334584,"2","T"
"X2343",20,100,0,78.0576367932413,"2","T"
"X2343",20,100,1,89.8647877218478,"2","T"
"X2343",20,100,2,75.9776110520505,"2","T"
"X2343",20,100,3,89.1189921483407,"2","T"
"X2343",20,100,4,90.677872020326,"2","T"
"X2343",20,100,5,60.4105005414322,"2","T"
"X2343",20,100,6,77.2236030097748,"2","T"
"X2343",20,100,7,79.8266841592741,"2","T"
"X2343",20,106,0,89.1531968840037,"2","T"
"X2343",20,106,1,101.868897024797,"2","T"
"X2343",20,106,2,87.5171493533979,"2","T"
"X2343",20,106,3,99.0944278791074,"2","T"
"X2343",20,106,4,98.1311437154833,"2","T"
"X2343",20,106,5,67.5992445726832,"2","T"
"X2343",20,106,6,85.2175828761117,"2","T"
"X2343",20,106,7,89.3942186326752,"2","T"
"X2343",25,0,0,0,"2","T"
"X2343",25,0,1,0,"2","T"
"X2343",25,0,2,0,"2","T"
"X2343",25,0,3,0,"2","T"
"X2343",25,0,4,0,"2","T"
"X2343",25,0,5,0,"2","T"
"X2343",25,0,6,0,"2","T"
"X2343",25,0,7,0,"2","T"
"X2343",25,5,0,1.3625,"2","T"
"X2343",25,5,1,0.78,"2","T"
"X2343",25,5,2,0.79,"2","T"
"X2343",25,5,3,0.9575,"2","T"
"X2343",25,5,4,0.5975,"2","T"
"X2343",25,5,5,0.8925,"2","T"
"X2343",25,5,6,0.8675,"2","T"
"X2343",25,5,7,1.1825,"2","T"
"X2343",25,11,0,3.1792173080461,"2","T"
"X2343",25,11,1,2.23661626505525,"2","T"
"X2343",25,11,2,1.93023360906655,"2","T"
"X2343",25,11,3,2.30640827638843,"2","T"
"X2343",25,11,4,1.4449960596144,"2","T"
"X2343",25,11,5,2.21909978420879,"2","T"
"X2343",25,11,6,2.05263364503175,"2","T"
"X2343",25,11,7,2.53504282055023,"2","T"
"X2343",25,23,0,9.3052240277541,"2","T"
"X2343",25,23,1,6.82905760547734,"2","T"
"X2343",25,23,2,6.05945342731922,"2","T"
"X2343",25,23,3,6.78034126100156,"2","T"
"X2343",25,23,4,4.94031049916621,"2","T"
"X2343",25,23,5,6.50376942323461,"2","T"
"X2343",25,23,6,6.18742439773082,"2","T"
"X2343",25,23,7,7.23787328029731,"2","T"
"X2343",25,29,0,13.7574091087295,"2","T"
"X2343",25,29,1,10.3427448090415,"2","T"
"X2343",25,29,2,9.34166417191927,"2","T"
"X2343",25,29,3,10.6189074329478,"2","T"
"X2343",25,29,4,8.3415980592658,"2","T"
"X2343",25,29,5,10.0788326871533,"2","T"
"X2343",25,29,6,9.427697992197,"2","T"
"X2343",25,29,7,10.5026589857141,"2","T"
"X2343",25,35,0,18.8404642708086,"2","T"
"X2343",25,35,1,15.0389300454106,"2","T"
"X2343",25,35,2,12.737610561396,"2","T"
"X2343",25,35,3,16.3022207382792,"2","T"
"X2343",25,35,4,13.994960641557,"2","T"
"X2343",25,35,5,15.0950754634558,"2","T"
"X2343",25,35,6,13.751069671548,"2","T"
"X2343",25,35,7,15.0776923724651,"2","T"
"X2343",25,47,0,34.8700796594805,"2","T"
"X2343",25,47,1,27.7485877514695,"2","T"
"X2343",25,47,2,21.9943868457626,"2","T"
"X2343",25,47,3,31.3849016552555,"2","T"
"X2343",25,47,4,27.0039349982053,"2","T"
"X2343",25,47,5,30.738853219829,"2","T"
"X2343",25,47,6,27.9264284973356,"2","T"
"X2343",25,47,7,29.1154803605108,"2","T"
"X2343",25,53,0,43.9369738738061,"2","T"
"X2343",25,53,1,33.0315626920221,"2","T"
"X2343",25,53,2,28.2993715583015,"2","T"
"X2343",25,53,3,36.5063230860572,"2","T"
"X2343",25,53,4,31.1868015111988,"2","T"
"X2343",25,53,5,37.9103925963883,"2","T"
"X2343",25,53,6,35.7085628780051,"2","T"
"X2343",25,53,7,36.1676527587871,"2","T"
"X2343",25,59,0,52.9469216117347,"2","T"
"X2343",25,59,1,40.1847954465875,"2","T"
"X2343",25,59,2,33.9098993446627,"2","T"
"X2343",25,59,3,44.0126889613074,"2","T"
"X2343",25,59,4,36.6443916367524,"2","T"
"X2343",25,59,5,46.6492854716515,"2","T"
"X2343",25,59,6,45.3172453204466,"2","T"
"X2343",25,59,7,45.0195362939194,"2","T"
"X2343",25,71,0,69.168772520854,"2","T"
"X2343",25,71,1,53.9688508147862,"2","T"
"X2343",25,71,2,45.2739940947126,"2","T"
"X2343",25,71,3,63.3864413764158,"2","T"
"X2343",25,71,4,49.9113393075695,"2","T"
"X2343",25,71,5,68.9154376988518,"2","T"
"X2343",25,71,6,68.5796218800929,"2","T"
"X2343",25,71,7,63.8493525162539,"2","T"
"X2343",25,77,0,76.8677941147697,"2","T"
"X2343",25,77,1,60.6667410158908,"2","T"
"X2343",25,77,2,50.936370314192,"2","T"
"X2343",25,77,3,74.6988815171208,"2","T"
"X2343",25,77,4,58.0424462261116,"2","T"
"X2343",25,77,5,81.751136056484,"2","T"
"X2343",25,77,6,82.0529416173771,"2","T"
"X2343",25,77,7,74.6008759700508,"2","T"
"X2343",25,83,0,85.3143702674253,"2","T"
"X2343",25,83,1,67.6092539504025,"2","T"
"X2343",25,83,2,56.427944234879,"2","T"
"X2343",25,83,3,87.3770705189709,"2","T"
"X2343",25,83,4,66.5280970295325,"2","T"
"X2343",25,83,5,94.4824344246718,"2","T"
"X2343",25,83,6,94.8722564404481,"2","T"
"X2343",25,83,7,83.8251669229315,"2","T"
"X2343",25,95,0,103.683349163199,"2","T"
"X2343",25,95,1,80.3344856079936,"2","T"
"X2343",25,95,2,67.5426666856654,"2","T"
"X2343",25,95,3,113.231547922135,"2","T"
"X2343",25,95,4,82.2500585317328,"2","T"
"X2343",25,95,5,120.304836751636,"2","T"
"X2343",25,95,6,119.914196165907,"2","T"
"X2343",25,95,7,104.067216750933,"2","T"
"X2343",25,101,0,112.703985341496,"2","T"
"X2343",25,101,1,86.5631828355896,"2","T"
"X2343",25,101,2,73.5251578128169,"2","T"
"X2343",25,101,3,126.181611502486,"2","T"
"X2343",25,101,4,90.0438714624149,"2","T"
"X2343",25,101,5,132.966836781709,"2","T"
"X2343",25,101,6,132.172779864305,"2","T"
"X2343",25,101,7,115.357782867827,"2","T"
"X2343",25,107,0,121.525474976218,"2","T"
"X2343",25,107,1,92.6354696473343,"2","T"
"X2343",25,107,2,79.7623029854974,"2","T"
"X2343",25,107,3,139.132615504182,"2","T"
"X2343",25,107,4,97.9201339815477,"2","T"
"X2343",25,107,5,145.082232870381,"2","T"
"X2343",25,107,6,144.937231253994,"2","T"
"X2343",25,107,7,126.213936289114,"2","T"
"X2343",25.1,0,0,0,"3","B"
"X2343",25.1,0,1,0,"3","B"
"X2343",25.1,0,2,0,"3","B"
"X2343",25.1,0,3,0,"3","B"
"X2343",25.1,0,4,0,"3","B"
"X2343",25.1,0,5,0,"3","B"
"X2343",25.1,0,6,0,"3","B"
"X2343",25.1,0,7,0,"3","B"
"X2343",25.1,4,0,0.852,"3","B"
"X2343",25.1,4,1,0.456,"3","B"
"X2343",25.1,4,2,0.492,"3","B"
"X2343",25.1,4,3,0.588,"3","B"
"X2343",25.1,4,4,0.368,"3","B"
"X2343",25.1,4,5,1.204,"3","B"
"X2343",25.1,4,6,0.672,"3","B"
"X2343",25.1,4,7,0.342,"3","B"
"X2343",25.1,10,0,2.34183349474929,"3","B"
"X2343",25.1,10,1,1.35275024212393,"3","B"
"X2343",25.1,10,2,1.78141697675521,"3","B"
"X2343",25.1,10,3,1.76374993628318,"3","B"
"X2343",25.1,10,4,0.946000203893839,"3","B"
"X2343",25.1,10,5,2.97100045876114,"3","B"
"X2343",25.1,10,6,2.06708335457228,"3","B"
"X2343",25.1,10,7,0.909625082831872,"3","B"
"X2343",25.1,22,0,7.39345627964553,"3","B"
"X2343",25.1,22,1,5.53062894084191,"3","B"
"X2343",25.1,22,2,7.02763450233578,"3","B"
"X2343",25.1,22,3,5.99841645260908,"3","B"
"X2343",25.1,22,4,4.61901187638224,"3","B"
"X2343",25.1,22,5,8.12325522529695,"3","B"
"X2343",25.1,22,6,6.84671701355458,"3","B"
"X2343",25.1,22,7,3.02345084333184,"3","B"
"X2343",25.1,28,0,11.3461326752133,"3","B"
"X2343",25.1,28,1,9.34367696564786,"3","B"
"X2343",25.1,28,2,11.2635786662313,"3","B"
"X2343",25.1,28,3,10.2140029062398,"3","B"
"X2343",25.1,28,4,8.54765038704625,"3","B"
"X2343",25.1,28,5,12.1222220749154,"3","B"
"X2343",25.1,28,6,10.8140293937726,"3","B"
"X2343",25.1,28,7,4.89057233942437,"3","B"
"X2343",25.1,34,0,16.49555547116,"3","B"
"X2343",25.1,34,1,13.7700510079254,"3","B"
"X2343",25.1,34,2,17.9464732466395,"3","B"
"X2343",25.1,34,3,17.88566009159,"3","B"
"X2343",25.1,34,4,12.3289532085112,"3","B"
"X2343",25.1,34,5,18.8090911665884,"3","B"
"X2343",25.1,34,6,17.1983439095168,"3","B"
"X2343",25.1,34,7,8.21300504061898,"3","B"
"X2343",25.1,46,0,32.465198622518,"3","B"
"X2343",25.1,46,1,25.8756804277681,"3","B"
"X2343",25.1,46,2,31.7405504852969,"3","B"
"X2343",25.1,46,3,35.7271082752188,"3","B"
"X2343",25.1,46,4,23.4973455331077,"3","B"
"X2343",25.1,46,5,34.0036155964796,"3","B"
"X2343",25.1,46,6,33.0717155086637,"3","B"
"X2343",25.1,46,7,19.9012010061232,"3","B"
"X2343",25.1,52,0,41.1806602315532,"3","B"
"X2343",25.1,52,1,35.5951436821246,"3","B"
"X2343",25.1,52,2,38.830933250777,"3","B"
"X2343",25.1,52,3,44.2000961044726,"3","B"
"X2343",25.1,52,4,32.0881987191658,"3","B"
"X2343",25.1,52,5,41.4619307300849,"3","B"
"X2343",25.1,52,6,40.491376554839,"3","B"
"X2343",25.1,52,7,25.7460190683304,"3","B"
"X2343",25.1,58,0,49.9226739795657,"3","B"
"X2343",25.1,58,1,45.4404994107173,"3","B"
"X2343",25.1,58,2,44.2828940713771,"3","B"
"X2343",25.1,58,3,52.7787332367412,"3","B"
"X2343",25.1,58,4,40.3516359339056,"3","B"
"X2343",25.1,58,5,49.2180091019249,"3","B"
"X2343",25.1,58,6,48.2180789153056,"3","B"
"X2343",25.1,58,7,32.875141256237,"3","B"
"X2343",25.1,70,0,72.5461491157203,"3","B"
"X2343",25.1,70,1,66.9346042498006,"3","B"
"X2343",25.1,70,2,57.4654008516343,"3","B"
"X2343",25.1,70,3,68.9044746955408,"3","B"
"X2343",25.1,70,4,56.9925987311808,"3","B"
"X2343",25.1,70,5,64.7961979231599,"3","B"
"X2343",25.1,70,6,64.3730164861912,"3","B"
"X2343",25.1,70,7,51.0925382736913,"3","B"
"X2343",25.1,76,0,83.6348216759626,"3","B"
"X2343",25.1,76,1,78.1206173028384,"3","B"
"X2343",25.1,76,2,64.5273033623799,"3","B"
"X2343",25.1,76,3,76.2563551353773,"3","B"
"X2343",25.1,76,4,64.7978655985928,"3","B"
"X2343",25.1,76,5,72.942294633196,"3","B"
"X2343",25.1,76,6,72.6950606910228,"3","B"
"X2343",25.1,76,7,60.6509511315355,"3","B"
"X2343",25.1,82,0,94.6418588732169,"3","B"
"X2343",25.1,82,1,88.1123592683172,"3","B"
"X2343",25.1,82,2,72.0316803261104,"3","B"
"X2343",25.1,82,3,84.1738844395993,"3","B"
"X2343",25.1,82,4,73.3548897874449,"3","B"
"X2343",25.1,82,5,80.7116405323391,"3","B"
"X2343",25.1,82,6,80.7354945135358,"3","B"
"X2343",25.1,82,7,69.4573272256807,"3","B"
"X2343",25.1,94,0,116.741089912394,"3","B"
"X2343",25.1,94,1,107.807630933189,"3","B"
"X2343",25.1,94,2,85.8340904360369,"3","B"
"X2343",25.1,94,3,99.8751104811023,"3","B"
"X2343",25.1,94,4,90.0756232171035,"3","B"
"X2343",25.1,94,5,97.0611100614943,"3","B"
"X2343",25.1,94,6,96.6547487376102,"3","B"
"X2343",25.1,94,7,87.1657961308724,"3","B"
"X2343",25.1,100,0,127.218938237494,"3","B"
"X2343",25.1,100,1,116.265891650077,"3","B"
"X2343",25.1,100,2,92.4865989540513,"3","B"
"X2343",25.1,100,3,107.364122757699,"3","B"
"X2343",25.1,100,4,97.3533351777579,"3","B"
"X2343",25.1,100,5,106.487606778651,"3","B"
"X2343",25.1,100,6,104.606427297307,"3","B"
"X2343",25.1,100,7,96.1418054697685,"3","B"
"X2343",25.1,106,0,137.40691071144,"3","B"
"X2343",25.1,106,1,125.914084236753,"3","B"
"X2343",25.1,106,2,99.7294514629914,"3","B"
"X2343",25.1,106,3,114.365392208675,"3","B"
"X2343",25.1,106,4,104.527838660563,"3","B"
"X2343",25.1,106,5,116.29772341072,"3","B"
"X2343",25.1,106,6,113.765116073677,"3","B"
"X2343",25.1,106,7,104.613174229122,"3","B"
"X2343",25.2,0,0,0,"1","T"
"X2343",25.2,0,1,0,"1","T"
"X2343",25.2,0,2,0,"1","T"
"X2343",25.2,0,3,0,"1","T"
"X2343",25.2,0,4,0,"1","T"
"X2343",25.2,0,5,0,"1","T"
"X2343",25.2,0,6,0,"1","T"
"X2343",25.2,0,7,0,"1","T"
"X2343",25.2,2,0,0.242,"1","T"
"X2343",25.2,2,1,0.225,"1","T"
"X2343",25.2,2,2,0.199,"1","T"
"X2343",25.2,2,3,0.234,"1","T"
"X2343",25.2,2,4,0.209,"1","T"
"X2343",25.2,2,5,0.232,"1","T"
"X2343",25.2,2,6,0.17,"1","T"
"X2343",25.2,2,7,0.182,"1","T"
"X2343",25.2,8,0,1.05466672533342,"1","T"
"X2343",25.2,8,1,1.01041667033334,"1","T"
"X2343",25.2,8,2,0.873250099000147,"1","T"
"X2343",25.2,8,3,1.00108339566676,"1","T"
"X2343",25.2,8,4,0.917750033000049,"1","T"
"X2343",25.2,8,5,0.952666813333551,"1","T"
"X2343",25.2,8,6,0.737833384666743,"1","T"
"X2343",25.2,8,7,0.745416802333535,"1","T"
"X2343",25.2,20,0,3.74529719050098,"1","T"
"X2343",25.2,20,1,3.74227777160605,"1","T"
"X2343",25.2,20,2,3.29198148084931,"1","T"
"X2343",25.2,20,3,3.64842724820405,"1","T"
"X2343",25.2,20,4,3.26583449835281,"1","T"
"X2343",25.2,20,5,3.4872959759136,"1","T"
"X2343",25.2,20,6,2.77618615425605,"1","T"
"X2343",25.2,20,7,2.78416609847442,"1","T"
"X2343",25.2,26,0,5.77901907041389,"1","T"
"X2343",25.2,26,1,5.95404897095537,"1","T"
"X2343",25.2,26,2,5.25657534739987,"1","T"
"X2343",25.2,26,3,5.86267901303489,"1","T"
"X2343",25.2,26,4,5.06023981813588,"1","T"
"X2343",25.2,26,5,5.62791967521867,"1","T"
"X2343",25.2,26,6,4.55551917462609,"1","T"
"X2343",25.2,26,7,4.53787179217532,"1","T"
"X2343",25.2,32,0,7.92192860685922,"1","T"
"X2343",25.2,32,1,8.40915513650199,"1","T"
"X2343",25.2,32,2,8.28809299468658,"1","T"
"X2343",25.2,32,3,8.46264252388159,"1","T"
"X2343",25.2,32,4,6.86604304995333,"1","T"
"X2343",25.2,32,5,8.70088881640937,"1","T"
"X2343",25.2,32,6,7.02132388576771,"1","T"
"X2343",25.2,32,7,7.07228919904381,"1","T"
"X2343",25.2,44,0,14.9136195060035,"1","T"
"X2343",25.2,44,1,17.3565570368103,"1","T"
"X2343",25.2,44,2,19.1787362364808,"1","T"
"X2343",25.2,44,3,16.5120268063179,"1","T"
"X2343",25.2,44,4,12.3852159875748,"1","T"
"X2343",25.2,44,5,19.4664812542873,"1","T"
"X2343",25.2,44,6,14.738513821621,"1","T"
"X2343",25.2,44,7,14.3717178209067,"1","T"
"X2343",25.2,50,0,19.392254639959,"1","T"
"X2343",25.2,50,1,23.6970394189069,"1","T"
"X2343",25.2,50,2,25.2803760289226,"1","T"
"X2343",25.2,50,3,22.2098431673399,"1","T"
"X2343",25.2,50,4,15.9780141224359,"1","T"
"X2343",25.2,50,5,26.8899949241082,"1","T"
"X2343",25.2,50,6,20.0761937183952,"1","T"
"X2343",25.2,50,7,19.0223389594192,"1","T"
"X2343",25.2,56,0,24.5618630544551,"1","T"
"X2343",25.2,56,1,29.6254369167161,"1","T"
"X2343",25.2,56,2,30.830653985039,"1","T"
"X2343",25.2,56,3,28.5450297025062,"1","T"
"X2343",25.2,56,4,20.5262191918976,"1","T"
"X2343",25.2,56,5,33.3839499291132,"1","T"
"X2343",25.2,56,6,26.5804439718684,"1","T"
"X2343",25.2,56,7,24.9259745394082,"1","T"
"X2343",25.2,68,0,35.9581698880031,"1","T"
"X2343",25.2,68,1,40.8431272941801,"1","T"
"X2343",25.2,68,2,42.4189299962529,"1","T"
"X2343",25.2,68,3,44.5953961458397,"1","T"
"X2343",25.2,68,4,31.2535766709833,"1","T"
"X2343",25.2,68,5,45.5142259670988,"1","T"
"X2343",25.2,68,6,39.7631353081731,"1","T"
"X2343",25.2,68,7,38.2747467898135,"1","T"
"X2343",25.2,74,0,41.913150510233,"1","T"
"X2343",25.2,74,1,46.5872529609762,"1","T"
"X2343",25.2,74,2,47.8655019337267,"1","T"
"X2343",25.2,74,3,51.9000994589089,"1","T"
"X2343",25.2,74,4,37.1875335367197,"1","T"
"X2343",25.2,74,5,52.5896023666352,"1","T"
"X2343",25.2,74,6,46.3513845013384,"1","T"
"X2343",25.2,74,7,48.5150850099124,"1","T"
"X2343",25.2,80,0,47.5274703874031,"1","T"
"X2343",25.2,80,1,52.5567814172941,"1","T"
"X2343",25.2,80,2,53.6729769120864,"1","T"
"X2343",25.2,80,3,59.5887453269026,"1","T"
"X2343",25.2,80,4,43.7202517050508,"1","T"
"X2343",25.2,80,5,59.586395850484,"1","T"
"X2343",25.2,80,6,52.75130049495,"1","T"
"X2343",25.2,80,7,56.9093991496942,"1","T"
"X2343",25.2,92,0,61.8571099799049,"1","T"
"X2343",25.2,92,1,65.3914320596775,"1","T"
"X2343",25.2,92,2,67.8446078351641,"1","T"
"X2343",25.2,92,3,76.5219276222393,"1","T"
"X2343",25.2,92,4,59.5895672847619,"1","T"
"X2343",25.2,92,5,75.8171019609107,"1","T"
"X2343",25.2,92,6,68.345771249436,"1","T"
"X2343",25.2,92,7,79.0651737072586,"1","T"
"X2343",25.2,98,0,70.4758767371138,"1","T"
"X2343",25.2,98,1,73.1373075881243,"1","T"
"X2343",25.2,98,2,77.2145731925988,"1","T"
"X2343",25.2,98,3,85.2145723318529,"1","T"
"X2343",25.2,98,4,69.041120687443,"1","T"
"X2343",25.2,98,5,84.4944841872942,"1","T"
"X2343",25.2,98,6,76.8293511194671,"1","T"
"X2343",25.2,98,7,89.3215648630529,"1","T"
"X2343",25.2,104,0,79.4321566676818,"1","T"
"X2343",25.2,104,1,81.4474836172514,"1","T"
"X2343",25.2,104,2,87.0087006712011,"1","T"
"X2343",25.2,104,3,93.3164020800736,"1","T"
"X2343",25.2,104,4,78.6587626022093,"1","T"
"X2343",25.2,104,5,93.2425268312589,"1","T"
"X2343",25.2,104,6,85.9238245981037,"1","T"
"X2343",25.2,104,7,100.490920551407,"1","T"
"X2343",25.2,127,0,116.860139995068,"1","T"
"X2343",25.2,127,1,120.790406671201,"1","T"
"X2343",25.2,127,2,129.020350633471,"1","T"
"X2343",25.2,127,3,127.579647362742,"1","T"
"X2343",25.2,127,4,118.82177766903,"1","T"
"X2343",25.2,127,5,133.50423944157,"1","T"
"X2343",25.2,127,6,124.914485253303,"1","T"
"X2343",25.2,127,7,144.547352283144,"1","T"
"X2343",25.2,151,0,162.571650712969,"1","T"
"X2343",25.2,151,1,170.083793862032,"1","T"
"X2343",25.2,151,2,177.311048885808,"1","T"
"X2343",25.2,151,3,171.031199405981,"1","T"
"X2343",25.2,151,4,163.353570909564,"1","T"
"X2343",25.2,151,5,181.865194836281,"1","T"
"X2343",25.2,151,6,172.024321020453,"1","T"
"X2343",25.2,151,7,190.554319549745,"1","T"
"X2343",25.2,164,0,186.616777186629,"1","T"
"X2343",25.2,164,1,197.368480247471,"1","T"
"X2343",25.2,164,2,204.171401214257,"1","T"
"X2343",25.2,164,3,193.971811629466,"1","T"
"X2343",25.2,164,4,187.863747797539,"1","T"
"X2343",25.2,164,5,209.380716740014,"1","T"
"X2343",25.2,164,6,197.751320490613,"1","T"
"X2343",25.2,164,7,216.427842944877,"1","T"
"X2343",25.3,0,0,0,"4","M"
"X2343",25.3,0,1,0,"4","M"
"X2343",25.3,0,2,0,"4","M"
"X2343",25.3,0,3,0,"4","M"
"X2343",25.3,0,4,0,"4","M"
"X2343",25.3,0,5,0,"4","M"
"X2343",25.3,0,6,0,"4","M"
"X2343",25.3,0,7,0,"4","M"
"X2343",25.3,4,0,0.564,"4","M"
"X2343",25.3,4,1,0.33,"4","M"
"X2343",25.3,4,2,0.378,"4","M"
"X2343",25.3,4,3,0.528,"4","M"
"X2343",25.3,4,4,1.178,"4","M"
"X2343",25.3,4,5,0.344,"4","M"
"X2343",25.3,4,6,0.596,"4","M"
"X2343",25.3,4,7,0.4,"4","M"
"X2343",25.3,10,0,1.64075008920355,"4","M"
"X2343",25.3,10,1,0.985125057345142,"4","M"
"X2343",25.3,10,2,1.06687509557524,"4","M"
"X2343",25.3,10,3,1.488416619941,"4","M"
"X2343",25.3,10,4,3.40154126949846,"4","M"
"X2343",25.3,10,5,0.936916696401185,"4","M"
"X2343",25.3,10,6,1.68450002548673,"4","M"
"X2343",25.3,10,7,1.11075008920355,"4","M"
"X2343",25.3,22,0,5.47226534666589,"4","M"
"X2343",25.3,22,1,3.86428975149929,"4","M"
"X2343",25.3,22,2,4.277910728648,"4","M"
"X2343",25.3,22,3,5.25082059001015,"4","M"
"X2343",25.3,22,4,9.21409142287494,"4","M"
"X2343",25.3,22,5,3.16391932753669,"4","M"
"X2343",25.3,22,6,5.22235025625682,"4","M"
"X2343",25.3,22,7,3.29643446801783,"4","M"
"X2343",25.3,28,0,8.6129987896717,"4","M"
"X2343",25.3,28,1,6.59471080074835,"4","M"
"X2343",25.3,28,2,7.53266296041467,"4","M"
"X2343",25.3,28,3,8.93123452150198,"4","M"
"X2343",25.3,28,4,13.5122684497479,"4","M"
"X2343",25.3,28,5,5.20430804208633,"4","M"
"X2343",25.3,28,6,8.13163465922155,"4","M"
"X2343",25.3,28,7,4.80256034891846,"4","M"
"X2343",25.3,34,0,12.8508923267952,"4","M"
"X2343",25.3,34,1,10.0946074812903,"4","M"
"X2343",25.3,34,2,12.5403034021801,"4","M"
"X2343",25.3,34,3,14.324959161558,"4","M"
"X2343",25.3,34,4,19.5058837273077,"4","M"
"X2343",25.3,34,5,7.98210064372745,"4","M"
"X2343",25.3,34,6,13.3658341582083,"4","M"
"X2343",25.3,34,7,6.56620275883188,"4","M"
"X2343",25.3,46,0,23.1780143348576,"4","M"
"X2343",25.3,46,1,19.6346116504447,"4","M"
"X2343",25.3,46,2,26.7581390524353,"4","M"
"X2343",25.3,46,3,28.795013253321,"4","M"
"X2343",25.3,46,4,36.1240473222353,"4","M"
"X2343",25.3,46,5,18.1586315175704,"4","M"
"X2343",25.3,46,6,30.0583150137088,"4","M"
"X2343",25.3,46,7,13.7157863416545,"4","M"
"X2343",25.3,52,0,28.3151172652637,"4","M"
"X2343",25.3,52,1,25.7705127137599,"4","M"
"X2343",25.3,52,2,34.1936903730639,"4","M"
"X2343",25.3,52,3,35.3139768553264,"4","M"
"X2343",25.3,52,4,45.2720497175852,"4","M"
"X2343",25.3,52,5,26.3036164942397,"4","M"
"X2343",25.3,52,6,38.1278414706305,"4","M"
"X2343",25.3,52,7,20.2485198744167,"4","M"
"X2343",25.3,58,0,34.6326190224561,"4","M"
"X2343",25.3,58,1,32.279940417331,"4","M"
"X2343",25.3,58,2,42.6461468145229,"4","M"
"X2343",25.3,58,3,42.6256619652051,"4","M"
"X2343",25.3,58,4,53.6087186795495,"4","M"
"X2343",25.3,58,5,35.538276871132,"4","M"
"X2343",25.3,58,6,46.5885946102047,"4","M"
"X2343",25.3,58,7,26.4498468436378,"4","M"
"X2343",25.3,70,0,48.5651922765092,"4","M"
"X2343",25.3,70,1,48.0067496854454,"4","M"
"X2343",25.3,70,2,61.644800877416,"4","M"
"X2343",25.3,70,3,61.2945053581056,"4","M"
"X2343",25.3,70,4,70.67027013973,"4","M"
"X2343",25.3,70,5,54.4630910129265,"4","M"
"X2343",25.3,70,6,62.0127937112317,"4","M"
"X2343",25.3,70,7,39.6947088515634,"4","M"
"X2343",25.3,76,0,57.3450324448261,"4","M"
"X2343",25.3,76,1,57.0441312322425,"4","M"
"X2343",25.3,76,2,73.1807905608679,"4","M"
"X2343",25.3,76,3,71.9135601007006,"4","M"
"X2343",25.3,76,4,80.5957232618845,"4","M"
"X2343",25.3,76,5,64.8217345326427,"4","M"
"X2343",25.3,76,6,71.061031615958,"4","M"
"X2343",25.3,76,7,48.210934985652,"4","M"
"X2343",25.3,82,0,65.9964044811822,"4","M"
"X2343",25.3,82,1,66.6648065071089,"4","M"
"X2343",25.3,82,2,83.7914964528948,"4","M"
"X2343",25.3,82,3,81.4136567249842,"4","M"
"X2343",25.3,82,4,90.7582721140868,"4","M"
"X2343",25.3,82,5,74.831345425634,"4","M"
"X2343",25.3,82,6,79.5022511812187,"4","M"
"X2343",25.3,82,7,56.4555151432395,"4","M"
"X2343",25.3,94,0,82.7419047869261,"4","M"
"X2343",25.3,94,1,88.796955624014,"4","M"
"X2343",25.3,94,2,108.585552746288,"4","M"
"X2343",25.3,94,3,98.836982166991,"4","M"
"X2343",25.3,94,4,112.124533093225,"4","M"
"X2343",25.3,94,5,97.1784499058873,"4","M"
"X2343",25.3,94,6,96.1665419579061,"4","M"
"X2343",25.3,94,7,75.0305457469955,"4","M"
"X2343",25.3,100,0,92.9682375394252,"4","M"
"X2343",25.3,100,1,99.607404326734,"4","M"
"X2343",25.3,100,2,119.890172765511,"4","M"
"X2343",25.3,100,3,111.210085345103,"4","M"
"X2343",25.3,100,4,123.36336260455,"4","M"
"X2343",25.3,100,5,107.658972725308,"4","M"
"X2343",25.3,100,6,104.770554669162,"4","M"
"X2343",25.3,100,7,84.8378864356242,"4","M"
"X2343",25.3,106,0,102.988080356002,"4","M"
"X2343",25.3,106,1,109.620913652746,"4","M"
"X2343",25.3,106,2,130.914469340517,"4","M"
"X2343",25.3,106,3,122.396766923266,"4","M"
"X2343",25.3,106,4,134.48889765789,"4","M"
"X2343",25.3,106,5,118.215674388694,"4","M"
"X2343",25.3,106,6,112.990075193706,"4","M"
"X2343",25.3,106,7,93.9946634567622,"4","M"
"X2343",28,0,0,0,"3","M"
"X2343",28,0,1,0,"3","M"
"X2343",28,0,2,0,"3","M"
"X2343",28,0,3,0,"3","M"
"X2343",28,0,4,0,"3","M"
"X2343",28,0,5,0,"3","M"
"X2343",28,0,6,0,"3","M"
"X2343",28,0,7,0,"3","M"
"X2343",28,4,0,0.634,"3","M"
"X2343",28,4,1,0.33,"3","M"
"X2343",28,4,2,0.682,"3","M"
"X2343",28,4,3,1.042,"3","M"
"X2343",28,4,4,0.592,"3","M"
"X2343",28,4,5,1.006,"3","M"
"X2343",28,4,6,0.884,"3","M"
"X2343",28,4,7,0.308,"3","M"
"X2343",28,10,0,2.02470853935107,"3","M"
"X2343",28,10,1,1.07062528672571,"3","M"
"X2343",28,10,2,2.00562554159301,"3","M"
"X2343",28,10,3,2.74537568177003,"3","M"
"X2343",28,10,4,1.4716668365782,"3","M"
"X2343",28,10,5,2.88054208507382,"3","M"
"X2343",28,10,6,2.2516673463128,"3","M"
"X2343",28,10,7,0.920916747374645,"3","M"
"X2343",28,22,0,8.02474938153442,"3","M"
"X2343",28,22,1,6.52466200719842,"3","M"
"X2343",28,22,2,7.37531503277131,"3","M"
"X2343",28,22,3,12.2816638993824,"3","M"
"X2343",28,22,4,4.83926888651033,"3","M"
"X2343",28,22,5,13.2145037595673,"3","M"
"X2343",28,22,6,7.27085873720514,"3","M"
"X2343",28,22,7,3.25712252552312,"3","M"
"X2343",28,28,0,13.2489056079359,"3","M"
"X2343",28,28,1,12.0529646245149,"3","M"
"X2343",28,28,2,11.5871396750362,"3","M"
"X2343",28,28,3,21.6259437684073,"3","M"
"X2343",28,28,4,8.4011773485495,"3","M"
"X2343",28,28,5,23.2970509021311,"3","M"
"X2343",28,28,6,11.7172397904646,"3","M"
"X2343",28,28,7,5.60423771169296,"3","M"
"X2343",28,34,0,18.8807334101858,"3","M"
"X2343",28,34,1,16.7045987957912,"3","M"
"X2343",28,34,2,17.616649450902,"3","M"
"X2343",28,34,3,30.1570458828407,"3","M"
"X2343",28,34,4,14.7846757982122,"3","M"
"X2343",28,34,5,31.7175031480549,"3","M"
"X2343",28,34,6,19.7943815753117,"3","M"
"X2343",28,34,7,10.1705064352529,"3","M"
"X2343",28,46,0,33.6365628982206,"3","M"
"X2343",28,46,1,31.6626401702415,"3","M"
"X2343",28,46,2,30.7254075524913,"3","M"
"X2343",28,46,3,46.425394479942,"3","M"
"X2343",28,46,4,30.0062009783867,"3","M"
"X2343",28,46,5,47.5528135093366,"3","M"
"X2343",28,46,6,36.8824131092906,"3","M"
"X2343",28,46,7,22.0600008196517,"3","M"
"X2343",28,52,0,46.2258004563536,"3","M"
"X2343",28,52,1,43.9593110089615,"3","M"
"X2343",28,52,2,36.739448536687,"3","M"
"X2343",28,52,3,54.2987672616677,"3","M"
"X2343",28,52,4,37.4411754547499,"3","M"
"X2343",28,52,5,55.6862949747617,"3","M"
"X2343",28,52,6,47.4159362442773,"3","M"
"X2343",28,52,7,30.2531695530332,"3","M"
"X2343",28,58,0,56.7245402709477,"3","M"
"X2343",28,58,1,55.0304193040252,"3","M"
"X2343",28,58,2,42.5873847488065,"3","M"
"X2343",28,58,3,63.1749407627566,"3","M"
"X2343",28,58,4,45.0758498850722,"3","M"
"X2343",28,58,5,63.5111514756109,"3","M"
"X2343",28,58,6,57.0767407300279,"3","M"
"X2343",28,58,7,37.8236690671333,"3","M"
"X2343",28,70,0,80.3104807080295,"3","M"
"X2343",28,70,1,77.7912691742673,"3","M"
"X2343",28,70,2,55.6978391393846,"3","M"
"X2343",28,70,3,80.4196894802,"3","M"
"X2343",28,70,4,60.9950792773827,"3","M"
"X2343",28,70,5,80.764246969258,"3","M"
"X2343",28,70,6,79.028603127574,"3","M"
"X2343",28,70,7,54.1400740548236,"3","M"
"X2343",28,76,0,92.3252384027727,"3","M"
"X2343",28,76,1,90.0467253600697,"3","M"
"X2343",28,76,2,62.06398832719,"3","M"
"X2343",28,76,3,88.6902605305815,"3","M"
"X2343",28,76,4,69.6629865809629,"3","M"
"X2343",28,76,5,90.3883519784919,"3","M"
"X2343",28,76,6,88.0127845965245,"3","M"
"X2343",28,76,7,62.8116581206771,"3","M"
"X2343",28,82,0,103.189735468526,"3","M"
"X2343",28,82,1,102.111505004714,"3","M"
"X2343",28,82,2,68.6396128350091,"3","M"
"X2343",28,82,3,96.6469139964998,"3","M"
"X2343",28,82,4,76.9607563561798,"3","M"
"X2343",28,82,5,99.6879907351732,"3","M"
"X2343",28,82,6,97.7466624343985,"3","M"
"X2343",28,82,7,71.7265305476626,"3","M"
"X2343",28,94,0,126.295904047515,"3","M"
"X2343",28,94,1,127.061631064867,"3","M"
"X2343",28,94,2,82.5475332554088,"3","M"
"X2343",28,94,3,113.549365548505,"3","M"
"X2343",28,94,4,92.0528811432536,"3","M"
"X2343",28,94,5,119.63398639132,"3","M"
"X2343",28,94,6,118.352409581128,"3","M"
"X2343",28,94,7,91.2386098239244,"3","M"
"X2343",28,100,0,136.737284395307,"3","M"
"X2343",28,100,1,139.230324333973,"3","M"
"X2343",28,100,2,89.1459511132398,"3","M"
"X2343",28,100,3,123.628063974015,"3","M"
"X2343",28,100,4,100.52729398821,"3","M"
"X2343",28,100,5,130.036777038084,"3","M"
"X2343",28,100,6,128.716171881772,"3","M"
"X2343",28,100,7,99.0578742804304,"3","M"
"X2343",28,106,0,147.157693167976,"3","M"
"X2343",28,106,1,151.309466332202,"3","M"
"X2343",28,106,2,95.7162164286401,"3","M"
"X2343",28,106,3,133.476087381949,"3","M"
"X2343",28,106,4,108.769416721969,"3","M"
"X2343",28,106,5,140.408595607716,"3","M"
"X2343",28,106,6,138.68630983909,"3","M"
"X2343",28,106,7,106.946587040108,"3","M"
"X2343",30,0,0,0,"2","B"
"X2343",30,0,1,0,"2","B"
"X2343",30,0,2,0,"2","B"
"X2343",30,0,3,0,"2","B"
"X2343",30,0,4,0,"2","B"
"X2343",30,0,5,0,"2","B"
"X2343",30,0,6,0,"2","B"
"X2343",30,0,7,0,"2","B"
"X2343",30,4,0,0.538,"2","B"
"X2343",30,4,1,0.468,"2","B"
"X2343",30,4,2,0.364,"2","B"
"X2343",30,4,3,0.632,"2","B"
"X2343",30,4,4,0.694,"2","B"
"X2343",30,4,5,0.44,"2","B"
"X2343",30,4,6,0.664,"2","B"
"X2343",30,4,7,0.572,"2","B"
"X2343",30,10,0,1.71695855209443,"2","B"
"X2343",30,10,1,1.70116686206493,"2","B"
"X2343",30,10,2,1.23308355846611,"2","B"
"X2343",30,10,3,1.94091674737464,"2","B"
"X2343",30,10,4,1.98504185569325,"2","B"
"X2343",30,10,5,1.32150017840711,"2","B"
"X2343",30,10,6,1.98950002548673,"2","B"
"X2343",30,10,7,1.73466693852512,"2","B"
"X2343",30,22,0,6.90782758815918,"2","B"
"X2343",30,22,1,5.99379964238786,"2","B"
"X2343",30,22,2,5.58170158433257,"2","B"
"X2343",30,22,3,8.39624023954462,"2","B"
"X2343",30,22,4,6.80528058214782,"2","B"
"X2343",30,22,5,5.75174192193108,"2","B"
"X2343",30,22,6,6.61389169913409,"2","B"
"X2343",30,22,7,6.95064386114208,"2","B"
"X2343",30,28,0,11.2770254464341,"2","B"
"X2343",30,28,1,8.56840247312096,"2","B"
"X2343",30,28,2,9.619492195655,"2","B"
"X2343",30,28,3,14.5784865617221,"2","B"
"X2343",30,28,4,11.3400503179122,"2","B"
"X2343",30,28,5,10.0537053774799,"2","B"
"X2343",30,28,6,10.8960247540172,"2","B"
"X2343",30,28,7,11.4667158178723,"2","B"
"X2343",30,34,0,15.6891505736884,"2","B"
"X2343",30,34,1,11.5926687630583,"2","B"
"X2343",30,34,2,14.7531043393647,"2","B"
"X2343",30,34,3,20.6477620654195,"2","B"
"X2343",30,34,4,18.5772555505105,"2","B"
"X2343",30,34,5,15.5050187585912,"2","B"
"X2343",30,34,6,17.8559860915353,"2","B"
"X2343",30,34,7,16.1674164743624,"2","B"
"X2343",30,46,0,28.0944418393323,"2","B"
"X2343",30,46,1,22.187004133658,"2","B"
"X2343",30,46,2,26.729180025417,"2","B"
"X2343",30,46,3,35.1044578666838,"2","B"
"X2343",30,46,4,32.6342772947207,"2","B"
"X2343",30,46,5,31.4335546108271,"2","B"
"X2343",30,46,6,31.1546773106614,"2","B"
"X2343",30,46,7,26.5442220585935,"2","B"
"X2343",30,52,0,38.3300140876207,"2","B"
"X2343",30,52,1,30.2260614841885,"2","B"
"X2343",30,52,2,35.1938542551986,"2","B"
"X2343",30,52,3,43.628799814729,"2","B"
"X2343",30,52,4,40.0107806871728,"2","B"
"X2343",30,52,5,42.0664830853113,"2","B"
"X2343",30,52,6,38.0146803961399,"2","B"
"X2343",30,52,7,33.2597777248268,"2","B"
"X2343",30,58,0,48.172018421476,"2","B"
"X2343",30,58,1,37.9939417079991,"2","B"
"X2343",30,58,2,45.8307741565504,"2","B"
"X2343",30,58,3,53.305055525902,"2","B"
"X2343",30,58,4,46.1700549797095,"2","B"
"X2343",30,58,5,53.2091508676627,"2","B"
"X2343",30,58,6,44.7924933904259,"2","B"
"X2343",30,58,7,40.642744424249,"2","B"
"X2343",30,70,0,70.8621407416309,"2","B"
"X2343",30,70,1,54.5858704266954,"2","B"
"X2343",30,70,2,68.3923943562372,"2","B"
"X2343",30,70,3,77.0285671397837,"2","B"
"X2343",30,70,4,60.0114316316737,"2","B"
"X2343",30,70,5,75.5054221699952,"2","B"
"X2343",30,70,6,58.5678036446941,"2","B"
"X2343",30,70,7,58.9545452003821,"2","B"
"X2343",30,76,0,83.3089783882253,"2","B"
"X2343",30,76,1,62.7276557618942,"2","B"
"X2343",30,76,2,81.3927754639826,"2","B"
"X2343",30,76,3,91.4244216106669,"2","B"
"X2343",30,76,4,67.6031974747844,"2","B"
"X2343",30,76,5,87.19492399254,"2","B"
"X2343",30,76,6,66.0505333315287,"2","B"
"X2343",30,76,7,68.5794855794435,"2","B"
"X2343",30,82,0,95.1689025461585,"2","B"
"X2343",30,82,1,70.6508107075514,"2","B"
"X2343",30,82,2,93.7424803442124,"2","B"
"X2343",30,82,3,105.708560633398,"2","B"
"X2343",30,82,4,76.5086178103842,"2","B"
"X2343",30,82,5,98.6713760979764,"2","B"
"X2343",30,82,6,75.7070789995659,"2","B"
"X2343",30,82,7,78.7286129942189,"2","B"
"X2343",30,94,0,119.465191727383,"2","B"
"X2343",30,94,1,85.7274783805394,"2","B"
"X2343",30,94,2,117.807212512849,"2","B"
"X2343",30,94,3,133.240309710335,"2","B"
"X2343",30,94,4,97.4566065922082,"2","B"
"X2343",30,94,5,120.736617323928,"2","B"
"X2343",30,94,6,97.4107721635263,"2","B"
"X2343",30,94,7,100.61585496827,"2","B"
"X2343",30,100,0,132.73722713411,"2","B"
"X2343",30,100,1,93.2947157417532,"2","B"
"X2343",30,100,2,128.81497880885,"2","B"
"X2343",30,100,3,146.362305844982,"2","B"
"X2343",30,100,4,110.638462567597,"2","B"
"X2343",30,100,5,130.571873935547,"2","B"
"X2343",30,100,6,107.720543607872,"2","B"
"X2343",30,100,7,113.142528569601,"2","B"
"X2343",30,106,0,145.224819036231,"2","B"
"X2343",30,106,1,99.9464777961223,"2","B"
"X2343",30,106,2,139.455497928142,"2","B"
"X2343",30,106,3,158.929996580083,"2","B"
"X2343",30,106,4,123.499308760839,"2","B"
"X2343",30,106,5,140.955620718543,"2","B"
"X2343",30,106,6,118.196650607408,"2","B"
"X2343",30,106,7,125.099949161881,"2","B"
"X2343",32,0,0,0,"3","T"
"X2343",32,0,1,0,"3","T"
"X2343",32,0,2,0,"3","T"
"X2343",32,0,3,0,"3","T"
"X2343",32,0,4,0,"3","T"
"X2343",32,0,5,0,"3","T"
"X2343",32,0,6,0,"3","T"
"X2343",32,0,7,0,"3","T"
"X2343",32,4,0,0.986,"3","T"
"X2343",32,4,1,0.68,"3","T"
"X2343",32,4,2,0.688,"3","T"
"X2343",32,4,3,0.4,"3","T"
"X2343",32,4,4,0.306,"3","T"
"X2343",32,4,5,0.852,"3","T"
"X2343",32,4,6,0.732,"3","T"
"X2343",32,4,7,0.386,"3","T"
"X2343",32,10,0,2.49370884519183,"3","T"
"X2343",32,10,1,2.24800035681422,"3","T"
"X2343",32,10,2,1.99566667726418,"3","T"
"X2343",32,10,3,1.19216667370122,"3","T"
"X2343",32,10,4,0.782791842949882,"3","T"
"X2343",32,10,5,2.12708335000614,"3","T"
"X2343",32,10,6,1.94808406820071,"3","T"
"X2343",32,10,7,1.22229186843661,"3","T"
"X2343",32,22,0,8.33784756267161,"3","T"
"X2343",32,22,1,7.66039989809702,"3","T"
"X2343",32,22,2,9.60080677659874,"3","T"
"X2343",32,22,3,8.94216513257507,"3","T"
"X2343",32,22,4,3.91290366919721,"3","T"
"X2343",32,22,5,11.8792827765692,"3","T"
"X2343",32,22,6,9.27912055784894,"3","T"
"X2343",32,22,7,6.49205329614997,"3","T"
"X2343",32,28,0,13.2464192988374,"3","T"
"X2343",32,28,1,11.2093961488561,"3","T"
"X2343",32,28,2,16.0135169471641,"3","T"
"X2343",32,28,3,17.4993624618893,"3","T"
"X2343",32,28,4,8.15532693271725,"3","T"
"X2343",32,28,5,20.9098651040698,"3","T"
"X2343",32,28,6,16.3325877506347,"3","T"
"X2343",32,28,7,11.7461748263154,"3","T"
"X2343",32,34,0,20.2087342771194,"3","T"
"X2343",32,34,1,16.6952138865005,"3","T"
"X2343",32,34,2,22.2953146782091,"3","T"
"X2343",32,34,3,25.6696407170224,"3","T"
"X2343",32,34,4,15.5275868081492,"3","T"
"X2343",32,34,5,28.1453993513794,"3","T"
"X2343",32,34,6,23.3348930606929,"3","T"
"X2343",32,34,7,16.3739981301308,"3","T"
"X2343",32,46,0,42.7278305976139,"3","T"
"X2343",32,46,1,33.523001787727,"3","T"
"X2343",32,46,2,36.6156516700364,"3","T"
"X2343",32,46,3,40.8741868160292,"3","T"
"X2343",32,46,4,29.5188282693394,"3","T"
"X2343",32,46,5,43.9526026389593,"3","T"
"X2343",32,46,6,38.5177437899405,"3","T"
"X2343",32,46,7,28.6188365779957,"3","T"
"X2343",32,52,0,55.003581065274,"3","T"
"X2343",32,52,1,44.3931577934937,"3","T"
"X2343",32,52,2,43.7484491077738,"3","T"
"X2343",32,52,3,48.2986192378926,"3","T"
"X2343",32,52,4,36.7926130931056,"3","T"
"X2343",32,52,5,53.5970576857714,"3","T"
"X2343",32,52,6,46.5438279507234,"3","T"
"X2343",32,52,7,37.1242678540057,"3","T"
"X2343",32,58,0,67.4053390409121,"3","T"
"X2343",32,58,1,54.2098359711672,"3","T"
"X2343",32,58,2,51.1988559796466,"3","T"
"X2343",32,58,3,56.7880591362221,"3","T"
"X2343",32,58,4,43.1321872023777,"3","T"
"X2343",32,58,5,62.78707720728,"3","T"
"X2343",32,58,6,54.075679128522,"3","T"
"X2343",32,58,7,44.2916981739418,"3","T"
"X2343",32,70,0,91.6736712386656,"3","T"
"X2343",32,70,1,77.4148368853452,"3","T"
"X2343",32,70,2,64.1953488536964,"3","T"
"X2343",32,70,3,74.6198708555367,"3","T"
"X2343",32,70,4,56.8204494358894,"3","T"
"X2343",32,70,5,80.3825864010273,"3","T"
"X2343",32,70,6,68.7453077016822,"3","T"
"X2343",32,70,7,60.7621367799185,"3","T"
"X2343",32,76,0,102.931240713448,"3","T"
"X2343",32,76,1,88.3426050122315,"3","T"
"X2343",32,76,2,69.8771092195579,"3","T"
"X2343",32,76,3,83.1297660972753,"3","T"
"X2343",32,76,4,63.4839580205974,"3","T"
"X2343",32,76,5,88.3917298081814,"3","T"
"X2343",32,76,6,76.1886897598618,"3","T"
"X2343",32,76,7,73.0102712058538,"3","T"
"X2343",32,82,0,113.526488833104,"3","T"
"X2343",32,82,1,100.384150675356,"3","T"
"X2343",32,82,2,76.4813820653055,"3","T"
"X2343",32,82,3,92.2273607367187,"3","T"
"X2343",32,82,4,71.3078987701404,"3","T"
"X2343",32,82,5,98.029035089965,"3","T"
"X2343",32,82,6,83.1143296341344,"3","T"
"X2343",32,82,7,84.3249105013529,"3","T"
"X2343",32,94,0,133.559838953998,"3","T"
"X2343",32,94,1,125.154400777155,"3","T"
"X2343",32,94,2,90.0176342420996,"3","T"
"X2343",32,94,3,113.537925229044,"3","T"
"X2343",32,94,4,93.0520309820066,"3","T"
"X2343",32,94,5,123.081501240632,"3","T"
"X2343",32,94,6,99.4110822795975,"3","T"
"X2343",32,94,7,105.225003815509,"3","T"
"X2343",32,100,0,143.117832378484,"3","T"
"X2343",32,100,1,137.078651397773,"3","T"
"X2343",32,100,2,96.2321099857323,"3","T"
"X2343",32,100,3,125.734857684084,"3","T"
"X2343",32,100,4,103.656719644491,"3","T"
"X2343",32,100,5,136.05854210226,"3","T"
"X2343",32,100,6,108.75033176118,"3","T"
"X2343",32,100,7,115.377833474158,"3","T"
"X2343",32,106,0,152.839255399395,"3","T"
"X2343",32,106,1,148.905519997134,"3","T"
"X2343",32,106,2,102.821630296396,"3","T"
"X2343",32,106,3,137.801822772663,"3","T"
"X2343",32,106,4,114.782908192873,"3","T"
"X2343",32,106,5,149.660986187381,"3","T"
"X2343",32,106,6,117.728901754772,"3","T"
"X2343",32,106,7,125.748931749485,"3","T"
"X2343",35,0,0,0,"1","M"
"X2343",35,0,1,0,"1","M"
"X2343",35,0,2,0,"1","M"
"X2343",35,0,3,0,"1","M"
"X2343",35,0,4,0,"1","M"
"X2343",35,0,5,0,"1","M"
"X2343",35,0,6,0,"1","M"
"X2343",35,0,7,0,"1","M"
"X2343",35,2,0,0.222,"1","M"
"X2343",35,2,1,0.193,"1","M"
"X2343",35,2,2,0.271,"1","M"
"X2343",35,2,3,0.193,"1","M"
"X2343",35,2,4,0.21,"1","M"
"X2343",35,2,5,0.284,"1","M"
"X2343",35,2,6,0.198,"1","M"
"X2343",35,2,7,0.208,"1","M"
"X2343",35,8,0,0.983583769667315,"1","M"
"X2343",35,8,1,0.916916868333633,"1","M"
"X2343",35,8,2,1.10283378066733,"1","M"
"X2343",35,8,3,0.866500198000294,"1","M"
"X2343",35,8,4,0.98325036300054,"1","M"
"X2343",35,8,5,1.16408370366722,"1","M"
"X2343",35,8,6,0.906083615667086,"1","M"
"X2343",35,8,7,1.10108392366754,"1","M"
"X2343",35,20,0,5.58350011791254,"1","M"
"X2343",35,20,1,5.16505800248737,"1","M"
"X2343",35,20,2,5.88436952758523,"1","M"
"X2343",35,20,3,5.28237040777972,"1","M"
"X2343",35,20,4,5.58942507457086,"1","M"
"X2343",35,20,5,6.02253800797451,"1","M"
"X2343",35,20,6,5.09298219143843,"1","M"
"X2343",35,20,7,7.18738905390148,"1","M"
"X2343",35,26,0,9.98451248591305,"1","M"
"X2343",35,26,1,9.28945855957143,"1","M"
"X2343",35,26,2,10.7256586046276,"1","M"
"X2343",35,26,3,10.0055074815632,"1","M"
"X2343",35,26,4,9.97314595141662,"1","M"
"X2343",35,26,5,10.7696185129663,"1","M"
"X2343",35,26,6,9.87993670050093,"1","M"
"X2343",35,26,7,12.6822393826449,"1","M"
"X2343",35,32,0,14.8578851847351,"1","M"
"X2343",35,32,1,12.6829622760272,"1","M"
"X2343",35,32,2,16.162535312422,"1","M"
"X2343",35,32,3,14.8271446188305,"1","M"
"X2343",35,32,4,14.8985777422542,"1","M"
"X2343",35,32,5,15.7195022885602,"1","M"
"X2343",35,32,6,18.2319550800958,"1","M"
"X2343",35,32,7,18.3132676401391,"1","M"
"X2343",35,44,0,26.4650507613016,"1","M"
"X2343",35,44,1,18.7565347294284,"1","M"
"X2343",35,44,2,27.0581883713534,"1","M"
"X2343",35,44,3,28.0177875375565,"1","M"
"X2343",35,44,4,29.2445351369681,"1","M"
"X2343",35,44,5,28.5370006671626,"1","M"
"X2343",35,44,6,37.6093716205273,"1","M"
"X2343",35,44,7,33.0215691929001,"1","M"
"X2343",35,50,0,32.0749254178849,"1","M"
"X2343",35,50,1,21.4534190905871,"1","M"
"X2343",35,50,2,32.2615604265058,"1","M"
"X2343",35,50,3,37.2940977083078,"1","M"
"X2343",35,50,4,38.0705068127038,"1","M"
"X2343",35,50,5,35.0881078403833,"1","M"
"X2343",35,50,6,47.0150649596212,"1","M"
"X2343",35,50,7,40.489624584468,"1","M"
"X2343",35,56,0,39.0934110352235,"1","M"
"X2343",35,56,1,21.9997782659746,"1","M"
"X2343",35,56,2,37.1464027530582,"1","M"
"X2343",35,56,3,47.6590781728945,"1","M"
"X2343",35,56,4,46.9045849122962,"1","M"
"X2343",35,56,5,42.6493765710902,"1","M"
"X2343",35,56,6,57.8275739158954,"1","M"
"X2343",35,56,7,50.1704524647838,"1","M"
"X2343",35,68,0,59.3182119366127,"1","M"
"X2343",35,68,1,22.341612475887,"1","M"
"X2343",35,68,2,44.3669012559015,"1","M"
"X2343",35,68,3,70.8754406580724,"1","M"
"X2343",35,68,4,68.6288721466346,"1","M"
"X2343",35,68,5,57.1568868842317,"1","M"
"X2343",35,68,6,77.664073629968,"1","M"
"X2343",35,68,7,72.5455054496134,"1","M"
"X2343",35,74,0,70.0905106802016,"1","M"
"X2343",35,74,1,22.6413564467304,"1","M"
"X2343",35,74,2,45.7255686651637,"1","M"
"X2343",35,74,3,81.4189755479969,"1","M"
"X2343",35,74,4,80.0191967196586,"1","M"
"X2343",35,74,5,61.5156379178459,"1","M"
"X2343",35,74,6,86.8911944074298,"1","M"
"X2343",35,74,7,84.3988995568859,"1","M"
"X2343",35,80,0,81.8029401853902,"1","M"
"X2343",35,80,1,22.8977335733677,"1","M"
"X2343",35,80,2,45.9087437450941,"1","M"
"X2343",35,80,3,92.0417491836135,"1","M"
"X2343",35,80,4,91.4280778897878,"1","M"
"X2343",35,80,5,67.0839661969669,"1","M"
"X2343",35,80,6,95.8786551515149,"1","M"
"X2343",35,80,7,96.2094206776176,"1","M"
"X2343",35,92,0,105.45814809232,"1","M"
"X2343",35,92,1,23.3971318039335,"1","M"
"X2343",35,92,2,46.6437499821013,"1","M"
"X2343",35,92,3,112.628087823661,"1","M"
"X2343",35,92,4,114.596478357725,"1","M"
"X2343",35,92,5,84.0383339798725,"1","M"
"X2343",35,92,6,112.797754342302,"1","M"
"X2343",35,92,7,119.513744952596,"1","M"
"X2343",35,98,0,117.783220033936,"1","M"
"X2343",35,98,1,23.6272057486592,"1","M"
"X2343",35,98,2,46.8151463904741,"1","M"
"X2343",35,98,3,123.143857192115,"1","M"
"X2343",35,98,4,126.172188242013,"1","M"
"X2343",35,98,5,93.8174299751719,"1","M"
"X2343",35,98,6,120.319738430344,"1","M"
"X2343",35,98,7,130.982531850114,"1","M"
"X2343",35,104,0,129.861528808974,"1","M"
"X2343",35,104,1,23.8678150591726,"1","M"
"X2343",35,104,2,47.0477782856478,"1","M"
"X2343",35,104,3,133.206190885761,"1","M"
"X2343",35,104,4,137.222623755425,"1","M"
"X2343",35,104,5,100.294932736162,"1","M"
"X2343",35,104,6,129.350371525191,"1","M"
"X2343",35,104,7,142.614243477339,"1","M"
"X2343",35,127,0,175.365037207034,"1","M"
"X2343",35,127,1,24.7744438440313,"1","M"
"X2343",35,127,2,47.9426577109179,"1","M"
"X2343",35,127,3,171.112996989305,"1","M"
"X2343",35,127,4,179.138015352381,"1","M"
"X2343",35,127,5,92.8760776697323,"1","M"
"X2343",35,127,6,162.547488528122,"1","M"
"X2343",35,127,7,186.773366599991,"1","M"
"X2343",35,151,0,221.647165423991,"1","M"
"X2343",35,151,1,25.7085836660345,"1","M"
"X2343",35,151,2,48.8795142286039,"1","M"
"X2343",35,151,3,211.76276559645,"1","M"
"X2343",35,151,4,219.435400353269,"1","M"
"X2343",35,151,5,99.2434044700681,"1","M"
"X2343",35,151,6,193.125424484309,"1","M"
"X2343",35,151,7,231.641490490299,"1","M"
"X2343",35,164,0,247.527697291878,"1","M"
"X2343",35,164,1,26.2159461106213,"1","M"
"X2343",35,164,2,49.3864674522172,"1","M"
"X2343",35,164,3,234.265113413258,"1","M"
"X2343",35,164,4,240.566323335329,"1","M"
"X2343",35,164,5,99.179835466383,"1","M"
"X2343",35,164,6,199.012280320166,"1","M"
"X2343",35,164,7,255.249621404791,"1","M"
"X2343",37,0,0,0,"4","B"
"X2343",37,0,1,0,"4","B"
"X2343",37,0,2,0,"4","B"
"X2343",37,0,3,0,"4","B"
"X2343",37,0,4,0,"4","B"
"X2343",37,0,5,0,"4","B"
"X2343",37,0,6,0,"4","B"
"X2343",37,0,7,0,"4","B"
"X2343",37,5,0,0.795,"4","B"
"X2343",37,5,1,0.63,"4","B"
"X2343",37,5,2,0.6275,"4","B"
"X2343",37,5,3,0.81,"4","B"
"X2343",37,5,4,0.62,"4","B"
"X2343",37,5,5,0.6275,"4","B"
"X2343",37,5,6,0.475,"4","B"
"X2343",37,5,7,0.725,"4","B"
"X2343",37,11,0,1.95349193940278,"4","B"
"X2343",37,11,1,1.59267986648955,"4","B"
"X2343",37,11,2,1.79820530706328,"4","B"
"X2343",37,11,3,1.92081315186928,"4","B"
"X2343",37,11,4,1.52140845621444,"4","B"
"X2343",37,11,5,1.65987961473314,"4","B"
"X2343",37,11,6,1.3017712304491,"4","B"
"X2343",37,11,7,1.69314976622619,"4","B"
"X2343",37,23,0,6.30568022627342,"4","B"
"X2343",37,23,1,6.51915726831513,"4","B"
"X2343",37,23,2,7.24627685092027,"4","B"
"X2343",37,23,3,6.93117382597017,"4","B"
"X2343",37,23,4,4.53210708124222,"4","B"
"X2343",37,23,5,6.44647901717699,"4","B"
"X2343",37,23,6,5.17388197882837,"4","B"
"X2343",37,23,7,4.71635070826026,"4","B"
"X2343",37,29,0,9.84529738586904,"4","B"
"X2343",37,29,1,10.8262584916305,"4","B"
"X2343",37,29,2,11.1166133637782,"4","B"
"X2343",37,29,3,11.3396740956878,"4","B"
"X2343",37,29,4,6.90968312813553,"4","B"
"X2343",37,29,5,10.8720599091353,"4","B"
"X2343",37,29,6,8.45959670710095,"4","B"
"X2343",37,29,7,7.46327387869977,"4","B"
"X2343",37,35,0,13.2426804952458,"4","B"
"X2343",37,35,1,14.9050296910416,"4","B"
"X2343",37,35,2,15.3899491820142,"4","B"
"X2343",37,35,3,15.813173675325,"4","B"
"X2343",37,35,4,9.68539780780778,"4","B"
"X2343",37,35,5,16.7733354607566,"4","B"
"X2343",37,35,6,11.7785114181285,"4","B"
"X2343",37,35,7,10.4703678072903,"4","B"
"X2343",37,47,0,19.8692655392607,"4","B"
"X2343",37,47,1,22.977799000448,"4","B"
"X2343",37,47,2,25.7612575686916,"4","B"
"X2343",37,47,3,24.2955312701192,"4","B"
"X2343",37,47,4,15.8907458199802,"4","B"
"X2343",37,47,5,29.4620372927986,"4","B"
"X2343",37,47,6,18.556985423358,"4","B"
"X2343",37,47,7,16.792164340369,"4","B"
"X2343",37,53,0,22.96587207749,"4","B"
"X2343",37,53,1,26.7432123002838,"4","B"
"X2343",37,53,2,31.3170645877296,"4","B"
"X2343",37,53,3,28.3907228328476,"4","B"
"X2343",37,53,4,19.1428897597622,"4","B"
"X2343",37,53,5,35.2518127832701,"4","B"
"X2343",37,53,6,21.9593373121568,"4","B"
"X2343",37,53,7,19.9605516965695,"4","B"
"X2343",37,59,0,25.9116492713231,"4","B"
"X2343",37,59,1,30.6315720590746,"4","B"
"X2343",37,59,2,36.8247073023622,"4","B"
"X2343",37,59,3,32.4052821512712,"4","B"
"X2343",37,59,4,22.3281844858874,"4","B"
"X2343",37,59,5,41.270918672974,"4","B"
"X2343",37,59,6,25.3442650857668,"4","B"
"X2343",37,59,7,23.1206745690909,"4","B"
"X2343",37,71,0,31.5987650428006,"4","B"
"X2343",37,71,1,38.7323405441135,"4","B"
"X2343",37,71,2,47.6110659016809,"4","B"
"X2343",37,71,3,40.4838201371284,"4","B"
"X2343",37,71,4,28.6565238387679,"4","B"
"X2343",37,71,5,53.4258599584528,"4","B"
"X2343",37,71,6,32.1066253161711,"4","B"
"X2343",37,71,7,29.3771452627188,"4","B"
"X2343",37,77,0,34.3394743906739,"4","B"
"X2343",37,77,1,42.5335923994339,"4","B"
"X2343",37,77,2,52.5116483685571,"4","B"
"X2343",37,77,3,44.2851376932933,"4","B"
"X2343",37,77,4,31.8190430480548,"4","B"
"X2343",37,77,5,59.4688575081042,"4","B"
"X2343",37,77,6,35.5161947694838,"4","B"
"X2343",37,77,7,32.3923078462744,"4","B"
"X2343",37,83,0,37.0424804755467,"4","B"
"X2343",37,83,1,46.1352312159169,"4","B"
"X2343",37,83,2,57.0866802730251,"4","B"
"X2343",37,83,3,48.0008990374115,"4","B"
"X2343",37,83,4,34.9212287003684,"4","B"
"X2343",37,83,5,65.3037423204028,"4","B"
"X2343",37,83,6,38.8668214377073,"4","B"
"X2343",37,83,7,35.307051153929,"4","B"
"X2343",37,95,0,42.0508246460213,"4","B"
"X2343",37,95,1,52.5429814497445,"4","B"
"X2343",37,95,2,65.1730483758968,"4","B"
"X2343",37,95,3,54.823310761682,"4","B"
"X2343",37,95,4,40.9891150556222,"4","B"
"X2343",37,95,5,76.64955569729,"4","B"
"X2343",37,95,6,45.3416425358848,"4","B"
"X2343",37,95,7,40.8941484446414,"4","B"
"X2343",37,101,0,44.2230200254907,"4","B"
"X2343",37,101,1,55.2372609571689,"4","B"
"X2343",37,101,2,68.6311886119034,"4","B"
"X2343",37,101,3,57.7738837896497,"4","B"
"X2343",37,101,4,43.7911608045403,"4","B"
"X2343",37,101,5,82.1307625062696,"4","B"
"X2343",37,101,6,48.3889474383862,"4","B"
"X2343",37,101,7,43.5554513395674,"4","B"
"X2343",37,107,0,46.3855687566904,"4","B"
"X2343",37,107,1,57.8728946373259,"4","B"
"X2343",37,107,2,72.0456969409731,"4","B"
"X2343",37,107,3,60.4182134210149,"4","B"
"X2343",37,107,4,46.270998342177,"4","B"
"X2343",37,107,5,87.4714642981449,"4","B"
"X2343",37,107,6,51.2644658206524,"4","B"
"X2343",37,107,7,46.0593969294866,"4","B"
"X2343",39,0,0,0,"4","M"
"X2343",39,0,1,0,"4","M"
"X2343",39,0,2,0,"4","M"
"X2343",39,0,3,0,"4","M"
"X2343",39,0,4,0,"4","M"
"X2343",39,0,5,0,"4","M"
"X2343",39,0,6,0,"4","M"
"X2343",39,0,7,0,"4","M"
"X2343",39,5,0,0.995,"4","M"
"X2343",39,5,1,0.8525,"4","M"
"X2343",39,5,2,0.6625,"4","M"
"X2343",39,5,3,0.9825,"4","M"
"X2343",39,5,4,0.6875,"4","M"
"X2343",39,5,5,0.8775,"4","M"
"X2343",39,5,6,0.6725,"4","M"
"X2343",39,5,7,0.5775,"4","M"
"X2343",39,11,0,2.22431261239126,"4","M"
"X2343",39,11,1,2.09049695874444,"4","M"
"X2343",39,11,2,1.66146291809547,"4","M"
"X2343",39,11,3,2.17135131272987,"4","M"
"X2343",39,11,4,1.58365424608982,"4","M"
"X2343",39,11,5,1.86908366301435,"4","M"
"X2343",39,11,6,1.6372712304491,"4","M"
"X2343",39,11,7,1.31283357310135,"4","M"
"X2343",39,23,0,5.92779425185695,"4","M"
"X2343",39,23,1,7.79020400219329,"4","M"
"X2343",39,23,2,5.46124987750343,"4","M"
"X2343",39,23,3,7.21612583382774,"4","M"
"X2343",39,23,4,4.06495672814139,"4","M"
"X2343",39,23,5,5.56355866662885,"4","M"
"X2343",39,23,6,5.4760171787386,"4","M"
"X2343",39,23,7,3.78556734129164,"4","M"
"X2343",39,29,0,8.90145022090385,"4","M"
"X2343",39,29,1,12.2987532528721,"4","M"
"X2343",39,29,2,8.42376497486353,"4","M"
"X2343",39,29,3,11.0001127594244,"4","M"
"X2343",39,29,4,5.80137662003203,"4","M"
"X2343",39,29,5,8.87759920976274,"4","M"
"X2343",39,29,6,8.60107089488056,"4","M"
"X2343",39,29,7,5.78473246119317,"4","M"
"X2343",39,35,0,12.1383194185373,"4","M"
"X2343",39,35,1,16.9964311561617,"4","M"
"X2343",39,35,2,11.7020668876057,"4","M"
"X2343",39,35,3,14.9222155461862,"4","M"
"X2343",39,35,4,7.6672074130464,"4","M"
"X2343",39,35,5,12.0721840571555,"4","M"
"X2343",39,35,6,11.73220060793,"4","M"
"X2343",39,35,7,8.20113461683338,"4","M"
"X2343",39,47,0,18.9845852302001,"4","M"
"X2343",39,47,1,26.6099140649011,"4","M"
"X2343",39,47,2,18.2522838898769,"4","M"
"X2343",39,47,3,23.0371782867104,"4","M"
"X2343",39,47,4,11.8494828560773,"4","M"
"X2343",39,47,5,18.4765046645564,"4","M"
"X2343",39,47,6,18.2210491111803,"4","M"
"X2343",39,47,7,13.4424814383641,"4","M"
"X2343",39,53,0,22.3243055060515,"4","M"
"X2343",39,53,1,31.0158341355813,"4","M"
"X2343",39,53,2,21.3378697545358,"4","M"
"X2343",39,53,3,26.9445533722927,"4","M"
"X2343",39,53,4,14.016826039897,"4","M"
"X2343",39,53,5,21.5586524671694,"4","M"
"X2343",39,53,6,21.4238269034869,"4","M"
"X2343",39,53,7,16.2022768123588,"4","M"
"X2343",39,59,0,25.7176327160558,"4","M"
"X2343",39,59,1,35.2822276600868,"4","M"
"X2343",39,59,2,24.3399913531558,"4","M"
"X2343",39,59,3,30.7549582090188,"4","M"
"X2343",39,59,4,16.2224617087769,"4","M"
"X2343",39,59,5,24.5061465513517,"4","M"
"X2343",39,59,6,24.5040820612041,"4","M"
"X2343",39,59,7,18.939764901024,"4","M"
"X2343",39,71,0,32.4993080051765,"4","M"
"X2343",39,71,1,43.6373286696719,"4","M"
"X2343",39,71,2,30.1120546152341,"4","M"
"X2343",39,71,3,38.1367890761726,"4","M"
"X2343",39,71,4,21.0199105466064,"4","M"
"X2343",39,71,5,29.987863920069,"4","M"
"X2343",39,71,6,30.278873104657,"4","M"
"X2343",39,71,7,24.3669959408705,"4","M"
"X2343",39,77,0,35.4639771506491,"4","M"
"X2343",39,77,1,47.4374230559405,"4","M"
"X2343",39,77,2,32.7208829087838,"4","M"
"X2343",39,77,3,41.4600453040139,"4","M"
"X2343",39,77,4,23.0968732360808,"4","M"
"X2343",39,77,5,32.5485888222256,"4","M"
"X2343",39,77,6,32.9177158232769,"4","M"
"X2343",39,77,7,27.1339255136022,"4","M"
"X2343",39,83,0,38.3179096061113,"4","M"
"X2343",39,83,1,50.9353632051581,"4","M"
"X2343",39,83,2,35.1485059656026,"4","M"
"X2343",39,83,3,44.6325795043337,"4","M"
"X2343",39,83,4,25.0304937302713,"4","M"
"X2343",39,83,5,35.0263089260286,"4","M"
"X2343",39,83,6,35.3659041800548,"4","M"
"X2343",39,83,7,29.7994695642663,"4","M"
"X2343",39,95,0,43.5008931741317,"4","M"
"X2343",39,95,1,57.0063703709286,"4","M"
"X2343",39,95,2,39.5051110676685,"4","M"
"X2343",39,95,3,50.0692939624625,"4","M"
"X2343",39,95,4,28.4488011525698,"4","M"
"X2343",39,95,5,39.6339762276261,"4","M"
"X2343",39,95,6,39.5456043043973,"4","M"
"X2343",39,95,7,34.7542575534165,"4","M"
"X2343",39,101,0,45.8081704640514,"4","M"
"X2343",39,101,1,59.3090036451311,"4","M"
"X2343",39,101,2,41.3534835915434,"4","M"
"X2343",39,101,3,52.1738632802037,"4","M"
"X2343",39,101,4,30.0301326140986,"4","M"
"X2343",39,101,5,41.6828099988049,"4","M"
"X2343",39,101,6,41.285498267959,"4","M"
"X2343",39,101,7,37.0083676535123,"4","M"
"X2343",39,107,0,47.9174981165466,"4","M"
"X2343",39,107,1,61.5033717521099,"4","M"
"X2343",39,107,2,43.151874711034,"4","M"
"X2343",39,107,3,54.1837152557692,"4","M"
"X2343",39,107,4,31.6521597597885,"4","M"
"X2343",39,107,5,43.4753002798161,"4","M"
"X2343",39,107,6,42.9317962743098,"4","M"
"X2343",39,107,7,39.1699814979575,"4","M"
"X2344",16,0,0,0,"1","B"
"X2344",16,0,1,0,"1","B"
"X2344",16,0,2,0,"1","B"
"X2344",16,0,3,0,"1","B"
"X2344",16,0,4,0,"1","B"
"X2344",16,0,5,0,"1","B"
"X2344",16,0,6,0,"1","B"
"X2344",16,0,7,0,"1","B"
"X2344",16,2,0,0.21,"1","B"
"X2344",16,2,1,0.225,"1","B"
"X2344",16,2,2,0.163,"1","B"
"X2344",16,2,3,0.182,"1","B"
"X2344",16,2,4,0.345,"1","B"
"X2344",16,2,5,0.385,"1","B"
"X2344",16,2,6,0.155,"1","B"
"X2344",16,2,7,0.237,"1","B"
"X2344",16,8,0,0.871250011000016,"1","B"
"X2344",16,8,1,0.926500022000033,"1","B"
"X2344",16,8,2,0.69266663733329,"1","B"
"X2344",16,8,3,0.764083351666694,"1","B"
"X2344",16,8,4,1.42549997799997,"1","B"
"X2344",16,8,5,1.57841667033334,"1","B"
"X2344",16,8,6,0.634583373666727,"1","B"
"X2344",16,8,7,0.979166659333322,"1","B"
"X2344",16,20,0,2.41035183616713,"1","B"
"X2344",16,20,1,2.51337002280782,"1","B"
"X2344",16,20,2,1.91514813845745,"1","B"
"X2344",16,20,3,2.12668483114001,"1","B"
"X2344",16,20,4,3.77029680195541,"1","B"
"X2344",16,20,5,4.2200557552673,"1","B"
"X2344",16,20,6,1.76490741985915,"1","B"
"X2344",16,20,7,2.57574083317321,"1","B"
"X2344",16,26,0,3.30740941908075,"1","B"
"X2344",16,26,1,3.39462127154055,"1","B"
"X2344",16,26,2,2.65308171365499,"1","B"
"X2344",16,26,3,2.89296290885528,"1","B"
"X2344",16,26,4,5.06326691257416,"1","B"
"X2344",16,26,5,5.71016493480995,"1","B"
"X2344",16,26,6,2.40747349089593,"1","B"
"X2344",16,26,7,3.4275911576943,"1","B"
"X2344",16,32,0,4.2364743390255,"1","B"
"X2344",16,32,1,4.33930346724713,"1","B"
"X2344",16,32,2,3.4196871202899,"1","B"
"X2344",16,32,3,3.70509902092517,"1","B"
"X2344",16,32,4,6.453205483883,"1","B"
"X2344",16,32,5,7.21732245309,"1","B"
"X2344",16,32,6,3.10344143375647,"1","B"
"X2344",16,32,7,4.44302335848964,"1","B"
"X2344",16,44,0,6.16514363955689,"1","B"
"X2344",16,44,1,6.40358656956841,"1","B"
"X2344",16,44,2,5.02585667643086,"1","B"
"X2344",16,44,3,5.50015719335828,"1","B"
"X2344",16,44,4,9.62922022038178,"1","B"
"X2344",16,44,5,10.046987487369,"1","B"
"X2344",16,44,6,4.58265394135671,"1","B"
"X2344",16,44,7,7.05650150518124,"1","B"
"X2344",16,50,0,7.21042963647978,"1","B"
"X2344",16,50,1,7.52267469629236,"1","B"
"X2344",16,50,2,5.97499101156968,"1","B"
"X2344",16,50,3,6.57433660620897,"1","B"
"X2344",16,50,4,11.3662830381856,"1","B"
"X2344",16,50,5,11.4943530499169,"1","B"
"X2344",16,50,6,5.48496849692385,"1","B"
"X2344",16,50,7,8.33035442920447,"1","B"
"X2344",16,56,0,8.45342598524049,"1","B"
"X2344",16,56,1,8.80203977619061,"1","B"
"X2344",16,56,2,7.08587347064156,"1","B"
"X2344",16,56,3,7.85233678298634,"1","B"
"X2344",16,56,4,13.2810958850642,"1","B"
"X2344",16,56,5,13.1823909159325,"1","B"
"X2344",16,56,6,6.5523051549901,"1","B"
"X2344",16,56,7,9.80560971916831,"1","B"
"X2344",16,68,0,11.6282663921899,"1","B"
"X2344",16,68,1,12.0760936741354,"1","B"
"X2344",16,68,2,9.79942424480536,"1","B"
"X2344",16,68,3,11.1444944691683,"1","B"
"X2344",16,68,4,17.6047951953738,"1","B"
"X2344",16,68,5,17.251615021271,"1","B"
"X2344",16,68,6,9.30439380174121,"1","B"
"X2344",16,68,7,13.4610819230536,"1","B"
"X2344",16,74,0,13.6409468705152,"1","B"
"X2344",16,74,1,14.2022029479177,"1","B"
"X2344",16,74,2,11.4530280987262,"1","B"
"X2344",16,74,3,13.2669130036472,"1","B"
"X2344",16,74,4,20.0484038378178,"1","B"
"X2344",16,74,5,19.6114158966657,"1","B"
"X2344",16,74,6,10.982055284544,"1","B"
"X2344",16,74,7,15.4893766480647,"1","B"
"X2344",16,80,0,16.0785892611277,"1","B"
"X2344",16,80,1,16.628060448561,"1","B"
"X2344",16,80,2,13.3699051673691,"1","B"
"X2344",16,80,3,15.7174897678131,"1","B"
"X2344",16,80,4,22.8021348656923,"1","B"
"X2344",16,80,5,22.4516723159224,"1","B"
"X2344",16,80,6,12.8941535041679,"1","B"
"X2344",16,80,7,17.8740382210002,"1","B"
"X2344",16,92,0,22.1684053467462,"1","B"
"X2344",16,92,1,22.1128142211584,"1","B"
"X2344",16,92,2,18.1521477438607,"1","B"
"X2344",16,92,3,21.3827737480266,"1","B"
"X2344",16,92,4,29.3888240442691,"1","B"
"X2344",16,92,5,29.5668096470826,"1","B"
"X2344",16,92,6,17.6796949209878,"1","B"
"X2344",16,92,7,23.6340197816857,"1","B"
"X2344",16,98,0,26.02591355421,"1","B"
"X2344",16,98,1,25.0457036326601,"1","B"
"X2344",16,98,2,21.2237713934559,"1","B"
"X2344",16,98,3,24.5173955017261,"1","B"
"X2344",16,98,4,33.1693493697569,"1","B"
"X2344",16,98,5,33.9959882678616,"1","B"
"X2344",16,98,6,20.5950720073612,"1","B"
"X2344",16,98,7,27.1526736663146,"1","B"
"X2344",16,104,0,30.908492456333,"1","B"
"X2344",16,104,1,28.4904719758756,"1","B"
"X2344",16,104,2,25.343785171059,"1","B"
"X2344",16,104,3,27.7845660554295,"1","B"
"X2344",16,104,4,37.2237149706603,"1","B"
"X2344",16,104,5,39.5141366504092,"1","B"
"X2344",16,104,6,23.8116610737154,"1","B"
"X2344",16,104,7,30.8952449391322,"1","B"
"X2344",16,127,0,55.906070410355,"1","B"
"X2344",16,127,1,46.6262506034462,"1","B"
"X2344",16,127,2,45.8835887155095,"1","B"
"X2344",16,127,3,45.0802919658539,"1","B"
"X2344",16,127,4,58.6741843450818,"1","B"
"X2344",16,127,5,63.4191625147322,"1","B"
"X2344",16,127,6,39.758780911281,"1","B"
"X2344",16,127,7,48.4909434416157,"1","B"
"X2344",16,151,0,89.4837485776202,"1","B"
"X2344",16,151,1,79.7355074216422,"1","B"
"X2344",16,151,2,76.4554474465664,"1","B"
"X2344",16,151,3,74.6561072706836,"1","B"
"X2344",16,151,4,92.2723866401608,"1","B"
"X2344",16,151,5,95.2101239549041,"1","B"
"X2344",16,151,6,67.3012878482626,"1","B"
"X2344",16,151,7,75.5060846664236,"1","B"
"X2344",16,164,0,112.177241925907,"1","B"
"X2344",16,164,1,105.83107981137,"1","B"
"X2344",16,164,2,94.742726255334,"1","B"
"X2344",16,164,3,92.8211499167406,"1","B"
"X2344",16,164,4,112.143313168457,"1","B"
"X2344",16,164,5,114.251995495871,"1","B"
"X2344",16,164,6,88.2280185192226,"1","B"
"X2344",16,164,7,93.5592139678769,"1","B"
"X2344",20,0,0,0,"2","T"
"X2344",20,0,1,0,"2","T"
"X2344",20,0,2,0,"2","T"
"X2344",20,0,3,0,"2","T"
"X2344",20,0,4,0,"2","T"
"X2344",20,0,5,0,"2","T"
"X2344",20,0,6,0,"2","T"
"X2344",20,0,7,0,"2","T"
"X2344",20,4,0,0.532,"2","T"
"X2344",20,4,1,0.808,"2","T"
"X2344",20,4,2,0.546,"2","T"
"X2344",20,4,3,0.63,"2","T"
"X2344",20,4,4,0.274,"2","T"
"X2344",20,4,5,0.482,"2","T"
"X2344",20,4,6,0.562,"2","T"
"X2344",20,4,7,0.584,"2","T"
"X2344",20,10,0,1.53091649250735,"2","T"
"X2344",20,10,1,2.09983334182891,"2","T"
"X2344",20,10,2,1.43854167728614,"2","T"
"X2344",20,10,3,1.64612500637168,"2","T"
"X2344",20,10,4,0.698041702772867,"2","T"
"X2344",20,10,5,1.25629166454277,"2","T"
"X2344",20,10,6,1.48729161356931,"2","T"
"X2344",20,10,7,1.48708335457228,"2","T"
"X2344",20,22,0,4.04812605197627,"2","T"
"X2344",20,22,1,5.1100004425489,"2","T"
"X2344",20,22,2,3.57464493888647,"2","T"
"X2344",20,22,3,4.07281918191709,"2","T"
"X2344",20,22,4,1.76569172362339,"2","T"
"X2344",20,22,5,3.05208946080683,"2","T"
"X2344",20,22,6,3.60186754848824,"2","T"
"X2344",20,22,7,3.61195966349498,"2","T"
"X2344",20,28,0,5.82624600647163,"2","T"
"X2344",20,28,1,6.91276533927097,"2","T"
"X2344",20,28,2,4.87983291992392,"2","T"
"X2344",20,28,3,5.56166424366528,"2","T"
"X2344",20,28,4,2.44654295287425,"2","T"
"X2344",20,28,5,4.12187133493967,"2","T"
"X2344",20,28,6,4.88147150851207,"2","T"
"X2344",20,28,7,4.94969637495106,"2","T"
"X2344",20,34,0,8.1882529387508,"2","T"
"X2344",20,34,1,8.99131760278527,"2","T"
"X2344",20,34,2,6.46829083911532,"2","T"
"X2344",20,34,3,7.27997425660856,"2","T"
"X2344",20,34,4,3.2428334534903,"2","T"
"X2344",20,34,5,5.33866146421469,"2","T"
"X2344",20,34,6,6.33780887798279,"2","T"
"X2344",20,34,7,6.50108678685101,"2","T"
"X2344",20,46,0,15.1761097062767,"2","T"
"X2344",20,46,1,14.1590758464501,"2","T"
"X2344",20,46,2,10.4609080804328,"2","T"
"X2344",20,46,3,11.7117323293587,"2","T"
"X2344",20,46,4,5.26209889065223,"2","T"
"X2344",20,46,5,8.36611169653551,"2","T"
"X2344",20,46,6,10.0074152246151,"2","T"
"X2344",20,46,7,10.6157920553618,"2","T"
"X2344",20,52,0,20.2108520699912,"2","T"
"X2344",20,52,1,17.383895676205,"2","T"
"X2344",20,52,2,13.00290386476,"2","T"
"X2344",20,52,3,14.5405383926899,"2","T"
"X2344",20,52,4,6.50688959820402,"2","T"
"X2344",20,52,5,10.2536597332503,"2","T"
"X2344",20,52,6,12.3384041108814,"2","T"
"X2344",20,52,7,13.7163967271879,"2","T"
"X2344",20,58,0,27.0830932964815,"2","T"
"X2344",20,58,1,21.0968678659537,"2","T"
"X2344",20,58,2,15.9707979447321,"2","T"
"X2344",20,58,3,17.8721589516932,"2","T"
"X2344",20,58,4,7.98734468291309,"2","T"
"X2344",20,58,5,12.4395990107353,"2","T"
"X2344",20,58,6,15.0917141269873,"2","T"
"X2344",20,58,7,17.8059339280012,"2","T"
"X2344",20,70,0,45.1290352291724,"2","T"
"X2344",20,70,1,30.0754555381193,"2","T"
"X2344",20,70,2,23.177792033891,"2","T"
"X2344",20,70,3,26.5496273298121,"2","T"
"X2344",20,70,4,11.8438046961855,"2","T"
"X2344",20,70,5,17.965695812384,"2","T"
"X2344",20,70,6,22.1271227256722,"2","T"
"X2344",20,70,7,29.1340736279455,"2","T"
"X2344",20,76,0,54.16193665077,"2","T"
"X2344",20,76,1,35.383869994325,"2","T"
"X2344",20,76,2,27.3999489185952,"2","T"
"X2344",20,76,3,32.1457448830195,"2","T"
"X2344",20,76,4,14.5731096504311,"2","T"
"X2344",20,76,5,21.388796528251,"2","T"
"X2344",20,76,6,26.4988872701657,"2","T"
"X2344",20,76,7,36.4259616003776,"2","T"
"X2344",20,82,0,57.2705293196831,"2","T"
"X2344",20,82,1,41.2447765310094,"2","T"
"X2344",20,82,2,32.5806420061895,"2","T"
"X2344",20,82,3,38.842989763889,"2","T"
"X2344",20,82,4,18.7727619019448,"2","T"
"X2344",20,82,5,25.3352965470445,"2","T"
"X2344",20,82,6,31.490472301487,"2","T"
"X2344",20,82,7,44.8266769634934,"2","T"
"X2344",20,94,0,66.0829132840333,"2","T"
"X2344",20,94,1,54.405453295858,"2","T"
"X2344",20,94,2,44.9292347654957,"2","T"
"X2344",20,94,3,53.9956609063728,"2","T"
"X2344",20,94,4,28.9476276059398,"2","T"
"X2344",20,94,5,35.0120159878876,"2","T"
"X2344",20,94,6,43.2671391911374,"2","T"
"X2344",20,94,7,62.9813420327271,"2","T"
"X2344",20,100,0,71.2146953222834,"2","T"
"X2344",20,100,1,61.4859102969268,"2","T"
"X2344",20,100,2,52.0098850442178,"2","T"
"X2344",20,100,3,62.4479049634399,"2","T"
"X2344",20,100,4,35.0877010675676,"2","T"
"X2344",20,100,5,40.7851980987873,"2","T"
"X2344",20,100,6,49.7752629142739,"2","T"
"X2344",20,100,7,73.1247106199764,"2","T"
"X2344",20,106,0,80.6700057329169,"2","T"
"X2344",20,106,1,68.619559052769,"2","T"
"X2344",20,106,2,60.0312911126901,"2","T"
"X2344",20,106,3,71.247409514362,"2","T"
"X2344",20,106,4,41.8175354894744,"2","T"
"X2344",20,106,5,46.8745514327614,"2","T"
"X2344",20,106,6,56.6119901179207,"2","T"
"X2344",20,106,7,83.5350072155616,"2","T"
"X2344",25,0,0,0,"2","T"
"X2344",25,0,1,0,"2","T"
"X2344",25,0,2,0,"2","T"
"X2344",25,0,3,0,"2","T"
"X2344",25,0,4,0,"2","T"
"X2344",25,0,5,0,"2","T"
"X2344",25,0,6,0,"2","T"
"X2344",25,0,7,0,"2","T"
"X2344",25,5,0,0.44,"2","T"
"X2344",25,5,1,0.4325,"2","T"
"X2344",25,5,2,0.5075,"2","T"
"X2344",25,5,3,0.5075,"2","T"
"X2344",25,5,4,0.5225,"2","T"
"X2344",25,5,5,0.5375,"2","T"
"X2344",25,5,6,0.665,"2","T"
"X2344",25,5,7,0.535,"2","T"
"X2344",25,11,0,1.04625833033623,"2","T"
"X2344",25,11,1,1.10521658874206,"2","T"
"X2344",25,11,2,1.21501254046085,"2","T"
"X2344",25,11,3,1.21980401231601,"2","T"
"X2344",25,11,4,1.33430831235363,"2","T"
"X2344",25,11,5,1.26355840226664,"2","T"
"X2344",25,11,6,1.58834181352457,"2","T"
"X2344",25,11,7,1.30649086044672,"2","T"
"X2344",25,23,0,2.93926406774921,"2","T"
"X2344",25,23,1,3.02196610794975,"2","T"
"X2344",25,23,2,3.28172083702441,"2","T"
"X2344",25,23,3,3.02386850572807,"2","T"
"X2344",25,23,4,3.89931119092328,"2","T"
"X2344",25,23,5,3.28830228024029,"2","T"
"X2344",25,23,6,4.47456391796775,"2","T"
"X2344",25,23,7,2.58498913865294,"2","T"
"X2344",25,29,0,4.5120487357987,"2","T"
"X2344",25,29,1,4.43002512323379,"2","T"
"X2344",25,29,2,4.82077913758567,"2","T"
"X2344",25,29,3,4.33951006144375,"2","T"
"X2344",25,29,4,5.91732514544942,"2","T"
"X2344",25,29,5,4.71278863273739,"2","T"
"X2344",25,29,6,6.71204458996863,"2","T"
"X2344",25,29,7,3.63139774796268,"2","T"
"X2344",25,35,0,6.61635544275969,"2","T"
"X2344",25,35,1,6.32862498681758,"2","T"
"X2344",25,35,2,6.84791400020203,"2","T"
"X2344",25,35,3,6.00360283445509,"2","T"
"X2344",25,35,4,8.64149034068294,"2","T"
"X2344",25,35,5,6.51444319274663,"2","T"
"X2344",25,35,6,9.87939619847964,"2","T"
"X2344",25,35,7,4.86989532506138,"2","T"
"X2344",25,47,0,13.2126809000067,"2","T"
"X2344",25,47,1,12.3149026884952,"2","T"
"X2344",25,47,2,13.2281089032413,"2","T"
"X2344",25,47,3,10.9935428684819,"2","T"
"X2344",25,47,4,17.692363797161,"2","T"
"X2344",25,47,5,11.8197936932885,"2","T"
"X2344",25,47,6,20.6064207971381,"2","T"
"X2344",25,47,7,8.5819846774244,"2","T"
"X2344",25,53,0,18.1580055323852,"2","T"
"X2344",25,53,1,16.8694329059623,"2","T"
"X2344",25,53,2,18.119208426063,"2","T"
"X2344",25,53,3,14.6989955160668,"2","T"
"X2344",25,53,4,24.6782552342737,"2","T"
"X2344",25,53,5,15.7327307826202,"2","T"
"X2344",25,53,6,28.987866333914,"2","T"
"X2344",25,53,7,11.3792993545508,"2","T"
"X2344",25,59,0,24.3493972468879,"2","T"
"X2344",25,59,1,23.1175418969085,"2","T"
"X2344",25,59,2,24.3349512613306,"2","T"
"X2344",25,59,3,19.6871065309946,"2","T"
"X2344",25,59,4,32.6034128499321,"2","T"
"X2344",25,59,5,20.8452935287884,"2","T"
"X2344",25,59,6,38.6162032190196,"2","T"
"X2344",25,59,7,15.0519589336651,"2","T"
"X2344",25,71,0,37.6531218504096,"2","T"
"X2344",25,71,1,39.1244308473865,"2","T"
"X2344",25,71,2,39.4399576580162,"2","T"
"X2344",25,71,3,32.4281585953136,"2","T"
"X2344",25,71,4,49.9773492239736,"2","T"
"X2344",25,71,5,33.7455082830821,"2","T"
"X2344",25,71,6,59.2266355845597,"2","T"
"X2344",25,71,7,25.4425198774751,"2","T"
"X2344",25,77,0,43.5947343431291,"2","T"
"X2344",25,77,1,48.3201796110079,"2","T"
"X2344",25,77,2,47.7708594098913,"2","T"
"X2344",25,77,3,39.4235046447723,"2","T"
"X2344",25,77,4,58.7159443747466,"2","T"
"X2344",25,77,5,40.7882939137591,"2","T"
"X2344",25,77,6,69.9801730215874,"2","T"
"X2344",25,77,7,32.1852132243902,"2","T"
"X2344",25,83,0,50.1561610989648,"2","T"
"X2344",25,83,1,58.2586032958606,"2","T"
"X2344",25,83,2,56.2090505680315,"2","T"
"X2344",25,83,3,46.7460138450006,"2","T"
"X2344",25,83,4,67.6995009386957,"2","T"
"X2344",25,83,5,48.0707539603093,"2","T"
"X2344",25,83,6,80.9777791270789,"2","T"
"X2344",25,83,7,39.0266007195071,"2","T"
"X2344",25,95,0,63.8636385427088,"2","T"
"X2344",25,95,1,78.600748115262,"2","T"
"X2344",25,95,2,73.6680031963898,"2","T"
"X2344",25,95,3,62.1271605708048,"2","T"
"X2344",25,95,4,85.7751672172693,"2","T"
"X2344",25,95,5,63.2018918462237,"2","T"
"X2344",25,95,6,103.474120565488,"2","T"
"X2344",25,95,7,53.4222152080419,"2","T"
"X2344",25,101,0,71.0349229516399,"2","T"
"X2344",25,101,1,88.9613330653511,"2","T"
"X2344",25,101,2,82.6310929266766,"2","T"
"X2344",25,101,3,70.1477710107949,"2","T"
"X2344",25,101,4,94.7824218614422,"2","T"
"X2344",25,101,5,71.0392532130426,"2","T"
"X2344",25,101,6,114.881529129643,"2","T"
"X2344",25,101,7,60.9875064515356,"2","T"
"X2344",25,107,0,78.3417213694904,"2","T"
"X2344",25,107,1,99.4435638764565,"2","T"
"X2344",25,107,2,91.6580142523214,"2","T"
"X2344",25,107,3,78.2812586203202,"2","T"
"X2344",25,107,4,103.929130558153,"2","T"
"X2344",25,107,5,78.9866529215681,"2","T"
"X2344",25,107,6,126.387275392402,"2","T"
"X2344",25,107,7,68.6991657634726,"2","T"
"X2344",25.1,0,0,0,"3","B"
"X2344",25.1,0,1,0,"3","B"
"X2344",25.1,0,2,0,"3","B"
"X2344",25.1,0,3,0,"3","B"
"X2344",25.1,0,4,0,"3","B"
"X2344",25.1,0,5,0,"3","B"
"X2344",25.1,0,6,0,"3","B"
"X2344",25.1,0,7,0,"3","B"
"X2344",25.1,4,0,0.572,"3","B"
"X2344",25.1,4,1,0.448,"3","B"
"X2344",25.1,4,2,0.58,"3","B"
"X2344",25.1,4,3,0.546,"3","B"
"X2344",25.1,4,4,0.604,"3","B"
"X2344",25.1,4,5,0.548,"3","B"
"X2344",25.1,4,6,0.552,"3","B"
"X2344",25.1,4,7,0.43,"3","B"
"X2344",25.1,10,0,1.61141672188791,"3","B"
"X2344",25.1,10,1,1.2617500382301,"3","B"
"X2344",25.1,10,2,1.59316676011801,"3","B"
"X2344",25.1,10,3,1.46362513380533,"3","B"
"X2344",25.1,10,4,1.67591674737464,"3","B"
"X2344",25.1,10,5,1.47300010194692,"3","B"
"X2344",25.1,10,6,1.49025011469028,"3","B"
"X2344",25.1,10,7,1.17370833545723,"3","B"
"X2344",25.1,22,0,4.83380969793061,"3","B"
"X2344",25.1,22,1,3.74808421285449,"3","B"
"X2344",25.1,22,2,4.71594404645836,"3","B"
"X2344",25.1,22,3,4.28732382704029,"3","B"
"X2344",25.1,22,4,5.08146209696717,"3","B"
"X2344",25.1,22,5,4.21926534611915,"3","B"
"X2344",25.1,22,6,4.39069248135404,"3","B"
"X2344",25.1,22,7,3.34813580354159,"3","B"
"X2344",25.1,28,0,7.26425298295128,"3","B"
"X2344",25.1,28,1,5.6009206337966,"3","B"
"X2344",25.1,28,2,7.07249631666021,"3","B"
"X2344",25.1,28,3,6.36499934786807,"3","B"
"X2344",25.1,28,4,7.76935782038993,"3","B"
"X2344",25.1,28,5,6.18149110616964,"3","B"
"X2344",25.1,28,6,6.55799585620453,"3","B"
"X2344",25.1,28,7,5.03000502715407,"3","B"
"X2344",25.1,34,0,10.6056663544956,"3","B"
"X2344",25.1,34,1,8.14356574140206,"3","B"
"X2344",25.1,34,2,10.3923580606563,"3","B"
"X2344",25.1,34,3,9.18225243313084,"3","B"
"X2344",25.1,34,4,11.7762585157598,"3","B"
"X2344",25.1,34,5,8.67016625103558,"3","B"
"X2344",25.1,34,6,9.51075818352814,"3","B"
"X2344",25.1,34,7,7.46687500690418,"3","B"
"X2344",25.1,46,0,21.0469098950895,"3","B"
"X2344",25.1,46,1,16.3933785813435,"3","B"
"X2344",25.1,46,2,20.8761858092449,"3","B"
"X2344",25.1,46,3,17.9244964037327,"3","B"
"X2344",25.1,46,4,24.622091442484,"3","B"
"X2344",25.1,46,5,16.2155694018115,"3","B"
"X2344",25.1,46,6,18.9920512523392,"3","B"
"X2344",25.1,46,7,16.0985132553472,"3","B"
"X2344",25.1,52,0,28.378889704839,"3","B"
"X2344",25.1,52,1,22.5000817193324,"3","B"
"X2344",25.1,52,2,28.4639537245839,"3","B"
"X2344",25.1,52,3,24.1273557050665,"3","B"
"X2344",25.1,52,4,33.5422293860553,"3","B"
"X2344",25.1,52,5,21.7046526042833,"3","B"
"X2344",25.1,52,6,25.933483218157,"3","B"
"X2344",25.1,52,7,22.969223954193,"3","B"
"X2344",25.1,58,0,36.0068616234907,"3","B"
"X2344",25.1,58,1,29.1901904335708,"3","B"
"X2344",25.1,58,2,36.5985910068469,"3","B"
"X2344",25.1,58,3,30.7215735221614,"3","B"
"X2344",25.1,58,4,42.7206821540013,"3","B"
"X2344",25.1,58,5,27.8870801649456,"3","B"
"X2344",25.1,58,6,33.3713568741764,"3","B"
"X2344",25.1,58,7,31.1422064981912,"3","B"
"X2344",25.1,70,0,52.2445339070637,"3","B"
"X2344",25.1,70,1,43.428103172466,"3","B"
"X2344",25.1,70,2,54.3830696169047,"3","B"
"X2344",25.1,70,3,46.0022633676301,"3","B"
"X2344",25.1,70,4,61.6047298102042,"3","B"
"X2344",25.1,70,5,41.2298280281451,"3","B"
"X2344",25.1,70,6,49.3850496796236,"3","B"
"X2344",25.1,70,7,50.3499693850195,"3","B"
"X2344",25.1,76,0,60.8656603080623,"3","B"
"X2344",25.1,76,1,50.811187034138,"3","B"
"X2344",25.1,76,2,64.6452062312726,"3","B"
"X2344",25.1,76,3,54.9619791415054,"3","B"
"X2344",25.1,76,4,71.1593160896129,"3","B"
"X2344",25.1,76,5,48.3448581995774,"3","B"
"X2344",25.1,76,6,57.9370295441802,"3","B"
"X2344",25.1,76,7,61.7216315891672,"3","B"
"X2344",25.1,82,0,69.9512365860242,"3","B"
"X2344",25.1,82,1,58.5857910520915,"3","B"
"X2344",25.1,82,2,74.6044346753285,"3","B"
"X2344",25.1,82,3,63.6600816282633,"3","B"
"X2344",25.1,82,4,81.0051315512954,"3","B"
"X2344",25.1,82,5,55.8005360447281,"3","B"
"X2344",25.1,82,6,67.01935873346,"3","B"
"X2344",25.1,82,7,72.8556542535169,"3","B"
"X2344",25.1,94,0,88.1141030790804,"3","B"
"X2344",25.1,94,1,74.3557592896497,"3","B"
"X2344",25.1,94,2,94.6585389656675,"3","B"
"X2344",25.1,94,3,81.333281645733,"3","B"
"X2344",25.1,94,4,100.689560386741,"3","B"
"X2344",25.1,94,5,71.4276347130627,"3","B"
"X2344",25.1,94,6,85.3982778821138,"3","B"
"X2344",25.1,94,7,94.7934179342146,"3","B"
"X2344",25.1,100,0,97.3699917179845,"3","B"
"X2344",25.1,100,1,82.4714228725382,"3","B"
"X2344",25.1,100,2,104.658064758212,"3","B"
"X2344",25.1,100,3,90.2375818545392,"3","B"
"X2344",25.1,100,4,110.660448528173,"3","B"
"X2344",25.1,100,5,79.6604928844914,"3","B"
"X2344",25.1,100,6,94.7671925575468,"3","B"
"X2344",25.1,100,7,105.612903693112,"3","B"
"X2344",25.1,106,0,106.800696954257,"3","B"
"X2344",25.1,106,1,90.6305691735965,"3","B"
"X2344",25.1,106,2,114.787137812033,"3","B"
"X2344",25.1,106,3,99.3387563131177,"3","B"
"X2344",25.1,106,4,120.928116408684,"3","B"
"X2344",25.1,106,5,88.0528298202115,"3","B"
"X2344",25.1,106,6,104.158331354158,"3","B"
"X2344",25.1,106,7,116.38030392754,"3","B"
"X2344",25.2,0,0,0,"1","T"
"X2344",25.2,0,1,0,"1","T"
"X2344",25.2,0,2,0,"1","T"
"X2344",25.2,0,3,0,"1","T"
"X2344",25.2,0,4,0,"1","T"
"X2344",25.2,0,5,0,"1","T"
"X2344",25.2,0,6,0,"1","T"
"X2344",25.2,0,7,0,"1","T"
"X2344",25.2,2,0,0.095,"1","T"
"X2344",25.2,2,1,0.111,"1","T"
"X2344",25.2,2,2,0.194,"1","T"
"X2344",25.2,2,3,0.208,"1","T"
"X2344",25.2,2,4,0.144,"1","T"
"X2344",25.2,2,5,0.418,"1","T"
"X2344",25.2,2,6,0.132,"1","T"
"X2344",25.2,2,7,0.197,"1","T"
"X2344",25.2,8,0,0.499083131666367,"1","T"
"X2344",25.2,8,1,0.463250011000016,"1","T"
"X2344",25.2,8,2,0.90758324166653,"1","T"
"X2344",25.2,8,3,0.920583285666596,"1","T"
"X2344",25.2,8,4,0.600166703333388,"1","T"
"X2344",25.2,8,5,1.78766676933349,"1","T"
"X2344",25.2,8,6,0.54733336266671,"1","T"
"X2344",25.2,8,7,0.838500022000033,"1","T"
"X2344",25.2,20,0,1.42220364025398,"1","T"
"X2344",25.2,20,1,1.34490744442154,"1","T"
"X2344",25.2,20,2,2.80964811848053,"1","T"
"X2344",25.2,20,3,2.82431479781549,"1","T"
"X2344",25.2,20,4,1.79040705064275,"1","T"
"X2344",25.2,20,5,5.70648115357252,"1","T"
"X2344",25.2,20,6,1.64981470857919,"1","T"
"X2344",25.2,20,7,2.597741060697,"1","T"
"X2344",25.2,26,0,2.09301274804359,"1","T"
"X2344",25.2,26,1,1.91749460431265,"1","T"
"X2344",25.2,26,2,4.07804301438383,"1","T"
"X2344",25.2,26,3,4.18498655919116,"1","T"
"X2344",25.2,26,4,2.5641624168452,"1","T"
"X2344",25.2,26,5,8.50025554512759,"1","T"
"X2344",25.2,26,6,2.40258903961929,"1","T"
"X2344",25.2,26,7,3.8510021643734,"1","T"
"X2344",25.2,32,0,2.92937343748013,"1","T"
"X2344",25.2,32,1,2.63844297820377,"1","T"
"X2344",25.2,32,2,5.41652833846428,"1","T"
"X2344",25.2,32,3,5.96418343811984,"1","T"
"X2344",25.2,32,4,3.51875722460175,"1","T"
"X2344",25.2,32,5,12.1609716133878,"1","T"
"X2344",25.2,32,6,3.36745827469195,"1","T"
"X2344",25.2,32,7,5.52967715043398,"1","T"
"X2344",25.2,44,0,5.51407975938631,"1","T"
"X2344",25.2,44,1,4.80213459984723,"1","T"
"X2344",25.2,44,2,9.27065526920499,"1","T"
"X2344",25.2,44,3,11.5175796756511,"1","T"
"X2344",25.2,44,4,6.30760681194108,"1","T"
"X2344",25.2,44,5,22.882422621342,"1","T"
"X2344",25.2,44,6,6.33702200012483,"1","T"
"X2344",25.2,44,7,11.0048318810899,"1","T"
"X2344",25.2,50,0,7.46579814539097,"1","T"
"X2344",25.2,50,1,6.41804171007555,"1","T"
"X2344",25.2,50,2,12.2262709429223,"1","T"
"X2344",25.2,50,3,15.7179328943713,"1","T"
"X2344",25.2,50,4,8.34328073921407,"1","T"
"X2344",25.2,50,5,29.8764269092375,"1","T"
"X2344",25.2,50,6,8.55538538669443,"1","T"
"X2344",25.2,50,7,15.233815174005,"1","T"
"X2344",25.2,56,0,10.1244330119428,"1","T"
"X2344",25.2,56,1,8.67375597338905,"1","T"
"X2344",25.2,56,2,16.2015687084197,"1","T"
"X2344",25.2,56,3,21.2028540116382,"1","T"
"X2344",25.2,56,4,11.1933536916007,"1","T"
"X2344",25.2,56,5,36.6117233055625,"1","T"
"X2344",25.2,56,6,11.6695880872049,"1","T"
"X2344",25.2,56,7,20.4114014458942,"1","T"
"X2344",25.2,68,0,17.9718412699872,"1","T"
"X2344",25.2,68,1,16.1454595847769,"1","T"
"X2344",25.2,68,2,25.7667046950538,"1","T"
"X2344",25.2,68,3,34.4157288268148,"1","T"
"X2344",25.2,68,4,19.5230295819007,"1","T"
"X2344",25.2,68,5,50.6393212656811,"1","T"
"X2344",25.2,68,6,20.6910334919678,"1","T"
"X2344",25.2,68,7,32.5120125395516,"1","T"
"X2344",25.2,74,0,23.1359507570081,"1","T"
"X2344",25.2,74,1,21.5779993134917,"1","T"
"X2344",25.2,74,2,31.2666005886182,"1","T"
"X2344",25.2,74,3,41.3985931213124,"1","T"
"X2344",25.2,74,4,24.4705224012426,"1","T"
"X2344",25.2,74,5,57.6529483665214,"1","T"
"X2344",25.2,74,6,26.2025800260246,"1","T"
"X2344",25.2,74,7,39.6295146175607,"1","T"
"X2344",25.2,80,0,28.8460433892849,"1","T"
"X2344",25.2,80,1,27.1918558822972,"1","T"
"X2344",25.2,80,2,37.5214028745773,"1","T"
"X2344",25.2,80,3,48.7080466309128,"1","T"
"X2344",25.2,80,4,29.6453466514881,"1","T"
"X2344",25.2,80,5,64.9239850412356,"1","T"
"X2344",25.2,80,6,32.1719681323908,"1","T"
"X2344",25.2,80,7,47.2099335660479,"1","T"
"X2344",25.2,92,0,41.9145205898717,"1","T"
"X2344",25.2,92,1,39.8686402942199,"1","T"
"X2344",25.2,92,2,50.5517026843798,"1","T"
"X2344",25.2,92,3,63.9623958012462,"1","T"
"X2344",25.2,92,4,40.4029044074371,"1","T"
"X2344",25.2,92,5,79.7364881891689,"1","T"
"X2344",25.2,92,6,45.2015888747767,"1","T"
"X2344",25.2,92,7,63.1764101821941,"1","T"
"X2344",25.2,98,0,48.9901813274185,"1","T"
"X2344",25.2,98,1,46.6408719395875,"1","T"
"X2344",25.2,98,2,57.3868749304535,"1","T"
"X2344",25.2,98,3,71.7949150165306,"1","T"
"X2344",25.2,98,4,46.0025148498905,"1","T"
"X2344",25.2,98,5,87.2641504798899,"1","T"
"X2344",25.2,98,6,52.2835299864371,"1","T"
"X2344",25.2,98,7,71.5309676890787,"1","T"
"X2344",25.2,104,0,56.0227067137722,"1","T"
"X2344",25.2,104,1,53.7306760960716,"1","T"
"X2344",25.2,104,2,64.2871743206978,"1","T"
"X2344",25.2,104,3,79.83025032973,"1","T"
"X2344",25.2,104,4,51.8633480537303,"1","T"
"X2344",25.2,104,5,94.9069280763897,"1","T"
"X2344",25.2,104,6,59.4165103256125,"1","T"
"X2344",25.2,104,7,80.2303351566047,"1","T"
"X2344",25.2,127,0,83.5716220741687,"1","T"
"X2344",25.2,127,1,81.2956968173253,"1","T"
"X2344",25.2,127,2,90.8427974066575,"1","T"
"X2344",25.2,127,3,111.162899382749,"1","T"
"X2344",25.2,127,4,75.1840146925836,"1","T"
"X2344",25.2,127,5,124.959319502888,"1","T"
"X2344",25.2,127,6,87.1812258464755,"1","T"
"X2344",25.2,127,7,114.359009093206,"1","T"
"X2344",25.2,151,0,112.838678353461,"1","T"
"X2344",25.2,151,1,110.898206870339,"1","T"
"X2344",25.2,151,2,118.165211055552,"1","T"
"X2344",25.2,151,3,144.338959530217,"1","T"
"X2344",25.2,151,4,99.7361370446932,"1","T"
"X2344",25.2,151,5,157.185765649939,"1","T"
"X2344",25.2,151,6,116.518583044525,"1","T"
"X2344",25.2,151,7,150.266941459534,"1","T"
"X2344",25.2,164,0,128.707962086397,"1","T"
"X2344",25.2,164,1,126.758843745327,"1","T"
"X2344",25.2,164,2,132.830646305516,"1","T"
"X2344",25.2,164,3,161.87209123365,"1","T"
"X2344",25.2,164,4,113.205716761535,"1","T"
"X2344",25.2,164,5,174.597488503585,"1","T"
"X2344",25.2,164,6,132.042687282322,"1","T"
"X2344",25.2,164,7,169.507808831189,"1","T"
"X2344",25.3,0,0,0,"4","M"
"X2344",25.3,0,1,0,"4","M"
"X2344",25.3,0,2,0,"4","M"
"X2344",25.3,0,3,0,"4","M"
"X2344",25.3,0,4,0,"4","M"
"X2344",25.3,0,5,0,"4","M"
"X2344",25.3,0,6,0,"4","M"
"X2344",25.3,0,7,0,"4","M"
"X2344",25.3,4,0,0.442,"4","M"
"X2344",25.3,4,1,0.758,"4","M"
"X2344",25.3,4,2,0.478,"4","M"
"X2344",25.3,4,3,0.626,"4","M"
"X2344",25.3,4,4,0.314,"4","M"
"X2344",25.3,4,5,0.776,"4","M"
"X2344",25.3,4,6,0.59,"4","M"
"X2344",25.3,4,7,0.51,"4","M"
"X2344",25.3,10,0,1.16979174100296,"4","M"
"X2344",25.3,10,1,2.0057916900295,"4","M"
"X2344",25.3,10,2,1.27529171551623,"4","M"
"X2344",25.3,10,3,1.6907916900295,"4","M"
"X2344",25.3,10,4,0.753958450147512,"4","M"
"X2344",25.3,10,5,2.04300010194692,"4","M"
"X2344",25.3,10,6,1.5707916900295,"4","M"
"X2344",25.3,10,7,1.34995839917405,"4","M"
"X2344",25.3,22,0,3.4187117650555,"4","M"
"X2344",25.3,22,1,5.26815028129286,"4","M"
"X2344",25.3,22,2,3.50612353744132,"4","M"
"X2344",25.3,22,3,4.59734747414304,"4","M"
"X2344",25.3,22,4,1.91139179194792,"4","M"
"X2344",25.3,22,5,5.51220117469677,"4","M"
"X2344",25.3,22,6,4.23054934557625,"4","M"
"X2344",25.3,22,7,3.83265182966726,"4","M"
"X2344",25.3,28,0,5.17946766368183,"4","M"
"X2344",25.3,28,1,7.49794491898554,"4","M"
"X2344",25.3,28,2,5.09219702781416,"4","M"
"X2344",25.3,28,3,6.62862114682723,"4","M"
"X2344",25.3,28,4,2.64361577453048,"4","M"
"X2344",25.3,28,5,7.90364483849343,"4","M"
"X2344",25.3,28,6,6.11137734026296,"4","M"
"X2344",25.3,28,7,5.69862397632894,"4","M"
"X2344",25.3,34,0,7.70438579979375,"4","M"
"X2344",25.3,34,1,10.3276586902069,"4","M"
"X2344",25.3,34,2,7.22103866530648,"4","M"
"X2344",25.3,34,3,9.29998270312622,"4","M"
"X2344",25.3,34,4,3.52840648932363,"4","M"
"X2344",25.3,34,5,10.9904603205442,"4","M"
"X2344",25.3,34,6,8.5628108104313,"4","M"
"X2344",25.3,34,7,8.30647098122644,"4","M"
"X2344",25.3,46,0,17.1752299523424,"4","M"
"X2344",25.3,46,1,18.6491687408467,"4","M"
"X2344",25.3,46,2,14.0946886042076,"4","M"
"X2344",25.3,46,3,17.7599496365841,"4","M"
"X2344",25.3,46,4,6.21889910996311,"4","M"
"X2344",25.3,46,5,20.049647582449,"4","M"
"X2344",25.3,46,6,15.9591286936102,"4","M"
"X2344",25.3,46,7,18.4645297109204,"4","M"
"X2344",25.3,52,0,24.903928726383,"4","M"
"X2344",25.3,52,1,24.5408535444835,"4","M"
"X2344",25.3,52,2,19.3281544243617,"4","M"
"X2344",25.3,52,3,24.0219145498109,"4","M"
"X2344",25.3,52,4,8.30233032097238,"4","M"
"X2344",25.3,52,5,26.3672180890858,"4","M"
"X2344",25.3,52,6,21.1905904428154,"4","M"
"X2344",25.3,52,7,26.6822428755301,"4","M"
"X2344",25.3,58,0,33.5030943527105,"4","M"
"X2344",25.3,58,1,31.2170905048317,"4","M"
"X2344",25.3,58,2,25.4500403689248,"4","M"
"X2344",25.3,58,3,31.174514839282,"4","M"
"X2344",25.3,58,4,11.2791350212746,"4","M"
"X2344",25.3,58,5,33.1211137125373,"4","M"
"X2344",25.3,58,6,27.0065355111377,"4","M"
"X2344",25.3,58,7,34.9090525833299,"4","M"
"X2344",25.3,70,0,55.5010712017319,"4","M"
"X2344",25.3,70,1,46.3873737517773,"4","M"
"X2344",25.3,70,2,39.4467096769353,"4","M"
"X2344",25.3,70,3,48.2076642809975,"4","M"
"X2344",25.3,70,4,20.765496237442,"4","M"
"X2344",25.3,70,5,47.5110215935531,"4","M"
"X2344",25.3,70,6,39.2358632447826,"4","M"
"X2344",25.3,70,7,51.9439248169384,"4","M"
"X2344",25.3,76,0,70.0586346138842,"4","M"
"X2344",25.3,76,1,54.4554489693853,"4","M"
"X2344",25.3,76,2,47.3734059144691,"4","M"
"X2344",25.3,76,3,58.1402777003266,"4","M"
"X2344",25.3,76,4,27.4678794662879,"4","M"
"X2344",25.3,76,5,55.7761207253959,"4","M"
"X2344",25.3,76,6,45.633122491565,"4","M"
"X2344",25.3,76,7,60.5086793538991,"4","M"
"X2344",25.3,82,0,83.7694227896708,"4","M"
"X2344",25.3,82,1,62.7994740080092,"4","M"
"X2344",25.3,82,2,55.6174839155171,"4","M"
"X2344",25.3,82,3,68.8725658235237,"4","M"
"X2344",25.3,82,4,34.7302178818573,"4","M"
"X2344",25.3,82,5,64.2884567217276,"4","M"
"X2344",25.3,82,6,52.5465610274285,"4","M"
"X2344",25.3,82,7,69.7586628454474,"4","M"
"X2344",25.3,94,0,111.81054491458,"4","M"
"X2344",25.3,94,1,79.8180579902331,"4","M"
"X2344",25.3,94,2,72.6388956862681,"4","M"
"X2344",25.3,94,3,90.1815443334926,"4","M"
"X2344",25.3,94,4,49.9900521492779,"4","M"
"X2344",25.3,94,5,82.4254286460972,"4","M"
"X2344",25.3,94,6,67.0768562810584,"4","M"
"X2344",25.3,94,7,87.7700938740855,"4","M"
"X2344",25.3,100,0,125.905266929737,"4","M"
"X2344",25.3,100,1,88.4279047333064,"4","M"
"X2344",25.3,100,2,81.5725118261753,"4","M"
"X2344",25.3,100,3,100.986039600612,"4","M"
"X2344",25.3,100,4,58.0922218436584,"4","M"
"X2344",25.3,100,5,91.9778296316613,"4","M"
"X2344",25.3,100,6,74.8432807220653,"4","M"
"X2344",25.3,100,7,96.4698313561316,"4","M"
"X2344",25.3,106,0,139.969071192085,"4","M"
"X2344",25.3,106,1,97.0350099008091,"4","M"
"X2344",25.3,106,2,90.8484320789473,"4","M"
"X2344",25.3,106,3,111.938301938409,"4","M"
"X2344",25.3,106,4,66.3826829860043,"4","M"
"X2344",25.3,106,5,101.649964042549,"4","M"
"X2344",25.3,106,6,82.8521531275566,"4","M"
"X2344",25.3,106,7,105.866347302353,"4","M"
"X2344",28,0,0,0,"3","M"
"X2344",28,0,1,0,"3","M"
"X2344",28,0,2,0,"3","M"
"X2344",28,0,3,0,"3","M"
"X2344",28,0,4,0,"3","M"
"X2344",28,0,5,0,"3","M"
"X2344",28,0,6,0,"3","M"
"X2344",28,0,7,0,"3","M"
"X2344",28,4,0,0.612,"3","M"
"X2344",28,4,1,0.374,"3","M"
"X2344",28,4,2,0.444,"3","M"
"X2344",28,4,3,0.696,"3","M"
"X2344",28,4,4,0.518,"3","M"
"X2344",28,4,5,0.448,"3","M"
"X2344",28,4,6,0.578,"3","M"
"X2344",28,4,7,0.36,"3","M"
"X2344",28,10,0,1.75150017840711,"3","M"
"X2344",28,10,1,1.05204175374633,"3","M"
"X2344",28,10,2,1.14808355846611,"3","M"
"X2344",28,10,3,1.9682502166372,"3","M"
"X2344",28,10,4,1.4042085648378,"3","M"
"X2344",28,10,5,1.36924991079645,"3","M"
"X2344",28,10,6,1.66120846289088,"3","M"
"X2344",28,10,7,1.07850007646019,"3","M"
"X2344",28,22,0,5.93362628609527,"3","M"
"X2344",28,22,1,3.40840026456294,"3","M"
"X2344",28,22,2,3.65887070568451,"3","M"
"X2344",28,22,3,6.42855408460676,"3","M"
"X2344",28,22,4,4.69802478046262,"3","M"
"X2344",28,22,5,4.33733691779089,"3","M"
"X2344",28,22,6,5.37423670579835,"3","M"
"X2344",28,22,7,4.01091174001946,"3","M"
"X2344",28,28,0,9.42701407907972,"3","M"
"X2344",28,28,1,5.33741913400451,"3","M"
"X2344",28,28,2,5.69127340947529,"3","M"
"X2344",28,28,3,9.9811228011623,"3","M"
"X2344",28,28,4,7.50204819564045,"3","M"
"X2344",28,28,5,6.77449862198179,"3","M"
"X2344",28,28,6,8.32514113107451,"3","M"
"X2344",28,28,7,6.78498447227208,"3","M"
"X2344",28,34,0,14.5739423573697,"3","M"
"X2344",28,34,1,8.22000302031375,"3","M"
"X2344",28,34,2,8.79053447759157,"3","M"
"X2344",28,34,3,15.1094872646369,"3","M"
"X2344",28,34,4,12.0428761294971,"3","M"
"X2344",28,34,5,10.3390813938721,"3","M"
"X2344",28,34,6,12.6335337417774,"3","M"
"X2344",28,34,7,11.6892482470424,"3","M"
"X2344",28,46,0,29.1337998666067,"3","M"
"X2344",28,46,1,17.1771513107071,"3","M"
"X2344",28,46,2,18.8339518387372,"3","M"
"X2344",28,46,3,29.4335641013886,"3","M"
"X2344",28,46,4,26.1118226274155,"3","M"
"X2344",28,46,5,22.0007555630559,"3","M"
"X2344",28,46,6,24.4749249549217,"3","M"
"X2344",28,46,7,27.5573887262178,"3","M"
"X2344",28,52,0,37.8902657612708,"3","M"
"X2344",28,52,1,23.0610491915131,"3","M"
"X2344",28,52,2,25.6784406738431,"3","M"
"X2344",28,52,3,37.9957464763771,"3","M"
"X2344",28,52,4,35.2655524382202,"3","M"
"X2344",28,52,5,30.2565689746145,"3","M"
"X2344",28,52,6,31.3081381688527,"3","M"
"X2344",28,52,7,37.4215211343204,"3","M"
"X2344",28,58,0,47.2607839156809,"3","M"
"X2344",28,58,1,29.3041803944809,"3","M"
"X2344",28,58,2,32.9583772817893,"3","M"
"X2344",28,58,3,46.723278113834,"3","M"
"X2344",28,58,4,45.0684651874917,"3","M"
"X2344",28,58,5,38.8013720754499,"3","M"
"X2344",28,58,6,38.6257611168252,"3","M"
"X2344",28,58,7,47.7305797527973,"3","M"
"X2344",28,70,0,67.1171794991567,"3","M"
"X2344",28,70,1,42.8560678314696,"3","M"
"X2344",28,70,2,48.228186243606,"3","M"
"X2344",28,70,3,64.8173204437051,"3","M"
"X2344",28,70,4,65.254973535618,"3","M"
"X2344",28,70,5,56.8965694658676,"3","M"
"X2344",28,70,6,54.3187204911548,"3","M"
"X2344",28,70,7,71.5066635393608,"3","M"
"X2344",28,76,0,77.226082009839,"3","M"
"X2344",28,76,1,49.8504873883983,"3","M"
"X2344",28,76,2,56.2416003727726,"3","M"
"X2344",28,76,3,74.4028267086422,"3","M"
"X2344",28,76,4,75.7996836301228,"3","M"
"X2344",28,76,5,66.0314379032624,"3","M"
"X2344",28,76,6,62.4905131617728,"3","M"
"X2344",28,76,7,83.8122457806928,"3","M"
"X2344",28,82,0,87.5922356850841,"3","M"
"X2344",28,82,1,57.3102017220735,"3","M"
"X2344",28,82,2,64.7792653401206,"3","M"
"X2344",28,82,3,84.1974713837072,"3","M"
"X2344",28,82,4,86.5860213553039,"3","M"
"X2344",28,82,5,75.2998328177069,"3","M"
"X2344",28,82,6,70.9955807877627,"3","M"
"X2344",28,82,7,96.1679795512719,"3","M"
"X2344",28,94,0,108.284351212196,"3","M"
"X2344",28,94,1,72.3741422122888,"3","M"
"X2344",28,94,2,81.8393782755101,"3","M"
"X2344",28,94,3,103.697220718254,"3","M"
"X2344",28,94,4,108.347726322337,"3","M"
"X2344",28,94,5,93.6673858709816,"3","M"
"X2344",28,94,6,88.2229125003435,"3","M"
"X2344",28,94,7,121.243526368389,"3","M"
"X2344",28,100,0,118.782196316629,"3","M"
"X2344",28,100,1,79.97015975565,"3","M"
"X2344",28,100,2,90.38895472214,"3","M"
"X2344",28,100,3,113.444870667877,"3","M"
"X2344",28,100,4,119.191753164261,"3","M"
"X2344",28,100,5,102.820619002666,"3","M"
"X2344",28,100,6,97.0203931025274,"3","M"
"X2344",28,100,7,133.700407778911,"3","M"
"X2344",28,106,0,129.200338117665,"3","M"
"X2344",28,106,1,87.6896264428656,"3","M"
"X2344",28,106,2,98.9993228213263,"3","M"
"X2344",28,106,3,123.193679578288,"3","M"
"X2344",28,106,4,130.141910887647,"3","M"
"X2344",28,106,5,112.062692204256,"3","M"
"X2344",28,106,6,105.793475601565,"3","M"
"X2344",28,106,7,145.973465969122,"3","M"
"X2344",30,0,0,0,"2","B"
"X2344",30,0,1,0,"2","B"
"X2344",30,0,2,0,"2","B"
"X2344",30,0,3,0,"2","B"
"X2344",30,0,4,0,"2","B"
"X2344",30,0,5,0,"2","B"
"X2344",30,0,6,0,"2","B"
"X2344",30,0,7,0,"2","B"
"X2344",30,4,0,0.748,"2","B"
"X2344",30,4,1,0.758,"2","B"
"X2344",30,4,2,0.56,"2","B"
"X2344",30,4,3,0.658,"2","B"
"X2344",30,4,4,0.29,"2","B"
"X2344",30,4,5,0.824,"2","B"
"X2344",30,4,6,0.746,"2","B"
"X2344",30,4,7,0.502,"2","B"
"X2344",30,10,0,2.13316676011801,"2","B"
"X2344",30,10,1,2.12570848837761,"2","B"
"X2344",30,10,2,1.59008345651919,"2","B"
"X2344",30,10,3,1.8858751465487,"2","B"
"X2344",30,10,4,0.799041651799408,"2","B"
"X2344",30,10,5,2.36616686206493,"2","B"
"X2344",30,10,6,2.09137512106197,"2","B"
"X2344",30,10,7,1.39820836094396,"2","B"
"X2344",30,22,0,7.77036315381408,"2","B"
"X2344",30,22,1,7.18385768349381,"2","B"
"X2344",30,22,2,5.79667085972791,"2","B"
"X2344",30,22,3,6.31364133376258,"2","B"
"X2344",30,22,4,2.36588291133731,"2","B"
"X2344",30,22,5,8.41359107126892,"2","B"
"X2344",30,22,6,6.8686774347802,"2","B"
"X2344",30,22,7,4.70335303837061,"2","B"
"X2344",30,28,0,13.1894662441893,"2","B"
"X2344",30,28,1,11.5881590978893,"2","B"
"X2344",30,28,2,9.15547362309481,"2","B"
"X2344",30,28,3,9.97588163409775,"2","B"
"X2344",30,28,4,3.67570681119094,"2","B"
"X2344",30,28,5,13.7876932781563,"2","B"
"X2344",30,28,6,10.9161635099152,"2","B"
"X2344",30,28,7,8.02045021216722,"2","B"
"X2344",30,34,0,20.6885001677742,"2","B"
"X2344",30,34,1,17.3256984336684,"2","B"
"X2344",30,34,2,11.3376047456723,"2","B"
"X2344",30,34,3,14.9601157698128,"2","B"
"X2344",30,34,4,5.70737754707241,"2","B"
"X2344",30,34,5,20.5505346892552,"2","B"
"X2344",30,34,6,16.2628463736762,"2","B"
"X2344",30,34,7,13.5216240457394,"2","B"
"X2344",30,46,0,38.219609745707,"2","B"
"X2344",30,46,1,30.4951131235835,"2","B"
"X2344",30,46,2,17.9195994599369,"2","B"
"X2344",30,46,3,27.6916907252791,"2","B"
"X2344",30,46,4,13.03101013818,"2","B"
"X2344",30,46,5,34.880822287366,"2","B"
"X2344",30,46,6,28.9356568863563,"2","B"
"X2344",30,46,7,28.3722654696655,"2","B"
"X2344",30,52,0,47.2921896040308,"2","B"
"X2344",30,52,1,37.6689140143019,"2","B"
"X2344",30,52,2,22.5673176878137,"2","B"
"X2344",30,52,3,34.6322927175975,"2","B"
"X2344",30,52,4,18.7321273748461,"2","B"
"X2344",30,52,5,42.3731685513317,"2","B"
"X2344",30,52,6,35.4369946858243,"2","B"
"X2344",30,52,7,38.4763318991235,"2","B"
"X2344",30,58,0,55.8408630522833,"2","B"
"X2344",30,58,1,45.3043496789822,"2","B"
"X2344",30,58,2,27.7193322411132,"2","B"
"X2344",30,58,3,41.6982797741973,"2","B"
"X2344",30,58,4,25.6352163379441,"2","B"
"X2344",30,58,5,49.8661905204794,"2","B"
"X2344",30,58,6,42.1285015268671,"2","B"
"X2344",30,58,7,47.8264907399217,"2","B"
"X2344",30,70,0,68.6451051745293,"2","B"
"X2344",30,70,1,61.8171449627708,"2","B"
"X2344",30,70,2,38.8126137358809,"2","B"
"X2344",30,70,3,55.6182617207298,"2","B"
"X2344",30,70,4,40.2646721393525,"2","B"
"X2344",30,70,5,65.3098056927259,"2","B"
"X2344",30,70,6,55.6820624107691,"2","B"
"X2344",30,70,7,67.1785602359725,"2","B"
"X2344",30,76,0,73.9718633786332,"2","B"
"X2344",30,76,1,69.622111417991,"2","B"
"X2344",30,76,2,44.9581194578094,"2","B"
"X2344",30,76,3,63.1824773100453,"2","B"
"X2344",30,76,4,48.0363033129322,"2","B"
"X2344",30,76,5,73.4074936585612,"2","B"
"X2344",30,76,6,62.8818906674309,"2","B"
"X2344",30,76,7,76.8071577195634,"2","B"
"X2344",30,82,0,85.8585210742388,"2","B"
"X2344",30,82,1,77.0973250439113,"2","B"
"X2344",30,82,2,51.5577832689194,"2","B"
"X2344",30,82,3,71.7987460567302,"2","B"
"X2344",30,82,4,55.9099762496306,"2","B"
"X2344",30,82,5,81.795504026729,"2","B"
"X2344",30,82,6,71.4069504213339,"2","B"
"X2344",30,82,7,86.4110881530096,"2","B"
"X2344",30,94,0,108.659030823307,"2","B"
"X2344",30,94,1,92.4142764214869,"2","B"
"X2344",30,94,2,65.259166093618,"2","B"
"X2344",30,94,3,88.7436881727702,"2","B"
"X2344",30,94,4,72.3598695653343,"2","B"
"X2344",30,94,5,99.0491870893399,"2","B"
"X2344",30,94,6,87.670625147466,"2","B"
"X2344",30,94,7,105.431327639349,"2","B"
"X2344",30,100,0,121.637758558505,"2","B"
"X2344",30,100,1,100.039789435949,"2","B"
"X2344",30,100,2,72.4760699052019,"2","B"
"X2344",30,100,3,97.2464129299563,"2","B"
"X2344",30,100,4,80.9976431849769,"2","B"
"X2344",30,100,5,108.041605943633,"2","B"
"X2344",30,100,6,95.722838220854,"2","B"
"X2344",30,100,7,114.820435630846,"2","B"
"X2344",30,106,0,133.875187105012,"2","B"
"X2344",30,106,1,107.294000263892,"2","B"
"X2344",30,106,2,80.1225493332954,"2","B"
"X2344",30,106,3,105.562036045949,"2","B"
"X2344",30,106,4,89.4641285306905,"2","B"
"X2344",30,106,5,117.109144711183,"2","B"
"X2344",30,106,6,103.574621730073,"2","B"
"X2344",30,106,7,124.152458115378,"2","B"
"X2344",32,0,0,0,"3","T"
"X2344",32,0,1,0,"3","T"
"X2344",32,0,2,0,"3","T"
"X2344",32,0,3,0,"3","T"
"X2344",32,0,4,0,"3","T"
"X2344",32,0,5,0,"3","T"
"X2344",32,0,6,0,"3","T"
"X2344",32,0,7,0,"3","T"
"X2344",32,4,0,0.472,"3","T"
"X2344",32,4,1,0.502,"3","T"
"X2344",32,4,2,0.502,"3","T"
"X2344",32,4,3,0.566,"3","T"
"X2344",32,4,4,0.874,"3","T"
"X2344",32,4,5,0.558,"3","T"
"X2344",32,4,6,0.52,"3","T"
"X2344",32,4,7,0.52,"3","T"
"X2344",32,10,0,1.43341687480829,"3","T"
"X2344",32,10,1,1.53695855209443,"3","T"
"X2344",32,10,2,1.58729186843661,"3","T"
"X2344",32,10,3,1.75404190666671,"3","T"
"X2344",32,10,4,2.72712546513282,"3","T"
"X2344",32,10,5,1.65129191941007,"3","T"
"X2344",32,10,6,1.50791690029502,"3","T"
"X2344",32,10,7,1.63950028035403,"3","T"
"X2344",32,22,0,5.77838919928896,"3","T"
"X2344",32,22,1,6.12556154530359,"3","T"
"X2344",32,22,2,5.79993633157399,"3","T"
"X2344",32,22,3,7.29940222311988,"3","T"
"X2344",32,22,4,10.1457990071924,"3","T"
"X2344",32,22,5,6.73295770119953,"3","T"
"X2344",32,22,6,5.97931231976416,"3","T"
"X2344",32,22,7,6.74162558935882,"3","T"
"X2344",32,28,0,9.547249857333,"3","T"
"X2344",32,28,1,10.2332361058583,"3","T"
"X2344",32,28,2,9.04077579060174,"3","T"
"X2344",32,28,3,11.8744530321356,"3","T"
"X2344",32,28,4,15.7748116503169,"3","T"
"X2344",32,28,5,10.5915714528516,"3","T"
"X2344",32,28,6,10.0315524256483,"3","T"
"X2344",32,28,7,11.3139858384926,"3","T"
"X2344",32,34,0,13.7419133866505,"3","T"
"X2344",32,34,1,15.9159501500715,"3","T"
"X2344",32,34,2,13.4763921018413,"3","T"
"X2344",32,34,3,15.350707060101,"3","T"
"X2344",32,34,4,21.5355324134836,"3","T"
"X2344",32,34,5,12.001772280746,"3","T"
"X2344",32,34,6,14.9461907475442,"3","T"
"X2344",32,34,7,16.2364455921326,"3","T"
"X2344",32,46,0,25.8165817763527,"3","T"
"X2344",32,46,1,30.7617618117131,"3","T"
"X2344",32,46,2,25.9222688659619,"3","T"
"X2344",32,46,3,23.8540250248474,"3","T"
"X2344",32,46,4,33.6626576667767,"3","T"
"X2344",32,46,5,18.5492865991649,"3","T"
"X2344",32,46,6,26.8788093810662,"3","T"
"X2344",32,46,7,25.1721593397666,"3","T"
"X2344",32,52,0,34.1355529193037,"3","T"
"X2344",32,52,1,38.4840521407679,"3","T"
"X2344",32,52,2,32.0460131596596,"3","T"
"X2344",32,52,3,28.7315998463037,"3","T"
"X2344",32,52,4,41.3448624884115,"3","T"
"X2344",32,52,5,24.0839814462742,"3","T"
"X2344",32,52,6,33.2486291846181,"3","T"
"X2344",32,52,7,32.6014471905642,"3","T"
"X2344",32,58,0,43.3161821078233,"3","T"
"X2344",32,58,1,46.0557106686402,"3","T"
"X2344",32,58,2,38.4034093311407,"3","T"
"X2344",32,58,3,34.0942493004086,"3","T"
"X2344",32,58,4,48.7827821987226,"3","T"
"X2344",32,58,5,30.9930954075304,"3","T"
"X2344",32,58,6,39.4136716519913,"3","T"
"X2344",32,58,7,40.0090866015631,"3","T"
"X2344",32,70,0,61.6095541545179,"3","T"
"X2344",32,70,1,65.7533631846412,"3","T"
"X2344",32,70,2,57.8988632516733,"3","T"
"X2344",32,70,3,47.5386690269304,"3","T"
"X2344",32,70,4,65.7663763232737,"3","T"
"X2344",32,70,5,49.6953250682322,"3","T"
"X2344",32,70,6,51.106420696478,"3","T"
"X2344",32,70,7,61.5238103817327,"3","T"
"X2344",32,76,0,69.086702449402,"3","T"
"X2344",32,76,1,76.8687770540314,"3","T"
"X2344",32,76,2,69.865158965548,"3","T"
"X2344",32,76,3,55.4075298774072,"3","T"
"X2344",32,76,4,75.5282764981677,"3","T"
"X2344",32,76,5,59.5942361720368,"3","T"
"X2344",32,76,6,57.0052854661492,"3","T"
"X2344",32,76,7,71.960697489298,"3","T"
"X2344",32,82,0,76.4707253868677,"3","T"
"X2344",32,82,1,88.0493604244087,"3","T"
"X2344",32,82,2,81.379132089104,"3","T"
"X2344",32,82,3,63.6569214722894,"3","T"
"X2344",32,82,4,84.1236938771795,"3","T"
"X2344",32,82,5,69.8390104331472,"3","T"
"X2344",32,82,6,64.3918087501117,"3","T"
"X2344",32,82,7,82.4989661073039,"3","T"
"X2344",32,94,0,91.7269998251813,"3","T"
"X2344",32,94,1,110.491437114983,"3","T"
"X2344",32,94,2,104.793879294788,"3","T"
"X2344",32,94,3,80.7286515647604,"3","T"
"X2344",32,94,4,102.289041474095,"3","T"
"X2344",32,94,5,91.50685895506,"3","T"
"X2344",32,94,6,81.6862593103159,"3","T"
"X2344",32,94,7,103.663713473341,"3","T"
"X2344",32,100,0,100.365059924535,"3","T"
"X2344",32,100,1,121.436965777793,"3","T"
"X2344",32,100,2,115.939144558272,"3","T"
"X2344",32,100,3,89.3710725475595,"3","T"
"X2344",32,100,4,111.86848350129,"3","T"
"X2344",32,100,5,102.676652091791,"3","T"
"X2344",32,100,6,90.8163836832456,"3","T"
"X2344",32,100,7,114.251707829091,"3","T"
"X2344",32,106,0,109.528888556279,"3","T"
"X2344",32,106,1,132.420197043957,"3","T"
"X2344",32,106,2,127.142661852612,"3","T"
"X2344",32,106,3,97.9946307824169,"3","T"
"X2344",32,106,4,121.651434668591,"3","T"
"X2344",32,106,5,113.413642781776,"3","T"
"X2344",32,106,6,100.006705680412,"3","T"
"X2344",32,106,7,124.81663764678,"3","T"
"X2344",35,0,0,0,"1","M"
"X2344",35,0,1,0,"1","M"
"X2344",35,0,2,0,"1","M"
"X2344",35,0,3,0,"1","M"
"X2344",35,0,4,0,"1","M"
"X2344",35,0,5,0,"1","M"
"X2344",35,0,6,0,"1","M"
"X2344",35,0,7,0,"1","M"
"X2344",35,2,0,0.141,"1","M"
"X2344",35,2,1,0.124,"1","M"
"X2344",35,2,2,0.17,"1","M"
"X2344",35,2,3,0.172,"1","M"
"X2344",35,2,4,0.261,"1","M"
"X2344",35,2,5,0.463,"1","M"
"X2344",35,2,6,0.14,"1","M"
"X2344",35,2,7,0.248,"1","M"
"X2344",35,8,0,0.650750077000114,"1","M"
"X2344",35,8,1,0.553833384666743,"1","M"
"X2344",35,8,2,0.846250143000212,"1","M"
"X2344",35,8,3,0.79175012100018,"1","M"
"X2344",35,8,4,1.21741680233353,"1","M"
"X2344",35,8,5,2.29783373666727,"1","M"
"X2344",35,8,6,0.644250055000082,"1","M"
"X2344",35,8,7,1.19691686833363,"1","M"
"X2344",35,20,0,2.67494463327826,"1","M"
"X2344",35,20,1,2.23855624356587,"1","M"
"X2344",35,20,2,3.90546265366394,"1","M"
"X2344",35,20,3,3.61042675467226,"1","M"
"X2344",35,20,4,5.26816799563315,"1","M"
"X2344",35,20,5,10.7078140523348,"1","M"
"X2344",35,20,6,2.75139004010522,"1","M"
"X2344",35,20,7,5.13160981642432,"1","M"
"X2344",35,26,0,4.44827872709131,"1","M"
"X2344",35,26,1,3.91694296327889,"1","M"
"X2344",35,26,2,6.84410230508196,"1","M"
"X2344",35,26,3,6.30770480811745,"1","M"
"X2344",35,26,4,9.04079082728735,"1","M"
"X2344",35,26,5,17.631581202046,"1","M"
"X2344",35,26,6,4.80005849075753,"1","M"
"X2344",35,26,7,8.36935547958507,"1","M"
"X2344",35,32,0,6.86927504114955,"1","M"
"X2344",35,32,1,6.94773323706217,"1","M"
"X2344",35,32,2,10.99107358105,"1","M"
"X2344",35,32,3,10.5578292695802,"1","M"
"X2344",35,32,4,14.2990097048829,"1","M"
"X2344",35,32,5,24.0359955536938,"1","M"
"X2344",35,32,6,8.20713383623186,"1","M"
"X2344",35,32,7,13.3569464136184,"1","M"
"X2344",35,44,0,13.5333406694417,"1","M"
"X2344",35,44,1,17.5008006947822,"1","M"
"X2344",35,44,2,22.0718237029981,"1","M"
"X2344",35,44,3,24.3481163813161,"1","M"
"X2344",35,44,4,28.0533037296136,"1","M"
"X2344",35,44,5,40.6980796484737,"1","M"
"X2344",35,44,6,18.3386471618607,"1","M"
"X2344",35,44,7,30.1982463104048,"1","M"
"X2344",35,50,0,17.7193996141804,"1","M"
"X2344",35,50,1,25.7451098020571,"1","M"
"X2344",35,50,2,31.2050448474068,"1","M"
"X2344",35,50,3,32.8035097573799,"1","M"
"X2344",35,50,4,36.332431277811,"1","M"
"X2344",35,50,5,50.3647599344525,"1","M"
"X2344",35,50,6,24.2368042433241,"1","M"
"X2344",35,50,7,39.5208641131094,"1","M"
"X2344",35,56,0,22.3967861409826,"1","M"
"X2344",35,56,1,34.8870029927019,"1","M"
"X2344",35,56,2,38.7070787581625,"1","M"
"X2344",35,56,3,42.6145261454682,"1","M"
"X2344",35,56,4,44.8340389984411,"1","M"
"X2344",35,56,5,59.3906629579604,"1","M"
"X2344",35,56,6,30.5714924100642,"1","M"
"X2344",35,56,7,50.1776028081616,"1","M"
"X2344",35,68,0,28.6524803497514,"1","M"
"X2344",35,68,1,56.4400837940118,"1","M"
"X2344",35,68,2,57.1628702311903,"1","M"
"X2344",35,68,3,64.0432422083186,"1","M"
"X2344",35,68,4,62.3363502164515,"1","M"
"X2344",35,68,5,78.7957805024949,"1","M"
"X2344",35,68,6,44.0155875263496,"1","M"
"X2344",35,68,7,72.5216680296954,"1","M"
"X2344",35,74,0,27.9724583923937,"1","M"
"X2344",35,74,1,67.0597455391615,"1","M"
"X2344",35,74,2,64.9463579687783,"1","M"
"X2344",35,74,3,73.9154463526414,"1","M"
"X2344",35,74,4,70.9439672869394,"1","M"
"X2344",35,74,5,87.3900105023809,"1","M"
"X2344",35,74,6,50.7017412898641,"1","M"
"X2344",35,74,7,82.9085092223736,"1","M"
"X2344",35,80,0,28.2840433089095,"1","M"
"X2344",35,80,1,77.2824357151466,"1","M"
"X2344",35,80,2,69.5934080780133,"1","M"
"X2344",35,80,3,83.7042755776707,"1","M"
"X2344",35,80,4,79.6055891404009,"1","M"
"X2344",35,80,5,95.1748543298712,"1","M"
"X2344",35,80,6,57.5571740186909,"1","M"
"X2344",35,80,7,93.3527557140937,"1","M"
"X2344",35,92,0,28.7352404720369,"1","M"
"X2344",35,92,1,96.403161883622,"1","M"
"X2344",35,92,2,78.3539276880341,"1","M"
"X2344",35,92,3,101.960195618062,"1","M"
"X2344",35,92,4,97.7322451686921,"1","M"
"X2344",35,92,5,109.902948918098,"1","M"
"X2344",35,92,6,71.5336403104011,"1","M"
"X2344",35,92,7,115.01499462672,"1","M"
"X2344",35,98,0,28.9944369816303,"1","M"
"X2344",35,98,1,104.647223426786,"1","M"
"X2344",35,98,2,78.4437236603145,"1","M"
"X2344",35,98,3,110.402813020632,"1","M"
"X2344",35,98,4,107.197195765647,"1","M"
"X2344",35,98,5,118.417864604364,"1","M"
"X2344",35,98,6,78.592218183945,"1","M"
"X2344",35,98,7,125.781264586968,"1","M"
"X2344",35,104,0,29.2399026382885,"1","M"
"X2344",35,104,1,112.077039325994,"1","M"
"X2344",35,104,2,79.4060758577707,"1","M"
"X2344",35,104,3,118.23020224154,"1","M"
"X2344",35,104,4,116.149540884566,"1","M"
"X2344",35,104,5,124.120746054088,"1","M"
"X2344",35,104,6,85.3236458290452,"1","M"
"X2344",35,104,7,136.733623256323,"1","M"
"X2344",35,127,0,30.186453624565,"1","M"
"X2344",35,127,1,140.959576290692,"1","M"
"X2344",35,127,2,80.4353911851391,"1","M"
"X2344",35,127,3,144.645686545527,"1","M"
"X2344",35,127,4,147.019121872949,"1","M"
"X2344",35,127,5,120.45230475296,"1","M"
"X2344",35,127,6,110.564636665462,"1","M"
"X2344",35,127,7,180.443446691765,"1","M"
"X2344",35,151,0,31.1688173469184,"1","M"
"X2344",35,151,1,178.05738005882,"1","M"
"X2344",35,151,2,83.4904962159301,"1","M"
"X2344",35,151,3,175.066237776397,"1","M"
"X2344",35,151,4,172.902975804769,"1","M"
"X2344",35,151,5,128.966495254988,"1","M"
"X2344",35,151,6,127.833538853549,"1","M"
"X2344",35,151,7,226.384346637682,"1","M"
"X2344",35,164,0,31.7020871578004,"1","M"
"X2344",35,164,1,198.501890356652,"1","M"
"X2344",35,164,2,84.7486556366452,"1","M"
"X2344",35,164,3,195.318595238096,"1","M"
"X2344",35,164,4,187.085833666887,"1","M"
"X2344",35,164,5,130.626015303088,"1","M"
"X2344",35,164,6,126.104867632677,"1","M"
"X2344",35,164,7,248.905300903081,"1","M"
"X2344",37,0,0,0,"4","B"
"X2344",37,0,1,0,"4","B"
"X2344",37,0,2,0,"4","B"
"X2344",37,0,3,0,"4","B"
"X2344",37,0,4,0,"4","B"
"X2344",37,0,5,0,"4","B"
"X2344",37,0,6,0,"4","B"
"X2344",37,0,7,0,"4","B"
"X2344",37,5,0,0.6775,"4","B"
"X2344",37,5,1,0.54,"4","B"
"X2344",37,5,2,0.6525,"4","B"
"X2344",37,5,3,0.495,"4","B"
"X2344",37,5,4,0.5725,"4","B"
"X2344",37,5,5,0.62,"4","B"
"X2344",37,5,6,0.655,"4","B"
"X2344",37,5,7,0.6225,"4","B"
"X2344",37,11,0,1.87542439758287,"4","B"
"X2344",37,11,1,1.45484163369857,"4","B"
"X2344",37,11,2,1.76611214484363,"4","B"
"X2344",37,11,3,1.38765890577946,"4","B"
"X2344",37,11,4,1.58962468530448,"4","B"
"X2344",37,11,5,1.77760910358807,"4","B"
"X2344",37,11,6,1.72464206528099,"4","B"
"X2344",37,11,7,1.68208742357395,"4","B"
"X2344",37,23,0,5.04776342409769,"4","B"
"X2344",37,23,1,4.84558173933374,"4","B"
"X2344",37,23,2,5.35072857292548,"4","B"
"X2344",37,23,3,4.73120745557402,"4","B"
"X2344",37,23,4,4.46995975674387,"4","B"
"X2344",37,23,5,6.82246446192551,"4","B"
"X2344",37,23,6,5.91922717038604,"4","B"
"X2344",37,23,7,4.96812703651209,"4","B"
"X2344",37,29,0,7.42753383599198,"4","B"
"X2344",37,29,1,7.80520672099326,"4","B"
"X2344",37,29,2,8.31465770838472,"4","B"
"X2344",37,29,3,6.86478524537701,"4","B"
"X2344",37,29,4,6.51561040783005,"4","B"
"X2344",37,29,5,10.6738105568886,"4","B"
"X2344",37,29,6,9.3054087731052,"4","B"
"X2344",37,29,7,7.40015460424373,"4","B"
"X2344",37,35,0,10.1736418196086,"4","B"
"X2344",37,35,1,11.5501111893402,"4","B"
"X2344",37,35,2,11.6173051449532,"4","B"
"X2344",37,35,3,9.41312771793257,"4","B"
"X2344",37,35,4,8.68748140144582,"4","B"
"X2344",37,35,5,15.5472581718131,"4","B"
"X2344",37,35,6,13.5304855497257,"4","B"
"X2344",37,35,7,10.3367066028916,"4","B"
"X2344",37,47,0,17.0689242538845,"4","B"
"X2344",37,47,1,20.7141349236999,"4","B"
"X2344",37,47,2,20.5383469569513,"4","B"
"X2344",37,47,3,16.0221655468204,"4","B"
"X2344",37,47,4,13.7257709938823,"4","B"
"X2344",37,47,5,26.9696365421295,"4","B"
"X2344",37,47,6,23.2203588123218,"4","B"
"X2344",37,47,7,17.3986505751153,"4","B"
"X2344",37,53,0,21.2797327271776,"4","B"
"X2344",37,53,1,25.9153682347697,"4","B"
"X2344",37,53,2,25.9215249583037,"4","B"
"X2344",37,53,3,20.2185184294257,"4","B"
"X2344",37,53,4,16.5008499779856,"4","B"
"X2344",37,53,5,33.0280927949633,"4","B"
"X2344",37,53,6,28.669920558311,"4","B"
"X2344",37,53,7,21.6664436211048,"4","B"
"X2344",37,59,0,25.8513093611834,"4","B"
"X2344",37,59,1,31.2053844296797,"4","B"
"X2344",37,59,2,31.4280553888276,"4","B"
"X2344",37,59,3,24.3648128496019,"4","B"
"X2344",37,59,4,19.2811382185731,"4","B"
"X2344",37,59,5,39.3000963055185,"4","B"
"X2344",37,59,6,34.3429275384771,"4","B"
"X2344",37,59,7,25.824416133977,"4","B"
"X2344",37,71,0,35.3486678188194,"4","B"
"X2344",37,71,1,42.6224682808185,"4","B"
"X2344",37,71,2,42.753441005323,"4","B"
"X2344",37,71,3,32.6837819778993,"4","B"
"X2344",37,71,4,25.0077781816228,"4","B"
"X2344",37,71,5,52.2081890614535,"4","B"
"X2344",37,71,6,45.9671850741793,"4","B"
"X2344",37,71,7,34.0697448813678,"4","B"
"X2344",37,77,0,39.9166894436024,"4","B"
"X2344",37,77,1,48.2810971990051,"4","B"
"X2344",37,77,2,48.1954338576089,"4","B"
"X2344",37,77,3,36.7618456184451,"4","B"
"X2344",37,77,4,27.8394193216306,"4","B"
"X2344",37,77,5,58.6233972694405,"4","B"
"X2344",37,77,6,51.7653709888871,"4","B"
"X2344",37,77,7,38.0876221778633,"4","B"
"X2344",37,83,0,44.496826511563,"4","B"
"X2344",37,83,1,53.997005838875,"4","B"
"X2344",37,83,2,53.5262225474035,"4","B"
"X2344",37,83,3,40.7289351925534,"4","B"
"X2344",37,83,4,30.6516048116939,"4","B"
"X2344",37,83,5,64.9223438051484,"4","B"
"X2344",37,83,6,57.37428483582,"4","B"
"X2344",37,83,7,42.1864063912333,"4","B"
"X2344",37,95,0,53.8793540389578,"4","B"
"X2344",37,95,1,64.9281234418224,"4","B"
"X2344",37,95,2,64.2773502305691,"4","B"
"X2344",37,95,3,48.653055975893,"4","B"
"X2344",37,95,4,35.8370556844111,"4","B"
"X2344",37,95,5,77.0410177552574,"4","B"
"X2344",37,95,6,67.6838154155559,"4","B"
"X2344",37,95,7,50.3551822577677,"4","B"
"X2344",37,101,0,58.5120484565821,"4","B"
"X2344",37,101,1,70.0522275836904,"4","B"
"X2344",37,101,2,69.7702966182399,"4","B"
"X2344",37,101,3,52.5697011772407,"4","B"
"X2344",37,101,4,38.2506124091554,"4","B"
"X2344",37,101,5,82.6050469140347,"4","B"
"X2344",37,101,6,72.5503161619224,"4","B"
"X2344",37,101,7,54.3135617013126,"4","B"
"X2344",37,107,0,63.0608351400727,"4","B"
"X2344",37,107,1,74.9829435611741,"4","B"
"X2344",37,107,2,75.0636679979431,"4","B"
"X2344",37,107,3,56.3100506083426,"4","B"
"X2344",37,107,4,40.5754596083211,"4","B"
"X2344",37,107,5,87.6469037332446,"4","B"
"X2344",37,107,6,77.0813287362047,"4","B"
"X2344",37,107,7,58.1328334762225,"4","B"
"X2344",39,0,0,0,"4","M"
"X2344",39,0,1,0,"4","M"
"X2344",39,0,2,0,"4","M"
"X2344",39,0,3,0,"4","M"
"X2344",39,0,4,0,"4","M"
"X2344",39,0,5,0,"4","M"
"X2344",39,0,6,0,"4","M"
"X2344",39,0,7,0,"4","M"
"X2344",39,5,0,0.645,"4","M"
"X2344",39,5,1,0.4175,"4","M"
"X2344",39,5,2,0.6425,"4","M"
"X2344",39,5,3,0.565,"4","M"
"X2344",39,5,4,0.65,"4","M"
"X2344",39,5,5,0.4975,"4","M"
"X2344",39,5,6,0.625,"4","M"
"X2344",39,5,7,0.5,"4","M"
"X2344",39,11,0,1.72902544057372,"4","M"
"X2344",39,11,1,1.09705446188103,"4","M"
"X2344",39,11,2,1.66422518881731,"4","M"
"X2344",39,11,3,1.49993747752175,"4","M"
"X2344",39,11,4,1.76674131001175,"4","M"
"X2344",39,11,5,1.42282981254175,"4","M"
"X2344",39,11,6,1.58322536864332,"4","M"
"X2344",39,11,7,1.24750430003762,"4","M"
"X2344",39,23,0,5.52657373363133,"4","M"
"X2344",39,23,1,3.2870289234226,"4","M"
"X2344",39,23,2,4.96734837139675,"4","M"
"X2344",39,23,3,4.18873514674496,"4","M"
"X2344",39,23,4,4.53136784665063,"4","M"
"X2344",39,23,5,5.15081032495955,"4","M"
"X2344",39,23,6,5.09351585351597,"4","M"
"X2344",39,23,7,3.44727498288074,"4","M"
"X2344",39,29,0,8.04136901449695,"4","M"
"X2344",39,29,1,4.62611774265479,"4","M"
"X2344",39,29,2,7.27813155496204,"4","M"
"X2344",39,29,3,5.93935997768957,"4","M"
"X2344",39,29,4,6.26566426372596,"4","M"
"X2344",39,29,5,7.6399728070659,"4","M"
"X2344",39,29,6,7.76905018336266,"4","M"
"X2344",39,29,7,4.88304009498759,"4","M"
"X2344",39,35,0,10.6927276586892,"4","M"
"X2344",39,35,1,6.26162943183868,"4","M"
"X2344",39,35,2,9.92037647506545,"4","M"
"X2344",39,35,3,7.86518285716415,"4","M"
"X2344",39,35,4,8.26835745246014,"4","M"
"X2344",39,35,5,10.3574677152352,"4","M"
"X2344",39,35,6,11.0014485626268,"4","M"
"X2344",39,35,7,6.56812542943101,"4","M"
"X2344",39,47,0,16.3831702390941,"4","M"
"X2344",39,47,1,9.87952030718898,"4","M"
"X2344",39,47,2,16.0859096374063,"4","M"
"X2344",39,47,3,12.0799492463966,"4","M"
"X2344",39,47,4,12.7772665584814,"4","M"
"X2344",39,47,5,16.338071602829,"4","M"
"X2344",39,47,6,18.5275367336679,"4","M"
"X2344",39,47,7,10.5236417834632,"4","M"
"X2344",39,53,0,19.3704827326226,"4","M"
"X2344",39,53,1,11.8104123867153,"4","M"
"X2344",39,53,2,19.5117040562153,"4","M"
"X2344",39,53,3,14.2257803305506,"4","M"
"X2344",39,53,4,15.1078862801557,"4","M"
"X2344",39,53,5,19.576032830291,"4","M"
"X2344",39,53,6,22.578092323963,"4","M"
"X2344",39,53,7,12.7256969454049,"4","M"
"X2344",39,59,0,22.4270332869684,"4","M"
"X2344",39,59,1,13.8242559038142,"4","M"
"X2344",39,59,2,22.8692560970834,"4","M"
"X2344",39,59,3,16.465833801777,"4","M"
"X2344",39,59,4,17.4671575580317,"4","M"
"X2344",39,59,5,22.7705076007386,"4","M"
"X2344",39,59,6,26.7116987769149,"4","M"
"X2344",39,59,7,15.0430606072018,"4","M"
"X2344",39,71,0,29.0994547951838,"4","M"
"X2344",39,71,1,18.023109694774,"4","M"
"X2344",39,71,2,29.5699443145696,"4","M"
"X2344",39,71,3,21.2235107615555,"4","M"
"X2344",39,71,4,22.5113585104378,"4","M"
"X2344",39,71,5,29.2258800476185,"4","M"
"X2344",39,71,6,35.0934960713591,"4","M"
"X2344",39,71,7,20.1448651731663,"4","M"
"X2344",39,77,0,32.5148195670759,"4","M"
"X2344",39,77,1,20.0343308214258,"4","M"
"X2344",39,77,2,32.9498686817706,"4","M"
"X2344",39,77,3,23.4551678885837,"4","M"
"X2344",39,77,4,24.7531445430829,"4","M"
"X2344",39,77,5,32.538480134805,"4","M"
"X2344",39,77,6,39.0135002442264,"4","M"
"X2344",39,77,7,22.5726644448319,"4","M"
"X2344",39,83,0,35.9197387980493,"4","M"
"X2344",39,83,1,22.066658342178,"4","M"
"X2344",39,83,2,36.2704914548709,"4","M"
"X2344",39,83,3,25.7591837892703,"4","M"
"X2344",39,83,4,26.8794313682654,"4","M"
"X2344",39,83,5,35.8998313187308,"4","M"
"X2344",39,83,6,42.9248221354845,"4","M"
"X2344",39,83,7,25.044409750106,"4","M"
"X2344",39,95,0,42.5475065251482,"4","M"
"X2344",39,95,1,25.9086143058449,"4","M"
"X2344",39,95,2,42.5349401797173,"4","M"
"X2344",39,95,3,30.204759572643,"4","M"
"X2344",39,95,4,30.7275586620295,"4","M"
"X2344",39,95,5,42.6428560839238,"4","M"
"X2344",39,95,6,50.6232344493813,"4","M"
"X2344",39,95,7,30.0309657646586,"4","M"
"X2344",39,101,0,45.7342721896624,"4","M"
"X2344",39,101,1,27.5610464232503,"4","M"
"X2344",39,101,2,45.3351686218953,"4","M"
"X2344",39,101,3,32.3282916949837,"4","M"
"X2344",39,101,4,32.4466153841298,"4","M"
"X2344",39,101,5,46.0446248387161,"4","M"
"X2344",39,101,6,54.4605205718208,"4","M"
"X2344",39,101,7,32.462088138034,"4","M"
"X2344",39,107,0,48.8273074040687,"4","M"
"X2344",39,107,1,29.2413139276253,"4","M"
"X2344",39,107,2,48.0390724602235,"4","M"
"X2344",39,107,3,34.4078816830921,"4","M"
"X2344",39,107,4,34.1192316862989,"4","M"
"X2344",39,107,5,49.7656791631588,"4","M"
"X2344",39,107,6,58.1808461622468,"4","M"
"X2344",39,107,7,34.8920029355649,"4","M"
"X2931",16,0,0,0,"1","B"
"X2931",16,0,1,0,"1","B"
"X2931",16,0,2,0,"1","B"
"X2931",16,0,3,0,"1","B"
"X2931",16,0,4,0,"1","B"
"X2931",16,0,5,0,"1","B"
"X2931",16,0,6,0,"1","B"
"X2931",16,0,7,0,"1","B"
"X2931",16,2,0,0.377,"1","B"
"X2931",16,2,1,0.326,"1","B"
"X2931",16,2,2,0.207,"1","B"
"X2931",16,2,3,0.277,"1","B"
"X2931",16,2,4,0.236,"1","B"
"X2931",16,2,5,0.17,"1","B"
"X2931",16,2,6,0.269,"1","B"
"X2931",16,2,7,0.167,"1","B"
"X2931",16,8,0,1.52258337366673,"1","B"
"X2931",16,8,1,1.36633331866664,"1","B"
"X2931",16,8,2,0.758833428666808,"1","B"
"X2931",16,8,3,1.13208335166669,"1","B"
"X2931",16,8,4,0.958333318666645,"1","B"
"X2931",16,8,5,0.661000044000065,"1","B"
"X2931",16,8,6,1.11683334066668,"1","B"
"X2931",16,8,7,0.670500022000033,"1","B"
"X2931",16,20,0,4.0431291563836,"1","B"
"X2931",16,20,1,3.58899988623811,"1","B"
"X2931",16,20,2,1.92022225031984,"1","B"
"X2931",16,20,3,3.0788703500846,"1","B"
"X2931",16,20,4,2.4745559687822,"1","B"
"X2931",16,20,5,1.71585186495325,"1","B"
"X2931",16,20,6,3.02911103624492,"1","B"
"X2931",16,20,7,1.75822189222595,"1","B"
"X2931",16,26,0,5.44660370246065,"1","B"
"X2931",16,26,1,4.73519016987029,"1","B"
"X2931",16,26,2,2.57057267265104,"1","B"
"X2931",16,26,3,4.17878385118592,"1","B"
"X2931",16,26,4,3.30099151520156,"1","B"
"X2931",16,26,5,2.29704598511779,"1","B"
"X2931",16,26,6,4.09050771405883,"1","B"
"X2931",16,26,7,2.35377335037653,"1","B"
"X2931",16,32,0,6.93552834481651,"1","B"
"X2931",16,32,1,5.92743082940774,"1","B"
"X2931",16,32,2,3.44930837613082,"1","B"
"X2931",16,32,3,5.21047608206927,"1","B"
"X2931",16,32,4,4.14554717180761,"1","B"
"X2931",16,32,5,3.01548555690945,"1","B"
"X2931",16,32,6,5.32738456796682,"1","B"
"X2931",16,32,7,3.04244744784135,"1","B"
"X2931",16,44,0,9.821534642158,"1","B"
"X2931",16,44,1,8.27184841768276,"1","B"
"X2931",16,44,2,5.98051041990385,"1","B"
"X2931",16,44,3,7.34519714250027,"1","B"
"X2931",16,44,4,5.9778848145999,"1","B"
"X2931",16,44,5,4.90336737309747,"1","B"
"X2931",16,44,6,8.40374046711575,"1","B"
"X2931",16,44,7,4.59697087090599,"1","B"
"X2931",16,50,0,11.2706303537238,"1","B"
"X2931",16,50,1,9.72521208991112,"1","B"
"X2931",16,50,2,7.17432990256612,"1","B"
"X2931",16,50,3,8.46420242579288,"1","B"
"X2931",16,50,4,7.06383600459608,"1","B"
"X2931",16,50,5,5.91231172949528,"1","B"
"X2931",16,50,6,9.81495347692256,"1","B"
"X2931",16,50,7,5.46922775118755,"1","B"
"X2931",16,56,0,13.1200522799595,"1","B"
"X2931",16,56,1,11.4375970958595,"1","B"
"X2931",16,56,2,8.44819552095271,"1","B"
"X2931",16,56,3,9.84180369736833,"1","B"
"X2931",16,56,4,8.27999410708536,"1","B"
"X2931",16,56,5,6.9329651946065,"1","B"
"X2931",16,56,6,11.4445091369588,"1","B"
"X2931",16,56,7,6.38241287693116,"1","B"
"X2931",16,68,0,17.5881205513139,"1","B"
"X2931",16,68,1,15.1175466312592,"1","B"
"X2931",16,68,2,11.3665108206868,"1","B"
"X2931",16,68,3,12.9502401922907,"1","B"
"X2931",16,68,4,11.0555223419104,"1","B"
"X2931",16,68,5,9.37043259241402,"1","B"
"X2931",16,68,6,15.4765164522629,"1","B"
"X2931",16,68,7,8.16200364956113,"1","B"
"X2931",16,74,0,20.4670742115866,"1","B"
"X2931",16,74,1,17.4826649968552,"1","B"
"X2931",16,74,2,12.8051578228235,"1","B"
"X2931",16,74,3,14.7661900678743,"1","B"
"X2931",16,74,4,12.7047119100151,"1","B"
"X2931",16,74,5,10.8560146131436,"1","B"
"X2931",16,74,6,17.6438237996938,"1","B"
"X2931",16,74,7,9.18271066041803,"1","B"
"X2931",16,80,0,23.746265479403,"1","B"
"X2931",16,80,1,19.8374714439951,"1","B"
"X2931",16,80,2,14.6301681767,"1","B"
"X2931",16,80,3,16.8670930699293,"1","B"
"X2931",16,80,4,14.5304823637101,"1","B"
"X2931",16,80,5,12.4259043182007,"1","B"
"X2931",16,80,6,20.0436746229411,"1","B"
"X2931",16,80,7,10.3759848262284,"1","B"
"X2931",16,92,0,31.2815674694053,"1","B"
"X2931",16,92,1,24.1758982064121,"1","B"
"X2931",16,92,2,18.9365720278059,"1","B"
"X2931",16,92,3,21.4887570772201,"1","B"
"X2931",16,92,4,18.8965184577785,"1","B"
"X2931",16,92,5,15.9973819649137,"1","B"
"X2931",16,92,6,24.939548143827,"1","B"
"X2931",16,92,7,13.5935969780386,"1","B"
"X2931",16,98,0,35.2127819584115,"1","B"
"X2931",16,98,1,25.9514021591328,"1","B"
"X2931",16,98,2,21.5922791238956,"1","B"
"X2931",16,98,3,24.0761513832476,"1","B"
"X2931",16,98,4,21.6196969156663,"1","B"
"X2931",16,98,5,18.1043687808681,"1","B"
"X2931",16,98,6,27.6913772300876,"1","B"
"X2931",16,98,7,15.5201152987857,"1","B"
"X2931",16,104,0,39.5160601890202,"1","B"
"X2931",16,104,1,28.1374577016773,"1","B"
"X2931",16,104,2,24.6621908630145,"1","B"
"X2931",16,104,3,27.0589473054245,"1","B"
"X2931",16,104,4,24.3964314408825,"1","B"
"X2931",16,104,5,20.4319871917527,"1","B"
"X2931",16,104,6,30.767827000956,"1","B"
"X2931",16,104,7,17.728115436842,"1","B"
"X2931",16,127,0,58.1864359086524,"1","B"
"X2931",16,127,1,38.5074748392401,"1","B"
"X2931",16,127,2,39.2686343033363,"1","B"
"X2931",16,127,3,40.806907504168,"1","B"
"X2931",16,127,4,36.9702147111647,"1","B"
"X2931",16,127,5,31.6821134652539,"1","B"
"X2931",16,127,6,46.1702917731295,"1","B"
"X2931",16,127,7,28.2791439494999,"1","B"
"X2931",16,151,0,83.7479216989752,"1","B"
"X2931",16,151,1,54.4544463444443,"1","B"
"X2931",16,151,2,59.8960292528517,"1","B"
"X2931",16,151,3,60.5974481173309,"1","B"
"X2931",16,151,4,53.8191770024044,"1","B"
"X2931",16,151,5,47.4563440464425,"1","B"
"X2931",16,151,6,70.6749116028898,"1","B"
"X2931",16,151,7,43.815039366018,"1","B"
"X2931",16,164,0,100.177732885749,"1","B"
"X2931",16,164,1,66.3224244317563,"1","B"
"X2931",16,164,2,73.950949706783,"1","B"
"X2931",16,164,3,74.4974904920601,"1","B"
"X2931",16,164,4,64.5950823531545,"1","B"
"X2931",16,164,5,58.2840197556302,"1","B"
"X2931",16,164,6,86.1168484084636,"1","B"
"X2931",16,164,7,54.6435655063497,"1","B"
"X2931",20,0,0,0,"2","T"
"X2931",20,0,1,0,"2","T"
"X2931",20,0,2,0,"2","T"
"X2931",20,0,3,0,"2","T"
"X2931",20,0,4,0,"2","T"
"X2931",20,0,5,0,"2","T"
"X2931",20,0,6,0,"2","T"
"X2931",20,0,7,0,"2","T"
"X2931",20,4,0,0.456,"2","T"
"X2931",20,4,1,0.324,"2","T"
"X2931",20,4,2,0.54,"2","T"
"X2931",20,4,3,0.364,"2","T"
"X2931",20,4,4,0.772,"2","T"
"X2931",20,4,5,0.474,"2","T"
"X2931",20,4,6,0.592,"2","T"
"X2931",20,4,7,0.62,"2","T"
"X2931",20,10,0,1.23241667091446,"2","T"
"X2931",20,10,1,0.841916696401185,"2","T"
"X2931",20,10,2,1.42649992353981,"2","T"
"X2931",20,10,3,0.97099994902654,"2","T"
"X2931",20,10,4,1.95616660719763,"2","T"
"X2931",20,10,5,1.23629166454277,"2","T"
"X2931",20,10,6,1.50808330359882,"2","T"
"X2931",20,10,7,1.76541651799408,"2","T"
"X2931",20,22,0,3.20696813556326,"2","T"
"X2931",20,22,1,2.09501024171713,"2","T"
"X2931",20,22,2,3.38620389581635,"2","T"
"X2931",20,22,3,2.29517715196481,"2","T"
"X2931",20,22,4,4.3356539808708,"2","T"
"X2931",20,22,5,3.02755737509564,"2","T"
"X2931",20,22,6,3.52393494402657,"2","T"
"X2931",20,22,7,4.58763261288548,"2","T"
"X2931",20,28,0,4.47407326982163,"2","T"
"X2931",20,28,1,2.83147924209162,"2","T"
"X2931",20,28,2,4.56908273059792,"2","T"
"X2931",20,28,3,3.05279786972471,"2","T"
"X2931",20,28,4,5.62059636419067,"2","T"
"X2931",20,28,5,4.12567855461252,"2","T"
"X2931",20,28,6,4.7690487551139,"2","T"
"X2931",20,28,7,6.38055104076713,"2","T"
"X2931",20,34,0,5.97961130588835,"2","T"
"X2931",20,34,1,3.64722074198657,"2","T"
"X2931",20,34,2,6.00196031970286,"2","T"
"X2931",20,34,3,3.94262007243196,"2","T"
"X2931",20,34,4,7.07727912133202,"2","T"
"X2931",20,34,5,5.48104446253637,"2","T"
"X2931",20,34,6,6.36378454990516,"2","T"
"X2931",20,34,7,8.2632128573911,"2","T"
"X2931",20,46,0,9.47456485443662,"2","T"
"X2931",20,46,1,5.5504255576208,"2","T"
"X2931",20,46,2,9.89839210621019,"2","T"
"X2931",20,46,3,6.40210925143971,"2","T"
"X2931",20,46,4,10.4662763023692,"2","T"
"X2931",20,46,5,9.0022576320148,"2","T"
"X2931",20,46,6,10.2650797760256,"2","T"
"X2931",20,46,7,12.5265545077435,"2","T"
"X2931",20,52,0,11.4996136009375,"2","T"
"X2931",20,52,1,6.62035565083031,"2","T"
"X2931",20,52,2,12.3895413029888,"2","T"
"X2931",20,52,3,8.10498476512275,"2","T"
"X2931",20,52,4,12.5229589358567,"2","T"
"X2931",20,52,5,11.098541076756,"2","T"
"X2931",20,52,6,12.4183340048112,"2","T"
"X2931",20,52,7,15.0687302271247,"2","T"
"X2931",20,58,0,13.7280243854093,"2","T"
"X2931",20,58,1,8.06745862808013,"2","T"
"X2931",20,58,2,15.3596212638172,"2","T"
"X2931",20,58,3,10.4313244842957,"2","T"
"X2931",20,58,4,15.1107706802061,"2","T"
"X2931",20,58,5,13.8267436915699,"2","T"
"X2931",20,58,6,15.1868124772084,"2","T"
"X2931",20,58,7,18.6238541379349,"2","T"
"X2931",20,70,0,20.0161398785178,"2","T"
"X2931",20,70,1,12.0931524981912,"2","T"
"X2931",20,70,2,23.1236167405315,"2","T"
"X2931",20,70,3,17.0681759723732,"2","T"
"X2931",20,70,4,21.1706694957108,"2","T"
"X2931",20,70,5,21.4260487015091,"2","T"
"X2931",20,70,6,23.0983841796421,"2","T"
"X2931",20,70,7,28.4583839497806,"2","T"
"X2931",20,76,0,23.7472855129176,"2","T"
"X2931",20,76,1,14.62340648154,"2","T"
"X2931",20,76,2,28.2551217845852,"2","T"
"X2931",20,76,3,21.3497281083381,"2","T"
"X2931",20,76,4,24.8022579339227,"2","T"
"X2931",20,76,5,26.2298668120863,"2","T"
"X2931",20,76,6,27.7401827404703,"2","T"
"X2931",20,76,7,34.3432713514081,"2","T"
"X2931",20,82,0,28.3122134361739,"2","T"
"X2931",20,82,1,17.4242998557446,"2","T"
"X2931",20,82,2,35.0453276012743,"2","T"
"X2931",20,82,3,26.4270333441665,"2","T"
"X2931",20,82,4,29.1213210352366,"2","T"
"X2931",20,82,5,32.0182478132148,"2","T"
"X2931",20,82,6,32.4983729564271,"2","T"
"X2931",20,82,7,41.6134445895439,"2","T"
"X2931",20,94,0,40.3493124554519,"2","T"
"X2931",20,94,1,24.2936165993774,"2","T"
"X2931",20,94,2,50.2057646307548,"2","T"
"X2931",20,94,3,39.4409829096348,"2","T"
"X2931",20,94,4,39.3757402898136,"2","T"
"X2931",20,94,5,45.905230524802,"2","T"
"X2931",20,94,6,45.2852553569216,"2","T"
"X2931",20,94,7,58.9560183524046,"2","T"
"X2931",20,100,0,48.5552989093525,"2","T"
"X2931",20,100,1,28.837091211111,"2","T"
"X2931",20,100,2,59.3069728031669,"2","T"
"X2931",20,100,3,47.4072336120319,"2","T"
"X2931",20,100,4,45.7395631089973,"2","T"
"X2931",20,100,5,54.4491397472418,"2","T"
"X2931",20,100,6,52.919756528499,"2","T"
"X2931",20,100,7,68.6744262284083,"2","T"
"X2931",20,106,0,57.4395811197286,"2","T"
"X2931",20,106,1,34.7212318354831,"2","T"
"X2931",20,106,2,68.5421069596689,"2","T"
"X2931",20,106,3,55.9463497356501,"2","T"
"X2931",20,106,4,52.8177979841693,"2","T"
"X2931",20,106,5,63.4544227069029,"2","T"
"X2931",20,106,6,61.179808686654,"2","T"
"X2931",20,106,7,78.605167532182,"2","T"
"X2931",25,0,0,0,"2","T"
"X2931",25,0,1,0,"2","T"
"X2931",25,0,2,0,"2","T"
"X2931",25,0,3,0,"2","T"
"X2931",25,0,4,0,"2","T"
"X2931",25,0,5,0,"2","T"
"X2931",25,0,6,0,"2","T"
"X2931",25,0,7,0,"2","T"
"X2931",25,5,0,0.915,"2","T"
"X2931",25,5,1,0.7375,"2","T"
"X2931",25,5,2,0.7425,"2","T"
"X2931",25,5,3,0.77,"2","T"
"X2931",25,5,4,1.0125,"2","T"
"X2931",25,5,5,0.665,"2","T"
"X2931",25,5,6,0.7525,"2","T"
"X2931",25,5,7,0.84,"2","T"
"X2931",25,11,0,2.09198387880556,"2","T"
"X2931",25,11,1,1.7227961315448,"2","T"
"X2931",25,11,2,1.63435023377381,"2","T"
"X2931",25,11,3,1.83590415617682,"2","T"
"X2931",25,11,4,2.35994589777099,"2","T"
"X2931",25,11,5,1.44026693041148,"2","T"
"X2931",25,11,6,1.75100465968964,"2","T"
"X2931",25,11,7,1.82802544057372,"2","T"
"X2931",25,23,0,6.9241866711344,"2","T"
"X2931",25,23,1,4.58031972563913,"2","T"
"X2931",25,23,2,4.15752611259703,"2","T"
"X2931",25,23,3,5.26379276311291,"2","T"
"X2931",25,23,4,6.2517180494884,"2","T"
"X2931",25,23,5,3.69701490353619,"2","T"
"X2931",25,23,6,5.77055313930036,"2","T"
"X2931",25,23,7,4.79258522665248,"2","T"
"X2931",25,29,0,11.5336126431198,"2","T"
"X2931",25,29,1,6.43528160981199,"2","T"
"X2931",25,29,2,5.97259551515233,"2","T"
"X2931",25,29,3,8.14215556011729,"2","T"
"X2931",25,29,4,9.20585292100693,"2","T"
"X2931",25,29,5,5.412793094507,"2","T"
"X2931",25,29,6,9.20599545008612,"2","T"
"X2931",25,29,7,6.97219927054381,"2","T"
"X2931",25,35,0,17.2460945738189,"2","T"
"X2931",25,35,1,8.5162344168286,"2","T"
"X2931",25,35,2,8.26115132267646,"2","T"
"X2931",25,35,3,11.5764764513052,"2","T"
"X2931",25,35,4,13.0040202597237,"2","T"
"X2931",25,35,5,7.85890073635948,"2","T"
"X2931",25,35,6,12.9545128295915,"2","T"
"X2931",25,35,7,10.0812143835138,"2","T"
"X2931",25,47,0,28.0690547730108,"2","T"
"X2931",25,47,1,13.8692339411395,"2","T"
"X2931",25,47,2,15.269528761433,"2","T"
"X2931",25,47,3,21.1009312159901,"2","T"
"X2931",25,47,4,24.3923625310138,"2","T"
"X2931",25,47,5,16.8664665761782,"2","T"
"X2931",25,47,6,23.8955022846691,"2","T"
"X2931",25,47,7,19.5642377591181,"2","T"
"X2931",25,53,0,36.2984794786126,"2","T"
"X2931",25,53,1,18.0259423439576,"2","T"
"X2931",25,53,2,20.4043916876959,"2","T"
"X2931",25,53,3,27.873303792934,"2","T"
"X2931",25,53,4,32.1690168595339,"2","T"
"X2931",25,53,5,24.8574414570232,"2","T"
"X2931",25,53,6,33.0863718304425,"2","T"
"X2931",25,53,7,26.5133232097565,"2","T"
"X2931",25,59,0,46.4409245947203,"2","T"
"X2931",25,59,1,24.8195641663938,"2","T"
"X2931",25,59,2,26.7780431038035,"2","T"
"X2931",25,59,3,34.9935081719711,"2","T"
"X2931",25,59,4,40.4311290203141,"2","T"
"X2931",25,59,5,34.3314039697685,"2","T"
"X2931",25,59,6,42.4021261264806,"2","T"
"X2931",25,59,7,35.3617536080677,"2","T"
"X2931",25,71,0,67.8574572714341,"2","T"
"X2931",25,71,1,40.7773692695771,"2","T"
"X2931",25,71,2,42.7777327947336,"2","T"
"X2931",25,71,3,51.1018312943103,"2","T"
"X2931",25,71,4,59.156136487994,"2","T"
"X2931",25,71,5,53.8317337840636,"2","T"
"X2931",25,71,6,62.8613147995688,"2","T"
"X2931",25,71,7,55.3081355356001,"2","T"
"X2931",25,77,0,78.8089323841876,"2","T"
"X2931",25,77,1,49.5751694095253,"2","T"
"X2931",25,77,2,51.5748308441475,"2","T"
"X2931",25,77,3,60.2285376288819,"2","T"
"X2931",25,77,4,69.3864771550308,"2","T"
"X2931",25,77,5,63.8176546591502,"2","T"
"X2931",25,77,6,74.1648762787674,"2","T"
"X2931",25,77,7,66.4007119908815,"2","T"
"X2931",25,83,0,89.8395157060444,"2","T"
"X2931",25,83,1,58.7477597898886,"2","T"
"X2931",25,83,2,60.8617901499758,"2","T"
"X2931",25,83,3,69.4968268972955,"2","T"
"X2931",25,83,4,79.4995206918259,"2","T"
"X2931",25,83,5,73.9824469575773,"2","T"
"X2931",25,83,6,85.8680474631987,"2","T"
"X2931",25,83,7,77.6929002681307,"2","T"
"X2931",25,95,0,111.582322118168,"2","T"
"X2931",25,95,1,77.7880822081584,"2","T"
"X2931",25,95,2,79.7148821528695,"2","T"
"X2931",25,95,3,88.4988074616974,"2","T"
"X2931",25,95,4,99.9049215203905,"2","T"
"X2931",25,95,5,94.2806001654532,"2","T"
"X2931",25,95,6,109.213244035768,"2","T"
"X2931",25,95,7,100.993452509798,"2","T"
"X2931",25,101,0,122.320234148655,"2","T"
"X2931",25,101,1,87.1178613425524,"2","T"
"X2931",25,101,2,89.2988057756754,"2","T"
"X2931",25,101,3,97.9529892916642,"2","T"
"X2931",25,101,4,110.350014534242,"2","T"
"X2931",25,101,5,104.481059814188,"2","T"
"X2931",25,101,6,120.4065612827,"2","T"
"X2931",25,101,7,112.784994717444,"2","T"
"X2931",25,107,0,132.790220733746,"2","T"
"X2931",25,107,1,96.4699826820243,"2","T"
"X2931",25,107,2,98.9042477726887,"2","T"
"X2931",25,107,3,107.267131510828,"2","T"
"X2931",25,107,4,120.648217513055,"2","T"
"X2931",25,107,5,114.678296499794,"2","T"
"X2931",25,107,6,131.519745436092,"2","T"
"X2931",25,107,7,124.805308725504,"2","T"
"X2931",25.1,0,0,0,"3","B"
"X2931",25.1,0,1,0,"3","B"
"X2931",25.1,0,2,0,"3","B"
"X2931",25.1,0,3,0,"3","B"
"X2931",25.1,0,4,0,"3","B"
"X2931",25.1,0,5,0,"3","B"
"X2931",25.1,0,6,0,"3","B"
"X2931",25.1,0,7,0,"3","B"
"X2931",25.1,4,0,0.436,"3","B"
"X2931",25.1,4,1,0.682,"3","B"
"X2931",25.1,4,2,0.788,"3","B"
"X2931",25.1,4,3,0.538,"3","B"
"X2931",25.1,4,4,0.556,"3","B"
"X2931",25.1,4,5,0.956,"3","B"
"X2931",25.1,4,6,0.39,"3","B"
"X2931",25.1,4,7,0.482,"3","B"
"X2931",25.1,10,0,1.18083354572275,"3","B"
"X2931",25.1,10,1,1.7624585266077,"3","B"
"X2931",25.1,10,2,1.59891667411233,"3","B"
"X2931",25.1,10,3,1.45329181746315,"3","B"
"X2931",25.1,10,4,1.44025011469028,"3","B"
"X2931",25.1,10,5,1.75791667740121,"3","B"
"X2931",25.1,10,6,1.00162498088495,"3","B"
"X2931",25.1,10,7,1.21362513380533,"3","B"
"X2931",25.1,22,0,3.93444824903266,"3","B"
"X2931",25.1,22,1,5.14355553907385,"3","B"
"X2931",25.1,22,2,4.25169438276922,"3","B"
"X2931",25.1,22,3,4.6047926264269,"3","B"
"X2931",25.1,22,4,4.26490838853637,"3","B"
"X2931",25.1,22,5,4.39678353453118,"3","B"
"X2931",25.1,22,6,2.72806008616449,"3","B"
"X2931",25.1,22,7,3.36565871990131,"3","B"
"X2931",25.1,28,0,6.25004962979342,"3","B"
"X2931",25.1,28,1,7.75785062292489,"3","B"
"X2931",25.1,28,2,6.33678840440526,"3","B"
"X2931",25.1,28,3,7.12912626614533,"3","B"
"X2931",25.1,28,4,6.74093070807019,"3","B"
"X2931",25.1,28,5,6.39475274819148,"3","B"
"X2931",25.1,28,6,4.17837800821918,"3","B"
"X2931",25.1,28,7,4.96120613296224,"3","B"
"X2931",25.1,34,0,9.95423823300271,"3","B"
"X2931",25.1,34,1,11.612908322765,"3","B"
"X2931",25.1,34,2,10.1857540528657,"3","B"
"X2931",25.1,34,3,11.0329392070473,"3","B"
"X2931",25.1,34,4,10.8072911207288,"3","B"
"X2931",25.1,34,5,9.57449604686079,"3","B"
"X2931",25.1,34,6,6.46668880891052,"3","B"
"X2931",25.1,34,7,7.0561440273312,"3","B"
"X2931",25.1,46,0,21.2204065322705,"3","B"
"X2931",25.1,46,1,24.6954790425639,"3","B"
"X2931",25.1,46,2,24.2441045553558,"3","B"
"X2931",25.1,46,3,24.2835266445233,"3","B"
"X2931",25.1,46,4,22.1154610842065,"3","B"
"X2931",25.1,46,5,21.7586180265349,"3","B"
"X2931",25.1,46,6,14.0613987556567,"3","B"
"X2931",25.1,46,7,13.9617976360138,"3","B"
"X2931",25.1,52,0,28.6453290043003,"3","B"
"X2931",25.1,52,1,33.921081434225,"3","B"
"X2931",25.1,52,2,33.250883126101,"3","B"
"X2931",25.1,52,3,31.9918606845005,"3","B"
"X2931",25.1,52,4,29.7978611831773,"3","B"
"X2931",25.1,52,5,30.7565071391427,"3","B"
"X2931",25.1,52,6,19.2483057321193,"3","B"
"X2931",25.1,52,7,19.613661858502,"3","B"
"X2931",25.1,58,0,35.4904877791656,"3","B"
"X2931",25.1,58,1,43.2638398852957,"3","B"
"X2931",25.1,58,2,40.4658839541352,"3","B"
"X2931",25.1,58,3,39.7240368197983,"3","B"
"X2931",25.1,58,4,38.2138182770256,"3","B"
"X2931",25.1,58,5,37.9461831606299,"3","B"
"X2931",25.1,58,6,25.7160659114235,"3","B"
"X2931",25.1,58,7,26.6279939138185,"3","B"
"X2931",25.1,70,0,49.8483923533033,"3","B"
"X2931",25.1,70,1,61.7238335432583,"3","B"
"X2931",25.1,70,2,54.2885466520318,"3","B"
"X2931",25.1,70,3,55.7667783310447,"3","B"
"X2931",25.1,70,4,53.4918421719944,"3","B"
"X2931",25.1,70,5,53.5805889386893,"3","B"
"X2931",25.1,70,6,38.8050145435842,"3","B"
"X2931",25.1,70,7,42.9725476627273,"3","B"
"X2931",25.1,76,0,58.4444278827787,"3","B"
"X2931",25.1,76,1,70.6204552762863,"3","B"
"X2931",25.1,76,2,59.9340504884089,"3","B"
"X2931",25.1,76,3,64.1330123202466,"3","B"
"X2931",25.1,76,4,62.2525121880242,"3","B"
"X2931",25.1,76,5,62.7526114852764,"3","B"
"X2931",25.1,76,6,46.8095274378472,"3","B"
"X2931",25.1,76,7,51.3287307752419,"3","B"
"X2931",25.1,82,0,66.4271263641397,"3","B"
"X2931",25.1,82,1,79.551388175721,"3","B"
"X2931",25.1,82,2,65.7087324301097,"3","B"
"X2931",25.1,82,3,72.4715038357693,"3","B"
"X2931",25.1,82,4,70.6594005303404,"3","B"
"X2931",25.1,82,5,71.7500090916025,"3","B"
"X2931",25.1,82,6,54.5757990658353,"3","B"
"X2931",25.1,82,7,59.6827644486445,"3","B"
"X2931",25.1,94,0,82.2176473926443,"3","B"
"X2931",25.1,94,1,96.9157805408833,"3","B"
"X2931",25.1,94,2,79.3021140552054,"3","B"
"X2931",25.1,94,3,88.0519274620394,"3","B"
"X2931",25.1,94,4,86.6277500068056,"3","B"
"X2931",25.1,94,5,89.7033785314097,"3","B"
"X2931",25.1,94,6,69.5725343630452,"3","B"
"X2931",25.1,94,7,76.4469347981127,"3","B"
"X2931",25.1,100,0,89.8637452841516,"3","B"
"X2931",25.1,100,1,105.370441153948,"3","B"
"X2931",25.1,100,2,86.4356001409809,"3","B"
"X2931",25.1,100,3,95.7941774475101,"3","B"
"X2931",25.1,100,4,94.45307033016,"3","B"
"X2931",25.1,100,5,99.0887131215763,"3","B"
"X2931",25.1,100,6,76.8316097019857,"3","B"
"X2931",25.1,100,7,84.7036896931232,"3","B"
"X2931",25.1,106,0,97.3235602234084,"3","B"
"X2931",25.1,106,1,113.687929120378,"3","B"
"X2931",25.1,106,2,93.5068539806705,"3","B"
"X2931",25.1,106,3,103.40968725835,"3","B"
"X2931",25.1,106,4,102.181336488163,"3","B"
"X2931",25.1,106,5,108.404086316563,"3","B"
"X2931",25.1,106,6,84.0420564686407,"3","B"
"X2931",25.1,106,7,92.8765822713259,"3","B"
"X2931",25.2,0,0,0,"1","T"
"X2931",25.2,0,1,0,"1","T"
"X2931",25.2,0,2,0,"1","T"
"X2931",25.2,0,3,0,"1","T"
"X2931",25.2,0,4,0,"1","T"
"X2931",25.2,0,5,0,"1","T"
"X2931",25.2,0,6,0,"1","T"
"X2931",25.2,0,7,0,"1","T"
"X2931",25.2,2,0,0.147,"1","T"
"X2931",25.2,2,1,0.276,"1","T"
"X2931",25.2,2,2,0.249,"1","T"
"X2931",25.2,2,3,0.106,"1","T"
"X2931",25.2,2,4,0.197,"1","T"
"X2931",25.2,2,5,0.172,"1","T"
"X2931",25.2,2,6,0.213,"1","T"
"X2931",25.2,2,7,0.145,"1","T"
"X2931",25.2,8,0,0.631250011000016,"1","T"
"X2931",25.2,8,1,1.1354167143334,"1","T"
"X2931",25.2,8,2,0.989000044000065,"1","T"
"X2931",25.2,8,3,0.58583303266622,"1","T"
"X2931",25.2,8,4,0.811916648333306,"1","T"
"X2931",25.2,8,5,0.712166703333388,"1","T"
"X2931",25.2,8,6,0.900083351666694,"1","T"
"X2931",25.2,8,7,0.606333318666645,"1","T"
"X2931",25.2,20,0,2.09838969881954,"1","T"
"X2931",25.2,20,1,3.34750001400889,"1","T"
"X2931",25.2,20,2,3.19262963607205,"1","T"
"X2931",25.2,20,3,1.70274064551202,"1","T"
"X2931",25.2,20,4,2.45294443486202,"1","T"
"X2931",25.2,20,5,2.27418556620448,"1","T"
"X2931",25.2,20,6,2.71590773844733,"1","T"
"X2931",25.2,20,7,1.76129629007043,"1","T"
"X2931",25.2,26,0,3.30020402471404,"1","T"
"X2931",25.2,26,1,4.84758442628749,"1","T"
"X2931",25.2,26,2,5.1289176935846,"1","T"
"X2931",25.2,26,3,2.61270667589152,"1","T"
"X2931",25.2,26,4,3.77199587792761,"1","T"
"X2931",25.2,26,5,3.63846884712092,"1","T"
"X2931",25.2,26,6,4.01707545165405,"1","T"
"X2931",25.2,26,7,2.69442801699008,"1","T"
"X2931",25.2,32,0,5.25644737236384,"1","T"
"X2931",25.2,32,1,7.05235214794622,"1","T"
"X2931",25.2,32,2,8.10815536114652,"1","T"
"X2931",25.2,32,3,3.9532567394722,"1","T"
"X2931",25.2,32,4,5.7230872370576,"1","T"
"X2931",25.2,32,5,5.68677407752305,"1","T"
"X2931",25.2,32,6,6.10046331378539,"1","T"
"X2931",25.2,32,7,4.54650423100149,"1","T"
"X2931",25.2,44,0,11.5339607887399,"1","T"
"X2931",25.2,44,1,14.404301273368,"1","T"
"X2931",25.2,44,2,16.0470852476093,"1","T"
"X2931",25.2,44,3,8.55052430330658,"1","T"
"X2931",25.2,44,4,10.694638572114,"1","T"
"X2931",25.2,44,5,9.28983794858414,"1","T"
"X2931",25.2,44,6,12.6044178583467,"1","T"
"X2931",25.2,44,7,9.85158257238275,"1","T"
"X2931",25.2,50,0,15.578709045965,"1","T"
"X2931",25.2,50,1,19.3436606523315,"1","T"
"X2931",25.2,50,2,20.6329705284816,"1","T"
"X2931",25.2,50,3,11.6856231673515,"1","T"
"X2931",25.2,50,4,13.8533657221766,"1","T"
"X2931",25.2,50,5,12.0738149822242,"1","T"
"X2931",25.2,50,6,16.9920233944599,"1","T"
"X2931",25.2,50,7,13.5465965405874,"1","T"
"X2931",25.2,56,0,19.8707879812009,"1","T"
"X2931",25.2,56,1,26.3171195152911,"1","T"
"X2931",25.2,56,2,27.4221898059103,"1","T"
"X2931",25.2,56,3,15.5388679721512,"1","T"
"X2931",25.2,56,4,19.4029894026655,"1","T"
"X2931",25.2,56,5,17.390880083537,"1","T"
"X2931",25.2,56,6,23.3492172523899,"1","T"
"X2931",25.2,56,7,18.4237322092331,"1","T"
"X2931",25.2,68,0,28.5530692522264,"1","T"
"X2931",25.2,68,1,43.3713484321931,"1","T"
"X2931",25.2,68,2,43.5388468352521,"1","T"
"X2931",25.2,68,3,27.109266648777,"1","T"
"X2931",25.2,68,4,32.4924902820393,"1","T"
"X2931",25.2,68,5,32.2919607595261,"1","T"
"X2931",25.2,68,6,37.5539874861284,"1","T"
"X2931",25.2,68,7,27.817377298605,"1","T"
"X2931",25.2,74,0,36.7056620987069,"1","T"
"X2931",25.2,74,1,52.8168927325957,"1","T"
"X2931",25.2,74,2,52.1288509628435,"1","T"
"X2931",25.2,74,3,34.116101873084,"1","T"
"X2931",25.2,74,4,39.9236541509418,"1","T"
"X2931",25.2,74,5,39.8748696161116,"1","T"
"X2931",25.2,74,6,45.4799981201509,"1","T"
"X2931",25.2,74,7,37.6240545781118,"1","T"
"X2931",25.2,80,0,45.8501185912906,"1","T"
"X2931",25.2,80,1,62.309024871719,"1","T"
"X2931",25.2,80,2,61.245487407271,"1","T"
"X2931",25.2,80,3,42.615690606535,"1","T"
"X2931",25.2,80,4,48.3580022506699,"1","T"
"X2931",25.2,80,5,48.0455633371262,"1","T"
"X2931",25.2,80,6,53.8203194229458,"1","T"
"X2931",25.2,80,7,47.0077989869396,"1","T"
"X2931",25.2,92,0,66.0630764446455,"1","T"
"X2931",25.2,92,1,81.2423025326623,"1","T"
"X2931",25.2,92,2,80.4014552410112,"1","T"
"X2931",25.2,92,3,61.5205619845565,"1","T"
"X2931",25.2,92,4,66.9585923934332,"1","T"
"X2931",25.2,92,5,65.9980404795566,"1","T"
"X2931",25.2,92,6,71.3304874462419,"1","T"
"X2931",25.2,92,7,67.1753039977461,"1","T"
"X2931",25.2,98,0,75.9319721759821,"1","T"
"X2931",25.2,98,1,90.8298211808557,"1","T"
"X2931",25.2,98,2,90.2085438379207,"1","T"
"X2931",25.2,98,3,71.7188350115349,"1","T"
"X2931",25.2,98,4,76.666902059258,"1","T"
"X2931",25.2,98,5,75.5098480878112,"1","T"
"X2931",25.2,98,6,80.2542332762783,"1","T"
"X2931",25.2,98,7,77.4413926667245,"1","T"
"X2931",25.2,104,0,85.5288009103926,"1","T"
"X2931",25.2,104,1,100.190868675925,"1","T"
"X2931",25.2,104,2,99.6474289521603,"1","T"
"X2931",25.2,104,3,81.6626899989332,"1","T"
"X2931",25.2,104,4,86.3381049612984,"1","T"
"X2931",25.2,104,5,85.1061671221503,"1","T"
"X2931",25.2,104,6,89.102193005968,"1","T"
"X2931",25.2,104,7,87.9403087186415,"1","T"
"X2931",25.2,127,0,122.501093905581,"1","T"
"X2931",25.2,127,1,136.508216075223,"1","T"
"X2931",25.2,127,2,135.580531091492,"1","T"
"X2931",25.2,127,3,119.820042512956,"1","T"
"X2931",25.2,127,4,122.615892120772,"1","T"
"X2931",25.2,127,5,121.096028453608,"1","T"
"X2931",25.2,127,6,122.603158249059,"1","T"
"X2931",25.2,127,7,127.685786345972,"1","T"
"X2931",25.2,151,0,162.397104947347,"1","T"
"X2931",25.2,151,1,175.588624917306,"1","T"
"X2931",25.2,151,2,173.230419857369,"1","T"
"X2931",25.2,151,3,159.39690015647,"1","T"
"X2931",25.2,151,4,160.78997290575,"1","T"
"X2931",25.2,151,5,158.035442631056,"1","T"
"X2931",25.2,151,6,157.764523017139,"1","T"
"X2931",25.2,151,7,168.899822266412,"1","T"
"X2931",25.2,164,0,185.589972567979,"1","T"
"X2931",25.2,164,1,196.090845219649,"1","T"
"X2931",25.2,164,2,193.216557707054,"1","T"
"X2931",25.2,164,3,182.29681444148,"1","T"
"X2931",25.2,164,4,181.335421059516,"1","T"
"X2931",25.2,164,5,177.756207563403,"1","T"
"X2931",25.2,164,6,176.31891847261,"1","T"
"X2931",25.2,164,7,191.62132075487,"1","T"
"X2931",25.3,0,0,0,"4","M"
"X2931",25.3,0,1,0,"4","M"
"X2931",25.3,0,2,0,"4","M"
"X2931",25.3,0,3,0,"4","M"
"X2931",25.3,0,4,0,"4","M"
"X2931",25.3,0,5,0,"4","M"
"X2931",25.3,0,6,0,"4","M"
"X2931",25.3,0,7,0,"4","M"
"X2931",25.3,4,0,0.416,"4","M"
"X2931",25.3,4,1,0.342,"4","M"
"X2931",25.3,4,2,0.488,"4","M"
"X2931",25.3,4,3,0.388,"4","M"
"X2931",25.3,4,4,0.698,"4","M"
"X2931",25.3,4,5,0.534,"4","M"
"X2931",25.3,4,6,0.554,"4","M"
"X2931",25.3,4,7,0.57,"4","M"
"X2931",25.3,10,0,1.10483334182891,"4","M"
"X2931",25.3,10,1,0.899041651799408,"4","M"
"X2931",25.3,10,2,1.33183323988199,"4","M"
"X2931",25.3,10,3,1.03483334182891,"4","M"
"X2931",25.3,10,4,1.74304170277287,"4","M"
"X2931",25.3,10,5,1.4607916900295,"4","M"
"X2931",25.3,10,6,1.45904165179941,"4","M"
"X2931",25.3,10,7,1.59695804235983,"4","M"
"X2931",25.3,22,0,2.97667490685396,"4","M"
"X2931",25.3,22,1,2.2494698113048,"4","M"
"X2931",25.3,22,2,3.47376190915598,"4","M"
"X2931",25.3,22,3,2.65719763539907,"4","M"
"X2931",25.3,22,4,4.17390295222268,"4","M"
"X2931",25.3,22,5,3.8382645883885,"4","M"
"X2931",25.3,22,6,4.10990162566947,"4","M"
"X2931",25.3,22,7,4.25590266623766,"4","M"
"X2931",25.3,28,0,4.37162070759497,"4","M"
"X2931",25.3,28,1,3.12737147825987,"4","M"
"X2931",25.3,28,2,5.08884765333669,"4","M"
"X2931",25.3,28,3,3.69928914310059,"4","M"
"X2931",25.3,28,4,5.70898066688879,"4","M"
"X2931",25.3,28,5,5.31694835655745,"4","M"
"X2931",25.3,28,6,6.26523807820635,"4","M"
"X2931",25.3,28,7,6.44829731664301,"4","M"
"X2931",25.3,34,0,6.25150306751766,"4","M"
"X2931",25.3,34,1,4.25055071858509,"4","M"
"X2931",25.3,34,2,7.27267254966313,"4","M"
"X2931",25.3,34,3,5.05725013602514,"4","M"
"X2931",25.3,34,4,7.52501026128897,"4","M"
"X2931",25.3,34,5,7.26004404098935,"4","M"
"X2931",25.3,34,6,9.41053500478708,"4","M"
"X2931",25.3,34,7,9.00826171027616,"4","M"
"X2931",25.3,46,0,11.1280925215121,"4","M"
"X2931",25.3,46,1,7.71256780176586,"4","M"
"X2931",25.3,46,2,12.8904624012803,"4","M"
"X2931",25.3,46,3,9.78644524589273,"4","M"
"X2931",25.3,46,4,12.8008678495984,"4","M"
"X2931",25.3,46,5,13.4399712489748,"4","M"
"X2931",25.3,46,6,20.439106018765,"4","M"
"X2931",25.3,46,7,15.9808977523227,"4","M"
"X2931",25.3,52,0,14.877306326532,"4","M"
"X2931",25.3,52,1,10.3197130806802,"4","M"
"X2931",25.3,52,2,17.6327704016827,"4","M"
"X2931",25.3,52,3,13.8063936176689,"4","M"
"X2931",25.3,52,4,16.5994192599819,"4","M"
"X2931",25.3,52,5,18.3847689668199,"4","M"
"X2931",25.3,52,6,28.3066388867518,"4","M"
"X2931",25.3,52,7,21.5052544863197,"4","M"
"X2931",25.3,58,0,20.8492136126497,"4","M"
"X2931",25.3,58,1,14.6630056967416,"4","M"
"X2931",25.3,58,2,25.3549909608318,"4","M"
"X2931",25.3,58,3,19.0808668403118,"4","M"
"X2931",25.3,58,4,21.6088257762447,"4","M"
"X2931",25.3,58,5,26.1986395470565,"4","M"
"X2931",25.3,58,6,37.2049244441261,"4","M"
"X2931",25.3,58,7,29.7921880442442,"4","M"
"X2931",25.3,70,0,36.2300782491799,"4","M"
"X2931",25.3,70,1,29.1077649300487,"4","M"
"X2931",25.3,70,2,44.3313586136656,"4","M"
"X2931",25.3,70,3,32.6662304173742,"4","M"
"X2931",25.3,70,4,35.4466553654066,"4","M"
"X2931",25.3,70,5,44.9018967195475,"4","M"
"X2931",25.3,70,6,55.2372400626343,"4","M"
"X2931",25.3,70,7,48.4759688374881,"4","M"
"X2931",25.3,76,0,45.032080305847,"4","M"
"X2931",25.3,76,1,39.9339119616143,"4","M"
"X2931",25.3,76,2,54.76861091326,"4","M"
"X2931",25.3,76,3,40.4674914626974,"4","M"
"X2931",25.3,76,4,43.4281753112252,"4","M"
"X2931",25.3,76,5,54.7194328552349,"4","M"
"X2931",25.3,76,6,64.0873505302281,"4","M"
"X2931",25.3,76,7,58.8759863837567,"4","M"
"X2931",25.3,82,0,53.720602385789,"4","M"
"X2931",25.3,82,1,50.9423078263117,"4","M"
"X2931",25.3,82,2,65.0451527987877,"4","M"
"X2931",25.3,82,3,48.3323732967249,"4","M"
"X2931",25.3,82,4,51.7290854898464,"4","M"
"X2931",25.3,82,5,64.555274365637,"4","M"
"X2931",25.3,82,6,72.8650995368788,"4","M"
"X2931",25.3,82,7,69.2478296450878,"4","M"
"X2931",25.3,94,0,71.6975050190635,"4","M"
"X2931",25.3,94,1,71.8978062601939,"4","M"
"X2931",25.3,94,2,85.7536570643296,"4","M"
"X2931",25.3,94,3,64.1100926945785,"4","M"
"X2931",25.3,94,4,68.9179499551631,"4","M"
"X2931",25.3,94,5,84.3130500154968,"4","M"
"X2931",25.3,94,6,90.6950956707413,"4","M"
"X2931",25.3,94,7,90.1639878990202,"4","M"
"X2931",25.3,100,0,81.1082933399905,"4","M"
"X2931",25.3,100,1,82.6922683235261,"4","M"
"X2931",25.3,100,2,96.3948517951436,"4","M"
"X2931",25.3,100,3,72.2656827768504,"4","M"
"X2931",25.3,100,4,78.1752548589443,"4","M"
"X2931",25.3,100,5,94.3936570238499,"4","M"
"X2931",25.3,100,6,100.168426683866,"4","M"
"X2931",25.3,100,7,100.67460982057,"4","M"
"X2931",25.3,106,0,90.676587396005,"4","M"
"X2931",25.3,106,1,93.4070649609311,"4","M"
"X2931",25.3,106,2,107.024994611335,"4","M"
"X2931",25.3,106,3,80.4496042353564,"4","M"
"X2931",25.3,106,4,87.3288924840114,"4","M"
"X2931",25.3,106,5,104.535040073536,"4","M"
"X2931",25.3,106,6,109.60042642807,"4","M"
"X2931",25.3,106,7,111.20142556013,"4","M"
"X2931",28,0,0,0,"3","M"
"X2931",28,0,1,0,"3","M"
"X2931",28,0,2,0,"3","M"
"X2931",28,0,3,0,"3","M"
"X2931",28,0,4,0,"3","M"
"X2931",28,0,5,0,"3","M"
"X2931",28,0,6,0,"3","M"
"X2931",28,0,7,0,"3","M"
"X2931",28,4,0,0.54,"3","M"
"X2931",28,4,1,0.572,"3","M"
"X2931",28,4,2,0.796,"3","M"
"X2931",28,4,3,0.802,"3","M"
"X2931",28,4,4,0.584,"3","M"
"X2931",28,4,5,0.898,"3","M"
"X2931",28,4,6,0.416,"3","M"
"X2931",28,4,7,0.478,"3","M"
"X2931",28,10,0,1.52925042053104,"3","M"
"X2931",28,10,1,1.54883364766967,"3","M"
"X2931",28,10,2,1.64550000794813,"3","M"
"X2931",28,10,3,2.08504211056055,"3","M"
"X2931",28,10,4,1.59975014017701,"3","M"
"X2931",28,10,5,1.86354167774381,"3","M"
"X2931",28,10,6,1.14591674737464,"3","M"
"X2931",28,10,7,1.27520851386434,"3","M"
"X2931",28,22,0,6.13260750539017,"3","M"
"X2931",28,22,1,5.43651640230164,"3","M"
"X2931",28,22,2,4.56455402624345,"3","M"
"X2931",28,22,3,6.91686741519563,"3","M"
"X2931",28,22,4,5.82600195910368,"3","M"
"X2931",28,22,5,5.6646314809607,"3","M"
"X2931",28,22,6,3.97754966130475,"3","M"
"X2931",28,22,7,4.32807826816571,"3","M"
"X2931",28,28,0,9.99937050649288,"3","M"
"X2931",28,28,1,8.76072254922769,"3","M"
"X2931",28,28,2,7.33941001451846,"3","M"
"X2931",28,28,3,10.6585628156401,"3","M"
"X2931",28,28,4,9.61854265601196,"3","M"
"X2931",28,28,5,9.13154382754958,"3","M"
"X2931",28,28,6,6.57689110977662,"3","M"
"X2931",28,28,7,6.91335651826445,"3","M"
"X2931",28,34,0,15.6484995166907,"3","M"
"X2931",28,34,1,14.0039010489007,"3","M"
"X2931",28,34,2,12.4469046924945,"3","M"
"X2931",28,34,3,15.7951517417471,"3","M"
"X2931",28,34,4,14.5423139274839,"3","M"
"X2931",28,34,5,15.9971978294878,"3","M"
"X2931",28,34,6,9.95462733632679,"3","M"
"X2931",28,34,7,10.5743606352826,"3","M"
"X2931",28,46,0,34.1875705614204,"3","M"
"X2931",28,46,1,30.5608115152556,"3","M"
"X2931",28,46,2,20.814502586442,"3","M"
"X2931",28,46,3,32.6731086556041,"3","M"
"X2931",28,46,4,30.2055551540153,"3","M"
"X2931",28,46,5,31.2432453549508,"3","M"
"X2931",28,46,6,19.9134293027995,"3","M"
"X2931",28,46,7,23.1545409630158,"3","M"
"X2931",28,52,0,43.1373554880742,"3","M"
"X2931",28,52,1,40.4267102205154,"3","M"
"X2931",28,52,2,26.4387125641855,"3","M"
"X2931",28,52,3,41.179555466714,"3","M"
"X2931",28,52,4,38.4056144359612,"3","M"
"X2931",28,52,5,39.5177172401851,"3","M"
"X2931",28,52,6,27.4376522098983,"3","M"
"X2931",28,52,7,31.019892054127,"3","M"
"X2931",28,58,0,52.5889727585843,"3","M"
"X2931",28,58,1,49.7838713752943,"3","M"
"X2931",28,58,2,33.4718035379073,"3","M"
"X2931",28,58,3,50.2072450016938,"3","M"
"X2931",28,58,4,47.0922758462585,"3","M"
"X2931",28,58,5,48.3750502875469,"3","M"
"X2931",28,58,6,35.3112552599063,"3","M"
"X2931",28,58,7,38.776804767564,"3","M"
"X2931",28,70,0,71.82018609018,"3","M"
"X2931",28,70,1,68.682608638599,"3","M"
"X2931",28,70,2,49.5742109215081,"3","M"
"X2931",28,70,3,69.4526204662625,"3","M"
"X2931",28,70,4,64.604358666083,"3","M"
"X2931",28,70,5,67.4635244314932,"3","M"
"X2931",28,70,6,52.8450840148894,"3","M"
"X2931",28,70,7,54.9454204062764,"3","M"
"X2931",28,76,0,82.4121883567931,"3","M"
"X2931",28,76,1,78.5097473236205,"3","M"
"X2931",28,76,2,57.03811645176,"3","M"
"X2931",28,76,3,78.9041408849376,"3","M"
"X2931",28,76,4,73.7414987647804,"3","M"
"X2931",28,76,5,76.5030913054688,"3","M"
"X2931",28,76,6,62.4761875993694,"3","M"
"X2931",28,76,7,63.3908506876366,"3","M"
"X2931",28,82,0,92.4494242745552,"3","M"
"X2931",28,82,1,88.2091702228781,"3","M"
"X2931",28,82,2,64.7417397891098,"3","M"
"X2931",28,82,3,88.3482197287774,"3","M"
"X2931",28,82,4,82.394736438256,"3","M"
"X2931",28,82,5,86.4823189904159,"3","M"
"X2931",28,82,6,71.726767026682,"3","M"
"X2931",28,82,7,71.9697889770244,"3","M"
"X2931",28,94,0,112.18419251262,"3","M"
"X2931",28,94,1,107.54264797418,"3","M"
"X2931",28,94,2,82.9812309057236,"3","M"
"X2931",28,94,3,107.412921182251,"3","M"
"X2931",28,94,4,99.5484360549095,"3","M"
"X2931",28,94,5,107.261702854885,"3","M"
"X2931",28,94,6,90.3933243382962,"3","M"
"X2931",28,94,7,89.2065640917733,"3","M"
"X2931",28,100,0,121.654549204479,"3","M"
"X2931",28,100,1,117.101004576291,"3","M"
"X2931",28,100,2,93.4277753833756,"3","M"
"X2931",28,100,3,116.79661819418,"3","M"
"X2931",28,100,4,108.131657423598,"3","M"
"X2931",28,100,5,117.651608163358,"3","M"
"X2931",28,100,6,99.8094723178262,"3","M"
"X2931",28,100,7,97.7280917208592,"3","M"
"X2931",28,106,0,131.105264682593,"3","M"
"X2931",28,106,1,126.525356568047,"3","M"
"X2931",28,106,2,103.472478560676,"3","M"
"X2931",28,106,3,126.00466278474,"3","M"
"X2931",28,106,4,116.738750145203,"3","M"
"X2931",28,106,5,127.855966935308,"3","M"
"X2931",28,106,6,109.045618719778,"3","M"
"X2931",28,106,7,106.313138059026,"3","M"
"X2931",30,0,0,0,"2","B"
"X2931",30,0,1,0,"2","B"
"X2931",30,0,2,0,"2","B"
"X2931",30,0,3,0,"2","B"
"X2931",30,0,4,0,"2","B"
"X2931",30,0,5,0,"2","B"
"X2931",30,0,6,0,"2","B"
"X2931",30,0,7,0,"2","B"
"X2931",30,4,0,0.522,"2","B"
"X2931",30,4,1,0.374,"2","B"
"X2931",30,4,2,0.532,"2","B"
"X2931",30,4,3,0.358,"2","B"
"X2931",30,4,4,0.56,"2","B"
"X2931",30,4,5,0.552,"2","B"
"X2931",30,4,6,0.52,"2","B"
"X2931",30,4,7,0.484,"2","B"
"X2931",30,10,0,1.39495839917405,"2","B"
"X2931",30,10,1,0.967875044601778,"2","B"
"X2931",30,10,2,1.40933336731564,"2","B"
"X2931",30,10,3,0.919625082831872,"2","B"
"X2931",30,10,4,1.39650017840711,"2","B"
"X2931",30,10,5,1.4583334182891,"2","B"
"X2931",30,10,6,1.37541677286137,"2","B"
"X2931",30,10,7,1.33983308696161,"2","B"
"X2931",30,22,0,4.33834032972144,"2","B"
"X2931",30,22,1,2.70736663047735,"2","B"
"X2931",30,22,2,5.12540093872475,"2","B"
"X2931",30,22,3,2.98158854334268,"2","B"
"X2931",30,22,4,4.28430075040033,"2","B"
"X2931",30,22,5,4.91966953262796,"2","B"
"X2931",30,22,6,4.98456502470056,"2","B"
"X2931",30,22,7,4.07940941011199,"2","B"
"X2931",30,28,0,7.24762084689191,"2","B"
"X2931",30,28,1,4.20414122645064,"2","B"
"X2931",30,28,2,9.09604478084131,"2","B"
"X2931",30,28,3,4.94845786044843,"2","B"
"X2931",30,28,4,6.88641173604965,"2","B"
"X2931",30,28,5,8.07751396234095,"2","B"
"X2931",30,28,6,8.55635098422114,"2","B"
"X2931",30,28,7,7.13422499380752,"2","B"
"X2931",30,34,0,13.660564823217,"2","B"
"X2931",30,34,1,6.876276015485,"2","B"
"X2931",30,34,2,15.2703988364486,"2","B"
"X2931",30,34,3,8.0257781816846,"2","B"
"X2931",30,34,4,11.183406721456,"2","B"
"X2931",30,34,5,12.9734774373493,"2","B"
"X2931",30,34,6,13.5801154298299,"2","B"
"X2931",30,34,7,14.307308555128,"2","B"
"X2931",30,46,0,31.7597527236203,"2","B"
"X2931",30,46,1,16.8545547090048,"2","B"
"X2931",30,46,2,32.067271159616,"2","B"
"X2931",30,46,3,19.4130051907747,"2","B"
"X2931",30,46,4,23.9213620166819,"2","B"
"X2931",30,46,5,30.0525851046538,"2","B"
"X2931",30,46,6,28.543946604965,"2","B"
"X2931",30,46,7,35.7596105517857,"2","B"
"X2931",30,52,0,40.4759324570189,"2","B"
"X2931",30,52,1,25.4243207072936,"2","B"
"X2931",30,52,2,41.3907613726012,"2","B"
"X2931",30,52,3,28.7058517441534,"2","B"
"X2931",30,52,4,31.4037172100582,"2","B"
"X2931",30,52,5,39.4211639635548,"2","B"
"X2931",30,52,6,37.7157203730014,"2","B"
"X2931",30,52,7,43.8359261069934,"2","B"
"X2931",30,58,0,50.3198924729361,"2","B"
"X2931",30,58,1,34.4950471086608,"2","B"
"X2931",30,58,2,51.2212154608843,"2","B"
"X2931",30,58,3,37.238691956535,"2","B"
"X2931",30,58,4,40.0469808427002,"2","B"
"X2931",30,58,5,50.2337975741832,"2","B"
"X2931",30,58,6,47.0483907787462,"2","B"
"X2931",30,58,7,53.4235843776877,"2","B"
"X2931",30,70,0,69.9496171427708,"2","B"
"X2931",30,70,1,51.6191462459893,"2","B"
"X2931",30,70,2,72.4520228682553,"2","B"
"X2931",30,70,3,54.1822791133242,"2","B"
"X2931",30,70,4,58.4585610895511,"2","B"
"X2931",30,70,5,73.0060381508958,"2","B"
"X2931",30,70,6,66.8305497163119,"2","B"
"X2931",30,70,7,75.268262213195,"2","B"
"X2931",30,76,0,79.6975995904548,"2","B"
"X2931",30,76,1,59.2512313630122,"2","B"
"X2931",30,76,2,84.7092286723557,"2","B"
"X2931",30,76,3,63.7798152537326,"2","B"
"X2931",30,76,4,66.2987070386841,"2","B"
"X2931",30,76,5,84.9428816931891,"2","B"
"X2931",30,76,6,77.1193106842325,"2","B"
"X2931",30,76,7,86.2710334180573,"2","B"
"X2931",30,82,0,89.4243523048836,"2","B"
"X2931",30,82,1,69.0605018706032,"2","B"
"X2931",30,82,2,96.4855668980194,"2","B"
"X2931",30,82,3,73.0503594346197,"2","B"
"X2931",30,82,4,76.3841977913097,"2","B"
"X2931",30,82,5,96.911161460044,"2","B"
"X2931",30,82,6,87.3307573293313,"2","B"
"X2931",30,82,7,92.7675245901713,"2","B"
"X2931",30,94,0,110.138982895716,"2","B"
"X2931",30,94,1,87.3846037439599,"2","B"
"X2931",30,94,2,119.363822185376,"2","B"
"X2931",30,94,3,92.4894272089647,"2","B"
"X2931",30,94,4,95.4717140521703,"2","B"
"X2931",30,94,5,120.70814572857,"2","B"
"X2931",30,94,6,108.09613593269,"2","B"
"X2931",30,94,7,106.087434379633,"2","B"
"X2931",30,100,0,121.22245987516,"2","B"
"X2931",30,100,1,97.2045975619354,"2","B"
"X2931",30,100,2,130.270854480542,"2","B"
"X2931",30,100,3,101.745686141855,"2","B"
"X2931",30,100,4,104.742212456904,"2","B"
"X2931",30,100,5,132.773359530907,"2","B"
"X2931",30,100,6,117.578419167767,"2","B"
"X2931",30,100,7,112.794014985566,"2","B"
"X2931",30,106,0,131.841167719831,"2","B"
"X2931",30,106,1,107.103816308791,"2","B"
"X2931",30,106,2,140.72657884482,"2","B"
"X2931",30,106,3,111.666985290874,"2","B"
"X2931",30,106,4,113.708660081397,"2","B"
"X2931",30,106,5,144.655303761499,"2","B"
"X2931",30,106,6,126.905036477431,"2","B"
"X2931",30,106,7,119.058753301347,"2","B"
"X2931",32,0,0,0,"3","T"
"X2931",32,0,1,0,"3","T"
"X2931",32,0,2,0,"3","T"
"X2931",32,0,3,0,"3","T"
"X2931",32,0,4,0,"3","T"
"X2931",32,0,5,0,"3","T"
"X2931",32,0,6,0,"3","T"
"X2931",32,0,7,0,"3","T"
"X2931",32,4,0,0.404,"3","T"
"X2931",32,4,1,0.502,"3","T"
"X2931",32,4,2,0.718,"3","T"
"X2931",32,4,3,0.496,"3","T"
"X2931",32,4,4,0.416,"3","T"
"X2931",32,4,5,0.854,"3","T"
"X2931",32,4,6,0.31,"3","T"
"X2931",32,4,7,0.46,"3","T"
"X2931",32,10,0,1.3149173080827,"3","T"
"X2931",32,10,1,1.37862538867263,"3","T"
"X2931",32,10,2,1.35379168171787,"3","T"
"X2931",32,10,3,1.40191695126848,"3","T"
"X2931",32,10,4,1.24016691303839,"3","T"
"X2931",32,10,5,1.57762501569071,"3","T"
"X2931",32,10,6,0.816875350442537,"3","T"
"X2931",32,10,7,1.20250038230095,"3","T"
"X2931",32,22,0,6.70601876830742,"3","T"
"X2931",32,22,1,5.82817335310084,"3","T"
"X2931",32,22,2,6.71498088950358,"3","T"
"X2931",32,22,3,5.98895668928133,"3","T"
"X2931",32,22,4,4.60601820486358,"3","T"
"X2931",32,22,5,7.02754229058359,"3","T"
"X2931",32,22,6,3.93275892596837,"3","T"
"X2931",32,22,7,4.9114825140285,"3","T"
"X2931",32,28,0,11.4915911539215,"3","T"
"X2931",32,28,1,10.3929045413658,"3","T"
"X2931",32,28,2,12.1438550894913,"3","T"
"X2931",32,28,3,10.8143527770221,"3","T"
"X2931",32,28,4,8.14448293131947,"3","T"
"X2931",32,28,5,12.7609451599614,"3","T"
"X2931",32,28,6,7.10807127959443,"3","T"
"X2931",32,28,7,8.54066412065248,"3","T"
"X2931",32,34,0,17.373296749165,"3","T"
"X2931",32,34,1,16.6348829668086,"3","T"
"X2931",32,34,2,19.2845246977245,"3","T"
"X2931",32,34,3,17.0946100152325,"3","T"
"X2931",32,34,4,14.5301689293211,"3","T"
"X2931",32,34,5,20.9630950255546,"3","T"
"X2931",32,34,6,11.6988740576747,"3","T"
"X2931",32,34,7,13.4776817182194,"3","T"
"X2931",32,46,0,32.6831265778165,"3","T"
"X2931",32,46,1,31.3363517429218,"3","T"
"X2931",32,46,2,39.7750902876614,"3","T"
"X2931",32,46,3,30.202800194234,"3","T"
"X2931",32,46,4,27.0158408382968,"3","T"
"X2931",32,46,5,41.0525816102218,"3","T"
"X2931",32,46,6,27.5373057146467,"3","T"
"X2931",32,46,7,25.7222829768981,"3","T"
"X2931",32,52,0,43.318884247151,"3","T"
"X2931",32,52,1,43.4995184751715,"3","T"
"X2931",32,52,2,52.2931604525653,"3","T"
"X2931",32,52,3,41.1153505698072,"3","T"
"X2931",32,52,4,38.1715208892555,"3","T"
"X2931",32,52,5,52.1930427343969,"3","T"
"X2931",32,52,6,39.1889107023544,"3","T"
"X2931",32,52,7,34.2026410978671,"3","T"
"X2931",32,58,0,52.8543901916744,"3","T"
"X2931",32,58,1,54.168500513116,"3","T"
"X2931",32,58,2,63.3825295188221,"3","T"
"X2931",32,58,3,51.4477446228815,"3","T"
"X2931",32,58,4,47.1298096526704,"3","T"
"X2931",32,58,5,63.8949124885033,"3","T"
"X2931",32,58,6,49.373115181334,"3","T"
"X2931",32,58,7,43.350571944594,"3","T"
"X2931",32,70,0,72.1656071025917,"3","T"
"X2931",32,70,1,76.6467180012526,"3","T"
"X2931",32,70,2,84.3919204999213,"3","T"
"X2931",32,70,3,71.6605479524449,"3","T"
"X2931",32,70,4,65.9586727336601,"3","T"
"X2931",32,70,5,85.7968939055051,"3","T"
"X2931",32,70,6,70.5911943244651,"3","T"
"X2931",32,70,7,65.664919870056,"3","T"
"X2931",32,76,0,82.1981376924265,"3","T"
"X2931",32,76,1,88.4617285986917,"3","T"
"X2931",32,76,2,94.2823088393072,"3","T"
"X2931",32,76,3,81.8544634224776,"3","T"
"X2931",32,76,4,76.3951973553793,"3","T"
"X2931",32,76,5,98.3919700591493,"3","T"
"X2931",32,76,6,82.4115390263691,"3","T"
"X2931",32,76,7,77.6735621563674,"3","T"
"X2931",32,82,0,92.2344161472353,"3","T"
"X2931",32,82,1,99.2382747409733,"3","T"
"X2931",32,82,2,103.882055026609,"3","T"
"X2931",32,82,3,92.0945174603958,"3","T"
"X2931",32,82,4,86.3294340937732,"3","T"
"X2931",32,82,5,110.421920756838,"3","T"
"X2931",32,82,6,93.4487343186293,"3","T"
"X2931",32,82,7,87.9510803288541,"3","T"
"X2931",32,94,0,115.259529878604,"3","T"
"X2931",32,94,1,119.872256310856,"3","T"
"X2931",32,94,2,122.937233320758,"3","T"
"X2931",32,94,3,114.890592807537,"3","T"
"X2931",32,94,4,105.819641717891,"3","T"
"X2931",32,94,5,138.671047930039,"3","T"
"X2931",32,94,6,114.825604698067,"3","T"
"X2931",32,94,7,106.336690957737,"3","T"
"X2931",32,100,0,128.832692154549,"3","T"
"X2931",32,100,1,130.352704697101,"3","T"
"X2931",32,100,2,134.823932226986,"3","T"
"X2931",32,100,3,128.018834050919,"3","T"
"X2931",32,100,4,115.501913762612,"3","T"
"X2931",32,100,5,151.751745398249,"3","T"
"X2931",32,100,6,124.745748441915,"3","T"
"X2931",32,100,7,114.421384713932,"3","T"
"X2931",32,106,0,139.738791116701,"3","T"
"X2931",32,106,1,140.652101814391,"3","T"
"X2931",32,106,2,146.009529379325,"3","T"
"X2931",32,106,3,138.759850348012,"3","T"
"X2931",32,106,4,125.061679663461,"3","T"
"X2931",32,106,5,164.865001066583,"3","T"
"X2931",32,106,6,134.337003769057,"3","T"
"X2931",32,106,7,122.566846365565,"3","T"
"X2931",35,0,0,0,"1","M"
"X2931",35,0,1,0,"1","M"
"X2931",35,0,2,0,"1","M"
"X2931",35,0,3,0,"1","M"
"X2931",35,0,4,0,"1","M"
"X2931",35,0,5,0,"1","M"
"X2931",35,0,6,0,"1","M"
"X2931",35,0,7,0,"1","M"
"X2931",35,2,0,0.081,"1","M"
"X2931",35,2,1,0.221,"1","M"
"X2931",35,2,2,0.217,"1","M"
"X2931",35,2,3,0.289,"1","M"
"X2931",35,2,4,0.186,"1","M"
"X2931",35,2,5,0.158,"1","M"
"X2931",35,2,6,0.243,"1","M"
"X2931",35,2,7,0.152,"1","M"
"X2931",35,8,0,0.338416670333339,"1","M"
"X2931",35,8,1,0.970583373666727,"1","M"
"X2931",35,8,2,0.876500286000425,"1","M"
"X2931",35,8,3,1.40725036300054,"1","M"
"X2931",35,8,4,0.818583373666727,"1","M"
"X2931",35,8,5,0.651833472666874,"1","M"
"X2931",35,8,6,1.0950001320002,"1","M"
"X2931",35,8,7,0.629750033000049,"1","M"
"X2931",35,20,0,1.01946323293985,"1","M"
"X2931",35,20,1,4.81346295478813,"1","M"
"X2931",35,20,2,4.95633563073851,"1","M"
"X2931",35,20,3,7.53390780325855,"1","M"
"X2931",35,20,4,3.3157592628865,"1","M"
"X2931",35,20,5,3.41081484312898,"1","M"
"X2931",35,20,6,5.48688890967788,"1","M"
"X2931",35,20,7,3.01242592224454,"1","M"
"X2931",35,26,0,1.51124355372514,"1","M"
"X2931",35,26,1,9.10121300432262,"1","M"
"X2931",35,26,2,9.92468140600991,"1","M"
"X2931",35,26,3,13.2135673034679,"1","M"
"X2931",35,26,4,6.03619374573644,"1","M"
"X2931",35,26,5,6.66325805393226,"1","M"
"X2931",35,26,6,9.95002430291218,"1","M"
"X2931",35,26,7,5.81052018055605,"1","M"
"X2931",35,32,0,2.28714349992404,"1","M"
"X2931",35,32,1,15.5082830376171,"1","M"
"X2931",35,32,2,17.2839620364651,"1","M"
"X2931",35,32,3,18.8585965070146,"1","M"
"X2931",35,32,4,11.3477558280871,"1","M"
"X2931",35,32,5,12.5407824045184,"1","M"
"X2931",35,32,6,14.8077162177394,"1","M"
"X2931",35,32,7,10.5430670345405,"1","M"
"X2931",35,44,0,7.80160003949996,"1","M"
"X2931",35,44,1,32.4506050291223,"1","M"
"X2931",35,44,2,33.617979383837,"1","M"
"X2931",35,44,3,32.9709380720727,"1","M"
"X2931",35,44,4,26.3394370263541,"1","M"
"X2931",35,44,5,30.4777460526847,"1","M"
"X2931",35,44,6,25.2959275178688,"1","M"
"X2931",35,44,7,27.4157154845939,"1","M"
"X2931",35,50,0,13.8555821962909,"1","M"
"X2931",35,50,1,40.4440326399693,"1","M"
"X2931",35,50,2,44.7703384478367,"1","M"
"X2931",35,50,3,42.0341635623834,"1","M"
"X2931",35,50,4,35.3934420784406,"1","M"
"X2931",35,50,5,40.5246121949021,"1","M"
"X2931",35,50,6,30.8690453332695,"1","M"
"X2931",35,50,7,39.3264952558374,"1","M"
"X2931",35,56,0,20.3966901861529,"1","M"
"X2931",35,56,1,49.2538397062341,"1","M"
"X2931",35,56,2,55.0658752238786,"1","M"
"X2931",35,56,3,51.0715304321929,"1","M"
"X2931",35,56,4,43.7531186660302,"1","M"
"X2931",35,56,5,49.8388964864165,"1","M"
"X2931",35,56,6,37.0911877243555,"1","M"
"X2931",35,56,7,50.7628836789097,"1","M"
"X2931",35,68,0,29.4433560124874,"1","M"
"X2931",35,68,1,68.6267939924527,"1","M"
"X2931",35,68,2,75.3024348535116,"1","M"
"X2931",35,68,3,69.4295723946736,"1","M"
"X2931",35,68,4,61.5688350037405,"1","M"
"X2931",35,68,5,69.9148297317879,"1","M"
"X2931",35,68,6,51.5103390378072,"1","M"
"X2931",35,68,7,74.3294000652553,"1","M"
"X2931",35,74,0,28.887063463116,"1","M"
"X2931",35,74,1,79.6378307464871,"1","M"
"X2931",35,74,2,85.2473670929416,"1","M"
"X2931",35,74,3,78.4346017389213,"1","M"
"X2931",35,74,4,71.1390157925776,"1","M"
"X2931",35,74,5,80.6219503073606,"1","M"
"X2931",35,74,6,59.5619923696655,"1","M"
"X2931",35,74,7,85.6850530796593,"1","M"
"X2931",35,80,0,29.6007567080498,"1","M"
"X2931",35,80,1,91.3567143780343,"1","M"
"X2931",35,80,2,95.2168233928789,"1","M"
"X2931",35,80,3,85.5234813244815,"1","M"
"X2931",35,80,4,80.9188786312282,"1","M"
"X2931",35,80,5,91.2110697323771,"1","M"
"X2931",35,80,6,67.9347549843868,"1","M"
"X2931",35,80,7,96.7686587254817,"1","M"
"X2931",35,92,0,30.5032574932342,"1","M"
"X2931",35,92,1,107.495734623875,"1","M"
"X2931",35,92,2,115.50330048142,"1","M"
"X2931",35,92,3,98.0765974907116,"1","M"
"X2931",35,92,4,100.206503089038,"1","M"
"X2931",35,92,5,112.855413949535,"1","M"
"X2931",35,92,6,85.8546696383109,"1","M"
"X2931",35,92,7,118.84660379092,"1","M"
"X2931",35,98,0,30.7123837612813,"1","M"
"X2931",35,98,1,105.673999830245,"1","M"
"X2931",35,98,2,125.504993680025,"1","M"
"X2931",35,98,3,102.002136422211,"1","M"
"X2931",35,98,4,109.403739185371,"1","M"
"X2931",35,98,5,123.212882216615,"1","M"
"X2931",35,98,6,95.1861915883831,"1","M"
"X2931",35,98,7,129.594985640413,"1","M"
"X2931",35,104,0,31.0188959188204,"1","M"
"X2931",35,104,1,106.327420817281,"1","M"
"X2931",35,104,2,135.825824067934,"1","M"
"X2931",35,104,3,103.252811239932,"1","M"
"X2931",35,104,4,118.805222959957,"1","M"
"X2931",35,104,5,133.688803202143,"1","M"
"X2931",35,104,6,104.507463585794,"1","M"
"X2931",35,104,7,140.489069356412,"1","M"
"X2931",35,127,0,32.0552756753353,"1","M"
"X2931",35,127,1,107.02090493599,"1","M"
"X2931",35,127,2,176.262239738856,"1","M"
"X2931",35,127,3,109.609203978605,"1","M"
"X2931",35,127,4,154.336023509384,"1","M"
"X2931",35,127,5,173.928193954554,"1","M"
"X2931",35,127,6,139.397828243589,"1","M"
"X2931",35,127,7,180.302913016858,"1","M"
"X2931",35,151,0,33.1771373169996,"1","M"
"X2931",35,151,1,108.479873841348,"1","M"
"X2931",35,151,2,216.642531577568,"1","M"
"X2931",35,151,3,110.800876723491,"1","M"
"X2931",35,151,4,192.283325267194,"1","M"
"X2931",35,151,5,215.963453907046,"1","M"
"X2931",35,151,6,173.989863176178,"1","M"
"X2931",35,151,7,211.433355214967,"1","M"
"X2931",35,164,0,33.7684485808501,"1","M"
"X2931",35,164,1,109.104706466315,"1","M"
"X2931",35,164,2,231.147147247365,"1","M"
"X2931",35,164,3,112.212049626822,"1","M"
"X2931",35,164,4,214.880711730011,"1","M"
"X2931",35,164,5,238.171467286167,"1","M"
"X2931",35,164,6,192.013858246973,"1","M"
"X2931",35,164,7,216.583855826226,"1","M"
"X2931",37,0,0,0,"4","B"
"X2931",37,0,1,0,"4","B"
"X2931",37,0,2,0,"4","B"
"X2931",37,0,3,0,"4","B"
"X2931",37,0,4,0,"4","B"
"X2931",37,0,5,0,"4","B"
"X2931",37,0,6,0,"4","B"
"X2931",37,0,7,0,"4","B"
"X2931",37,5,0,0.5525,"4","B"
"X2931",37,5,1,0.6475,"4","B"
"X2931",37,5,2,0.82,"4","B"
"X2931",37,5,3,0.615,"4","B"
"X2931",37,5,4,0.7825,"4","B"
"X2931",37,5,5,0.505,"4","B"
"X2931",37,5,6,0.695,"4","B"
"X2931",37,5,7,0.67,"4","B"
"X2931",37,11,0,1.33502257914417,"4","B"
"X2931",37,11,1,1.30211322379969,"4","B"
"X2931",37,11,2,1.64487979455915,"4","B"
"X2931",37,11,3,1.34244213721139,"4","B"
"X2931",37,11,4,1.65805070132144,"4","B"
"X2931",37,11,5,1.06375026973901,"4","B"
"X2931",37,11,6,1.16172626777337,"4","B"
"X2931",37,11,7,1.24514636531861,"4","B"
"X2931",37,23,0,5.958039710835,"4","B"
"X2931",37,23,1,4.75990618609597,"4","B"
"X2931",37,23,2,5.00099241284041,"4","B"
"X2931",37,23,3,4.77760124466291,"4","B"
"X2931",37,23,4,5.38719395240862,"4","B"
"X2931",37,23,5,2.83162135047174,"4","B"
"X2931",37,23,6,4.16698996340535,"4","B"
"X2931",37,23,7,3.61011239191039,"4","B"
"X2931",37,29,0,9.35223576943647,"4","B"
"X2931",37,29,1,8.23251098541365,"4","B"
"X2931",37,29,2,8.11147697434597,"4","B"
"X2931",37,29,3,8.10052273478738,"4","B"
"X2931",37,29,4,8.70134622314175,"4","B"
"X2931",37,29,5,4.18579740798095,"4","B"
"X2931",37,29,6,7.25551503798761,"4","B"
"X2931",37,29,7,6.29201359941878,"4","B"
"X2931",37,35,0,13.3782807419441,"4","B"
"X2931",37,35,1,12.3124340473621,"4","B"
"X2931",37,35,2,11.8179327546229,"4","B"
"X2931",37,35,3,11.8236518136341,"4","B"
"X2931",37,35,4,12.2980716801291,"4","B"
"X2931",37,35,5,5.82496756661369,"4","B"
"X2931",37,35,6,11.339526563782,"4","B"
"X2931",37,35,7,11.4915198455593,"4","B"
"X2931",37,47,0,22.0529408486123,"4","B"
"X2931",37,47,1,20.728875164878,"4","B"
"X2931",37,47,2,20.0066183656775,"4","B"
"X2931",37,47,3,19.4906260694528,"4","B"
"X2931",37,47,4,18.9526723511169,"4","B"
"X2931",37,47,5,10.8875197939445,"4","B"
"X2931",37,47,6,20.5164841754526,"4","B"
"X2931",37,47,7,25.6663687256483,"4","B"
"X2931",37,53,0,26.5079917957625,"4","B"
"X2931",37,53,1,24.800697422326,"4","B"
"X2931",37,53,2,23.8045054526181,"4","B"
"X2931",37,53,3,23.3042715463076,"4","B"
"X2931",37,53,4,22.1116295186879,"4","B"
"X2931",37,53,5,14.1494625249655,"4","B"
"X2931",37,53,6,25.2417026321371,"4","B"
"X2931",37,53,7,33.3480831533486,"4","B"
"X2931",37,59,0,30.9995524338463,"4","B"
"X2931",37,59,1,29.0774170424947,"4","B"
"X2931",37,59,2,27.3185695707212,"4","B"
"X2931",37,59,3,27.089549915917,"4","B"
"X2931",37,59,4,25.2299821519473,"4","B"
"X2931",37,59,5,16.8155245203968,"4","B"
"X2931",37,59,6,29.7997888019939,"4","B"
"X2931",37,59,7,41.199197265955,"4","B"
"X2931",37,71,0,39.5462416534775,"4","B"
"X2931",37,71,1,38.0902637432222,"4","B"
"X2931",37,71,2,34.2025435557036,"4","B"
"X2931",37,71,3,34.6731948380101,"4","B"
"X2931",37,71,4,31.5394099969498,"4","B"
"X2931",37,71,5,21.7127367811917,"4","B"
"X2931",37,71,6,38.8710790519877,"4","B"
"X2931",37,71,7,57.419431072827,"4","B"
"X2931",37,77,0,43.0250014315082,"4","B"
"X2931",37,77,1,42.4668172686821,"4","B"
"X2931",37,77,2,37.6974029844006,"4","B"
"X2931",37,77,3,38.2868259546438,"4","B"
"X2931",37,77,4,34.590144347065,"4","B"
"X2931",37,77,5,24.2209295344479,"4","B"
"X2931",37,77,6,43.2049924433513,"4","B"
"X2931",37,77,7,65.5563697130062,"4","B"
"X2931",37,83,0,46.1136386736629,"4","B"
"X2931",37,83,1,46.7279973330181,"4","B"
"X2931",37,83,2,41.121244512009,"4","B"
"X2931",37,83,3,41.8951876494658,"4","B"
"X2931",37,83,4,37.5600704510586,"4","B"
"X2931",37,83,5,26.7434366999435,"4","B"
"X2931",37,83,6,47.3487427376413,"4","B"
"X2931",37,83,7,73.0867198304343,"4","B"
"X2931",37,95,0,51.6293046853268,"4","B"
"X2931",37,95,1,54.6856667697081,"4","B"
"X2931",37,95,2,47.8259507805132,"4","B"
"X2931",37,95,3,48.9991357496477,"4","B"
"X2931",37,95,4,43.1711812981837,"4","B"
"X2931",37,95,5,31.9087000457561,"4","B"
"X2931",37,95,6,54.9615228462747,"4","B"
"X2931",37,95,7,87.1887711111456,"4","B"
"X2931",37,101,0,54.1266227247538,"4","B"
"X2931",37,101,1,58.3947944286283,"4","B"
"X2931",37,101,2,50.9577791564822,"4","B"
"X2931",37,101,3,52.3729028201603,"4","B"
"X2931",37,101,4,45.8503403448188,"4","B"
"X2931",37,101,5,34.4955985274292,"4","B"
"X2931",37,101,6,58.2044423119525,"4","B"
"X2931",37,101,7,93.8644903122702,"4","B"
"X2931",37,107,0,56.6878877706501,"4","B"
"X2931",37,107,1,62.0965321831905,"4","B"
"X2931",37,107,2,54.1988593043925,"4","B"
"X2931",37,107,3,55.7333056161566,"4","B"
"X2931",37,107,4,48.51688768043,"4","B"
"X2931",37,107,5,37.09713646072,"4","B"
"X2931",37,107,6,61.4782751842727,"4","B"
"X2931",37,107,7,100.916725221262,"4","B"
"X2931",39,0,0,0,"4","M"
"X2931",39,0,1,0,"4","M"
"X2931",39,0,2,0,"4","M"
"X2931",39,0,3,0,"4","M"
"X2931",39,0,4,0,"4","M"
"X2931",39,0,5,0,"4","M"
"X2931",39,0,6,0,"4","M"
"X2931",39,0,7,0,"4","M"
"X2931",39,5,0,0.6725,"4","M"
"X2931",39,5,1,0.705,"4","M"
"X2931",39,5,2,0.7525,"4","M"
"X2931",39,5,3,0.69,"4","M"
"X2931",39,5,4,0.92,"4","M"
"X2931",39,5,5,0.625,"4","M"
"X2931",39,5,6,0.88,"4","M"
"X2931",39,5,7,0.7925,"4","M"
"X2931",39,11,0,1.43698889814722,"4","M"
"X2931",39,11,1,1.55805124079946,"4","M"
"X2931",39,11,2,1.486838412617,"4","M"
"X2931",39,11,3,1.41262146422292,"4","M"
"X2931",39,11,4,1.71907596206915,"4","M"
"X2931",39,11,5,1.20467950683753,"4","M"
"X2931",39,11,6,1.3633291786362,"4","M"
"X2931",39,11,7,1.70830079123444,"4","M"
"X2931",39,23,0,5.74219919347356,"4","M"
"X2931",39,23,1,4.77085511400606,"4","M"
"X2931",39,23,2,4.6503293782776,"4","M"
"X2931",39,23,3,4.49621046988395,"4","M"
"X2931",39,23,4,5.08073203107214,"4","M"
"X2931",39,23,5,2.84824952185297,"4","M"
"X2931",39,23,6,5.43978263390825,"4","M"
"X2931",39,23,7,5.52265407591884,"4","M"
"X2931",39,29,0,9.40622195627203,"4","M"
"X2931",39,29,1,6.61601077823965,"4","M"
"X2931",39,29,2,7.29039628995947,"4","M"
"X2931",39,29,3,7.20962872437812,"4","M"
"X2931",39,29,4,8.07798835293126,"4","M"
"X2931",39,29,5,4.07716548977377,"4","M"
"X2931",39,29,6,9.5166831908358,"4","M"
"X2931",39,29,7,8.83383949388672,"4","M"
"X2931",39,35,0,14.104452343739,"4","M"
"X2931",39,35,1,9.07847587724367,"4","M"
"X2931",39,35,2,10.5554028095308,"4","M"
"X2931",39,35,3,10.0888389759183,"4","M"
"X2931",39,35,4,11.5493630553749,"4","M"
"X2931",39,35,5,5.12439285083943,"4","M"
"X2931",39,35,6,14.9315948174853,"4","M"
"X2931",39,35,7,13.5217901391477,"4","M"
"X2931",39,47,0,24.6880745855782,"4","M"
"X2931",39,47,1,15.0701032499665,"4","M"
"X2931",39,47,2,19.0107038407635,"4","M"
"X2931",39,47,3,16.5127358731596,"4","M"
"X2931",39,47,4,20.0823157011212,"4","M"
"X2931",39,47,5,7.3910645714359,"4","M"
"X2931",39,47,6,28.3285986046372,"4","M"
"X2931",39,47,7,23.1421220895442,"4","M"
"X2931",39,53,0,29.3119003763426,"4","M"
"X2931",39,53,1,18.152241634159,"4","M"
"X2931",39,53,2,22.8036505693603,"4","M"
"X2931",39,53,3,19.6389444111291,"4","M"
"X2931",39,53,4,24.0457190198138,"4","M"
"X2931",39,53,5,9.06216822124773,"4","M"
"X2931",39,53,6,33.6055794959676,"4","M"
"X2931",39,53,7,25.7224970638805,"4","M"
"X2931",39,59,0,33.899481582409,"4","M"
"X2931",39,59,1,21.3263171124358,"4","M"
"X2931",39,59,2,26.6490028217305,"4","M"
"X2931",39,59,3,22.8159617792962,"4","M"
"X2931",39,59,4,28.1512917499606,"4","M"
"X2931",39,59,5,11.2839072057859,"4","M"
"X2931",39,59,6,39.2070282895294,"4","M"
"X2931",39,59,7,28.8575543114683,"4","M"
"X2931",39,71,0,43.1143919724751,"4","M"
"X2931",39,71,1,27.7208116661337,"4","M"
"X2931",39,71,2,34.4689755213249,"4","M"
"X2931",39,71,3,29.1427518832437,"4","M"
"X2931",39,71,4,36.3119452787495,"4","M"
"X2931",39,71,5,16.5644906887259,"4","M"
"X2931",39,71,6,50.334957576579,"4","M"
"X2931",39,71,7,35.0870183209711,"4","M"
"X2931",39,77,0,47.2335856017309,"4","M"
"X2931",39,77,1,30.6558641348106,"4","M"
"X2931",39,77,2,38.1057038834973,"4","M"
"X2931",39,77,3,32.1065511181695,"4","M"
"X2931",39,77,4,40.050651806406,"4","M"
"X2931",39,77,5,19.3130277412809,"4","M"
"X2931",39,77,6,54.9863977854673,"4","M"
"X2931",39,77,7,37.950546834992,"4","M"
"X2931",39,83,0,50.8622963805905,"4","M"
"X2931",39,83,1,33.4400732237514,"4","M"
"X2931",39,83,2,41.7112474177742,"4","M"
"X2931",39,83,3,34.7721706802964,"4","M"
"X2931",39,83,4,43.4928979260959,"4","M"
"X2931",39,83,5,21.9519794709393,"4","M"
"X2931",39,83,6,58.9731112815938,"4","M"
"X2931",39,83,7,40.8013550653881,"4","M"
"X2931",39,95,0,57.4532023461791,"4","M"
"X2931",39,95,1,38.5625761759521,"4","M"
"X2931",39,95,2,48.4541896963271,"4","M"
"X2931",39,95,3,39.6542023473491,"4","M"
"X2931",39,95,4,49.9975388586899,"4","M"
"X2931",39,95,5,26.9394831194444,"4","M"
"X2931",39,95,6,65.8652437736116,"4","M"
"X2931",39,95,7,46.272380251401,"4","M"
"X2931",39,101,0,60.4212976518002,"4","M"
"X2931",39,101,1,40.8180457528149,"4","M"
"X2931",39,101,2,51.6302905962235,"4","M"
"X2931",39,101,3,41.9961912846344,"4","M"
"X2931",39,101,4,53.1091631160803,"4","M"
"X2931",39,101,5,29.1814886326929,"4","M"
"X2931",39,101,6,69.0007769026415,"4","M"
"X2931",39,101,7,48.8139318416309,"4","M"
"X2931",39,107,0,63.3825290590736,"4","M"
"X2931",39,107,1,43.1076974768579,"4","M"
"X2931",39,107,2,54.9469606219105,"4","M"
"X2931",39,107,3,44.2734590814215,"4","M"
"X2931",39,107,4,56.2176508123811,"4","M"
"X2931",39,107,5,31.4045821840145,"4","M"
"X2931",39,107,6,72.1553932961028,"4","M"
"X2931",39,107,7,51.471002097078,"4","M"
"X3059",16,0,0,0,"1","B"
"X3059",16,0,1,0,"1","B"
"X3059",16,0,2,0,"1","B"
"X3059",16,0,3,0,"1","B"
"X3059",16,0,4,0,"1","B"
"X3059",16,0,5,0,"1","B"
"X3059",16,0,6,0,"1","B"
"X3059",16,0,7,0,"1","B"
"X3059",16,2,0,0.299,"1","B"
"X3059",16,2,1,0.333,"1","B"
"X3059",16,2,2,0.294,"1","B"
"X3059",16,2,3,0.138,"1","B"
"X3059",16,2,4,0.291,"1","B"
"X3059",16,2,5,0.294,"1","B"
"X3059",16,2,6,0.463,"1","B"
"X3059",16,2,7,0.301,"1","B"
"X3059",16,8,0,1.22008335166669,"1","B"
"X3059",16,8,1,1.38716665933332,"1","B"
"X3059",16,8,2,1.21933336266671,"1","B"
"X3059",16,8,3,0.559250011000016,"1","B"
"X3059",16,8,4,1.21433331866664,"1","B"
"X3059",16,8,5,1.21450002200003,"1","B"
"X3059",16,8,6,1.90008335166669,"1","B"
"X3059",16,8,7,1.32083316466642,"1","B"
"X3059",16,20,0,3.25035165590324,"1","B"
"X3059",16,20,1,3.73514831084576,"1","B"
"X3059",16,20,2,3.33336984254392,"1","B"
"X3059",16,20,3,1.51520370558527,"1","B"
"X3059",16,20,4,3.35763027121797,"1","B"
"X3059",16,20,5,3.33218497815291,"1","B"
"X3059",16,20,6,4.9587586592861,"1","B"
"X3059",16,20,7,3.52344439149749,"1","B"
"X3059",16,26,0,4.36327229136152,"1","B"
"X3059",16,26,1,5.01451272728036,"1","B"
"X3059",16,26,2,4.49458958189116,"1","B"
"X3059",16,26,3,2.07535013372912,"1","B"
"X3059",16,26,4,4.60964017172826,"1","B"
"X3059",16,26,5,4.52646385682486,"1","B"
"X3059",16,26,6,6.50247658956854,"1","B"
"X3059",16,26,7,4.81705228348927,"1","B"
"X3059",16,32,0,5.58407048007501,"1","B"
"X3059",16,32,1,6.25056844377507,"1","B"
"X3059",16,32,2,5.65452990939644,"1","B"
"X3059",16,32,3,2.70135214248894,"1","B"
"X3059",16,32,4,5.85426962588565,"1","B"
"X3059",16,32,5,5.65212283716074,"1","B"
"X3059",16,32,6,8.01765506825306,"1","B"
"X3059",16,32,7,6.17453748726061,"1","B"
"X3059",16,44,0,8.60345163861909,"1","B"
"X3059",16,44,1,9.00893860069143,"1","B"
"X3059",16,44,2,8.15440723016858,"1","B"
"X3059",16,44,3,4.28260989802587,"1","B"
"X3059",16,44,4,8.73234254800802,"1","B"
"X3059",16,44,5,8.02118483303216,"1","B"
"X3059",16,44,6,11.1562701359692,"1","B"
"X3059",16,44,7,9.27752280706417,"1","B"
"X3059",16,50,0,10.2530111505372,"1","B"
"X3059",16,50,1,10.6440256740644,"1","B"
"X3059",16,50,2,9.63971392442765,"1","B"
"X3059",16,50,3,5.21265084704618,"1","B"
"X3059",16,50,4,10.2649190489354,"1","B"
"X3059",16,50,5,9.4880168375718,"1","B"
"X3059",16,50,6,12.7316314882144,"1","B"
"X3059",16,50,7,11.1913638149093,"1","B"
"X3059",16,56,0,12.0901878529109,"1","B"
"X3059",16,56,1,12.428199382391,"1","B"
"X3059",16,56,2,11.3310099359679,"1","B"
"X3059",16,56,3,6.28803330571348,"1","B"
"X3059",16,56,4,12.2559378787707,"1","B"
"X3059",16,56,5,10.9567334088951,"1","B"
"X3059",16,56,6,14.6803844262751,"1","B"
"X3059",16,56,7,13.3916410951381,"1","B"
"X3059",16,68,0,16.552562490476,"1","B"
"X3059",16,68,1,17.2355872003456,"1","B"
"X3059",16,68,2,15.905709825957,"1","B"
"X3059",16,68,3,9.14226714190048,"1","B"
"X3059",16,68,4,17.0927424081671,"1","B"
"X3059",16,68,5,14.2662320501111,"1","B"
"X3059",16,68,6,19.2356363900206,"1","B"
"X3059",16,68,7,18.5641785170544,"1","B"
"X3059",16,74,0,19.0449743027619,"1","B"
"X3059",16,74,1,20.0674071599317,"1","B"
"X3059",16,74,2,18.8211564315484,"1","B"
"X3059",16,74,3,10.8519237700264,"1","B"
"X3059",16,74,4,20.0543019986608,"1","B"
"X3059",16,74,5,16.1919784796788,"1","B"
"X3059",16,74,6,21.7221487029266,"1","B"
"X3059",16,74,7,21.8666656261755,"1","B"
"X3059",16,80,0,21.7622997516093,"1","B"
"X3059",16,80,1,23.4474654239286,"1","B"
"X3059",16,80,2,21.9044412616951,"1","B"
"X3059",16,80,3,12.8714110925945,"1","B"
"X3059",16,80,4,23.6630742969308,"1","B"
"X3059",16,80,5,18.2554000962862,"1","B"
"X3059",16,80,6,24.1825877798045,"1","B"
"X3059",16,80,7,25.7727826726017,"1","B"
"X3059",16,92,0,28.0260998631195,"1","B"
"X3059",16,92,1,31.9658524179874,"1","B"
"X3059",16,92,2,29.3641077396641,"1","B"
"X3059",16,92,3,17.9057615093864,"1","B"
"X3059",16,92,4,32.9364947225205,"1","B"
"X3059",16,92,5,23.6446119607383,"1","B"
"X3059",16,92,6,30.0929760085121,"1","B"
"X3059",16,92,7,35.8727557687002,"1","B"
"X3059",16,98,0,31.1615744768985,"1","B"
"X3059",16,98,1,37.2271743992657,"1","B"
"X3059",16,98,2,33.4445604455469,"1","B"
"X3059",16,98,3,21.1135440899725,"1","B"
"X3059",16,98,4,38.7117326063256,"1","B"
"X3059",16,98,5,26.570740927557,"1","B"
"X3059",16,98,6,33.671119658965,"1","B"
"X3059",16,98,7,42.214236341535,"1","B"
"X3059",16,104,0,34.5889788477208,"1","B"
"X3059",16,104,1,42.7178335655051,"1","B"
"X3059",16,104,2,37.5372420677664,"1","B"
"X3059",16,104,3,24.8637492976101,"1","B"
"X3059",16,104,4,46.0123245919005,"1","B"
"X3059",16,104,5,29.2038601279005,"1","B"
"X3059",16,104,6,38.0916956117646,"1","B"
"X3059",16,104,7,48.5657453517552,"1","B"
"X3059",16,127,0,55.1635911222607,"1","B"
"X3059",16,127,1,70.7940577925062,"1","B"
"X3059",16,127,2,50.1489336962427,"1","B"
"X3059",16,127,3,45.650969178757,"1","B"
"X3059",16,127,4,75.5436350713189,"1","B"
"X3059",16,127,5,36.7636250134786,"1","B"
"X3059",16,127,6,61.4472725876784,"1","B"
"X3059",16,127,7,76.862870060331,"1","B"
"X3059",16,151,0,88.4574606046909,"1","B"
"X3059",16,151,1,104.757190178332,"1","B"
"X3059",16,151,2,70.6354970714937,"1","B"
"X3059",16,151,3,79.2609177033492,"1","B"
"X3059",16,151,4,112.212264408432,"1","B"
"X3059",16,151,5,49.3674057853598,"1","B"
"X3059",16,151,6,94.0899251857911,"1","B"
"X3059",16,151,7,109.822537268342,"1","B"
"X3059",16,164,0,103.965497602933,"1","B"
"X3059",16,164,1,125.354815901592,"1","B"
"X3059",16,164,2,81.8143642698289,"1","B"
"X3059",16,164,3,100.520008920044,"1","B"
"X3059",16,164,4,133.14838926025,"1","B"
"X3059",16,164,5,59.1081114180816,"1","B"
"X3059",16,164,6,109.120814042111,"1","B"
"X3059",16,164,7,127.971085240441,"1","B"
"X3059",20,0,0,0,"2","T"
"X3059",20,0,1,0,"2","T"
"X3059",20,0,2,0,"2","T"
"X3059",20,0,3,0,"2","T"
"X3059",20,0,4,0,"2","T"
"X3059",20,0,5,0,"2","T"
"X3059",20,0,6,0,"2","T"
"X3059",20,0,7,0,"2","T"
"X3059",20,4,0,0.594,"2","T"
"X3059",20,4,1,0.528,"2","T"
"X3059",20,4,2,0.63,"2","T"
"X3059",20,4,3,0.394,"2","T"
"X3059",20,4,4,0.424,"2","T"
"X3059",20,4,5,0.458,"2","T"
"X3059",20,4,6,0.512,"2","T"
"X3059",20,4,7,0.554,"2","T"
"X3059",20,10,0,1.53387499362832,"2","T"
"X3059",20,10,1,1.40466668365782,"2","T"
"X3059",20,10,2,1.72695829722713,"2","T"
"X3059",20,10,3,1.0657916900295,"2","T"
"X3059",20,10,4,1.40958373687322,"2","T"
"X3059",20,10,5,1.62729186843661,"2","T"
"X3059",20,10,6,1.42116686206493,"2","T"
"X3059",20,10,7,1.53162498088495,"2","T"
"X3059",20,22,0,3.67506183240423,"2","T"
"X3059",20,22,1,3.65339527079815,"2","T"
"X3059",20,22,2,4.67979958358062,"2","T"
"X3059",20,22,3,2.87833811697696,"2","T"
"X3059",20,22,4,5.2114700418838,"2","T"
"X3059",20,22,5,5.827623502888,"2","T"
"X3059",20,22,6,4.18256634961355,"2","T"
"X3059",20,22,7,4.07163937575238,"2","T"
"X3059",20,28,0,4.94594789824204,"2","T"
"X3059",20,28,1,5.1298150925806,"2","T"
"X3059",20,28,2,6.83122831250607,"2","T"
"X3059",20,28,3,4.10240258811686,"2","T"
"X3059",20,28,4,7.6187662372068,"2","T"
"X3059",20,28,5,8.46922559889731,"2","T"
"X3059",20,28,6,5.93207862726735,"2","T"
"X3059",20,28,7,5.70366627259537,"2","T"
"X3059",20,34,0,6.40981490887544,"2","T"
"X3059",20,34,1,6.93891743945474,"2","T"
"X3059",20,34,2,10.0756721087895,"2","T"
"X3059",20,34,3,5.58237932891407,"2","T"
"X3059",20,34,4,10.4691117279267,"2","T"
"X3059",20,34,5,11.2191305982038,"2","T"
"X3059",20,34,6,8.12471312072155,"2","T"
"X3059",20,34,7,7.66522683285539,"2","T"
"X3059",20,46,0,10.1456884946933,"2","T"
"X3059",20,46,1,12.146492223519,"2","T"
"X3059",20,46,2,18.9974990818745,"2","T"
"X3059",20,46,3,9.95060243098355,"2","T"
"X3059",20,46,4,16.3952960394092,"2","T"
"X3059",20,46,5,17.9788002577735,"2","T"
"X3059",20,46,6,14.0536461062105,"2","T"
"X3059",20,46,7,13.3129977247978,"2","T"
"X3059",20,52,0,12.4354885307674,"2","T"
"X3059",20,52,1,15.954872904045,"2","T"
"X3059",20,52,2,24.2514113612323,"2","T"
"X3059",20,52,3,13.4665674450266,"2","T"
"X3059",20,52,4,19.610871454033,"2","T"
"X3059",20,52,5,22.8609649999461,"2","T"
"X3059",20,52,6,17.7264434644331,"2","T"
"X3059",20,52,7,17.2377745893753,"2","T"
"X3059",20,58,0,15.1576204869142,"2","T"
"X3059",20,58,1,20.3891584008604,"2","T"
"X3059",20,58,2,32.1196532079181,"2","T"
"X3059",20,58,3,17.9858442597413,"2","T"
"X3059",20,58,4,23.9323640255913,"2","T"
"X3059",20,58,5,30.9222940896224,"2","T"
"X3059",20,58,6,22.8752745015489,"2","T"
"X3059",20,58,7,22.4737309912255,"2","T"
"X3059",20,70,0,22.3361299180055,"2","T"
"X3059",20,70,1,31.7139877819559,"2","T"
"X3059",20,70,2,50.3076912824006,"2","T"
"X3059",20,70,3,30.786314091185,"2","T"
"X3059",20,70,4,36.0098475862407,"2","T"
"X3059",20,70,5,48.1879917248086,"2","T"
"X3059",20,70,6,38.052587605011,"2","T"
"X3059",20,70,7,35.279053416948,"2","T"
"X3059",20,76,0,27.1747520798644,"2","T"
"X3059",20,76,1,39.4877962628721,"2","T"
"X3059",20,76,2,59.9000208189659,"2","T"
"X3059",20,76,3,39.6701973368233,"2","T"
"X3059",20,76,4,45.2381258368526,"2","T"
"X3059",20,76,5,57.0461335526418,"2","T"
"X3059",20,76,6,46.719784260642,"2","T"
"X3059",20,76,7,43.1892844760062,"2","T"
"X3059",20,82,0,33.4645476869648,"2","T"
"X3059",20,82,1,48.1807191540719,"2","T"
"X3059",20,82,2,70.4827854357366,"2","T"
"X3059",20,82,3,50.6622117094431,"2","T"
"X3059",20,82,4,55.3293695242707,"2","T"
"X3059",20,82,5,66.6542874278541,"2","T"
"X3059",20,82,6,56.1581856501241,"2","T"
"X3059",20,82,7,52.3299959890021,"2","T"
"X3059",20,94,0,48.0598035680035,"2","T"
"X3059",20,94,1,67.4080513044977,"2","T"
"X3059",20,94,2,90.2228373549378,"2","T"
"X3059",20,94,3,74.8698538857192,"2","T"
"X3059",20,94,4,73.6632136165506,"2","T"
"X3059",20,94,5,85.9041494272574,"2","T"
"X3059",20,94,6,73.99549118266,"2","T"
"X3059",20,94,7,71.1547195532407,"2","T"
"X3059",20,100,0,56.518469700753,"2","T"
"X3059",20,100,1,77.4706659181388,"2","T"
"X3059",20,100,2,101.083482271105,"2","T"
"X3059",20,100,3,86.9310764249054,"2","T"
"X3059",20,100,4,82.7332218035917,"2","T"
"X3059",20,100,5,95.2460179857143,"2","T"
"X3059",20,100,6,83.6304863591678,"2","T"
"X3059",20,100,7,80.7707989242407,"2","T"
"X3059",20,106,0,65.5593668738165,"2","T"
"X3059",20,106,1,87.7046421348667,"2","T"
"X3059",20,106,2,111.093895418265,"2","T"
"X3059",20,106,3,99.1492295944939,"2","T"
"X3059",20,106,4,93.4204094346241,"2","T"
"X3059",20,106,5,104.133265659299,"2","T"
"X3059",20,106,6,93.0560671866311,"2","T"
"X3059",20,106,7,90.6682479744618,"2","T"
"X3059",25,0,0,0,"2","T"
"X3059",25,0,1,0,"2","T"
"X3059",25,0,2,0,"2","T"
"X3059",25,0,3,0,"2","T"
"X3059",25,0,4,0,"2","T"
"X3059",25,0,5,0,"2","T"
"X3059",25,0,6,0,"2","T"
"X3059",25,0,7,0,"2","T"
"X3059",25,5,0,0.9575,"2","T"
"X3059",25,5,1,0.9025,"2","T"
"X3059",25,5,2,0.6525,"2","T"
"X3059",25,5,3,1.3075,"2","T"
"X3059",25,5,4,1.34,"2","T"
"X3059",25,5,5,1.03,"2","T"
"X3059",25,5,6,1.135,"2","T"
"X3059",25,5,7,1.0575,"2","T"
"X3059",25,11,0,2.1700211405361,"2","T"
"X3059",25,11,1,2.13393765734776,"2","T"
"X3059",25,11,2,1.54854192142018,"2","T"
"X3059",25,11,3,2.8451173440113,"2","T"
"X3059",25,11,4,3.00060050351283,"2","T"
"X3059",25,11,5,2.4630250809217,"2","T"
"X3059",25,11,6,2.62567090676229,"2","T"
"X3059",25,11,7,2.50132103264049,"2","T"
"X3059",25,23,0,5.95674285482117,"2","T"
"X3059",25,23,1,5.59731463753673,"2","T"
"X3059",25,23,2,4.55459898238158,"2","T"
"X3059",25,23,3,7.54968783801942,"2","T"
"X3059",25,23,4,8.26978199619102,"2","T"
"X3059",25,23,5,6.57390751219724,"2","T"
"X3059",25,23,6,6.4793616699709,"2","T"
"X3059",25,23,7,6.67094898982198,"2","T"
"X3059",25,29,0,8.97959257410085,"2","T"
"X3059",25,29,1,8.01070250350085,"2","T"
"X3059",25,29,2,7.01232920397943,"2","T"
"X3059",25,29,3,11.161804330832,"2","T"
"X3059",25,29,4,12.5943053988977,"2","T"
"X3059",25,29,5,9.59336346252241,"2","T"
"X3059",25,29,6,9.06856448719486,"2","T"
"X3059",25,29,7,9.66955034992041,"2","T"
"X3059",25,35,0,13.4066633374646,"2","T"
"X3059",25,35,1,11.1819096742822,"2","T"
"X3059",25,35,2,10.9084127767981,"2","T"
"X3059",25,35,3,16.7056760766462,"2","T"
"X3059",25,35,4,19.2381893726724,"2","T"
"X3059",25,35,5,13.6549372438408,"2","T"
"X3059",25,35,6,12.3048051917084,"2","T"
"X3059",25,35,7,13.7883646807124,"2","T"
"X3059",25,47,0,27.2333013050675,"2","T"
"X3059",25,47,1,20.7859130001302,"2","T"
"X3059",25,47,2,24.2594988990773,"2","T"
"X3059",25,47,3,32.7372714105089,"2","T"
"X3059",25,47,4,37.0806153128589,"2","T"
"X3059",25,47,5,26.246679752298,"2","T"
"X3059",25,47,6,22.0526965916875,"2","T"
"X3059",25,47,7,26.6558254745743,"2","T"
"X3059",25,53,0,36.7710461548323,"2","T"
"X3059",25,53,1,27.8668823686301,"2","T"
"X3059",25,53,2,34.1321747862716,"2","T"
"X3059",25,53,3,42.7011597032602,"2","T"
"X3059",25,53,4,47.0442304907137,"2","T"
"X3059",25,53,5,35.465382228158,"2","T"
"X3059",25,53,6,29.2901159616594,"2","T"
"X3059",25,53,7,35.8353345484968,"2","T"
"X3059",25,59,0,46.8364788354606,"2","T"
"X3059",25,59,1,36.2022010263469,"2","T"
"X3059",25,59,2,44.3280334139043,"2","T"
"X3059",25,59,3,53.1762299092327,"2","T"
"X3059",25,59,4,57.2799284228887,"2","T"
"X3059",25,59,5,45.9329965206838,"2","T"
"X3059",25,59,6,37.5117313189077,"2","T"
"X3059",25,59,7,45.9099652172894,"2","T"
"X3059",25,71,0,67.8189392178078,"2","T"
"X3059",25,71,1,55.0789444568062,"2","T"
"X3059",25,71,2,66.28101904888,"2","T"
"X3059",25,71,3,75.5338473782164,"2","T"
"X3059",25,71,4,77.1074448023344,"2","T"
"X3059",25,71,5,69.579010831328,"2","T"
"X3059",25,71,6,56.3098576474283,"2","T"
"X3059",25,71,7,67.8419839196941,"2","T"
"X3059",25,77,0,78.6533906199592,"2","T"
"X3059",25,77,1,65.6295299927319,"2","T"
"X3059",25,77,2,77.6050739603126,"2","T"
"X3059",25,77,3,87.3721037038303,"2","T"
"X3059",25,77,4,86.183847408841,"2","T"
"X3059",25,77,5,82.1095186584908,"2","T"
"X3059",25,77,6,66.7056813980976,"2","T"
"X3059",25,77,7,79.701808713914,"2","T"
"X3059",25,83,0,89.7744797778355,"2","T"
"X3059",25,83,1,77.1341648164045,"2","T"
"X3059",25,83,2,89.3300520610412,"2","T"
"X3059",25,83,3,99.1671316386037,"2","T"
"X3059",25,83,4,97.3817534135675,"2","T"
"X3059",25,83,5,94.7643269526258,"2","T"
"X3059",25,83,6,77.387129705335,"2","T"
"X3059",25,83,7,91.7057077311419,"2","T"
"X3059",25,95,0,112.604314551793,"2","T"
"X3059",25,95,1,100.594272917056,"2","T"
"X3059",25,95,2,112.830561524149,"2","T"
"X3059",25,95,3,122.401303187184,"2","T"
"X3059",25,95,4,121.080678088136,"2","T"
"X3059",25,95,5,121.100323113776,"2","T"
"X3059",25,95,6,98.9802732760794,"2","T"
"X3059",25,95,7,117.123379877892,"2","T"
"X3059",25,101,0,124.419910580777,"2","T"
"X3059",25,101,1,112.403485228263,"2","T"
"X3059",25,101,2,125.023178910509,"2","T"
"X3059",25,101,3,134.481064781712,"2","T"
"X3059",25,101,4,133.224981054225,"2","T"
"X3059",25,101,5,134.454310297663,"2","T"
"X3059",25,101,6,109.82431897856,"2","T"
"X3059",25,101,7,130.445377927293,"2","T"
"X3059",25,107,0,136.699554696485,"2","T"
"X3059",25,107,1,124.15420524302,"2","T"
"X3059",25,107,2,137.593781557327,"2","T"
"X3059",25,107,3,147.053112748931,"2","T"
"X3059",25,107,4,144.742128790085,"2","T"
"X3059",25,107,5,147.818676161498,"2","T"
"X3059",25,107,6,120.770996205746,"2","T"
"X3059",25,107,7,143.949335071822,"2","T"
"X3059",25.1,0,0,0,"3","B"
"X3059",25.1,0,1,0,"3","B"
"X3059",25.1,0,2,0,"3","B"
"X3059",25.1,0,3,0,"3","B"
"X3059",25.1,0,4,0,"3","B"
"X3059",25.1,0,5,0,"3","B"
"X3059",25.1,0,6,0,"3","B"
"X3059",25.1,0,7,0,"3","B"
"X3059",25.1,4,0,0.666,"3","B"
"X3059",25.1,4,1,0.786,"3","B"
"X3059",25.1,4,2,0.756,"3","B"
"X3059",25.1,4,3,0.858,"3","B"
"X3059",25.1,4,4,0.648,"3","B"
"X3059",25.1,4,5,0.67,"3","B"
"X3059",25.1,4,6,0.81,"3","B"
"X3059",25.1,4,7,0.77,"3","B"
"X3059",25.1,10,0,1.66879179197642,"3","B"
"X3059",25.1,10,1,2.07129191941007,"3","B"
"X3059",25.1,10,2,1.84616711693223,"3","B"
"X3059",25.1,10,3,1.92204226348093,"3","B"
"X3059",25.1,10,4,1.71874993628318,"3","B"
"X3059",25.1,10,5,1.83512505734514,"3","B"
"X3059",25.1,10,6,2.14879179197642,"3","B"
"X3059",25.1,10,7,2.01837501911505,"3","B"
"X3059",25.1,22,0,4.64955332742285,"3","B"
"X3059",25.1,22,1,6.96288885119411,"3","B"
"X3059",25.1,22,2,5.9408837899629,"3","B"
"X3059",25.1,22,3,6.18604317368755,"3","B"
"X3059",25.1,22,4,4.99760998462822,"3","B"
"X3059",25.1,22,5,6.03604242297585,"3","B"
"X3059",25.1,22,6,6.36009477030012,"3","B"
"X3059",25.1,22,7,6.04030713873149,"3","B"
"X3059",25.1,28,0,7.09271442091787,"3","B"
"X3059",25.1,28,1,11.043209761156,"3","B"
"X3059",25.1,28,2,9.47591700312933,"3","B"
"X3059",25.1,28,3,10.1287170021786,"3","B"
"X3059",25.1,28,4,7.89347339636255,"3","B"
"X3059",25.1,28,5,9.95075142745702,"3","B"
"X3059",25.1,28,6,9.86810792292524,"3","B"
"X3059",25.1,28,7,9.73746844540824,"3","B"
"X3059",25.1,34,0,11.0266699574129,"3","B"
"X3059",25.1,34,1,14.2062749991005,"3","B"
"X3059",25.1,34,2,14.44069107527,"3","B"
"X3059",25.1,34,3,15.6028342554554,"3","B"
"X3059",25.1,34,4,12.275313539892,"3","B"
"X3059",25.1,34,5,15.8706309752002,"3","B"
"X3059",25.1,34,6,15.5544102358344,"3","B"
"X3059",25.1,34,7,15.5755253089146,"3","B"
"X3059",25.1,46,0,24.4929021026887,"3","B"
"X3059",25.1,46,1,23.7595718491672,"3","B"
"X3059",25.1,46,2,28.8589882918839,"3","B"
"X3059",25.1,46,3,30.3061332854656,"3","B"
"X3059",25.1,46,4,26.2754847680315,"3","B"
"X3059",25.1,46,5,31.7226416121788,"3","B"
"X3059",25.1,46,6,32.3928401806295,"3","B"
"X3059",25.1,46,7,29.4679418675053,"3","B"
"X3059",25.1,52,0,33.9747368588718,"3","B"
"X3059",25.1,52,1,34.7376526783787,"3","B"
"X3059",25.1,52,2,39.3628811162955,"3","B"
"X3059",25.1,52,3,39.683038537306,"3","B"
"X3059",25.1,52,4,34.7556697272875,"3","B"
"X3059",25.1,52,5,41.4872180004925,"3","B"
"X3059",25.1,52,6,42.830976883925,"3","B"
"X3059",25.1,52,7,36.1598962375293,"3","B"
"X3059",25.1,58,0,44.01489032313,"3","B"
"X3059",25.1,58,1,45.4342675240349,"3","B"
"X3059",25.1,58,2,50.803816278906,"3","B"
"X3059",25.1,58,3,50.6250248120638,"3","B"
"X3059",25.1,58,4,41.7984878252366,"3","B"
"X3059",25.1,58,5,53.8111612437185,"3","B"
"X3059",25.1,58,6,54.651698777651,"3","B"
"X3059",25.1,58,7,45.7797253062587,"3","B"
"X3059",25.1,70,0,65.2540692371683,"3","B"
"X3059",25.1,70,1,67.5281552962921,"3","B"
"X3059",25.1,70,2,74.6132259320213,"3","B"
"X3059",25.1,70,3,73.9219196120463,"3","B"
"X3059",25.1,70,4,60.2748280361481,"3","B"
"X3059",25.1,70,5,78.4780011245317,"3","B"
"X3059",25.1,70,6,78.1209955485571,"3","B"
"X3059",25.1,70,7,67.6189338881489,"3","B"
"X3059",25.1,76,0,77.0203693491917,"3","B"
"X3059",25.1,76,1,79.0748692662585,"3","B"
"X3059",25.1,76,2,86.8548641407241,"3","B"
"X3059",25.1,76,3,85.0289623161762,"3","B"
"X3059",25.1,76,4,70.8614080018547,"3","B"
"X3059",25.1,76,5,88.4419926732777,"3","B"
"X3059",25.1,76,6,88.6607360858899,"3","B"
"X3059",25.1,76,7,77.488837737023,"3","B"
"X3059",25.1,82,0,88.4708577417589,"3","B"
"X3059",25.1,82,1,91.0474859567823,"3","B"
"X3059",25.1,82,2,99.5110754117421,"3","B"
"X3059",25.1,82,3,96.8105555961149,"3","B"
"X3059",25.1,82,4,82.1138231965285,"3","B"
"X3059",25.1,82,5,99.5862144349589,"3","B"
"X3059",25.1,82,6,100.021309295805,"3","B"
"X3059",25.1,82,7,87.6050917329387,"3","B"
"X3059",25.1,94,0,111.584234280786,"3","B"
"X3059",25.1,94,1,114.756303926161,"3","B"
"X3059",25.1,94,2,123.529560543912,"3","B"
"X3059",25.1,94,3,120.569753941126,"3","B"
"X3059",25.1,94,4,105.250808596422,"3","B"
"X3059",25.1,94,5,121.253698402029,"3","B"
"X3059",25.1,94,6,121.92687798,"3","B"
"X3059",25.1,94,7,105.525411315689,"3","B"
"X3059",25.1,100,0,123.012635342399,"3","B"
"X3059",25.1,100,1,126.673242790434,"3","B"
"X3059",25.1,100,2,135.64860587783,"3","B"
"X3059",25.1,100,3,132.236732049188,"3","B"
"X3059",25.1,100,4,116.499645663937,"3","B"
"X3059",25.1,100,5,132.174792076336,"3","B"
"X3059",25.1,100,6,133.089212230612,"3","B"
"X3059",25.1,100,7,114.090165557067,"3","B"
"X3059",25.1,106,0,134.487341172068,"3","B"
"X3059",25.1,106,1,137.969179354355,"3","B"
"X3059",25.1,106,2,147.750507046631,"3","B"
"X3059",25.1,106,3,143.645634699609,"3","B"
"X3059",25.1,106,4,127.168692034626,"3","B"
"X3059",25.1,106,5,142.727502651705,"3","B"
"X3059",25.1,106,6,143.90107883021,"3","B"
"X3059",25.1,106,7,122.44402973727,"3","B"
"X3059",25.2,0,0,0,"1","T"
"X3059",25.2,0,1,0,"1","T"
"X3059",25.2,0,2,0,"1","T"
"X3059",25.2,0,3,0,"1","T"
"X3059",25.2,0,4,0,"1","T"
"X3059",25.2,0,5,0,"1","T"
"X3059",25.2,0,6,0,"1","T"
"X3059",25.2,0,7,0,"1","T"
"X3059",25.2,2,0,0.269,"1","T"
"X3059",25.2,2,1,0.234,"1","T"
"X3059",25.2,2,2,0.294,"1","T"
"X3059",25.2,2,3,0.199,"1","T"
"X3059",25.2,2,4,0.251,"1","T"
"X3059",25.2,2,5,0.275,"1","T"
"X3059",25.2,2,6,0.265,"1","T"
"X3059",25.2,2,7,0.329,"1","T"
"X3059",25.2,8,0,1.08074998899998,"1","T"
"X3059",25.2,8,1,0.986583373666727,"1","T"
"X3059",25.2,8,2,1.20241667033334,"1","T"
"X3059",25.2,8,3,0.818000088000131,"1","T"
"X3059",25.2,8,4,1.06866663733329,"1","T"
"X3059",25.2,8,5,1.10958332966666,"1","T"
"X3059",25.2,8,6,1.15416679133352,"1","T"
"X3059",25.2,8,7,1.41691669233337,"1","T"
"X3059",25.2,20,0,3.29494443437478,"1","T"
"X3059",25.2,20,1,3.16453758263551,"1","T"
"X3059",25.2,20,2,3.86535184497633,"1","T"
"X3059",25.2,20,3,2.56874076586077,"1","T"
"X3059",25.2,20,4,3.33418517148827,"1","T"
"X3059",25.2,20,5,3.31246295624985,"1","T"
"X3059",25.2,20,6,3.9682581797632,"1","T"
"X3059",25.2,20,7,4.47483420432703,"1","T"
"X3059",25.2,26,0,5.1300824168268,"1","T"
"X3059",25.2,26,1,4.80780054992442,"1","T"
"X3059",25.2,26,2,6.14260349779476,"1","T"
"X3059",25.2,26,3,3.83490795861005,"1","T"
"X3059",25.2,26,4,5.11106695420596,"1","T"
"X3059",25.2,26,5,5.07089875938685,"1","T"
"X3059",25.2,26,6,6.00602950361587,"1","T"
"X3059",25.2,26,7,6.71408738410847,"1","T"
"X3059",25.2,32,0,7.75585732420745,"1","T"
"X3059",25.2,32,1,6.99566957099089,"1","T"
"X3059",25.2,32,2,9.41113307876313,"1","T"
"X3059",25.2,32,3,5.67728264937606,"1","T"
"X3059",25.2,32,4,7.62403532421298,"1","T"
"X3059",25.2,32,5,7.53560713044274,"1","T"
"X3059",25.2,32,6,8.4532139030132,"1","T"
"X3059",25.2,32,7,9.74362017846695,"1","T"
"X3059",25.2,44,0,16.5725946769872,"1","T"
"X3059",25.2,44,1,13.9554752409868,"1","T"
"X3059",25.2,44,2,19.925768274194,"1","T"
"X3059",25.2,44,3,12.1670521582477,"1","T"
"X3059",25.2,44,4,15.8352394576435,"1","T"
"X3059",25.2,44,5,13.8244011494226,"1","T"
"X3059",25.2,44,6,17.34732506286,"1","T"
"X3059",25.2,44,7,19.2844444175913,"1","T"
"X3059",25.2,50,0,23.4697160993217,"1","T"
"X3059",25.2,50,1,19.1371109908416,"1","T"
"X3059",25.2,50,2,27.8094112335048,"1","T"
"X3059",25.2,50,3,17.5172566289936,"1","T"
"X3059",25.2,50,4,22.120097213429,"1","T"
"X3059",25.2,50,5,17.6231932066835,"1","T"
"X3059",25.2,50,6,25.0243318721522,"1","T"
"X3059",25.2,50,7,26.2928669454939,"1","T"
"X3059",25.2,56,0,32.3293095178567,"1","T"
"X3059",25.2,56,1,25.557909321264,"1","T"
"X3059",25.2,56,2,37.2434564319862,"1","T"
"X3059",25.2,56,3,24.0376907914522,"1","T"
"X3059",25.2,56,4,29.5623809880078,"1","T"
"X3059",25.2,56,5,23.5458137481768,"1","T"
"X3059",25.2,56,6,33.5387225080482,"1","T"
"X3059",25.2,56,7,33.9266419342053,"1","T"
"X3059",25.2,68,0,53.427484688021,"1","T"
"X3059",25.2,68,1,40.4296236034801,"1","T"
"X3059",25.2,68,2,59.2161607120805,"1","T"
"X3059",25.2,68,3,39.8290060983222,"1","T"
"X3059",25.2,68,4,46.669924676453,"1","T"
"X3059",25.2,68,5,44.0033618852488,"1","T"
"X3059",25.2,68,6,50.3535523254108,"1","T"
"X3059",25.2,68,7,50.785985980887,"1","T"
"X3059",25.2,74,0,64.7672220505168,"1","T"
"X3059",25.2,74,1,48.532564467691,"1","T"
"X3059",25.2,74,2,70.4817993487339,"1","T"
"X3059",25.2,74,3,49.1873098074779,"1","T"
"X3059",25.2,74,4,56.1707607924912,"1","T"
"X3059",25.2,74,5,55.1468409740005,"1","T"
"X3059",25.2,74,6,57.6238064937363,"1","T"
"X3059",25.2,74,7,60.1383734570732,"1","T"
"X3059",25.2,80,0,76.7157174527269,"1","T"
"X3059",25.2,80,1,57.2327425010366,"1","T"
"X3059",25.2,80,2,82.6450792763268,"1","T"
"X3059",25.2,80,3,59.3015532541755,"1","T"
"X3059",25.2,80,4,65.9965689230431,"1","T"
"X3059",25.2,80,5,66.9110922165866,"1","T"
"X3059",25.2,80,6,65.8416245339976,"1","T"
"X3059",25.2,80,7,70.1358228296146,"1","T"
"X3059",25.2,92,0,100.88476829936,"1","T"
"X3059",25.2,92,1,75.5986987434476,"1","T"
"X3059",25.2,92,2,106.756122907934,"1","T"
"X3059",25.2,92,3,80.8836420434801,"1","T"
"X3059",25.2,92,4,86.296747408121,"1","T"
"X3059",25.2,92,5,91.2889000645031,"1","T"
"X3059",25.2,92,6,82.6137998092055,"1","T"
"X3059",25.2,92,7,90.9528083879105,"1","T"
"X3059",25.2,98,0,113.1357331125,"1","T"
"X3059",25.2,98,1,85.344136557455,"1","T"
"X3059",25.2,98,2,119.011007068843,"1","T"
"X3059",25.2,98,3,92.2874621983439,"1","T"
"X3059",25.2,98,4,96.7798603115422,"1","T"
"X3059",25.2,98,5,103.844820046468,"1","T"
"X3059",25.2,98,6,91.9775527915003,"1","T"
"X3059",25.2,98,7,101.984847536224,"1","T"
"X3059",25.2,104,0,125.589681258542,"1","T"
"X3059",25.2,104,1,95.7179501050201,"1","T"
"X3059",25.2,104,2,131.449228052312,"1","T"
"X3059",25.2,104,3,104.340672254095,"1","T"
"X3059",25.2,104,4,107.631422576541,"1","T"
"X3059",25.2,104,5,116.440928673157,"1","T"
"X3059",25.2,104,6,100.867488280111,"1","T"
"X3059",25.2,104,7,113.313172949145,"1","T"
"X3059",25.2,127,0,173.649760982171,"1","T"
"X3059",25.2,127,1,137.610128367948,"1","T"
"X3059",25.2,127,2,178.846514086291,"1","T"
"X3059",25.2,127,3,152.261853572721,"1","T"
"X3059",25.2,127,4,150.74615366213,"1","T"
"X3059",25.2,127,5,165.42457494809,"1","T"
"X3059",25.2,127,6,133.819922597624,"1","T"
"X3059",25.2,127,7,157.328006190635,"1","T"
"X3059",25.2,151,0,224.208805485106,"1","T"
"X3059",25.2,151,1,182.994641333985,"1","T"
"X3059",25.2,151,2,230.132752437911,"1","T"
"X3059",25.2,151,3,203.476185580606,"1","T"
"X3059",25.2,151,4,197.68270472393,"1","T"
"X3059",25.2,151,5,218.394740799135,"1","T"
"X3059",25.2,151,6,167.558449851608,"1","T"
"X3059",25.2,151,7,204.044041841711,"1","T"
"X3059",25.2,164,0,251.706973588101,"1","T"
"X3059",25.2,164,1,211.045758781535,"1","T"
"X3059",25.2,164,2,257.82867049823,"1","T"
"X3059",25.2,164,3,231.388239508378,"1","T"
"X3059",25.2,164,4,223.424604600465,"1","T"
"X3059",25.2,164,5,247.493097059275,"1","T"
"X3059",25.2,164,6,188.901218065904,"1","T"
"X3059",25.2,164,7,229.381222632051,"1","T"
"X3059",25.3,0,0,0,"4","M"
"X3059",25.3,0,1,0,"4","M"
"X3059",25.3,0,2,0,"4","M"
"X3059",25.3,0,3,0,"4","M"
"X3059",25.3,0,4,0,"4","M"
"X3059",25.3,0,5,0,"4","M"
"X3059",25.3,0,6,0,"4","M"
"X3059",25.3,0,7,0,"4","M"
"X3059",25.3,4,0,0.534,"4","M"
"X3059",25.3,4,1,0.39,"4","M"
"X3059",25.3,4,2,0.584,"4","M"
"X3059",25.3,4,3,0.496,"4","M"
"X3059",25.3,4,4,0.354,"4","M"
"X3059",25.3,4,5,0.53,"4","M"
"X3059",25.3,4,6,0.496,"4","M"
"X3059",25.3,4,7,0.728,"4","M"
"X3059",25.3,10,0,1.38770838643069,"4","M"
"X3059",25.3,10,1,1.03445842466078,"4","M"
"X3059",25.3,10,2,1.62008345651919,"4","M"
"X3059",25.3,10,3,1.33766678560474,"4","M"
"X3059",25.3,10,4,1.18954213604728,"4","M"
"X3059",25.3,10,5,1.63637537592927,"4","M"
"X3059",25.3,10,6,1.50650017840711,"4","M"
"X3059",25.3,10,7,1.96900005097346,"4","M"
"X3059",25.3,22,0,3.64322001584933,"4","M"
"X3059",25.3,22,1,3.14209767868757,"4","M"
"X3059",25.3,22,2,6.00322165977126,"4","M"
"X3059",25.3,22,3,4.23466997408338,"4","M"
"X3059",25.3,22,4,5.69482663559497,"4","M"
"X3059",25.3,22,5,6.37023151774674,"4","M"
"X3059",25.3,22,6,5.43201599321258,"4","M"
"X3059",25.3,22,7,5.75873193385475,"4","M"
"X3059",25.3,28,0,5.19611559786283,"4","M"
"X3059",25.3,28,1,4.89928316690135,"4","M"
"X3059",25.3,28,2,10.2562188996076,"4","M"
"X3059",25.3,28,3,6.65460113989793,"4","M"
"X3059",25.3,28,4,9.66298365766843,"4","M"
"X3059",25.3,28,5,10.2375209040888,"4","M"
"X3059",25.3,28,6,8.75274385209118,"4","M"
"X3059",25.3,28,7,8.86029078275243,"4","M"
"X3059",25.3,34,0,7.29118469173056,"4","M"
"X3059",25.3,34,1,7.89579965706091,"4","M"
"X3059",25.3,34,2,15.4628532531117,"4","M"
"X3059",25.3,34,3,10.3848579117573,"4","M"
"X3059",25.3,34,4,15.1911002046819,"4","M"
"X3059",25.3,34,5,15.9285190916273,"4","M"
"X3059",25.3,34,6,13.9640690952446,"4","M"
"X3059",25.3,34,7,13.906467128147,"4","M"
"X3059",25.3,46,0,14.5397751705771,"4","M"
"X3059",25.3,46,1,19.8624228278183,"4","M"
"X3059",25.3,46,2,27.4859031365737,"4","M"
"X3059",25.3,46,3,22.3429833185454,"4","M"
"X3059",25.3,46,4,29.7241251894887,"4","M"
"X3059",25.3,46,5,33.4370808302855,"4","M"
"X3059",25.3,46,6,28.2486523155483,"4","M"
"X3059",25.3,46,7,27.4459601300201,"4","M"
"X3059",25.3,52,0,20.4522631542671,"4","M"
"X3059",25.3,52,1,29.4919582375286,"4","M"
"X3059",25.3,52,2,35.5384421733934,"4","M"
"X3059",25.3,52,3,30.1281574565968,"4","M"
"X3059",25.3,52,4,39.129949908056,"4","M"
"X3059",25.3,52,5,44.9464048687655,"4","M"
"X3059",25.3,52,6,36.5653647709097,"4","M"
"X3059",25.3,52,7,34.5055968498297,"4","M"
"X3059",25.3,58,0,28.0064149692971,"4","M"
"X3059",25.3,58,1,40.2528854823307,"4","M"
"X3059",25.3,58,2,43.4363779070608,"4","M"
"X3059",25.3,58,3,39.6416743286977,"4","M"
"X3059",25.3,58,4,48.5567880520288,"4","M"
"X3059",25.3,58,5,56.4141441729502,"4","M"
"X3059",25.3,58,6,46.7492162479628,"4","M"
"X3059",25.3,58,7,43.5784876132237,"4","M"
"X3059",25.3,70,0,47.0813280019222,"4","M"
"X3059",25.3,70,1,61.8904104946949,"4","M"
"X3059",25.3,70,2,60.635626981358,"4","M"
"X3059",25.3,70,3,60.0334303997537,"4","M"
"X3059",25.3,70,4,70.6140476258358,"4","M"
"X3059",25.3,70,5,79.2797432831261,"4","M"
"X3059",25.3,70,6,68.2074128033692,"4","M"
"X3059",25.3,70,7,62.2184168366285,"4","M"
"X3059",25.3,76,0,58.6247062570296,"4","M"
"X3059",25.3,76,1,71.6897233123885,"4","M"
"X3059",25.3,76,2,70.3469138091873,"4","M"
"X3059",25.3,76,3,70.5282462988048,"4","M"
"X3059",25.3,76,4,82.6668239258102,"4","M"
"X3059",25.3,76,5,90.4794184212557,"4","M"
"X3059",25.3,76,6,78.3590969192403,"4","M"
"X3059",25.3,76,7,72.0951324555395,"4","M"
"X3059",25.3,82,0,70.3839265020616,"4","M"
"X3059",25.3,82,1,82.5886043384624,"4","M"
"X3059",25.3,82,2,79.9813905388241,"4","M"
"X3059",25.3,82,3,81.8411445552758,"4","M"
"X3059",25.3,82,4,95.2955478615578,"4","M"
"X3059",25.3,82,5,101.547394223899,"4","M"
"X3059",25.3,82,6,88.6038076874173,"4","M"
"X3059",25.3,82,7,82.1054611399066,"4","M"
"X3059",25.3,94,0,94.3083011940208,"4","M"
"X3059",25.3,94,1,102.095020341928,"4","M"
"X3059",25.3,94,2,99.7307992974196,"4","M"
"X3059",25.3,94,3,105.567211130089,"4","M"
"X3059",25.3,94,4,119.678316277794,"4","M"
"X3059",25.3,94,5,122.532270925536,"4","M"
"X3059",25.3,94,6,112.319663690134,"4","M"
"X3059",25.3,94,7,102.439860591697,"4","M"
"X3059",25.3,100,0,106.391834687858,"4","M"
"X3059",25.3,100,1,112.451793620073,"4","M"
"X3059",25.3,100,2,109.232858465327,"4","M"
"X3059",25.3,100,3,117.3739125988,"4","M"
"X3059",25.3,100,4,132.445838879827,"4","M"
"X3059",25.3,100,5,132.462705908226,"4","M"
"X3059",25.3,100,6,123.458343333861,"4","M"
"X3059",25.3,100,7,112.87149606973,"4","M"
"X3059",25.3,106,0,118.48204648034,"4","M"
"X3059",25.3,106,1,123.906613643711,"4","M"
"X3059",25.3,106,2,118.758282302827,"4","M"
"X3059",25.3,106,3,128.961355394788,"4","M"
"X3059",25.3,106,4,144.793182773923,"4","M"
"X3059",25.3,106,5,142.071106443964,"4","M"
"X3059",25.3,106,6,134.693242430169,"4","M"
"X3059",25.3,106,7,123.172726966095,"4","M"
"X3059",28,0,0,0,"3","M"
"X3059",28,0,1,0,"3","M"
"X3059",28,0,2,0,"3","M"
"X3059",28,0,3,0,"3","M"
"X3059",28,0,4,0,"3","M"
"X3059",28,0,5,0,"3","M"
"X3059",28,0,6,0,"3","M"
"X3059",28,0,7,0,"3","M"
"X3059",28,4,0,0.562,"3","M"
"X3059",28,4,1,0.552,"3","M"
"X3059",28,4,2,0.888,"3","M"
"X3059",28,4,3,0.674,"3","M"
"X3059",28,4,4,0.692,"3","M"
"X3059",28,4,5,0.774,"3","M"
"X3059",28,4,6,0.746,"3","M"
"X3059",28,4,7,0.8,"3","M"
"X3059",28,10,0,1.53504185569325,"3","M"
"X3059",28,10,1,1.4615836349263,"3","M"
"X3059",28,10,2,2.21716732082607,"3","M"
"X3059",28,10,3,1.92962533769917,"3","M"
"X3059",28,10,4,1.64841712967559,"3","M"
"X3059",28,10,5,1.98220866678472,"3","M"
"X3059",28,10,6,1.99695855209443,"3","M"
"X3059",28,10,7,1.9033339280237,"3","M"
"X3059",28,22,0,5.41382202502509,"3","M"
"X3059",28,22,1,5.8162095814856,"3","M"
"X3059",28,22,2,8.42157557512724,"3","M"
"X3059",28,22,3,8.24206707661806,"3","M"
"X3059",28,22,4,5.56785236807506,"3","M"
"X3059",28,22,5,7.13728209815586,"3","M"
"X3059",28,22,6,6.83285098107438,"3","M"
"X3059",28,22,7,6.62685723447271,"3","M"
"X3059",28,28,0,9.0731587766416,"3","M"
"X3059",28,28,1,10.4098816792295,"3","M"
"X3059",28,28,2,14.3994034357685,"3","M"
"X3059",28,28,3,14.7946928648925,"3","M"
"X3059",28,28,4,9.31542589679223,"3","M"
"X3059",28,28,5,12.2194164952986,"3","M"
"X3059",28,28,6,11.3955358008456,"3","M"
"X3059",28,28,7,11.0096027887857,"3","M"
"X3059",28,34,0,15.0903607148572,"3","M"
"X3059",28,34,1,17.7091377509062,"3","M"
"X3059",28,34,2,22.4462763762832,"3","M"
"X3059",28,34,3,23.3255286282515,"3","M"
"X3059",28,34,4,15.5249799355292,"3","M"
"X3059",28,34,5,19.5861858020754,"3","M"
"X3059",28,34,6,18.5477195589856,"3","M"
"X3059",28,34,7,17.1271550415003,"3","M"
"X3059",28,46,0,32.3797395381683,"3","M"
"X3059",28,46,1,35.2502463507012,"3","M"
"X3059",28,46,2,42.097619942333,"3","M"
"X3059",28,46,3,41.0031011144125,"3","M"
"X3059",28,46,4,31.7008675406304,"3","M"
"X3059",28,46,5,36.7941109664651,"3","M"
"X3059",28,46,6,37.3533252602137,"3","M"
"X3059",28,46,7,30.1592979044191,"3","M"
"X3059",28,52,0,42.5565040142345,"3","M"
"X3059",28,52,1,45.6290176447257,"3","M"
"X3059",28,52,2,54.3868190328,"3","M"
"X3059",28,52,3,53.3898373537419,"3","M"
"X3059",28,52,4,41.3968199055123,"3","M"
"X3059",28,52,5,45.6246494962802,"3","M"
"X3059",28,52,6,47.8780077248989,"3","M"
"X3059",28,52,7,36.3896113353451,"3","M"
"X3059",28,58,0,52.9151310496855,"3","M"
"X3059",28,58,1,57.7357126573364,"3","M"
"X3059",28,58,2,66.5401418779555,"3","M"
"X3059",28,58,3,64.6709064005529,"3","M"
"X3059",28,58,4,54.4098136344499,"3","M"
"X3059",28,58,5,56.5036007544556,"3","M"
"X3059",28,58,6,59.3977092022027,"3","M"
"X3059",28,58,7,45.2020334463454,"3","M"
"X3059",28,70,0,73.6329664804828,"3","M"
"X3059",28,70,1,80.0286140354965,"3","M"
"X3059",28,70,2,91.9300502084025,"3","M"
"X3059",28,70,3,85.6311257221722,"3","M"
"X3059",28,70,4,75.9877301327369,"3","M"
"X3059",28,70,5,80.5669198991984,"3","M"
"X3059",28,70,6,82.9681180749501,"3","M"
"X3059",28,70,7,65.2751885980593,"3","M"
"X3059",28,76,0,84.5878041202026,"3","M"
"X3059",28,76,1,91.4613453566665,"3","M"
"X3059",28,76,2,104.13632364292,"3","M"
"X3059",28,76,3,96.7218118712739,"3","M"
"X3059",28,76,4,87.257041063956,"3","M"
"X3059",28,76,5,91.347161035935,"3","M"
"X3059",28,76,6,93.1819754913926,"3","M"
"X3059",28,76,7,73.9974620170273,"3","M"
"X3059",28,82,0,95.5770138593866,"3","M"
"X3059",28,82,1,102.935784051154,"3","M"
"X3059",28,82,2,116.742467532266,"3","M"
"X3059",28,82,3,107.539875246474,"3","M"
"X3059",28,82,4,98.4995426876981,"3","M"
"X3059",28,82,5,102.04011359103,"3","M"
"X3059",28,82,6,104.809557170978,"3","M"
"X3059",28,82,7,82.1468076803487,"3","M"
"X3059",28,94,0,118.085027129971,"3","M"
"X3059",28,94,1,126.195575488097,"3","M"
"X3059",28,94,2,141.749358346054,"3","M"
"X3059",28,94,3,128.667003562877,"3","M"
"X3059",28,94,4,121.363292611372,"3","M"
"X3059",28,94,5,123.193559420522,"3","M"
"X3059",28,94,6,127.99486743877,"3","M"
"X3059",28,94,7,97.6579539928443,"3","M"
"X3059",28,100,0,128.968863657682,"3","M"
"X3059",28,100,1,137.724665788832,"3","M"
"X3059",28,100,2,154.082901727609,"3","M"
"X3059",28,100,3,139.230178288747,"3","M"
"X3059",28,100,4,132.49010884732,"3","M"
"X3059",28,100,5,133.042651707718,"3","M"
"X3059",28,100,6,139.229030768425,"3","M"
"X3059",28,100,7,104.467658495087,"3","M"
"X3059",28,106,0,139.938287504406,"3","M"
"X3059",28,106,1,149.003499703116,"3","M"
"X3059",28,106,2,166.371895815614,"3","M"
"X3059",28,106,3,149.599336560198,"3","M"
"X3059",28,106,4,143.225419061089,"3","M"
"X3059",28,106,5,142.40580870746,"3","M"
"X3059",28,106,6,150.582188329864,"3","M"
"X3059",28,106,7,111.195213033246,"3","M"
"X3059",30,0,0,0,"2","B"
"X3059",30,0,1,0,"2","B"
"X3059",30,0,2,0,"2","B"
"X3059",30,0,3,0,"2","B"
"X3059",30,0,4,0,"2","B"
"X3059",30,0,5,0,"2","B"
"X3059",30,0,6,0,"2","B"
"X3059",30,0,7,0,"2","B"
"X3059",30,4,0,0.376,"2","B"
"X3059",30,4,1,0.442,"2","B"
"X3059",30,4,2,0.618,"2","B"
"X3059",30,4,3,0.482,"2","B"
"X3059",30,4,4,0.476,"2","B"
"X3059",30,4,5,0.588,"2","B"
"X3059",30,4,6,0.73,"2","B"
"X3059",30,4,7,0.634,"2","B"
"X3059",30,10,0,1.04058343103246,"2","B"
"X3059",30,10,1,1.24629166454277,"2","B"
"X3059",30,10,2,1.90887499362832,"2","B"
"X3059",30,10,3,1.38445842466078,"2","B"
"X3059",30,10,4,1.50583354572275,"2","B"
"X3059",30,10,5,1.99991654348081,"2","B"
"X3059",30,10,6,2.06879179197642,"2","B"
"X3059",30,10,7,1.87229186843661,"2","B"
"X3059",30,22,0,3.10989346768946,"2","B"
"X3059",30,22,1,4.08313156805418,"2","B"
"X3059",30,22,2,8.05185877399786,"2","B"
"X3059",30,22,3,4.97059834305765,"2","B"
"X3059",30,22,4,6.76858727778367,"2","B"
"X3059",30,22,5,8.15057372451377,"2","B"
"X3059",30,22,6,7.63195372044641,"2","B"
"X3059",30,22,7,6.97358405312099,"2","B"
"X3059",30,28,0,4.60636052574504,"2","B"
"X3059",30,28,1,6.88046340997736,"2","B"
"X3059",30,28,2,14.3551776152878,"2","B"
"X3059",30,28,3,8.46179149705606,"2","B"
"X3059",30,28,4,12.1841795620928,"2","B"
"X3059",30,28,5,14.7566420365122,"2","B"
"X3059",30,28,6,13.1194545345763,"2","B"
"X3059",30,28,7,11.6683292021127,"2","B"
"X3059",30,34,0,6.81096737487726,"2","B"
"X3059",30,34,1,11.4380672160838,"2","B"
"X3059",30,34,2,21.698519398821,"2","B"
"X3059",30,34,3,14.4628551083924,"2","B"
"X3059",30,34,4,19.1042077628203,"2","B"
"X3059",30,34,5,23.7736826484534,"2","B"
"X3059",30,34,6,20.0695327826031,"2","B"
"X3059",30,34,7,18.0031108382734,"2","B"
"X3059",30,46,0,14.47826552391,"2","B"
"X3059",30,46,1,23.0105252820009,"2","B"
"X3059",30,46,2,35.980327524661,"2","B"
"X3059",30,46,3,28.3835706952941,"2","B"
"X3059",30,46,4,31.1085543812203,"2","B"
"X3059",30,46,5,36.0421196425541,"2","B"
"X3059",30,46,6,33.8905381067219,"2","B"
"X3059",30,46,7,31.0052165323177,"2","B"
"X3059",30,52,0,20.365070307892,"2","B"
"X3059",30,52,1,31.2949934448345,"2","B"
"X3059",30,52,2,44.1175044934156,"2","B"
"X3059",30,52,3,34.3277266331774,"2","B"
"X3059",30,52,4,38.8791081323624,"2","B"
"X3059",30,52,5,44.3380861958006,"2","B"
"X3059",30,52,6,43.5579329088288,"2","B"
"X3059",30,52,7,38.7600938501879,"2","B"
"X3059",30,58,0,27.2206047754696,"2","B"
"X3059",30,58,1,40.0505631739794,"2","B"
"X3059",30,58,2,52.7080057609301,"2","B"
"X3059",30,58,3,44.5968209309563,"2","B"
"X3059",30,58,4,46.9857608923404,"2","B"
"X3059",30,58,5,52.0361555719663,"2","B"
"X3059",30,58,6,53.7710552251841,"2","B"
"X3059",30,58,7,47.9514588319144,"2","B"
"X3059",30,70,0,42.0472840550681,"2","B"
"X3059",30,70,1,59.7969921961979,"2","B"
"X3059",30,70,2,70.6238126926343,"2","B"
"X3059",30,70,3,72.83511825705,"2","B"
"X3059",30,70,4,64.473232035035,"2","B"
"X3059",30,70,5,67.1749319326176,"2","B"
"X3059",30,70,6,74.1269972508829,"2","B"
"X3059",30,70,7,65.5419647861797,"2","B"
"X3059",30,76,0,50.2520206975529,"2","B"
"X3059",30,76,1,71.7767515131717,"2","B"
"X3059",30,76,2,78.5497669755416,"2","B"
"X3059",30,76,3,85.8286262958426,"2","B"
"X3059",30,76,4,73.1228555420216,"2","B"
"X3059",30,76,5,74.8216354351217,"2","B"
"X3059",30,76,6,85.5992474945312,"2","B"
"X3059",30,76,7,73.816710608055,"2","B"
"X3059",30,82,0,59.989176460126,"2","B"
"X3059",30,82,1,83.2276762659039,"2","B"
"X3059",30,82,2,87.6137597694177,"2","B"
"X3059",30,82,3,98.9859204463601,"2","B"
"X3059",30,82,4,82.0969293985992,"2","B"
"X3059",30,82,5,82.6386610663005,"2","B"
"X3059",30,82,6,96.7898008644216,"2","B"
"X3059",30,82,7,84.3677112447312,"2","B"
"X3059",30,94,0,81.4608458048884,"2","B"
"X3059",30,94,1,103.771250794601,"2","B"
"X3059",30,94,2,106.123892532931,"2","B"
"X3059",30,94,3,124.496583159787,"2","B"
"X3059",30,94,4,99.1910388859551,"2","B"
"X3059",30,94,5,98.2938945044783,"2","B"
"X3059",30,94,6,119.864178852198,"2","B"
"X3059",30,94,7,104.606646744316,"2","B"
"X3059",30,100,0,92.5466545374194,"2","B"
"X3059",30,100,1,113.13585323864,"2","B"
"X3059",30,100,2,116.140564344824,"2","B"
"X3059",30,100,3,137.662506587925,"2","B"
"X3059",30,100,4,107.921980066435,"2","B"
"X3059",30,100,5,108.147865859057,"2","B"
"X3059",30,100,6,132.624472177002,"2","B"
"X3059",30,100,7,114.58043995552,"2","B"
"X3059",30,106,0,103.749696560912,"2","B"
"X3059",30,106,1,123.986861397699,"2","B"
"X3059",30,106,2,126.606442738003,"2","B"
"X3059",30,106,3,150.40253367153,"2","B"
"X3059",30,106,4,117.485463744215,"2","B"
"X3059",30,106,5,117.771281862251,"2","B"
"X3059",30,106,6,144.64583098399,"2","B"
"X3059",30,106,7,124.310967124651,"2","B"
"X3059",32,0,0,0,"3","T"
"X3059",32,0,1,0,"3","T"
"X3059",32,0,2,0,"3","T"
"X3059",32,0,3,0,"3","T"
"X3059",32,0,4,0,"3","T"
"X3059",32,0,5,0,"3","T"
"X3059",32,0,6,0,"3","T"
"X3059",32,0,7,0,"3","T"
"X3059",32,4,0,0.966,"3","T"
"X3059",32,4,1,0.812,"3","T"
"X3059",32,4,2,0.612,"3","T"
"X3059",32,4,3,0.75,"3","T"
"X3059",32,4,4,0.76,"3","T"
"X3059",32,4,5,0.676,"3","T"
"X3059",32,4,6,0.708,"3","T"
"X3059",32,4,7,0.702,"3","T"
"X3059",32,10,0,2.07212501322405,"3","T"
"X3059",32,10,1,1.96266667616788,"3","T"
"X3059",32,10,2,1.94066688755166,"3","T"
"X3059",32,10,3,1.88962559256647,"3","T"
"X3059",32,10,4,2.02608366041303,"3","T"
"X3059",32,10,5,1.82508396625379,"3","T"
"X3059",32,10,6,2.01750038230095,"3","T"
"X3059",32,10,7,1.84279209781718,"3","T"
"X3059",32,22,0,7.07998234270646,"3","T"
"X3059",32,22,1,7.56654610906263,"3","T"
"X3059",32,22,2,7.76082101310689,"3","T"
"X3059",32,22,3,7.77191995252147,"3","T"
"X3059",32,22,4,7.40352708766115,"3","T"
"X3059",32,22,5,6.25090841945507,"3","T"
"X3059",32,22,6,7.76202863548881,"3","T"
"X3059",32,22,7,7.36770765155651,"3","T"
"X3059",32,28,0,11.0851590139006,"3","T"
"X3059",32,28,1,13.1616930120555,"3","T"
"X3059",32,28,2,13.4510472686198,"3","T"
"X3059",32,28,3,13.8390386693237,"3","T"
"X3059",32,28,4,12.4503853208851,"3","T"
"X3059",32,28,5,9.99932305468081,"3","T"
"X3059",32,28,6,12.6092374485684,"3","T"
"X3059",32,28,7,12.2192951728272,"3","T"
"X3059",32,34,0,15.4342481608022,"3","T"
"X3059",32,34,1,20.884563102105,"3","T"
"X3059",32,34,2,21.962505468136,"3","T"
"X3059",32,34,3,21.432610929413,"3","T"
"X3059",32,34,4,18.6747390895302,"3","T"
"X3059",32,34,5,16.0679524359059,"3","T"
"X3059",32,34,6,17.015712053747,"3","T"
"X3059",32,34,7,15.4825542000721,"3","T"
"X3059",32,46,0,27.4958615591331,"3","T"
"X3059",32,46,1,31.9616586918547,"3","T"
"X3059",32,46,2,36.1906862220124,"3","T"
"X3059",32,46,3,34.459798285346,"3","T"
"X3059",32,46,4,31.4446602763005,"3","T"
"X3059",32,46,5,25.1487444355955,"3","T"
"X3059",32,46,6,29.4987846135775,"3","T"
"X3059",32,46,7,20.8783520561925,"3","T"
"X3059",32,52,0,38.7495395832083,"3","T"
"X3059",32,52,1,40.7760334611272,"3","T"
"X3059",32,52,2,43.1390361305193,"3","T"
"X3059",32,52,3,42.2356784971574,"3","T"
"X3059",32,52,4,38.4349806659192,"3","T"
"X3059",32,52,5,31.2477408307305,"3","T"
"X3059",32,52,6,40.8400937158473,"3","T"
"X3059",32,52,7,24.9282172307766,"3","T"
"X3059",32,58,0,49.1827329953169,"3","T"
"X3059",32,58,1,50.3408923986223,"3","T"
"X3059",32,58,2,51.0847189911266,"3","T"
"X3059",32,58,3,49.7766890952304,"3","T"
"X3059",32,58,4,45.1830675474222,"3","T"
"X3059",32,58,5,36.5570597440158,"3","T"
"X3059",32,58,6,50.9858211577678,"3","T"
"X3059",32,58,7,31.1275078219333,"3","T"
"X3059",32,70,0,71.0535276804257,"3","T"
"X3059",32,70,1,71.7922802804121,"3","T"
"X3059",32,70,2,69.1290476267179,"3","T"
"X3059",32,70,3,69.2761158940809,"3","T"
"X3059",32,70,4,62.7069259302137,"3","T"
"X3059",32,70,5,51.0884605501835,"3","T"
"X3059",32,70,6,72.2565086678894,"3","T"
"X3059",32,70,7,48.2842132636888,"3","T"
"X3059",32,76,0,82.51132435016,"3","T"
"X3059",32,76,1,84.6527558547219,"3","T"
"X3059",32,76,2,80.0789894577523,"3","T"
"X3059",32,76,3,81.0573443482192,"3","T"
"X3059",32,76,4,73.5540540461303,"3","T"
"X3059",32,76,5,61.8016424945157,"3","T"
"X3059",32,76,6,83.1023002419475,"3","T"
"X3059",32,76,7,59.7140421024628,"3","T"
"X3059",32,82,0,93.7039859508654,"3","T"
"X3059",32,82,1,97.4703805622146,"3","T"
"X3059",32,82,2,91.1817908407384,"3","T"
"X3059",32,82,3,93.022789944542,"3","T"
"X3059",32,82,4,84.3638237697129,"3","T"
"X3059",32,82,5,71.4003195922497,"3","T"
"X3059",32,82,6,94.9690325477832,"3","T"
"X3059",32,82,7,68.7003506771924,"3","T"
"X3059",32,94,0,117.997932445126,"3","T"
"X3059",32,94,1,124.309632890859,"3","T"
"X3059",32,94,2,115.248261450841,"3","T"
"X3059",32,94,3,118.11143731226,"3","T"
"X3059",32,94,4,107.260711791134,"3","T"
"X3059",32,94,5,91.8404995791425,"3","T"
"X3059",32,94,6,120.301595843218,"3","T"
"X3059",32,94,7,89.1569937601096,"3","T"
"X3059",32,100,0,131.493436340634,"3","T"
"X3059",32,100,1,137.330108928371,"3","T"
"X3059",32,100,2,128.24022693976,"3","T"
"X3059",32,100,3,130.845880138145,"3","T"
"X3059",32,100,4,118.662363033834,"3","T"
"X3059",32,100,5,103.18557036703,"3","T"
"X3059",32,100,6,133.438642959235,"3","T"
"X3059",32,100,7,97.7008266366175,"3","T"
"X3059",32,106,0,144.512988155519,"3","T"
"X3059",32,106,1,150.209534786479,"3","T"
"X3059",32,106,2,140.950937953322,"3","T"
"X3059",32,106,3,143.680764930323,"3","T"
"X3059",32,106,4,129.909050940049,"3","T"
"X3059",32,106,5,114.33774704306,"3","T"
"X3059",32,106,6,146.092605890366,"3","T"
"X3059",32,106,7,106.113445653407,"3","T"
"X3059",35,0,0,0,"1","M"
"X3059",35,0,1,0,"1","M"
"X3059",35,0,2,0,"1","M"
"X3059",35,0,3,0,"1","M"
"X3059",35,0,4,0,"1","M"
"X3059",35,0,5,0,"1","M"
"X3059",35,0,6,0,"1","M"
"X3059",35,0,7,0,"1","M"
"X3059",35,2,0,0.278,"1","M"
"X3059",35,2,1,0.314,"1","M"
"X3059",35,2,2,0.258,"1","M"
"X3059",35,2,3,0.169,"1","M"
"X3059",35,2,4,0.259,"1","M"
"X3059",35,2,5,0.25,"1","M"
"X3059",35,2,6,0.364,"1","M"
"X3059",35,2,7,0.392,"1","M"
"X3059",35,8,0,1.25975029700044,"1","M"
"X3059",35,8,1,1.40100022000033,"1","M"
"X3059",35,8,2,1.12900022000033,"1","M"
"X3059",35,8,3,0.767583417666792,"1","M"
"X3059",35,8,4,1.22549997799997,"1","M"
"X3059",35,8,5,1.08733353866697,"1","M"
"X3059",35,8,6,1.5459169123337,"1","M"
"X3059",35,8,7,1.77708339566676,"1","M"
"X3059",35,20,0,6.25487108869151,"1","M"
"X3059",35,20,1,5.67911055148879,"1","M"
"X3059",35,20,2,5.5208540501362,"1","M"
"X3059",35,20,3,3.38309400646528,"1","M"
"X3059",35,20,4,4.96551850043643,"1","M"
"X3059",35,20,5,4.20611116876807,"1","M"
"X3059",35,20,6,7.25650415838768,"1","M"
"X3059",35,20,7,6.66746558514614,"1","M"
"X3059",35,26,0,11.202726849898,"1","M"
"X3059",35,26,1,9.71044405493858,"1","M"
"X3059",35,26,2,10.1492932551556,"1","M"
"X3059",35,26,3,6.01082538252155,"1","M"
"X3059",35,26,4,8.32003736355908,"1","M"
"X3059",35,26,5,7.12193929773841,"1","M"
"X3059",35,26,6,13.5645013153501,"1","M"
"X3059",35,26,7,11.031460719218,"1","M"
"X3059",35,32,0,16.7713402762629,"1","M"
"X3059",35,32,1,16.3704239702754,"1","M"
"X3059",35,32,2,16.390723813768,"1","M"
"X3059",35,32,3,10.5214827917078,"1","M"
"X3059",35,32,4,12.4721676047276,"1","M"
"X3059",35,32,5,12.2960619819242,"1","M"
"X3059",35,32,6,22.6322196286384,"1","M"
"X3059",35,32,7,17.6327714785878,"1","M"
"X3059",35,44,0,28.3917087266055,"1","M"
"X3059",35,44,1,32.6564102850337,"1","M"
"X3059",35,44,2,30.4166203947513,"1","M"
"X3059",35,44,3,26.0246996066435,"1","M"
"X3059",35,44,4,22.2778844233831,"1","M"
"X3059",35,44,5,23.7071436439041,"1","M"
"X3059",35,44,6,39.920842809409,"1","M"
"X3059",35,44,7,34.2636748671755,"1","M"
"X3059",35,50,0,36.6391386511405,"1","M"
"X3059",35,50,1,41.9808541386737,"1","M"
"X3059",35,50,2,38.6946148401087,"1","M"
"X3059",35,50,3,36.7946028602331,"1","M"
"X3059",35,50,4,26.5832339597069,"1","M"
"X3059",35,50,5,29.6447525778631,"1","M"
"X3059",35,50,6,48.427026502902,"1","M"
"X3059",35,50,7,43.4935809839332,"1","M"
"X3059",35,56,0,42.9221335913479,"1","M"
"X3059",35,56,1,52.0523104859501,"1","M"
"X3059",35,56,2,46.6756146649171,"1","M"
"X3059",35,56,3,47.8674852693453,"1","M"
"X3059",35,56,4,31.4297106231226,"1","M"
"X3059",35,56,5,35.7807898554873,"1","M"
"X3059",35,56,6,56.2245797721095,"1","M"
"X3059",35,56,7,52.5502322739716,"1","M"
"X3059",35,68,0,57.1386370702174,"1","M"
"X3059",35,68,1,72.3215970300769,"1","M"
"X3059",35,68,2,63.942815216757,"1","M"
"X3059",35,68,3,70.8752649348159,"1","M"
"X3059",35,68,4,37.700620223809,"1","M"
"X3059",35,68,5,47.2390459359356,"1","M"
"X3059",35,68,6,72.4599456168948,"1","M"
"X3059",35,68,7,70.4018642592591,"1","M"
"X3059",35,74,0,66.0075195855243,"1","M"
"X3059",35,74,1,82.2023527229813,"1","M"
"X3059",35,74,2,73.635949589873,"1","M"
"X3059",35,74,3,82.9026443206517,"1","M"
"X3059",35,74,4,37.0743205401376,"1","M"
"X3059",35,74,5,54.104944845527,"1","M"
"X3059",35,74,6,81.2651298887995,"1","M"
"X3059",35,74,7,79.6318593593494,"1","M"
"X3059",35,80,0,76.3559243081885,"1","M"
"X3059",35,80,1,91.2074424408546,"1","M"
"X3059",35,80,2,81.0945123427101,"1","M"
"X3059",35,80,3,95.4917412738604,"1","M"
"X3059",35,80,4,37.3913190144093,"1","M"
"X3059",35,80,5,62.5096438688376,"1","M"
"X3059",35,80,6,90.6903466228507,"1","M"
"X3059",35,80,7,88.5876716358602,"1","M"
"X3059",35,92,0,101.277795066539,"1","M"
"X3059",35,92,1,111.170658007721,"1","M"
"X3059",35,92,2,94.2291957156496,"1","M"
"X3059",35,92,3,120.973637203227,"1","M"
"X3059",35,92,4,37.8944110463607,"1","M"
"X3059",35,92,5,75.8500064529164,"1","M"
"X3059",35,92,6,113.225681068439,"1","M"
"X3059",35,92,7,106.848589667131,"1","M"
"X3059",35,98,0,114.82387639359,"1","M"
"X3059",35,98,1,120.970581758197,"1","M"
"X3059",35,98,2,100.851866825454,"1","M"
"X3059",35,98,3,133.592589687141,"1","M"
"X3059",35,98,4,38.1880438387848,"1","M"
"X3059",35,98,5,81.0495857791391,"1","M"
"X3059",35,98,6,127.564603041158,"1","M"
"X3059",35,98,7,116.65905472113,"1","M"
"X3059",35,104,0,128.425140550884,"1","M"
"X3059",35,104,1,130.946048869465,"1","M"
"X3059",35,104,2,107.273213999122,"1","M"
"X3059",35,104,3,146.595500976815,"1","M"
"X3059",35,104,4,38.4528450168668,"1","M"
"X3059",35,104,5,86.3782976703166,"1","M"
"X3059",35,104,6,140.75014871018,"1","M"
"X3059",35,104,7,125.361765386562,"1","M"
"X3059",35,127,0,180.320373656704,"1","M"
"X3059",35,127,1,168.875559843742,"1","M"
"X3059",35,127,2,131.203585414945,"1","M"
"X3059",35,127,3,197.727513864078,"1","M"
"X3059",35,127,4,39.5029168132335,"1","M"
"X3059",35,127,5,105.118997119131,"1","M"
"X3059",35,127,6,189.742601260255,"1","M"
"X3059",35,127,7,146.206058614069,"1","M"
"X3059",35,151,0,233.583155230541,"1","M"
"X3059",35,151,1,192.938033543022,"1","M"
"X3059",35,151,2,155.416024552692,"1","M"
"X3059",35,151,3,245.650258311387,"1","M"
"X3059",35,151,4,40.5439612392992,"1","M"
"X3059",35,151,5,130.222408541027,"1","M"
"X3059",35,151,6,240.400047053055,"1","M"
"X3059",35,151,7,143.393148057008,"1","M"
"X3059",35,164,0,262.381947931998,"1","M"
"X3059",35,164,1,191.083297418279,"1","M"
"X3059",35,164,2,168.989713847132,"1","M"
"X3059",35,164,3,270.556866895521,"1","M"
"X3059",35,164,4,41.1149243173978,"1","M"
"X3059",35,164,5,143.718950136112,"1","M"
"X3059",35,164,6,266.96451991035,"1","M"
"X3059",35,164,7,145.217982172119,"1","M"
"X3059",37,0,0,0,"4","B"
"X3059",37,0,1,0,"4","B"
"X3059",37,0,2,0,"4","B"
"X3059",37,0,3,0,"4","B"
"X3059",37,0,4,0,"4","B"
"X3059",37,0,5,0,"4","B"
"X3059",37,0,6,0,"4","B"
"X3059",37,0,7,0,"4","B"
"X3059",37,5,0,1.0075,"4","B"
"X3059",37,5,1,0.9525,"4","B"
"X3059",37,5,2,0.615,"4","B"
"X3059",37,5,3,1.0825,"4","B"
"X3059",37,5,4,0.8475,"4","B"
"X3059",37,5,5,0.6875,"4","B"
"X3059",37,5,6,0.7525,"4","B"
"X3059",37,5,7,0.985,"4","B"
"X3059",37,11,0,2.15913830472139,"4","B"
"X3059",37,11,1,2.20854192142018,"4","B"
"X3059",37,11,2,1.37215460574184,"4","B"
"X3059",37,11,3,2.6075422810722,"4","B"
"X3059",37,11,4,1.99815890577946,"4","B"
"X3059",37,11,5,1.67417090676229,"4","B"
"X3059",37,11,6,1.72754604163179,"4","B"
"X3059",37,11,7,2.27058366301435,"4","B"
"X3059",37,23,0,6.09216895882541,"4","B"
"X3059",37,23,1,5.79801927139455,"4","B"
"X3059",37,23,2,4.58105168500053,"4","B"
"X3059",37,23,3,7.40260060844463,"4","B"
"X3059",37,23,4,6.05426232553976,"4","B"
"X3059",37,23,5,4.48640411216291,"4","B"
"X3059",37,23,6,4.48669509585923,"4","B"
"X3059",37,23,7,6.34675201443429,"4","B"
"X3059",37,29,0,9.10656583554388,"4","B"
"X3059",37,29,1,8.28172700102059,"4","B"
"X3059",37,29,2,7.60367930221133,"4","B"
"X3059",37,29,3,10.6508003506604,"4","B"
"X3059",37,29,4,9.10590126099279,"4","B"
"X3059",37,29,5,6.43854687804839,"4","B"
"X3059",37,29,6,6.3922443159387,"4","B"
"X3059",37,29,7,9.46637241118175,"4","B"
"X3059",37,35,0,13.4321320987044,"4","B"
"X3059",37,35,1,11.3416678831987,"4","B"
"X3059",37,35,2,11.8814726889239,"4","B"
"X3059",37,35,3,15.0253993186064,"4","B"
"X3059",37,35,4,13.1367419508951,"4","B"
"X3059",37,35,5,8.87446205933973,"4","B"
"X3059",37,35,6,8.8415758188923,"4","B"
"X3059",37,35,7,13.2912684225134,"4","B"
"X3059",37,47,0,25.7510593152843,"4","B"
"X3059",37,47,1,19.7306823629222,"4","B"
"X3059",37,47,2,22.6050339447171,"4","B"
"X3059",37,47,3,26.6984644620293,"4","B"
"X3059",37,47,4,24.8611695618778,"4","B"
"X3059",37,47,5,15.3350000029032,"4","B"
"X3059",37,47,6,16.0129368879378,"4","B"
"X3059",37,47,7,22.5108143807844,"4","B"
"X3059",37,53,0,33.1351886697664,"4","B"
"X3059",37,53,1,25.328797336118,"4","B"
"X3059",37,53,2,28.7032235417711,"4","B"
"X3059",37,53,3,33.7383717734011,"4","B"
"X3059",37,53,4,32.3232435212982,"4","B"
"X3059",37,53,5,19.468496516558,"4","B"
"X3059",37,53,6,20.7959166909955,"4","B"
"X3059",37,53,7,27.5990231168093,"4","B"
"X3059",37,59,0,41.159381270941,"4","B"
"X3059",37,59,1,31.6632672241372,"4","B"
"X3059",37,59,2,35.5595770165681,"4","B"
"X3059",37,59,3,40.6864421571813,"4","B"
"X3059",37,59,4,40.0285352764186,"4","B"
"X3059",37,59,5,24.2471603181367,"4","B"
"X3059",37,59,6,26.149360354033,"4","B"
"X3059",37,59,7,33.3472960641691,"4","B"
"X3059",37,71,0,57.083517638547,"4","B"
"X3059",37,71,1,45.4083351597705,"4","B"
"X3059",37,71,2,49.4212259727082,"4","B"
"X3059",37,71,3,54.5023735674065,"4","B"
"X3059",37,71,4,55.0308345163173,"4","B"
"X3059",37,71,5,35.2948732614277,"4","B"
"X3059",37,71,6,37.7321527645975,"4","B"
"X3059",37,71,7,46.0943991642657,"4","B"
"X3059",37,77,0,65.0121962680389,"4","B"
"X3059",37,77,1,52.2387752605762,"4","B"
"X3059",37,77,2,56.5362500832597,"4","B"
"X3059",37,77,3,61.3820410212689,"4","B"
"X3059",37,77,4,62.2202268881413,"4","B"
"X3059",37,77,5,40.9310442626413,"4","B"
"X3059",37,77,6,43.4582929010372,"4","B"
"X3059",37,77,7,52.6886962357061,"4","B"
"X3059",37,83,0,72.1425839182607,"4","B"
"X3059",37,83,1,59.1148966751791,"4","B"
"X3059",37,83,2,63.5720182494459,"4","B"
"X3059",37,83,3,68.1832230394854,"4","B"
"X3059",37,83,4,68.8191075926637,"4","B"
"X3059",37,83,5,46.4675230261538,"4","B"
"X3059",37,83,6,49.1132254872948,"4","B"
"X3059",37,83,7,59.2147322822469,"4","B"
"X3059",37,95,0,83.9078184253701,"4","B"
"X3059",37,95,1,72.8610007935534,"4","B"
"X3059",37,95,2,76.5192222355721,"4","B"
"X3059",37,95,3,80.6001321244032,"4","B"
"X3059",37,95,4,80.0071839209665,"4","B"
"X3059",37,95,5,57.185926829042,"4","B"
"X3059",37,95,6,60.349427060628,"4","B"
"X3059",37,95,7,72.9931911229576,"4","B"
"X3059",37,101,0,88.5878006827984,"4","B"
"X3059",37,101,1,79.5682340585403,"4","B"
"X3059",37,101,2,82.2451660153096,"4","B"
"X3059",37,101,3,85.7752426850364,"4","B"
"X3059",37,101,4,84.6347765752413,"4","B"
"X3059",37,101,5,62.4346386567664,"4","B"
"X3059",37,101,6,65.7805208390115,"4","B"
"X3059",37,101,7,80.7709027043049,"4","B"
"X3059",37,107,0,93.1586963984448,"4","B"
"X3059",37,107,1,85.6464125226533,"4","B"
"X3059",37,107,2,87.7600483311105,"4","B"
"X3059",37,107,3,91.6633822200436,"4","B"
"X3059",37,107,4,89.1670824147544,"4","B"
"X3059",37,107,5,67.5787589860844,"4","B"
"X3059",37,107,6,70.9868599347484,"4","B"
"X3059",37,107,7,89.9594853731498,"4","B"
"X3059",39,0,0,0,"4","M"
"X3059",39,0,1,0,"4","M"
"X3059",39,0,2,0,"4","M"
"X3059",39,0,3,0,"4","M"
"X3059",39,0,4,0,"4","M"
"X3059",39,0,5,0,"4","M"
"X3059",39,0,6,0,"4","M"
"X3059",39,0,7,0,"4","M"
"X3059",39,5,0,0.6925,"4","M"
"X3059",39,5,1,0.77,"4","M"
"X3059",39,5,2,0.6975,"4","M"
"X3059",39,5,3,1.1875,"4","M"
"X3059",39,5,4,1.145,"4","M"
"X3059",39,5,5,0.6925,"4","M"
"X3059",39,5,6,0.7325,"4","M"
"X3059",39,5,7,1.2375,"4","M"
"X3059",39,11,0,1.5200462214578,"4","M"
"X3059",39,11,1,1.8778749550435,"4","M"
"X3059",39,11,2,1.55369616751,"4","M"
"X3059",39,11,3,2.79665460574184,"4","M"
"X3059",39,11,4,2.49699247888081,"4","M"
"X3059",39,11,5,1.65212934499413,"4","M"
"X3059",39,11,6,1.54724202931579,"4","M"
"X3059",39,11,7,2.80445019780861,"4","M"
"X3059",39,23,0,4.06403202146547,"4","M"
"X3059",39,23,1,4.66122598713184,"4","M"
"X3059",39,23,2,3.98517993015556,"4","M"
"X3059",39,23,3,7.44470576750594,"4","M"
"X3059",39,23,4,6.79278958830409,"4","M"
"X3059",39,23,5,4.08758005065704,"4","M"
"X3059",39,23,6,3.71783485457181,"4","M"
"X3059",39,23,7,6.75298681848226,"4","M"
"X3059",39,29,0,5.84731481346464,"4","M"
"X3059",39,29,1,6.3724727074782,"4","M"
"X3059",39,29,2,5.58054347719858,"4","M"
"X3059",39,29,3,10.4942065848249,"4","M"
"X3059",39,29,4,9.81692347918962,"4","M"
"X3059",39,29,5,5.45186753547972,"4","M"
"X3059",39,29,6,5.06683594655938,"4","M"
"X3059",39,29,7,9.26907059159804,"4","M"
"X3059",39,35,0,7.91280369466297,"4","M"
"X3059",39,35,1,8.27829132373699,"4","M"
"X3059",39,35,2,7.54295230869012,"4","M"
"X3059",39,35,3,14.1207945732719,"4","M"
"X3059",39,35,4,13.5396736321304,"4","M"
"X3059",39,35,5,7.1461264094463,"4","M"
"X3059",39,35,6,6.50409326869105,"4","M"
"X3059",39,35,7,12.331867965259,"4","M"
"X3059",39,47,0,13.2199864443533,"4","M"
"X3059",39,47,1,12.528994766711,"4","M"
"X3059",39,47,2,12.7716743147113,"4","M"
"X3059",39,47,3,22.6243057666296,"4","M"
"X3059",39,47,4,22.9339737080177,"4","M"
"X3059",39,47,5,11.0033001799416,"4","M"
"X3059",39,47,6,10.1290363661249,"4","M"
"X3059",39,47,7,20.1504039037496,"4","M"
"X3059",39,53,0,16.3367208489693,"4","M"
"X3059",39,53,1,14.8661242722769,"4","M"
"X3059",39,53,2,16.1048979456183,"4","M"
"X3059",39,53,3,27.4230492240905,"4","M"
"X3059",39,53,4,28.5904190270167,"4","M"
"X3059",39,53,5,13.0340020970053,"4","M"
"X3059",39,53,6,12.1669941408623,"4","M"
"X3059",39,53,7,24.8025339334754,"4","M"
"X3059",39,59,0,19.7497932293617,"4","M"
"X3059",39,59,1,17.2729209073301,"4","M"
"X3059",39,59,2,19.7015475197305,"4","M"
"X3059",39,59,3,32.4206186098672,"4","M"
"X3059",39,59,4,34.3095629900025,"4","M"
"X3059",39,59,5,15.1808544706164,"4","M"
"X3059",39,59,6,14.3627159166635,"4","M"
"X3059",39,59,7,29.2136269800489,"4","M"
"X3059",39,71,0,27.8182065416421,"4","M"
"X3059",39,71,1,22.2412764462809,"4","M"
"X3059",39,71,2,27.4405557760333,"4","M"
"X3059",39,71,3,42.892621907656,"4","M"
"X3059",39,71,4,45.8537115901432,"4","M"
"X3059",39,71,5,20.1139547577327,"4","M"
"X3059",39,71,6,19.8663617331262,"4","M"
"X3059",39,71,7,38.4410413279787,"4","M"
"X3059",39,77,0,32.1066565471491,"4","M"
"X3059",39,77,1,24.7938567651777,"4","M"
"X3059",39,77,2,31.591592124834,"4","M"
"X3059",39,77,3,48.2229318392149,"4","M"
"X3059",39,77,4,51.3248954510874,"4","M"
"X3059",39,77,5,22.6891634451607,"4","M"
"X3059",39,77,6,22.8856912697789,"4","M"
"X3059",39,77,7,43.0676158035657,"4","M"
"X3059",39,83,0,36.5169295049855,"4","M"
"X3059",39,83,1,27.5198482414194,"4","M"
"X3059",39,83,2,35.9172786724837,"4","M"
"X3059",39,83,3,53.5393466254828,"4","M"
"X3059",39,83,4,56.5977617544243,"4","M"
"X3059",39,83,5,25.4649087367211,"4","M"
"X3059",39,83,6,26.1543931031795,"4","M"
"X3059",39,83,7,48.7437850649515,"4","M"
"X3059",39,95,0,45.4828492523182,"4","M"
"X3059",39,95,1,33.2972652320673,"4","M"
"X3059",39,95,2,44.9313304689868,"4","M"
"X3059",39,95,3,63.9556328418452,"4","M"
"X3059",39,95,4,66.3239927274128,"4","M"
"X3059",39,95,5,31.5098787073809,"4","M"
"X3059",39,95,6,33.0984400162141,"4","M"
"X3059",39,95,7,56.0449904292813,"4","M"
"X3059",39,101,0,49.8996437029345,"4","M"
"X3059",39,101,1,36.3188572765611,"4","M"
"X3059",39,101,2,49.5782341017977,"4","M"
"X3059",39,101,3,69.0181886184447,"4","M"
"X3059",39,101,4,70.7409544702618,"4","M"
"X3059",39,101,5,34.6384551406561,"4","M"
"X3059",39,101,6,36.7941018482656,"4","M"
"X3059",39,101,7,56.365357844839,"4","M"
"X3059",39,107,0,54.2767413010589,"4","M"
"X3059",39,107,1,39.4374473463742,"4","M"
"X3059",39,107,2,54.2885402758486,"4","M"
"X3059",39,107,3,74.0260586075007,"4","M"
"X3059",39,107,4,75.530239395825,"4","M"
"X3059",39,107,5,37.9388693876535,"4","M"
"X3059",39,107,6,40.6339970198449,"4","M"
"X3059",39,107,7,56.9608677216503,"4","M"
"X4532",16,0,0,0,"1","B"
"X4532",16,0,1,0,"1","B"
"X4532",16,0,2,0,"1","B"
"X4532",16,0,3,0,"1","B"
"X4532",16,0,4,0,"1","B"
"X4532",16,0,5,0,"1","B"
"X4532",16,0,6,0,"1","B"
"X4532",16,0,7,0,"1","B"
"X4532",16,2,0,0.311,"1","B"
"X4532",16,2,1,0.426,"1","B"
"X4532",16,2,2,0.36,"1","B"
"X4532",16,2,3,0.494,"1","B"
"X4532",16,2,4,0.296,"1","B"
"X4532",16,2,5,0.212,"1","B"
"X4532",16,2,6,0.232,"1","B"
"X4532",16,2,7,0.241,"1","B"
"X4532",16,8,0,1.23283351666694,"1","B"
"X4532",16,8,1,1.53091713233403,"1","B"
"X4532",16,8,2,1.2717504730007,"1","B"
"X4532",16,8,3,1.8005832856666,"1","B"
"X4532",16,8,4,1.10916709933398,"1","B"
"X4532",16,8,5,0.50808405566774,"1","B"
"X4532",16,8,6,0.788083703667217,"1","B"
"X4532",16,8,7,1.05316674733345,"1","B"
"X4532",16,20,0,3.53725931550863,"1","B"
"X4532",16,20,1,3.95931496104152,"1","B"
"X4532",16,20,2,3.28109274190517,"1","B"
"X4532",16,20,3,3.89353701792633,"1","B"
"X4532",16,20,4,3.37688902417973,"1","B"
"X4532",16,20,5,1.79098156114718,"1","B"
"X4532",16,20,6,2.06890752364167,"1","B"
"X4532",16,20,7,2.81918521534005,"1","B"
"X4532",16,26,0,4.85368857402164,"1","B"
"X4532",16,26,1,5.01140779299622,"1","B"
"X4532",16,26,2,4.09593087699724,"1","B"
"X4532",16,26,3,5.01241305085441,"1","B"
"X4532",16,26,4,4.54826122414237,"1","B"
"X4532",16,26,5,2.68801931747162,"1","B"
"X4532",16,26,6,2.66555248184394,"1","B"
"X4532",16,26,7,3.53985531395523,"1","B"
"X4532",16,32,0,6.26938025925835,"1","B"
"X4532",16,32,1,6.25207513796927,"1","B"
"X4532",16,32,2,5.40139287209465,"1","B"
"X4532",16,32,3,6.40082905890651,"1","B"
"X4532",16,32,4,5.81615876290685,"1","B"
"X4532",16,32,5,3.72174469147937,"1","B"
"X4532",16,32,6,3.84793648805911,"1","B"
"X4532",16,32,7,4.77855722973754,"1","B"
"X4532",16,44,0,9.57984653017504,"1","B"
"X4532",16,44,1,9.04146784020447,"1","B"
"X4532",16,44,2,8.97533435444396,"1","B"
"X4532",16,44,3,9.28833936227309,"1","B"
"X4532",16,44,4,8.84368731765085,"1","B"
"X4532",16,44,5,6.4436672591822,"1","B"
"X4532",16,44,6,6.75065870852908,"1","B"
"X4532",16,44,7,8.27158122934756,"1","B"
"X4532",16,50,0,11.5213824175052,"1","B"
"X4532",16,50,1,10.7467688875605,"1","B"
"X4532",16,50,2,11.0834527978682,"1","B"
"X4532",16,50,3,11.0165738847577,"1","B"
"X4532",16,50,4,10.3644062837392,"1","B"
"X4532",16,50,5,8.38290631884531,"1","B"
"X4532",16,50,6,8.34282411851017,"1","B"
"X4532",16,50,7,10.131317981292,"1","B"
"X4532",16,56,0,14.0662151326934,"1","B"
"X4532",16,56,1,12.7518933145711,"1","B"
"X4532",16,56,2,13.7987634212329,"1","B"
"X4532",16,56,3,13.2419395754938,"1","B"
"X4532",16,56,4,11.8108664912757,"1","B"
"X4532",16,56,5,11.0068466570987,"1","B"
"X4532",16,56,6,10.1337354165004,"1","B"
"X4532",16,56,7,12.2707937374113,"1","B"
"X4532",16,68,0,19.5644269550691,"1","B"
"X4532",16,68,1,17.0908810442929,"1","B"
"X4532",16,68,2,19.514516639781,"1","B"
"X4532",16,68,3,16.4454962341024,"1","B"
"X4532",16,68,4,15.3039709289862,"1","B"
"X4532",16,68,5,16.6141056979913,"1","B"
"X4532",16,68,6,14.8331093124007,"1","B"
"X4532",16,68,7,18.6844192872087,"1","B"
"X4532",16,74,0,22.6589598543506,"1","B"
"X4532",16,74,1,19.4239166281223,"1","B"
"X4532",16,74,2,22.8357899681149,"1","B"
"X4532",16,74,3,19.1622734068911,"1","B"
"X4532",16,74,4,17.4036121759595,"1","B"
"X4532",16,74,5,18.7497471178127,"1","B"
"X4532",16,74,6,17.3936257447902,"1","B"
"X4532",16,74,7,21.8577643394283,"1","B"
"X4532",16,80,0,27.0310755120584,"1","B"
"X4532",16,80,1,22.8106098121941,"1","B"
"X4532",16,80,2,27.3709403157026,"1","B"
"X4532",16,80,3,22.5203166267318,"1","B"
"X4532",16,80,4,20.9128185021267,"1","B"
"X4532",16,80,5,21.5700774965291,"1","B"
"X4532",16,80,6,20.9448417372231,"1","B"
"X4532",16,80,7,26.0453017973953,"1","B"
"X4532",16,92,0,35.024375508636,"1","B"
"X4532",16,92,1,29.7851580970815,"1","B"
"X4532",16,92,2,37.5976754320583,"1","B"
"X4532",16,92,3,32.4057850859404,"1","B"
"X4532",16,92,4,29.3494785366931,"1","B"
"X4532",16,92,5,29.276814651919,"1","B"
"X4532",16,92,6,30.3809400233497,"1","B"
"X4532",16,92,7,36.6921706365692,"1","B"
"X4532",16,98,0,40.4068007681279,"1","B"
"X4532",16,98,1,34.6447556649764,"1","B"
"X4532",16,98,2,43.0744928216874,"1","B"
"X4532",16,98,3,38.4047386463313,"1","B"
"X4532",16,98,4,34.0079367455732,"1","B"
"X4532",16,98,5,34.2261033501105,"1","B"
"X4532",16,98,6,36.5230246470354,"1","B"
"X4532",16,98,7,42.5734274053556,"1","B"
"X4532",16,104,0,46.1750210406748,"1","B"
"X4532",16,104,1,40.2801308477755,"1","B"
"X4532",16,104,2,49.1237199148819,"1","B"
"X4532",16,104,3,46.0973782626807,"1","B"
"X4532",16,104,4,40.549015584841,"1","B"
"X4532",16,104,5,40.2355911014237,"1","B"
"X4532",16,104,6,43.4028974337481,"1","B"
"X4532",16,104,7,49.5807939047705,"1","B"
"X4532",16,127,0,67.6078793948545,"1","B"
"X4532",16,127,1,61.2605526493312,"1","B"
"X4532",16,127,2,74.0459739927725,"1","B"
"X4532",16,127,3,73.5008884770876,"1","B"
"X4532",16,127,4,66.1115301317419,"1","B"
"X4532",16,127,5,68.5621114996051,"1","B"
"X4532",16,127,6,67.1860710701751,"1","B"
"X4532",16,127,7,74.3979911625744,"1","B"
"X4532",16,151,0,89.9115410347199,"1","B"
"X4532",16,151,1,86.7423446645847,"1","B"
"X4532",16,151,2,100.006479479101,"1","B"
"X4532",16,151,3,98.8259086144249,"1","B"
"X4532",16,151,4,89.3632956527549,"1","B"
"X4532",16,151,5,93.0180374947422,"1","B"
"X4532",16,151,6,94.0529347591983,"1","B"
"X4532",16,151,7,103.036412124009,"1","B"
"X4532",16,164,0,103.445046792132,"1","B"
"X4532",16,164,1,101.219789642409,"1","B"
"X4532",16,164,2,111.016042615768,"1","B"
"X4532",16,164,3,112.695106099891,"1","B"
"X4532",16,164,4,101.850755669352,"1","B"
"X4532",16,164,5,105.460085811134,"1","B"
"X4532",16,164,6,109.113900734643,"1","B"
"X4532",16,164,7,117.196538450215,"1","B"
"X4532",20,0,0,0,"2","T"
"X4532",20,0,1,0,"2","T"
"X4532",20,0,2,0,"2","T"
"X4532",20,0,3,0,"2","T"
"X4532",20,0,4,0,"2","T"
"X4532",20,0,5,0,"2","T"
"X4532",20,0,6,0,"2","T"
"X4532",20,0,7,0,"2","T"
"X4532",20,4,0,0.422,"2","T"
"X4532",20,4,1,0.344,"2","T"
"X4532",20,4,2,0.464,"2","T"
"X4532",20,4,3,0.55,"2","T"
"X4532",20,4,4,0.41,"2","T"
"X4532",20,4,5,0.436,"2","T"
"X4532",20,4,6,0.406,"2","T"
"X4532",20,4,7,0.394,"2","T"
"X4532",20,10,0,1.30720815705012,"2","T"
"X4532",20,10,1,1.05291690029502,"2","T"
"X4532",20,10,2,1.2616666739753,"2","T"
"X4532",20,10,3,1.65104129498519,"2","T"
"X4532",20,10,4,1.33937522300889,"2","T"
"X4532",20,10,5,1.61058419563436,"2","T"
"X4532",20,10,6,1.23804170277287,"2","T"
"X4532",20,10,7,1.09037517203543,"2","T"
"X4532",20,22,0,3.39158772461782,"2","T"
"X4532",20,22,1,3.38894984911741,"2","T"
"X4532",20,22,2,3.81890048553651,"2","T"
"X4532",20,22,3,4.11490558022071,"2","T"
"X4532",20,22,4,4.01467780481734,"2","T"
"X4532",20,22,5,6.32501448801113,"2","T"
"X4532",20,22,6,3.62947581644105,"2","T"
"X4532",20,22,7,3.23116931616251,"2","T"
"X4532",20,28,0,4.81790920406916,"2","T"
"X4532",20,28,1,4.75861155708763,"2","T"
"X4532",20,28,2,4.77282790238321,"2","T"
"X4532",20,28,3,5.82224983012547,"2","T"
"X4532",20,28,4,5.47039173361507,"2","T"
"X4532",20,28,5,8.99341429633498,"2","T"
"X4532",20,28,6,5.16885411419401,"2","T"
"X4532",20,28,7,4.82823103428358,"2","T"
"X4532",20,34,0,7.35642318808514,"2","T"
"X4532",20,34,1,7.23258529432851,"2","T"
"X4532",20,34,2,6.31114995831783,"2","T"
"X4532",20,34,3,8.65009642982423,"2","T"
"X4532",20,34,4,8.38436276485283,"2","T"
"X4532",20,34,5,14.739550091041,"2","T"
"X4532",20,34,6,7.23287786140076,"2","T"
"X4532",20,34,7,7.62865428190059,"2","T"
"X4532",20,46,0,14.0761290305849,"2","T"
"X4532",20,46,1,16.3634531721117,"2","T"
"X4532",20,46,2,11.3308161229881,"2","T"
"X4532",20,46,3,18.1346003896016,"2","T"
"X4532",20,46,4,16.9523566645728,"2","T"
"X4532",20,46,5,29.7834746388725,"2","T"
"X4532",20,46,6,13.9626949834722,"2","T"
"X4532",20,46,7,16.3368771713812,"2","T"
"X4532",20,52,0,19.3712929645932,"2","T"
"X4532",20,52,1,22.1019299114245,"2","T"
"X4532",20,52,2,16.1284272572773,"2","T"
"X4532",20,52,3,23.7420279661127,"2","T"
"X4532",20,52,4,24.1458986942278,"2","T"
"X4532",20,52,5,37.9720343708231,"2","T"
"X4532",20,52,6,20.5970556518731,"2","T"
"X4532",20,52,7,23.8785766006149,"2","T"
"X4532",20,58,0,27.3740613304126,"2","T"
"X4532",20,58,1,29.4708410071054,"2","T"
"X4532",20,58,2,21.7895350737096,"2","T"
"X4532",20,58,3,31.1474978479195,"2","T"
"X4532",20,58,4,32.4646778203905,"2","T"
"X4532",20,58,5,48.0933434561216,"2","T"
"X4532",20,58,6,29.8851722054423,"2","T"
"X4532",20,58,7,31.6987363170588,"2","T"
"X4532",20,70,0,48.9083943494139,"2","T"
"X4532",20,70,1,48.1691363235901,"2","T"
"X4532",20,70,2,37.0030390533708,"2","T"
"X4532",20,70,3,49.830070600802,"2","T"
"X4532",20,70,4,51.9914748582094,"2","T"
"X4532",20,70,5,69.5610944629889,"2","T"
"X4532",20,70,6,49.5774676082222,"2","T"
"X4532",20,70,7,51.6585493062965,"2","T"
"X4532",20,76,0,58.3413765334163,"2","T"
"X4532",20,76,1,58.5346167920291,"2","T"
"X4532",20,76,2,45.5313364680753,"2","T"
"X4532",20,76,3,59.4133030229945,"2","T"
"X4532",20,76,4,61.6357218765244,"2","T"
"X4532",20,76,5,81.0214018452353,"2","T"
"X4532",20,76,6,58.8602185265867,"2","T"
"X4532",20,76,7,60.6264794737351,"2","T"
"X4532",20,82,0,69.0241662517205,"2","T"
"X4532",20,82,1,70.0647745851526,"2","T"
"X4532",20,82,2,53.0347067009895,"2","T"
"X4532",20,82,3,70.1449206997073,"2","T"
"X4532",20,82,4,71.641177638155,"2","T"
"X4532",20,82,5,92.5290402446469,"2","T"
"X4532",20,82,6,68.002264583539,"2","T"
"X4532",20,82,7,70.6644132416133,"2","T"
"X4532",20,94,0,88.3778488042969,"2","T"
"X4532",20,94,1,93.1164026686069,"2","T"
"X4532",20,94,2,67.6287737709717,"2","T"
"X4532",20,94,3,91.9960068902594,"2","T"
"X4532",20,94,4,91.3148165035691,"2","T"
"X4532",20,94,5,115.858889453985,"2","T"
"X4532",20,94,6,86.9548573974449,"2","T"
"X4532",20,94,7,91.6367627336298,"2","T"
"X4532",20,100,0,98.09989246506,"2","T"
"X4532",20,100,1,103.733988683583,"2","T"
"X4532",20,100,2,75.1759075383582,"2","T"
"X4532",20,100,3,102.493560053247,"2","T"
"X4532",20,100,4,101.827567825225,"2","T"
"X4532",20,100,5,126.830665667579,"2","T"
"X4532",20,100,6,96.457272392088,"2","T"
"X4532",20,100,7,102.697255416109,"2","T"
"X4532",20,106,0,108.271964200005,"2","T"
"X4532",20,106,1,115.031200725801,"2","T"
"X4532",20,106,2,83.169882518135,"2","T"
"X4532",20,106,3,113.760638466398,"2","T"
"X4532",20,106,4,112.124427339198,"2","T"
"X4532",20,106,5,138.386645978568,"2","T"
"X4532",20,106,6,106.258531800866,"2","T"
"X4532",20,106,7,113.05141369913,"2","T"
"X4532",25,0,0,0,"2","T"
"X4532",25,0,1,0,"2","T"
"X4532",25,0,2,0,"2","T"
"X4532",25,0,3,0,"2","T"
"X4532",25,0,4,0,"2","T"
"X4532",25,0,5,0,"2","T"
"X4532",25,0,6,0,"2","T"
"X4532",25,0,7,0,"2","T"
"X4532",25,5,0,1.14,"2","T"
"X4532",25,5,1,1.1575,"2","T"
"X4532",25,5,2,1.01,"2","T"
"X4532",25,5,3,1.2225,"2","T"
"X4532",25,5,4,0.975,"2","T"
"X4532",25,5,5,1.1575,"2","T"
"X4532",25,5,6,1.1875,"2","T"
"X4532",25,5,7,0.9375,"2","T"
"X4532",25,11,0,2.78013184677166,"2","T"
"X4532",25,11,1,2.68253564329645,"2","T"
"X4532",25,11,2,2.08667090676229,"2","T"
"X4532",25,11,3,2.75401862297197,"2","T"
"X4532",25,11,4,2.54872751076883,"2","T"
"X4532",25,11,5,2.49256180317421,"2","T"
"X4532",25,11,6,2.83028931394304,"2","T"
"X4532",25,11,7,1.78230043158242,"2","T"
"X4532",25,23,0,5.93550155923526,"2","T"
"X4532",25,23,1,4.94989268968513,"2","T"
"X4532",25,23,2,4.44835338963048,"2","T"
"X4532",25,23,3,4.78543299313702,"2","T"
"X4532",25,23,4,5.60431858735387,"2","T"
"X4532",25,23,5,5.69547589306875,"2","T"
"X4532",25,23,6,5.2126173497883,"2","T"
"X4532",25,23,7,4.10141823352591,"2","T"
"X4532",25,29,0,8.94886793398903,"2","T"
"X4532",25,29,1,7.20013794463053,"2","T"
"X4532",25,29,2,6.32432267571789,"2","T"
"X4532",25,29,3,7.3552312635437,"2","T"
"X4532",25,29,4,8.21770709576991,"2","T"
"X4532",25,29,5,8.71807026325416,"2","T"
"X4532",25,29,6,8.07945831904419,"2","T"
"X4532",25,29,7,5.94497614869663,"2","T"
"X4532",25,35,0,14.7873626308316,"2","T"
"X4532",25,35,1,11.5904111039706,"2","T"
"X4532",25,35,2,10.4416567463841,"2","T"
"X4532",25,35,3,11.9796958110496,"2","T"
"X4532",25,35,4,11.6716545789533,"2","T"
"X4532",25,35,5,12.5958344093534,"2","T"
"X4532",25,35,6,13.3233024004236,"2","T"
"X4532",25,35,7,8.48779078286537,"2","T"
"X4532",25,47,0,31.9987979306464,"2","T"
"X4532",25,47,1,28.8707301149661,"2","T"
"X4532",25,47,2,24.6840746333735,"2","T"
"X4532",25,47,3,26.9782265903914,"2","T"
"X4532",25,47,4,25.3715508959541,"2","T"
"X4532",25,47,5,26.6415441406133,"2","T"
"X4532",25,47,6,29.2391875653434,"2","T"
"X4532",25,47,7,20.3335793177774,"2","T"
"X4532",25,53,0,41.5212775349149,"2","T"
"X4532",25,53,1,38.460857140719,"2","T"
"X4532",25,53,2,33.8014892073271,"2","T"
"X4532",25,53,3,36.2905554342139,"2","T"
"X4532",25,53,4,36.9146112269861,"2","T"
"X4532",25,53,5,35.5553127822072,"2","T"
"X4532",25,53,6,39.330835524233,"2","T"
"X4532",25,53,7,29.6963736135908,"2","T"
"X4532",25,59,0,51.0753487285328,"2","T"
"X4532",25,59,1,47.9519481752129,"2","T"
"X4532",25,59,2,43.3266069338591,"2","T"
"X4532",25,59,3,45.5602866502559,"2","T"
"X4532",25,59,4,47.6716024037088,"2","T"
"X4532",25,59,5,42.9447233830284,"2","T"
"X4532",25,59,6,49.7641242600995,"2","T"
"X4532",25,59,7,38.456794046357,"2","T"
"X4532",25,71,0,70.9412075320254,"2","T"
"X4532",25,71,1,67.1643079416393,"2","T"
"X4532",25,71,2,63.5870069688666,"2","T"
"X4532",25,71,3,64.7973257662618,"2","T"
"X4532",25,71,4,69.719645896964,"2","T"
"X4532",25,71,5,61.8395736160672,"2","T"
"X4532",25,71,6,73.9981171804306,"2","T"
"X4532",25,71,7,56.4524897406964,"2","T"
"X4532",25,77,0,81.8192743441058,"2","T"
"X4532",25,77,1,77.9918828982149,"2","T"
"X4532",25,77,2,73.4854559749432,"2","T"
"X4532",25,77,3,76.6463326641339,"2","T"
"X4532",25,77,4,81.0515836472175,"2","T"
"X4532",25,77,5,70.8593068777573,"2","T"
"X4532",25,77,6,85.6636286464038,"2","T"
"X4532",25,77,7,64.8517078825165,"2","T"
"X4532",25,83,0,92.7769751201349,"2","T"
"X4532",25,83,1,88.7427806926591,"2","T"
"X4532",25,83,2,84.1702991351386,"2","T"
"X4532",25,83,3,86.7350014246945,"2","T"
"X4532",25,83,4,93.0082447818497,"2","T"
"X4532",25,83,5,80.0923375822693,"2","T"
"X4532",25,83,6,96.8477224944148,"2","T"
"X4532",25,83,7,73.7726270593659,"2","T"
"X4532",25,95,0,115.312703472114,"2","T"
"X4532",25,95,1,109.85860945814,"2","T"
"X4532",25,95,2,105.27175176219,"2","T"
"X4532",25,95,3,109.415475185248,"2","T"
"X4532",25,95,4,117.396052870117,"2","T"
"X4532",25,95,5,101.290978856326,"2","T"
"X4532",25,95,6,119.152787836976,"2","T"
"X4532",25,95,7,91.1963471600417,"2","T"
"X4532",25,101,0,126.611498437563,"2","T"
"X4532",25,101,1,121.665649895498,"2","T"
"X4532",25,101,2,115.403007224405,"2","T"
"X4532",25,101,3,122.688383281897,"2","T"
"X4532",25,101,4,128.962184073578,"2","T"
"X4532",25,101,5,110.326905315527,"2","T"
"X4532",25,101,6,131.21371859736,"2","T"
"X4532",25,101,7,100.147112257126,"2","T"
"X4532",25,107,0,137.821919652711,"2","T"
"X4532",25,107,1,132.781137198821,"2","T"
"X4532",25,107,2,126.268626652531,"2","T"
"X4532",25,107,3,133.666167175316,"2","T"
"X4532",25,107,4,141.70265258428,"2","T"
"X4532",25,107,5,119.266361141472,"2","T"
"X4532",25,107,6,143.487428638808,"2","T"
"X4532",25,107,7,109.772897117285,"2","T"
"X4532",25.1,0,0,0,"3","B"
"X4532",25.1,0,1,0,"3","B"
"X4532",25.1,0,2,0,"3","B"
"X4532",25.1,0,3,0,"3","B"
"X4532",25.1,0,4,0,"3","B"
"X4532",25.1,0,5,0,"3","B"
"X4532",25.1,0,6,0,"3","B"
"X4532",25.1,0,7,0,"3","B"
"X4532",25.1,4,0,0.316,"3","B"
"X4532",25.1,4,1,1.01,"3","B"
"X4532",25.1,4,2,0.614,"3","B"
"X4532",25.1,4,3,0.6,"3","B"
"X4532",25.1,4,4,0.458,"3","B"
"X4532",25.1,4,5,0.562,"3","B"
"X4532",25.1,4,6,0.518,"3","B"
"X4532",25.1,4,7,1,"3","B"
"X4532",25.1,10,0,0.82049997451327,"3","B"
"X4532",25.1,10,1,2.15087500979813,"3","B"
"X4532",25.1,10,2,1.76387499362832,"3","B"
"X4532",25.1,10,3,1.58924965592915,"3","B"
"X4532",25.1,10,4,1.41404165179941,"3","B"
"X4532",25.1,10,5,1.35720833965986,"3","B"
"X4532",25.1,10,6,1.3444583397969,"3","B"
"X4532",25.1,10,7,1.88450001671849,"3","B"
"X4532",25.1,22,0,2.65113473874238,"3","B"
"X4532",25.1,22,1,6.55229425335002,"3","B"
"X4532",25.1,22,2,5.30888335388621,"3","B"
"X4532",25.1,22,3,4.70908779469084,"3","B"
"X4532",25.1,22,4,4.57688291133731,"3","B"
"X4532",25.1,22,5,4.93746712702529,"3","B"
"X4532",25.1,22,6,6.42689232357213,"3","B"
"X4532",25.1,22,7,5.81420013288702,"3","B"
"X4532",25.1,28,0,4.82601553614829,"3","B"
"X4532",25.1,28,1,10.5140022819815,"3","B"
"X4532",25.1,28,2,7.94372682456614,"3","B"
"X4532",25.1,28,3,8.00017849668877,"3","B"
"X4532",25.1,28,4,7.30502958220912,"3","B"
"X4532",25.1,28,5,7.94925866650633,"3","B"
"X4532",25.1,28,6,11.2724164486001,"3","B"
"X4532",25.1,28,7,9.05905627437798,"3","B"
"X4532",25.1,34,0,9.78439289363751,"3","B"
"X4532",25.1,34,1,17.0830370100295,"3","B"
"X4532",25.1,34,2,12.500350986661,"3","B"
"X4532",25.1,34,3,13.3328452193237,"3","B"
"X4532",25.1,34,4,13.0094925381948,"3","B"
"X4532",25.1,34,5,12.9391039464168,"3","B"
"X4532",25.1,34,6,16.8936684204431,"3","B"
"X4532",25.1,34,7,15.6758825889957,"3","B"
"X4532",25.1,46,0,25.3069268302286,"3","B"
"X4532",25.1,46,1,33.7848597498147,"3","B"
"X4532",25.1,46,2,29.4183731051709,"3","B"
"X4532",25.1,46,3,31.3532235612795,"3","B"
"X4532",25.1,46,4,30.586799436602,"3","B"
"X4532",25.1,46,5,29.8188751323036,"3","B"
"X4532",25.1,46,6,32.4757764501476,"3","B"
"X4532",25.1,46,7,33.0411619432416,"3","B"
"X4532",25.1,52,0,34.6587551636262,"3","B"
"X4532",25.1,52,1,43.2784702597527,"3","B"
"X4532",25.1,52,2,38.3434859469081,"3","B"
"X4532",25.1,52,3,40.9667041540665,"3","B"
"X4532",25.1,52,4,39.9718608266907,"3","B"
"X4532",25.1,52,5,39.5785780223654,"3","B"
"X4532",25.1,52,6,41.3368886034548,"3","B"
"X4532",25.1,52,7,43.2730871879567,"3","B"
"X4532",25.1,58,0,44.6827853533712,"3","B"
"X4532",25.1,58,1,52.5231703392718,"3","B"
"X4532",25.1,58,2,48.4799873115459,"3","B"
"X4532",25.1,58,3,51.8730730118015,"3","B"
"X4532",25.1,58,4,50.4532634604749,"3","B"
"X4532",25.1,58,5,50.2356304224032,"3","B"
"X4532",25.1,58,6,51.9063033666621,"3","B"
"X4532",25.1,58,7,54.1084163049243,"3","B"
"X4532",25.1,70,0,65.2901732732522,"3","B"
"X4532",25.1,70,1,70.6408474091857,"3","B"
"X4532",25.1,70,2,67.8856510067436,"3","B"
"X4532",25.1,70,3,74.1871869305526,"3","B"
"X4532",25.1,70,4,71.2994860414393,"3","B"
"X4532",25.1,70,5,72.6910600722169,"3","B"
"X4532",25.1,70,6,73.5068003908252,"3","B"
"X4532",25.1,70,7,75.3090475188655,"3","B"
"X4532",25.1,76,0,76.132883573944,"3","B"
"X4532",25.1,76,1,79.9443871403448,"3","B"
"X4532",25.1,76,2,78.4017018229916,"3","B"
"X4532",25.1,76,3,85.1034981937868,"3","B"
"X4532",25.1,76,4,81.6943567591376,"3","B"
"X4532",25.1,76,5,84.1333603451441,"3","B"
"X4532",25.1,76,6,84.2844417023825,"3","B"
"X4532",25.1,76,7,85.9009632489098,"3","B"
"X4532",25.1,82,0,86.3471794142365,"3","B"
"X4532",25.1,82,1,88.9149327258874,"3","B"
"X4532",25.1,82,2,88.2775823335095,"3","B"
"X4532",25.1,82,3,96.0704160493918,"3","B"
"X4532",25.1,82,4,92.6521343950189,"3","B"
"X4532",25.1,82,5,95.2733339531246,"3","B"
"X4532",25.1,82,6,95.2284593697362,"3","B"
"X4532",25.1,82,7,96.4661592940677,"3","B"
"X4532",25.1,94,0,107.880257829722,"3","B"
"X4532",25.1,94,1,107.317347041766,"3","B"
"X4532",25.1,94,2,108.833066807102,"3","B"
"X4532",25.1,94,3,118.95560783292,"3","B"
"X4532",25.1,94,4,114.007734041871,"3","B"
"X4532",25.1,94,5,117.692761578977,"3","B"
"X4532",25.1,94,6,117.217787277782,"3","B"
"X4532",25.1,94,7,117.878175298602,"3","B"
"X4532",25.1,100,0,118.703569222145,"3","B"
"X4532",25.1,100,1,116.453431879879,"3","B"
"X4532",25.1,100,2,119.926845612491,"3","B"
"X4532",25.1,100,3,130.451605623276,"3","B"
"X4532",25.1,100,4,124.823032054873,"3","B"
"X4532",25.1,100,5,128.988823016213,"3","B"
"X4532",25.1,100,6,128.687215723888,"3","B"
"X4532",25.1,100,7,128.656689549568,"3","B"
"X4532",25.1,106,0,129.028739395198,"3","B"
"X4532",25.1,106,1,124.771656609292,"3","B"
"X4532",25.1,106,2,129.435220578841,"3","B"
"X4532",25.1,106,3,141.325114692647,"3","B"
"X4532",25.1,106,4,135.827970624074,"3","B"
"X4532",25.1,106,5,139.821536004058,"3","B"
"X4532",25.1,106,6,139.451662499013,"3","B"
"X4532",25.1,106,7,139.254799472866,"3","B"
"X4532",25.2,0,0,0,"1","T"
"X4532",25.2,0,1,0,"1","T"
"X4532",25.2,0,2,0,"1","T"
"X4532",25.2,0,3,0,"1","T"
"X4532",25.2,0,4,0,"1","T"
"X4532",25.2,0,5,0,"1","T"
"X4532",25.2,0,6,0,"1","T"
"X4532",25.2,0,7,0,"1","T"
"X4532",25.2,2,0,0.176,"1","T"
"X4532",25.2,2,1,0.198,"1","T"
"X4532",25.2,2,2,0.257,"1","T"
"X4532",25.2,2,3,0.287,"1","T"
"X4532",25.2,2,4,0.185,"1","T"
"X4532",25.2,2,5,0.182,"1","T"
"X4532",25.2,2,6,0.216,"1","T"
"X4532",25.2,2,7,0.299,"1","T"
"X4532",25.2,8,0,0.686916604333241,"1","T"
"X4532",25.2,8,1,0.744166703333388,"1","T"
"X4532",25.2,8,2,1.03208317566643,"1","T"
"X4532",25.2,8,3,1.03050002200003,"1","T"
"X4532",25.2,8,4,0.743916472333045,"1","T"
"X4532",25.2,8,5,0.788332878665991,"1","T"
"X4532",25.2,8,6,0.758166615333257,"1","T"
"X4532",25.2,8,7,0.946750077000114,"1","T"
"X4532",25.2,20,0,2.08275923316475,"1","T"
"X4532",25.2,20,1,2.20281482071586,"1","T"
"X4532",25.2,20,2,3.26961105036829,"1","T"
"X4532",25.2,20,3,2.688962962584,"1","T"
"X4532",25.2,20,4,3.19431473447404,"1","T"
"X4532",25.2,20,5,1.73433327970501,"1","T"
"X4532",25.2,20,6,1.97074071664934,"1","T"
"X4532",25.2,20,7,3.17594444753031,"1","T"
"X4532",25.2,26,0,3.73885704259849,"1","T"
"X4532",25.2,26,1,3.76934718035292,"1","T"
"X4532",25.2,26,2,5.71053152724785,"1","T"
"X4532",25.2,26,3,4.19054877539841,"1","T"
"X4532",25.2,26,4,6.28819093408168,"1","T"
"X4532",25.2,26,5,2.71653359122243,"1","T"
"X4532",25.2,26,6,3.25631216401188,"1","T"
"X4532",25.2,26,7,5.84499200067867,"1","T"
"X4532",25.2,32,0,7.65876057002259,"1","T"
"X4532",25.2,32,1,7.43223719530978,"1","T"
"X4532",25.2,32,2,9.3177487920216,"1","T"
"X4532",25.2,32,3,7.2534930058775,"1","T"
"X4532",25.2,32,4,9.54450036056797,"1","T"
"X4532",25.2,32,5,5.07881665104922,"1","T"
"X4532",25.2,32,6,5.99634053416916,"1","T"
"X4532",25.2,32,7,9.27944779333554,"1","T"
"X4532",25.2,44,0,18.0367993262031,"1","T"
"X4532",25.2,44,1,15.4552720898153,"1","T"
"X4532",25.2,44,2,16.7373815634578,"1","T"
"X4532",25.2,44,3,16.5682249535141,"1","T"
"X4532",25.2,44,4,16.105382059783,"1","T"
"X4532",25.2,44,5,15.3261171868162,"1","T"
"X4532",25.2,44,6,14.6703486950735,"1","T"
"X4532",25.2,44,7,18.2619266750813,"1","T"
"X4532",25.2,50,0,23.3140819264202,"1","T"
"X4532",25.2,50,1,18.9126976702968,"1","T"
"X4532",25.2,50,2,21.5072656645716,"1","T"
"X4532",25.2,50,3,21.803875812421,"1","T"
"X4532",25.2,50,4,21.3323013185484,"1","T"
"X4532",25.2,50,5,21.6239387330841,"1","T"
"X4532",25.2,50,6,19.314784704165,"1","T"
"X4532",25.2,50,7,23.0608175942395,"1","T"
"X4532",25.2,56,0,28.8707539630357,"1","T"
"X4532",25.2,56,1,25.2087831375654,"1","T"
"X4532",25.2,56,2,26.5902151179046,"1","T"
"X4532",25.2,56,3,27.6504995047371,"1","T"
"X4532",25.2,56,4,27.1085371656659,"1","T"
"X4532",25.2,56,5,28.9293224339245,"1","T"
"X4532",25.2,56,6,26.0002232160895,"1","T"
"X4532",25.2,56,7,28.4539289415399,"1","T"
"X4532",25.2,68,0,41.7676479351526,"1","T"
"X4532",25.2,68,1,38.6045214984604,"1","T"
"X4532",25.2,68,2,40.4411312598591,"1","T"
"X4532",25.2,68,3,40.7376335649169,"1","T"
"X4532",25.2,68,4,41.0746529809063,"1","T"
"X4532",25.2,68,5,43.3744586896683,"1","T"
"X4532",25.2,68,6,43.021767533928,"1","T"
"X4532",25.2,68,7,41.8221054142287,"1","T"
"X4532",25.2,74,0,47.5625649045124,"1","T"
"X4532",25.2,74,1,44.031235251982,"1","T"
"X4532",25.2,74,2,47.5512051424735,"1","T"
"X4532",25.2,74,3,46.6298742839745,"1","T"
"X4532",25.2,74,4,48.5110301969499,"1","T"
"X4532",25.2,74,5,51.2701079780757,"1","T"
"X4532",25.2,74,6,52.4490530321368,"1","T"
"X4532",25.2,74,7,48.8723478103392,"1","T"
"X4532",25.2,80,0,53.9000756324402,"1","T"
"X4532",25.2,80,1,52.4435572337387,"1","T"
"X4532",25.2,80,2,54.9701937810276,"1","T"
"X4532",25.2,80,3,54.2592070326089,"1","T"
"X4532",25.2,80,4,57.3846590274418,"1","T"
"X4532",25.2,80,5,59.3310817788772,"1","T"
"X4532",25.2,80,6,60.3452663049293,"1","T"
"X4532",25.2,80,7,56.8522745765274,"1","T"
"X4532",25.2,92,0,67.4082158549131,"1","T"
"X4532",25.2,92,1,67.4950398850603,"1","T"
"X4532",25.2,92,2,72.4361149103505,"1","T"
"X4532",25.2,92,3,69.5812682677257,"1","T"
"X4532",25.2,92,4,74.336884102716,"1","T"
"X4532",25.2,92,5,74.2121761987242,"1","T"
"X4532",25.2,92,6,76.0251193002085,"1","T"
"X4532",25.2,92,7,73.8540736424187,"1","T"
"X4532",25.2,98,0,74.8325176956277,"1","T"
"X4532",25.2,98,1,74.0271560613716,"1","T"
"X4532",25.2,98,2,80.1053450928861,"1","T"
"X4532",25.2,98,3,77.2678372631264,"1","T"
"X4532",25.2,98,4,82.5895147615034,"1","T"
"X4532",25.2,98,5,81.5735532784809,"1","T"
"X4532",25.2,98,6,83.7641459911509,"1","T"
"X4532",25.2,98,7,83.6049007234283,"1","T"
"X4532",25.2,104,0,81.3605623974965,"1","T"
"X4532",25.2,104,1,81.2712919510412,"1","T"
"X4532",25.2,104,2,87.4666504868737,"1","T"
"X4532",25.2,104,3,84.6945858852784,"1","T"
"X4532",25.2,104,4,90.8965174580842,"1","T"
"X4532",25.2,104,5,89.7312558312167,"1","T"
"X4532",25.2,104,6,92.6612559173965,"1","T"
"X4532",25.2,104,7,92.1275994432362,"1","T"
"X4532",25.2,127,0,110.577381963544,"1","T"
"X4532",25.2,127,1,110.388177670433,"1","T"
"X4532",25.2,127,2,105.711744098998,"1","T"
"X4532",25.2,127,3,115.997310695697,"1","T"
"X4532",25.2,127,4,127.595976945622,"1","T"
"X4532",25.2,127,5,122.129212579313,"1","T"
"X4532",25.2,127,6,133.355394578594,"1","T"
"X4532",25.2,127,7,115.605301945128,"1","T"
"X4532",25.2,151,0,138.042815881789,"1","T"
"X4532",25.2,151,1,142.667026186393,"1","T"
"X4532",25.2,151,2,136.780347031436,"1","T"
"X4532",25.2,151,3,148.932869716198,"1","T"
"X4532",25.2,151,4,162.243085268565,"1","T"
"X4532",25.2,151,5,159.995934207214,"1","T"
"X4532",25.2,151,6,167.744343743901,"1","T"
"X4532",25.2,151,7,152.66589349359,"1","T"
"X4532",25.2,164,0,152.868177174577,"1","T"
"X4532",25.2,164,1,159.936008995755,"1","T"
"X4532",25.2,164,2,152.908682860375,"1","T"
"X4532",25.2,164,3,166.72769164378,"1","T"
"X4532",25.2,164,4,182.478626720494,"1","T"
"X4532",25.2,164,5,179.569165281891,"1","T"
"X4532",25.2,164,6,187.534767660461,"1","T"
"X4532",25.2,164,7,170.893365630342,"1","T"
"X4532",25.3,0,0,0,"4","M"
"X4532",25.3,0,1,0,"4","M"
"X4532",25.3,0,2,0,"4","M"
"X4532",25.3,0,3,0,"4","M"
"X4532",25.3,0,4,0,"4","M"
"X4532",25.3,0,5,0,"4","M"
"X4532",25.3,0,6,0,"4","M"
"X4532",25.3,0,7,0,"4","M"
"X4532",25.3,4,0,0.372,"4","M"
"X4532",25.3,4,1,0.276,"4","M"
"X4532",25.3,4,2,0.324,"4","M"
"X4532",25.3,4,3,0.454,"4","M"
"X4532",25.3,4,4,0.486,"4","M"
"X4532",25.3,4,5,0.324,"4","M"
"X4532",25.3,4,6,0.344,"4","M"
"X4532",25.3,4,7,0.332,"4","M"
"X4532",25.3,10,0,0.984500280354029,"4","M"
"X4532",25.3,10,1,0.778916849321565,"4","M"
"X4532",25.3,10,2,1.10575000644073,"4","M"
"X4532",25.3,10,3,1.17237481522121,"4","M"
"X4532",25.3,10,4,1.3544583397969,"4","M"
"X4532",25.3,10,5,0.89216681109147,"4","M"
"X4532",25.3,10,6,0.985166913038389,"4","M"
"X4532",25.3,10,7,1.01558368589976,"4","M"
"X4532",25.3,22,0,3.93955206077036,"4","M"
"X4532",25.3,22,1,3.38233305738597,"4","M"
"X4532",25.3,22,2,4.39548280413796,"4","M"
"X4532",25.3,22,3,3.64101905657903,"4","M"
"X4532",25.3,22,4,5.99803805200888,"4","M"
"X4532",25.3,22,5,3.68640993745752,"4","M"
"X4532",25.3,22,6,4.54240456213803,"4","M"
"X4532",25.3,22,7,6.79885527974295,"4","M"
"X4532",25.3,28,0,6.81783887647568,"4","M"
"X4532",25.3,28,1,5.93535844890856,"4","M"
"X4532",25.3,28,2,6.34778711572865,"4","M"
"X4532",25.3,28,3,6.52274094250641,"4","M"
"X4532",25.3,28,4,10.7144669647939,"4","M"
"X4532",25.3,28,5,6.68935155300704,"4","M"
"X4532",25.3,28,6,8.35586529733814,"4","M"
"X4532",25.3,28,7,12.9344079615016,"4","M"
"X4532",25.3,34,0,11.9708011299276,"4","M"
"X4532",25.3,34,1,10.3466087444607,"4","M"
"X4532",25.3,34,2,10.547730045274,"4","M"
"X4532",25.3,34,3,11.6556106062515,"4","M"
"X4532",25.3,34,4,19.1596019813758,"4","M"
"X4532",25.3,34,5,12.4778681545629,"4","M"
"X4532",25.3,34,6,14.3259544270805,"4","M"
"X4532",25.3,34,7,19.5334875029359,"4","M"
"X4532",25.3,46,0,29.2627271318045,"4","M"
"X4532",25.3,46,1,26.9896312890156,"4","M"
"X4532",25.3,46,2,25.2512472871495,"4","M"
"X4532",25.3,46,3,27.4939488841909,"4","M"
"X4532",25.3,46,4,38.4393501984553,"4","M"
"X4532",25.3,46,5,30.5099608275589,"4","M"
"X4532",25.3,46,6,30.1437291927235,"4","M"
"X4532",25.3,46,7,39.1669135514739,"4","M"
"X4532",25.3,52,0,39.4631540816009,"4","M"
"X4532",25.3,52,1,37.296213503585,"4","M"
"X4532",25.3,52,2,33.7270346072013,"4","M"
"X4532",25.3,52,3,37.1683697816533,"4","M"
"X4532",25.3,52,4,49.2841374014647,"4","M"
"X4532",25.3,52,5,40.1997869321988,"4","M"
"X4532",25.3,52,6,40.1982056335771,"4","M"
"X4532",25.3,52,7,48.7070858151842,"4","M"
"X4532",25.3,58,0,49.4129920184801,"4","M"
"X4532",25.3,58,1,47.1591410032078,"4","M"
"X4532",25.3,58,2,42.7685268886971,"4","M"
"X4532",25.3,58,3,46.60514041157,"4","M"
"X4532",25.3,58,4,60.5368601908295,"4","M"
"X4532",25.3,58,5,50.4497880072826,"4","M"
"X4532",25.3,58,6,50.0514098476347,"4","M"
"X4532",25.3,58,7,59.1133722316849,"4","M"
"X4532",25.3,70,0,70.4338985130067,"4","M"
"X4532",25.3,70,1,67.2319377177574,"4","M"
"X4532",25.3,70,2,62.3714282776606,"4","M"
"X4532",25.3,70,3,65.1886035555451,"4","M"
"X4532",25.3,70,4,83.2297285548642,"4","M"
"X4532",25.3,70,5,70.804540453735,"4","M"
"X4532",25.3,70,6,70.2273855477112,"4","M"
"X4532",25.3,70,7,79.6421587235736,"4","M"
"X4532",25.3,76,0,81.0083425139713,"4","M"
"X4532",25.3,76,1,78.2158976040742,"4","M"
"X4532",25.3,76,2,72.8379130051622,"4","M"
"X4532",25.3,76,3,75.4450713680835,"4","M"
"X4532",25.3,76,4,95.4273052117044,"4","M"
"X4532",25.3,76,5,82.2308940057686,"4","M"
"X4532",25.3,76,6,82.2983310379347,"4","M"
"X4532",25.3,76,7,91.8591050121254,"4","M"
"X4532",25.3,82,0,91.5955701235397,"4","M"
"X4532",25.3,82,1,88.822792960997,"4","M"
"X4532",25.3,82,2,82.9478631698554,"4","M"
"X4532",25.3,82,3,85.2949178798871,"4","M"
"X4532",25.3,82,4,106.844151020167,"4","M"
"X4532",25.3,82,5,93.174640014297,"4","M"
"X4532",25.3,82,6,94.1575356926702,"4","M"
"X4532",25.3,82,7,103.380161714297,"4","M"
"X4532",25.3,94,0,113.535562787044,"4","M"
"X4532",25.3,94,1,110.437311270639,"4","M"
"X4532",25.3,94,2,102.245491012028,"4","M"
"X4532",25.3,94,3,106.079984525605,"4","M"
"X4532",25.3,94,4,131.226615679166,"4","M"
"X4532",25.3,94,5,116.130793016248,"4","M"
"X4532",25.3,94,6,115.903998149242,"4","M"
"X4532",25.3,94,7,124.161950108835,"4","M"
"X4532",25.3,100,0,124.196769380437,"4","M"
"X4532",25.3,100,1,121.504210525131,"4","M"
"X4532",25.3,100,2,112.900045477172,"4","M"
"X4532",25.3,100,3,116.633878716126,"4","M"
"X4532",25.3,100,4,143.593883764017,"4","M"
"X4532",25.3,100,5,127.662968631226,"4","M"
"X4532",25.3,100,6,126.48256420595,"4","M"
"X4532",25.3,100,7,135.150716344617,"4","M"
"X4532",25.3,106,0,134.837434833947,"4","M"
"X4532",25.3,106,1,132.310748378911,"4","M"
"X4532",25.3,106,2,123.445339580042,"4","M"
"X4532",25.3,106,3,126.922922873461,"4","M"
"X4532",25.3,106,4,155.572745334555,"4","M"
"X4532",25.3,106,5,138.791722520366,"4","M"
"X4532",25.3,106,6,136.910586715317,"4","M"
"X4532",25.3,106,7,146.406592149597,"4","M"
"X4532",28,0,0,0,"3","M"
"X4532",28,0,1,0,"3","M"
"X4532",28,0,2,0,"3","M"
"X4532",28,0,3,0,"3","M"
"X4532",28,0,4,0,"3","M"
"X4532",28,0,5,0,"3","M"
"X4532",28,0,6,0,"3","M"
"X4532",28,0,7,0,"3","M"
"X4532",28,4,0,0.662,"3","M"
"X4532",28,4,1,0.72,"3","M"
"X4532",28,4,2,1.154,"3","M"
"X4532",28,4,3,0.812,"3","M"
"X4532",28,4,4,0.574,"3","M"
"X4532",28,4,5,0.666,"3","M"
"X4532",28,4,6,0.734,"3","M"
"X4532",28,4,7,0.736,"3","M"
"X4532",28,10,0,1.37287500870184,"3","M"
"X4532",28,10,1,1.7265838897936,"3","M"
"X4532",28,10,2,2.59454167719566,"3","M"
"X4532",28,10,3,1.55191668343083,"3","M"
"X4532",28,10,4,1.19795834061912,"3","M"
"X4532",28,10,5,1.900875401416,"3","M"
"X4532",28,10,6,1.64129167760677,"3","M"
"X4532",28,10,7,1.57083334383949,"3","M"
"X4532",28,22,0,5.6350235084314,"3","M"
"X4532",28,22,1,5.96743812875721,"3","M"
"X4532",28,22,2,8.34252435897588,"3","M"
"X4532",28,22,3,5.72263141952818,"3","M"
"X4532",28,22,4,5.1468354849327,"3","M"
"X4532",28,22,5,6.83281974536092,"3","M"
"X4532",28,22,6,6.85899447978254,"3","M"
"X4532",28,22,7,5.77451599850521,"3","M"
"X4532",28,28,0,10.3640011420527,"3","M"
"X4532",28,28,1,9.94128270922982,"3","M"
"X4532",28,28,2,13.1656307098259,"3","M"
"X4532",28,28,3,9.54998319304087,"3","M"
"X4532",28,28,4,9.69893697525499,"3","M"
"X4532",28,28,5,11.2437782250853,"3","M"
"X4532",28,28,6,11.9601750989386,"3","M"
"X4532",28,28,7,9.64078566657648,"3","M"
"X4532",28,34,0,17.9030128173465,"3","M"
"X4532",28,34,1,15.8645250540872,"3","M"
"X4532",28,34,2,18.7991080769674,"3","M"
"X4532",28,34,3,16.9527563805689,"3","M"
"X4532",28,34,4,16.3516034943416,"3","M"
"X4532",28,34,5,18.4494112106009,"3","M"
"X4532",28,34,6,18.5348847843208,"3","M"
"X4532",28,34,7,15.6396075157672,"3","M"
"X4532",28,46,0,34.3721654366999,"3","M"
"X4532",28,46,1,29.2705163074533,"3","M"
"X4532",28,46,2,30.5641004852959,"3","M"
"X4532",28,46,3,32.6460368401696,"3","M"
"X4532",28,46,4,30.334886862841,"3","M"
"X4532",28,46,5,34.1520786176057,"3","M"
"X4532",28,46,6,30.4259135485971,"3","M"
"X4532",28,46,7,28.760290682415,"3","M"
"X4532",28,52,0,42.7848526216127,"3","M"
"X4532",28,52,1,37.3165005354752,"3","M"
"X4532",28,52,2,37.6115017905577,"3","M"
"X4532",28,52,3,41.8864599427633,"3","M"
"X4532",28,52,4,39.3324191342472,"3","M"
"X4532",28,52,5,43.176179150044,"3","M"
"X4532",28,52,6,37.7125524123181,"3","M"
"X4532",28,52,7,35.1207781965853,"3","M"
"X4532",28,58,0,52.1759629247645,"3","M"
"X4532",28,58,1,46.092632262746,"3","M"
"X4532",28,58,2,45.9132651323561,"3","M"
"X4532",28,58,3,52.2028543607149,"3","M"
"X4532",28,58,4,48.4849519199504,"3","M"
"X4532",28,58,5,52.6489766371186,"3","M"
"X4532",28,58,6,46.3317001074431,"3","M"
"X4532",28,58,7,43.8219641676,"3","M"
"X4532",28,70,0,71.2496136359369,"3","M"
"X4532",28,70,1,62.3997638895016,"3","M"
"X4532",28,70,2,61.6981661605576,"3","M"
"X4532",28,70,3,73.4111607334925,"3","M"
"X4532",28,70,4,66.5141895173744,"3","M"
"X4532",28,70,5,72.4857599324536,"3","M"
"X4532",28,70,6,64.4021827469323,"3","M"
"X4532",28,70,7,60.6892140433101,"3","M"
"X4532",28,76,0,80.9334404431937,"3","M"
"X4532",28,76,1,69.0343083343521,"3","M"
"X4532",28,76,2,70.4791780104991,"3","M"
"X4532",28,76,3,83.0024135425922,"3","M"
"X4532",28,76,4,75.268172185399,"3","M"
"X4532",28,76,5,82.8841762853162,"3","M"
"X4532",28,76,6,73.2587235846566,"3","M"
"X4532",28,76,7,69.5411451157527,"3","M"
"X4532",28,82,0,90.4551299666408,"3","M"
"X4532",28,82,1,76.542661484207,"3","M"
"X4532",28,82,2,79.0370808280701,"3","M"
"X4532",28,82,3,92.9577147730204,"3","M"
"X4532",28,82,4,84.2469094097054,"3","M"
"X4532",28,82,5,92.9373159744282,"3","M"
"X4532",28,82,6,81.8648189631023,"3","M"
"X4532",28,82,7,78.3300206667819,"3","M"
"X4532",28,94,0,110.207591420423,"3","M"
"X4532",28,94,1,90.4131385381354,"3","M"
"X4532",28,94,2,97.1955356585913,"3","M"
"X4532",28,94,3,111.901391254589,"3","M"
"X4532",28,94,4,100.483295920555,"3","M"
"X4532",28,94,5,113.533474345914,"3","M"
"X4532",28,94,6,98.5464447605059,"3","M"
"X4532",28,94,7,93.9259010908202,"3","M"
"X4532",28,100,0,119.77279260728,"3","M"
"X4532",28,100,1,97.4864755232826,"3","M"
"X4532",28,100,2,106.137668413948,"3","M"
"X4532",28,100,3,121.312860139261,"3","M"
"X4532",28,100,4,109.022146492324,"3","M"
"X4532",28,100,5,124.211717050586,"3","M"
"X4532",28,100,6,107.271350747482,"3","M"
"X4532",28,100,7,102.34436355057,"3","M"
"X4532",28,106,0,129.433726517729,"3","M"
"X4532",28,106,1,104.863771100383,"3","M"
"X4532",28,106,2,115.141057473891,"3","M"
"X4532",28,106,3,131.080331451705,"3","M"
"X4532",28,106,4,117.326472863087,"3","M"
"X4532",28,106,5,134.909368406149,"3","M"
"X4532",28,106,6,115.716675969126,"3","M"
"X4532",28,106,7,110.135286586117,"3","M"
"X4532",30,0,0,0,"2","B"
"X4532",30,0,1,0,"2","B"
"X4532",30,0,2,0,"2","B"
"X4532",30,0,3,0,"2","B"
"X4532",30,0,4,0,"2","B"
"X4532",30,0,5,0,"2","B"
"X4532",30,0,6,0,"2","B"
"X4532",30,0,7,0,"2","B"
"X4532",30,4,0,0.378,"2","B"
"X4532",30,4,1,0.37,"2","B"
"X4532",30,4,2,0.282,"2","B"
"X4532",30,4,3,0.466,"2","B"
"X4532",30,4,4,0.314,"2","B"
"X4532",30,4,5,0.32,"2","B"
"X4532",30,4,6,0.384,"2","B"
"X4532",30,4,7,0.294,"2","B"
"X4532",30,10,0,1.32004167418085,"2","B"
"X4532",30,10,1,1.28720834514134,"2","B"
"X4532",30,10,2,0.822791671303078,"2","B"
"X4532",30,10,3,1.55470802961647,"2","B"
"X4532",30,10,4,1.52979168116973,"2","B"
"X4532",30,10,5,1.0300005097346,"2","B"
"X4532",30,10,6,1.16016667753825,"2","B"
"X4532",30,10,7,1.30279167952528,"2","B"
"X4532",30,22,0,8.23245557698362,"2","B"
"X4532",30,22,1,8.62102388296714,"2","B"
"X4532",30,22,2,4.98802383008537,"2","B"
"X4532",30,22,3,7.19014006245843,"2","B"
"X4532",30,22,4,11.3448397733019,"2","B"
"X4532",30,22,5,8.12466895952016,"2","B"
"X4532",30,22,6,6.6651316992049,"2","B"
"X4532",30,22,7,10.7020329864924,"2","B"
"X4532",30,28,0,14.9644023406111,"2","B"
"X4532",30,28,1,15.7659884567143,"2","B"
"X4532",30,28,2,9.7561660204586,"2","B"
"X4532",30,28,3,13.5869626561238,"2","B"
"X4532",30,28,4,19.6121355387754,"2","B"
"X4532",30,28,5,15.9540236788316,"2","B"
"X4532",30,28,6,12.1388961622435,"2","B"
"X4532",30,28,7,19.5744190019511,"2","B"
"X4532",30,34,0,22.6345029407376,"2","B"
"X4532",30,34,1,24.5839800725894,"2","B"
"X4532",30,34,2,17.3620915811134,"2","B"
"X4532",30,34,3,20.9093225841742,"2","B"
"X4532",30,34,4,27.4008560353623,"2","B"
"X4532",30,34,5,23.1180575176665,"2","B"
"X4532",30,34,6,21.2082394168163,"2","B"
"X4532",30,34,7,29.1807496545537,"2","B"
"X4532",30,46,0,39.847179544558,"2","B"
"X4532",30,46,1,39.5992927446484,"2","B"
"X4532",30,46,2,33.6822970452261,"2","B"
"X4532",30,46,3,35.6118224176668,"2","B"
"X4532",30,46,4,44.6044033431206,"2","B"
"X4532",30,46,5,38.6243622791845,"2","B"
"X4532",30,46,6,40.0836017660007,"2","B"
"X4532",30,46,7,50.7584994995582,"2","B"
"X4532",30,52,0,49.4097047131661,"2","B"
"X4532",30,52,1,48.8556640861798,"2","B"
"X4532",30,52,2,41.4060268333879,"2","B"
"X4532",30,52,3,44.22647574283,"2","B"
"X4532",30,52,4,53.3493934265969,"2","B"
"X4532",30,52,5,47.9420824882789,"2","B"
"X4532",30,52,6,51.511196987997,"2","B"
"X4532",30,52,7,60.1014751432659,"2","B"
"X4532",30,58,0,59.4014310006906,"2","B"
"X4532",30,58,1,59.2098878448912,"2","B"
"X4532",30,58,2,52.2148265053379,"2","B"
"X4532",30,58,3,54.6054279249395,"2","B"
"X4532",30,58,4,63.2026773665458,"2","B"
"X4532",30,58,5,56.7850293576487,"2","B"
"X4532",30,58,6,60.7250277941361,"2","B"
"X4532",30,58,7,70.8354847301919,"2","B"
"X4532",30,70,0,82.0551987613224,"2","B"
"X4532",30,70,1,78.6260537625417,"2","B"
"X4532",30,70,2,74.3122480968569,"2","B"
"X4532",30,70,3,78.9499554193504,"2","B"
"X4532",30,70,4,87.3744028427634,"2","B"
"X4532",30,70,5,76.3451082531515,"2","B"
"X4532",30,70,6,81.3001028808852,"2","B"
"X4532",30,70,7,95.0290470341318,"2","B"
"X4532",30,76,0,92.9352160345531,"2","B"
"X4532",30,76,1,89.2575037375067,"2","B"
"X4532",30,76,2,83.2043042555848,"2","B"
"X4532",30,76,3,88.4854297388897,"2","B"
"X4532",30,76,4,101.813958051382,"2","B"
"X4532",30,76,5,88.2433343642267,"2","B"
"X4532",30,76,6,92.3861201145194,"2","B"
"X4532",30,76,7,106.050976891749,"2","B"
"X4532",30,82,0,103.571408367383,"2","B"
"X4532",30,82,1,100.077931297281,"2","B"
"X4532",30,82,2,93.4647369001929,"2","B"
"X4532",30,82,3,100.568081366032,"2","B"
"X4532",30,82,4,114.893796269368,"2","B"
"X4532",30,82,5,100.575103348262,"2","B"
"X4532",30,82,6,102.630212679595,"2","B"
"X4532",30,82,7,117.631145635762,"2","B"
"X4532",30,94,0,123.505058434564,"2","B"
"X4532",30,94,1,121.351986411131,"2","B"
"X4532",30,94,2,117.169790723752,"2","B"
"X4532",30,94,3,123.293425579761,"2","B"
"X4532",30,94,4,140.019511020484,"2","B"
"X4532",30,94,5,125.765893860562,"2","B"
"X4532",30,94,6,124.739805867003,"2","B"
"X4532",30,94,7,145.116595674463,"2","B"
"X4532",30,100,0,132.860568225939,"2","B"
"X4532",30,100,1,132.710231776714,"2","B"
"X4532",30,100,2,125.745588924124,"2","B"
"X4532",30,100,3,134.522512436448,"2","B"
"X4532",30,100,4,151.194866466685,"2","B"
"X4532",30,100,5,138.780483550671,"2","B"
"X4532",30,100,6,135.513139207031,"2","B"
"X4532",30,100,7,157.506227212577,"2","B"
"X4532",30,106,0,144.068613563523,"2","B"
"X4532",30,106,1,142.645775646248,"2","B"
"X4532",30,106,2,135.044028668257,"2","B"
"X4532",30,106,3,145.435401731528,"2","B"
"X4532",30,106,4,163.397277658516,"2","B"
"X4532",30,106,5,150.663608338357,"2","B"
"X4532",30,106,6,146.423575538364,"2","B"
"X4532",30,106,7,168.708109497554,"2","B"
"X4532",32,0,0,0,"3","T"
"X4532",32,0,1,0,"3","T"
"X4532",32,0,2,0,"3","T"
"X4532",32,0,3,0,"3","T"
"X4532",32,0,4,0,"3","T"
"X4532",32,0,5,0,"3","T"
"X4532",32,0,6,0,"3","T"
"X4532",32,0,7,0,"3","T"
"X4532",32,4,0,0.692,"3","T"
"X4532",32,4,1,0.388,"3","T"
"X4532",32,4,2,0.528,"3","T"
"X4532",32,4,3,0.46,"3","T"
"X4532",32,4,4,0.34,"3","T"
"X4532",32,4,5,1.124,"3","T"
"X4532",32,4,6,0.796,"3","T"
"X4532",32,4,7,0.818,"3","T"
"X4532",32,10,0,1.17891668233454,"3","T"
"X4532",32,10,1,0.989416673838258,"3","T"
"X4532",32,10,2,1.27991667356418,"3","T"
"X4532",32,10,3,1.06775000808517,"3","T"
"X4532",32,10,4,0.811083660413034,"3","T"
"X4532",32,10,5,1.4956667019308,"3","T"
"X4532",32,10,6,1.25316668959749,"3","T"
"X4532",32,10,7,1.30037502377588,"3","T"
"X4532",32,22,0,6.04108614751425,"3","T"
"X4532",32,22,1,6.41643452472679,"3","T"
"X4532",32,22,2,6.566245361396,"3","T"
"X4532",32,22,3,6.1064142285604,"3","T"
"X4532",32,22,4,4.37441745914855,"3","T"
"X4532",32,22,5,7.31949675258748,"3","T"
"X4532",32,22,6,6.40504950871096,"3","T"
"X4532",32,22,7,7.61529074932761,"3","T"
"X4532",32,28,0,11.3182590605185,"3","T"
"X4532",32,28,1,12.2670316759632,"3","T"
"X4532",32,28,2,12.0251936066516,"3","T"
"X4532",32,28,3,11.8207670357763,"3","T"
"X4532",32,28,4,8.54771094247828,"3","T"
"X4532",32,28,5,12.7294379211642,"3","T"
"X4532",32,28,6,11.290256735815,"3","T"
"X4532",32,28,7,13.9885683770861,"3","T"
"X4532",32,34,0,17.9004762634759,"3","T"
"X4532",32,34,1,18.6500803786487,"3","T"
"X4532",32,34,2,18.9293693433775,"3","T"
"X4532",32,34,3,19.1659870314777,"3","T"
"X4532",32,34,4,14.3268287997919,"3","T"
"X4532",32,34,5,19.9221256044224,"3","T"
"X4532",32,34,6,18.3410827857882,"3","T"
"X4532",32,34,7,20.4610712842931,"3","T"
"X4532",32,46,0,30.3604992628532,"3","T"
"X4532",32,46,1,32.1815283400135,"3","T"
"X4532",32,46,2,37.3457420278294,"3","T"
"X4532",32,46,3,32.799281463797,"3","T"
"X4532",32,46,4,30.3499460714766,"3","T"
"X4532",32,46,5,32.1040522863677,"3","T"
"X4532",32,46,6,34.1095462001813,"3","T"
"X4532",32,46,7,30.9699149612321,"3","T"
"X4532",32,52,0,37.124656228335,"3","T"
"X4532",32,52,1,38.6649646812404,"3","T"
"X4532",32,52,2,44.9247609002987,"3","T"
"X4532",32,52,3,40.4658047939463,"3","T"
"X4532",32,52,4,39.3766232634426,"3","T"
"X4532",32,52,5,39.1635748841214,"3","T"
"X4532",32,52,6,40.7459426376164,"3","T"
"X4532",32,52,7,37.7767603397952,"3","T"
"X4532",32,58,0,42.7817771487161,"3","T"
"X4532",32,58,1,45.4708366750095,"3","T"
"X4532",32,58,2,53.5154259330831,"3","T"
"X4532",32,58,3,47.9914045846484,"3","T"
"X4532",32,58,4,46.6704975194645,"3","T"
"X4532",32,58,5,46.3466992415139,"3","T"
"X4532",32,58,6,47.8233782574449,"3","T"
"X4532",32,58,7,43.6195864860709,"3","T"
"X4532",32,70,0,56.4590569588384,"3","T"
"X4532",32,70,1,59.391832927802,"3","T"
"X4532",32,70,2,74.4753201564787,"3","T"
"X4532",32,70,3,63.2209073074105,"3","T"
"X4532",32,70,4,62.9091218907972,"3","T"
"X4532",32,70,5,63.0836416807998,"3","T"
"X4532",32,70,6,63.4762748349597,"3","T"
"X4532",32,70,7,56.7641539983295,"3","T"
"X4532",32,76,0,63.1161497636589,"3","T"
"X4532",32,76,1,67.0339893267598,"3","T"
"X4532",32,76,2,80.0953446234277,"3","T"
"X4532",32,76,3,71.7987305591012,"3","T"
"X4532",32,76,4,70.8564539919102,"3","T"
"X4532",32,76,5,71.0905228306299,"3","T"
"X4532",32,76,6,72.2082925112635,"3","T"
"X4532",32,76,7,63.6394513647959,"3","T"
"X4532",32,82,0,68.5046713338681,"3","T"
"X4532",32,82,1,73.5271860576203,"3","T"
"X4532",32,82,2,89.590480748314,"3","T"
"X4532",32,82,3,79.6307691778442,"3","T"
"X4532",32,82,4,78.4929150065317,"3","T"
"X4532",32,82,5,77.8922665317986,"3","T"
"X4532",32,82,6,79.6164133253719,"3","T"
"X4532",32,82,7,69.5635980552527,"3","T"
"X4532",32,94,0,78.8726788809379,"3","T"
"X4532",32,94,1,86.3007265315891,"3","T"
"X4532",32,94,2,109.082140655434,"3","T"
"X4532",32,94,3,96.3203361837593,"3","T"
"X4532",32,94,4,94.8028826541283,"3","T"
"X4532",32,94,5,93.5051730037481,"3","T"
"X4532",32,94,6,97.6242166633718,"3","T"
"X4532",32,94,7,81.7685719331366,"3","T"
"X4532",32,100,0,84.2985892111575,"3","T"
"X4532",32,100,1,93.3564310524852,"3","T"
"X4532",32,100,2,116.567324750237,"3","T"
"X4532",32,100,3,103.654688567158,"3","T"
"X4532",32,100,4,103.440025262958,"3","T"
"X4532",32,100,5,101.252454315466,"3","T"
"X4532",32,100,6,105.232665469237,"3","T"
"X4532",32,100,7,87.2735755514589,"3","T"
"X4532",32,106,0,88.8131312189131,"3","T"
"X4532",32,106,1,99.677234826761,"3","T"
"X4532",32,106,2,126.235889325522,"3","T"
"X4532",32,106,3,111.220487852849,"3","T"
"X4532",32,106,4,110.817351563675,"3","T"
"X4532",32,106,5,108.215285296938,"3","T"
"X4532",32,106,6,115.163553491344,"3","T"
"X4532",32,106,7,93.0715720237291,"3","T"
"X4532",35,0,0,0,"1","M"
"X4532",35,0,1,0,"1","M"
"X4532",35,0,2,0,"1","M"
"X4532",35,0,3,0,"1","M"
"X4532",35,0,4,0,"1","M"
"X4532",35,0,5,0,"1","M"
"X4532",35,0,6,0,"1","M"
"X4532",35,0,7,0,"1","M"
"X4532",35,2,0,0.138,"1","M"
"X4532",35,2,1,0.189,"1","M"
"X4532",35,2,2,0.207,"1","M"
"X4532",35,2,3,0.194,"1","M"
"X4532",35,2,4,0.158,"1","M"
"X4532",35,2,5,0.217,"1","M"
"X4532",35,2,6,0.164,"1","M"
"X4532",35,2,7,0.224,"1","M"
"X4532",35,8,0,0.440917044333895,"1","M"
"X4532",35,8,1,0.870249790999689,"1","M"
"X4532",35,8,2,0.871251067001586,"1","M"
"X4532",35,8,3,0.681417506334581,"1","M"
"X4532",35,8,4,0.531750649000965,"1","M"
"X4532",35,8,5,0.816833164666416,"1","M"
"X4532",35,8,6,0.633917616334745,"1","M"
"X4532",35,8,7,0.790000968001439,"1","M"
"X4532",35,20,0,2.81416676898747,"1","M"
"X4532",35,20,1,4.98101842296497,"1","M"
"X4532",35,20,2,5.97968550573622,"1","M"
"X4532",35,20,3,5.76709282571078,"1","M"
"X4532",35,20,4,5.64068545429424,"1","M"
"X4532",35,20,5,4.70814805854978,"1","M"
"X4532",35,20,6,5.50912990551682,"1","M"
"X4532",35,20,7,6.83066693367523,"1","M"
"X4532",35,26,0,5.67714777533115,"1","M"
"X4532",35,26,1,9.95751107563302,"1","M"
"X4532",35,26,2,10.3653120647304,"1","M"
"X4532",35,26,3,10.9453579982968,"1","M"
"X4532",35,26,4,11.4909849002489,"1","M"
"X4532",35,26,5,9.64606730741869,"1","M"
"X4532",35,26,6,10.2319698271764,"1","M"
"X4532",35,26,7,13.1304440641029,"1","M"
"X4532",35,32,0,9.53731970677924,"1","M"
"X4532",35,32,1,15.2991550839238,"1","M"
"X4532",35,32,2,15.3163367776957,"1","M"
"X4532",35,32,3,15.1215536589843,"1","M"
"X4532",35,32,4,16.9358188978456,"1","M"
"X4532",35,32,5,13.5211403052356,"1","M"
"X4532",35,32,6,15.5228582029616,"1","M"
"X4532",35,32,7,18.6430081638073,"1","M"
"X4532",35,44,0,16.5299592715346,"1","M"
"X4532",35,44,1,28.1448621090724,"1","M"
"X4532",35,44,2,25.7460948035653,"1","M"
"X4532",35,44,3,24.6285825624576,"1","M"
"X4532",35,44,4,29.8306079704932,"1","M"
"X4532",35,44,5,22.5134547749287,"1","M"
"X4532",35,44,6,28.1032341140664,"1","M"
"X4532",35,44,7,30.0399814921934,"1","M"
"X4532",35,50,0,20.0398052299185,"1","M"
"X4532",35,50,1,34.2500516356564,"1","M"
"X4532",35,50,2,29.8975645108896,"1","M"
"X4532",35,50,3,30.0463178304323,"1","M"
"X4532",35,50,4,35.291883820877,"1","M"
"X4532",35,50,5,28.3086779685686,"1","M"
"X4532",35,50,6,33.2179616082422,"1","M"
"X4532",35,50,7,35.298611976826,"1","M"
"X4532",35,56,0,23.2010818686649,"1","M"
"X4532",35,56,1,37.8977696958988,"1","M"
"X4532",35,56,2,34.1701754185544,"1","M"
"X4532",35,56,3,34.7133414163642,"1","M"
"X4532",35,56,4,40.6972572829708,"1","M"
"X4532",35,56,5,32.8950020829735,"1","M"
"X4532",35,56,6,38.7486060625706,"1","M"
"X4532",35,56,7,40.4699757595522,"1","M"
"X4532",35,68,0,29.669899731059,"1","M"
"X4532",35,68,1,45.274411105028,"1","M"
"X4532",35,68,2,46.4515910147873,"1","M"
"X4532",35,68,3,44.0693603496942,"1","M"
"X4532",35,68,4,54.5230161857622,"1","M"
"X4532",35,68,5,44.0364273008676,"1","M"
"X4532",35,68,6,49.243265892276,"1","M"
"X4532",35,68,7,52.3755106043562,"1","M"
"X4532",35,74,0,34.0223284998845,"1","M"
"X4532",35,74,1,48.8312680586456,"1","M"
"X4532",35,74,2,51.6970422134858,"1","M"
"X4532",35,74,3,53.143350336495,"1","M"
"X4532",35,74,4,59.1934120193062,"1","M"
"X4532",35,74,5,53.1250853795747,"1","M"
"X4532",35,74,6,53.2389077936857,"1","M"
"X4532",35,74,7,61.1230442278471,"1","M"
"X4532",35,80,0,39.8421724639331,"1","M"
"X4532",35,80,1,53.6108949473975,"1","M"
"X4532",35,80,2,60.8592720014347,"1","M"
"X4532",35,80,3,64.9268914165402,"1","M"
"X4532",35,80,4,62.6017943024063,"1","M"
"X4532",35,80,5,63.9408392072433,"1","M"
"X4532",35,80,6,57.3813541827619,"1","M"
"X4532",35,80,7,69.645453040114,"1","M"
"X4532",35,92,0,57.4542262184348,"1","M"
"X4532",35,92,1,61.882715046903,"1","M"
"X4532",35,92,2,82.5339455888905,"1","M"
"X4532",35,92,3,86.9301351806575,"1","M"
"X4532",35,92,4,71.2163941025907,"1","M"
"X4532",35,92,5,89.4032847829586,"1","M"
"X4532",35,92,6,72.8183141952628,"1","M"
"X4532",35,92,7,87.6961146521333,"1","M"
"X4532",35,98,0,67.4885580662103,"1","M"
"X4532",35,98,1,65.1655487354612,"1","M"
"X4532",35,98,2,96.0713839986088,"1","M"
"X4532",35,98,3,99.2891525728333,"1","M"
"X4532",35,98,4,76.0098337217568,"1","M"
"X4532",35,98,5,99.3831217327637,"1","M"
"X4532",35,98,6,84.4914875891003,"1","M"
"X4532",35,98,7,99.4560455002856,"1","M"
"X4532",35,104,0,70.0027463381351,"1","M"
"X4532",35,104,1,65.2871663601669,"1","M"
"X4532",35,104,2,107.769537869774,"1","M"
"X4532",35,104,3,110.580740904718,"1","M"
"X4532",35,104,4,80.9005199656512,"1","M"
"X4532",35,104,5,109.664704246857,"1","M"
"X4532",35,104,6,95.5099170896904,"1","M"
"X4532",35,104,7,110.544307181314,"1","M"
"X4532",35,127,0,84.5997842177673,"1","M"
"X4532",35,127,1,68.0415333575772,"1","M"
"X4532",35,127,2,151.768455917558,"1","M"
"X4532",35,127,3,153.678400243396,"1","M"
"X4532",35,127,4,96.9358678968014,"1","M"
"X4532",35,127,5,140.293327241497,"1","M"
"X4532",35,127,6,126.530056912727,"1","M"
"X4532",35,127,7,148.559004718384,"1","M"
"X4532",35,151,0,82.079895197061,"1","M"
"X4532",35,151,1,68.6322853242723,"1","M"
"X4532",35,151,2,196.2339980458,"1","M"
"X4532",35,151,3,203.56217031631,"1","M"
"X4532",35,151,4,93.4231531308991,"1","M"
"X4532",35,151,5,179.066160889059,"1","M"
"X4532",35,151,6,171.726557826066,"1","M"
"X4532",35,151,7,193.002533604518,"1","M"
"X4532",35,164,0,83.9124998405919,"1","M"
"X4532",35,164,1,69.8724337417384,"1","M"
"X4532",35,164,2,218.920682938726,"1","M"
"X4532",35,164,3,234.561357545147,"1","M"
"X4532",35,164,4,94.7965773030595,"1","M"
"X4532",35,164,5,201.01420809263,"1","M"
"X4532",35,164,6,192.107970096961,"1","M"
"X4532",35,164,7,214.217036113001,"1","M"
"X4532",37,0,0,0,"4","B"
"X4532",37,0,1,0,"4","B"
"X4532",37,0,2,0,"4","B"
"X4532",37,0,3,0,"4","B"
"X4532",37,0,4,0,"4","B"
"X4532",37,0,5,0,"4","B"
"X4532",37,0,6,0,"4","B"
"X4532",37,0,7,0,"4","B"
"X4532",37,5,0,0.7325,"4","B"
"X4532",37,5,1,0.6875,"4","B"
"X4532",37,5,2,0.645,"4","B"
"X4532",37,5,3,0.57,"4","B"
"X4532",37,5,4,0.4925,"4","B"
"X4532",37,5,5,0.705,"4","B"
"X4532",37,5,6,0.4525,"4","B"
"X4532",37,5,7,0.5625,"4","B"
"X4532",37,11,0,1.30083751350122,"4","B"
"X4532",37,11,1,1.42241795541973,"4","B"
"X4532",37,11,2,1.66700824042323,"4","B"
"X4532",37,11,3,1.2431096430661,"4","B"
"X4532",37,11,4,1.31423934771225,"4","B"
"X4532",37,11,5,1.54945449784623,"4","B"
"X4532",37,11,6,1.03954532232776,"4","B"
"X4532",37,11,7,1.24216678655067,"4","B"
"X4532",37,23,0,7.44880819838619,"4","B"
"X4532",37,23,1,7.45166107563812,"4","B"
"X4532",37,23,2,6.39572640333309,"4","B"
"X4532",37,23,3,6.07140123967132,"4","B"
"X4532",37,23,4,9.22349789121105,"4","B"
"X4532",37,23,5,4.69929315101327,"4","B"
"X4532",37,23,6,4.39395315740639,"4","B"
"X4532",37,23,7,5.15330951830434,"4","B"
"X4532",37,29,0,13.4072035935868,"4","B"
"X4532",37,29,1,13.6653479698986,"4","B"
"X4532",37,29,2,11.1500606315621,"4","B"
"X4532",37,29,3,10.7150723349838,"4","B"
"X4532",37,29,4,16.8699531707346,"4","B"
"X4532",37,29,5,7.52774130454004,"4","B"
"X4532",37,29,6,8.73394733297197,"4","B"
"X4532",37,29,7,9.5135991176021,"4","B"
"X4532",37,35,0,18.492850409164,"4","B"
"X4532",37,35,1,18.9093457735005,"4","B"
"X4532",37,35,2,15.8930696085651,"4","B"
"X4532",37,35,3,15.763964554088,"4","B"
"X4532",37,35,4,23.5581461866374,"4","B"
"X4532",37,35,5,10.8365152766662,"4","B"
"X4532",37,35,6,12.8049842629165,"4","B"
"X4532",37,35,7,13.5464242027386,"4","B"
"X4532",37,47,0,28.4091361552174,"4","B"
"X4532",37,47,1,28.7154134999027,"4","B"
"X4532",37,47,2,25.1098558488171,"4","B"
"X4532",37,47,3,25.4598274433133,"4","B"
"X4532",37,47,4,36.5769832811544,"4","B"
"X4532",37,47,5,17.1243967991368,"4","B"
"X4532",37,47,6,20.7925065501421,"4","B"
"X4532",37,47,7,21.2517830761286,"4","B"
"X4532",37,53,0,32.9634047937938,"4","B"
"X4532",37,53,1,33.3438873277452,"4","B"
"X4532",37,53,2,29.4661128042491,"4","B"
"X4532",37,53,3,30.0310238686129,"4","B"
"X4532",37,53,4,42.5102504398348,"4","B"
"X4532",37,53,5,20.1336428873297,"4","B"
"X4532",37,53,6,24.6334660242199,"4","B"
"X4532",37,53,7,24.8693280994825,"4","B"
"X4532",37,59,0,37.4534970488449,"4","B"
"X4532",37,59,1,37.8637620822574,"4","B"
"X4532",37,59,2,33.5360527797112,"4","B"
"X4532",37,59,3,34.4480869539605,"4","B"
"X4532",37,59,4,48.395527677102,"4","B"
"X4532",37,59,5,23.0411896184014,"4","B"
"X4532",37,59,6,28.017502634026,"4","B"
"X4532",37,59,7,28.2030221657966,"4","B"
"X4532",37,71,0,46.2820372723076,"4","B"
"X4532",37,71,1,46.5177944965101,"4","B"
"X4532",37,71,2,40.8767557458262,"4","B"
"X4532",37,71,3,42.5841357162583,"4","B"
"X4532",37,71,4,59.5063902814058,"4","B"
"X4532",37,71,5,28.6542615771499,"4","B"
"X4532",37,71,6,34.0952200191583,"4","B"
"X4532",37,71,7,34.3191850464488,"4","B"
"X4532",37,77,0,50.2834807833443,"4","B"
"X4532",37,77,1,50.4353862677712,"4","B"
"X4532",37,77,2,44.1291815140372,"4","B"
"X4532",37,77,3,46.1141255529902,"4","B"
"X4532",37,77,4,64.4319396319006,"4","B"
"X4532",37,77,5,31.3451060347349,"4","B"
"X4532",37,77,6,36.9016921899736,"4","B"
"X4532",37,77,7,37.1946531032234,"4","B"
"X4532",37,83,0,53.9856506937188,"4","B"
"X4532",37,83,1,54.0165441659322,"4","B"
"X4532",37,83,2,47.1871082918196,"4","B"
"X4532",37,83,3,49.3357576271663,"4","B"
"X4532",37,83,4,69.0530846708731,"4","B"
"X4532",37,83,5,33.8857412188273,"4","B"
"X4532",37,83,6,39.6748205950454,"4","B"
"X4532",37,83,7,39.9500990449253,"4","B"
"X4532",37,95,0,60.3721901278311,"4","B"
"X4532",37,95,1,60.1524846186309,"4","B"
"X4532",37,95,2,53.0168942997201,"4","B"
"X4532",37,95,3,55.2320266893548,"4","B"
"X4532",37,95,4,77.2000226262512,"4","B"
"X4532",37,95,5,38.6715478269947,"4","B"
"X4532",37,95,6,45.1429537261653,"4","B"
"X4532",37,95,7,45.1122924895663,"4","B"
"X4532",37,101,0,62.9529973156378,"4","B"
"X4532",37,101,1,62.7886993068653,"4","B"
"X4532",37,101,2,55.8045479469817,"4","B"
"X4532",37,101,3,58.0858137680713,"4","B"
"X4532",37,101,4,80.6317375726538,"4","B"
"X4532",37,101,5,41.0382879316071,"4","B"
"X4532",37,101,6,47.8566661139544,"4","B"
"X4532",37,101,7,47.5150358285003,"4","B"
"X4532",37,107,0,65.3748582871009,"4","B"
"X4532",37,107,1,65.3955255364718,"4","B"
"X4532",37,107,2,58.5946480866251,"4","B"
"X4532",37,107,3,60.915033921906,"4","B"
"X4532",37,107,4,83.8616886790453,"4","B"
"X4532",37,107,5,43.2846020453299,"4","B"
"X4532",37,107,6,50.6186840951893,"4","B"
"X4532",37,107,7,49.9278040083884,"4","B"
"X4532",39,0,0,0,"4","M"
"X4532",39,0,1,0,"4","M"
"X4532",39,0,2,0,"4","M"
"X4532",39,0,3,0,"4","M"
"X4532",39,0,4,0,"4","M"
"X4532",39,0,5,0,"4","M"
"X4532",39,0,6,0,"4","M"
"X4532",39,0,7,0,"4","M"
"X4532",39,5,0,0.6775,"4","M"
"X4532",39,5,1,0.8625,"4","M"
"X4532",39,5,2,0.5925,"4","M"
"X4532",39,5,3,0.7125,"4","M"
"X4532",39,5,4,0.6,"4","M"
"X4532",39,5,5,0.65,"4","M"
"X4532",39,5,6,0.6925,"4","M"
"X4532",39,5,7,0.8225,"4","M"
"X4532",39,11,0,1.41047501192651,"4","M"
"X4532",39,11,1,1.59105834715294,"4","M"
"X4532",39,11,2,1.16942547653892,"4","M"
"X4532",39,11,3,1.35303751308818,"4","M"
"X4532",39,11,4,1.13683751040343,"4","M"
"X4532",39,11,5,1.2047135474865,"4","M"
"X4532",39,11,6,1.22519258677641,"4","M"
"X4532",39,11,7,1.54957084945047,"4","M"
"X4532",39,23,0,6.93756752340854,"4","M"
"X4532",39,23,1,6.33925734525248,"4","M"
"X4532",39,23,2,4.42124458636552,"4","M"
"X4532",39,23,3,5.43837126702331,"4","M"
"X4532",39,23,4,5.46811689099521,"4","M"
"X4532",39,23,5,4.50173647071287,"4","M"
"X4532",39,23,6,4.25618941647657,"4","M"
"X4532",39,23,7,6.87895467373323,"4","M"
"X4532",39,29,0,11.6537723840881,"4","M"
"X4532",39,29,1,9.99433658528364,"4","M"
"X4532",39,29,2,7.89900406203596,"4","M"
"X4532",39,29,3,8.27145127839495,"4","M"
"X4532",39,29,4,9.32304707909053,"4","M"
"X4532",39,29,5,7.66737936434945,"4","M"
"X4532",39,29,6,7.28942461263514,"4","M"
"X4532",39,29,7,10.8282678320868,"4","M"
"X4532",39,35,0,16.2279747231338,"4","M"
"X4532",39,35,1,13.8083920940963,"4","M"
"X4532",39,35,2,11.3713456132754,"4","M"
"X4532",39,35,3,11.4391672741641,"4","M"
"X4532",39,35,4,13.3217960204974,"4","M"
"X4532",39,35,5,10.9887956047579,"4","M"
"X4532",39,35,6,10.2616679561651,"4","M"
"X4532",39,35,7,14.6688541291854,"4","M"
"X4532",39,47,0,25.4843601705579,"4","M"
"X4532",39,47,1,21.622730950805,"4","M"
"X4532",39,47,2,18.5583875555008,"4","M"
"X4532",39,47,3,18.0401729213475,"4","M"
"X4532",39,47,4,21.0294757014796,"4","M"
"X4532",39,47,5,17.8178904002364,"4","M"
"X4532",39,47,6,16.4359205579171,"4","M"
"X4532",39,47,7,22.511552009878,"4","M"
"X4532",39,53,0,30.0363451546314,"4","M"
"X4532",39,53,1,25.3497799674203,"4","M"
"X4532",39,53,2,22.0404098055398,"4","M"
"X4532",39,53,3,21.2067944709432,"4","M"
"X4532",39,53,4,24.4611967719811,"4","M"
"X4532",39,53,5,21.1379535204742,"4","M"
"X4532",39,53,6,19.4584800829292,"4","M"
"X4532",39,53,7,26.2468393823572,"4","M"
"X4532",39,59,0,34.4349857389065,"4","M"
"X4532",39,59,1,29.0481672734777,"4","M"
"X4532",39,59,2,25.4159406682728,"4","M"
"X4532",39,59,3,24.393431955644,"4","M"
"X4532",39,59,4,27.6751327035143,"4","M"
"X4532",39,59,5,24.4745710281343,"4","M"
"X4532",39,59,6,22.5222333123435,"4","M"
"X4532",39,59,7,29.9736433209748,"4","M"
"X4532",39,71,0,42.340901661565,"4","M"
"X4532",39,71,1,35.8884164800221,"4","M"
"X4532",39,71,2,31.9281713820233,"4","M"
"X4532",39,71,3,30.170024523674,"4","M"
"X4532",39,71,4,33.4730188262859,"4","M"
"X4532",39,71,5,30.7314986965048,"4","M"
"X4532",39,71,6,28.2722557944921,"4","M"
"X4532",39,71,7,37.0615952119729,"4","M"
"X4532",39,77,0,45.4545257397455,"4","M"
"X4532",39,77,1,38.4848398780099,"4","M"
"X4532",39,77,2,34.5185229836014,"4","M"
"X4532",39,77,3,32.2245910549493,"4","M"
"X4532",39,77,4,35.8977827500148,"4","M"
"X4532",39,77,5,33.2396128390709,"4","M"
"X4532",39,77,6,30.3530203483541,"4","M"
"X4532",39,77,7,39.8196679179966,"4","M"
"X4532",39,83,0,47.9580484070045,"4","M"
"X4532",39,83,1,40.9161860293331,"4","M"
"X4532",39,83,2,36.8704769864305,"4","M"
"X4532",39,83,3,34.1724202586623,"4","M"
"X4532",39,83,4,38.1570137009657,"4","M"
"X4532",39,83,5,35.3666492636621,"4","M"
"X4532",39,83,6,32.3129240483689,"4","M"
"X4532",39,83,7,42.282169196995,"4","M"
"X4532",39,95,0,51.8964397010206,"4","M"
"X4532",39,95,1,45.4593717818905,"4","M"
"X4532",39,95,2,41.0079533282939,"4","M"
"X4532",39,95,3,37.878511164486,"4","M"
"X4532",39,95,4,42.5124924532508,"4","M"
"X4532",39,95,5,38.8624864642199,"4","M"
"X4532",39,95,6,35.9639969917002,"4","M"
"X4532",39,95,7,46.7029282952017,"4","M"
"X4532",39,101,0,53.5061122066157,"4","M"
"X4532",39,101,1,47.629082546987,"4","M"
"X4532",39,101,2,42.9091061850348,"4","M"
"X4532",39,101,3,39.663874465074,"4","M"
"X4532",39,101,4,44.6412741526178,"4","M"
"X4532",39,101,5,40.4442009983316,"4","M"
"X4532",39,101,6,37.7232434923749,"4","M"
"X4532",39,101,7,48.8269221782291,"4","M"
"X4532",39,107,0,55.1295377293916,"4","M"
"X4532",39,107,1,49.8050941001113,"4","M"
"X4532",39,107,2,44.8530297562747,"4","M"
"X4532",39,107,3,41.4485120424495,"4","M"
"X4532",39,107,4,46.7617452038298,"4","M"
"X4532",39,107,5,42.0359850900687,"4","M"
"X4532",39,107,6,39.4713781995735,"4","M"
"X4532",39,107,7,50.9411971275778,"4","M"
"BMS",16,0,0,0,"1","B"
"BMS",16,0,1,0,"1","B"
"BMS",16,0,2,0,"1","B"
"BMS",16,0,3,0,"1","B"
"BMS",16,0,4,0,"1","B"
"BMS",16,0,5,0,"1","B"
"BMS",16,0,6,0,"1","B"
"BMS",16,0,7,0,"1","B"
"BMS",16,2,0,0.291,"1","B"
"BMS",16,2,1,0.256,"1","B"
"BMS",16,2,2,0.293,"1","B"
"BMS",16,2,3,0.19,"1","B"
"BMS",16,2,4,0.247,"1","B"
"BMS",16,2,5,0.241,"1","B"
"BMS",16,2,6,0.239,"1","B"
"BMS",16,2,7,0.247,"1","B"
"BMS",16,8,0,1.16166668133335,"1","B"
"BMS",16,8,1,1.08650002200003,"1","B"
"BMS",16,8,2,1.25324992299989,"1","B"
"BMS",16,8,3,0.781750033000049,"1","B"
"BMS",16,8,4,1.04091669233337,"1","B"
"BMS",16,8,5,1.0524999339999,"1","B"
"BMS",16,8,6,1.00408335166669,"1","B"
"BMS",16,8,7,1.03125001100002,"1","B"
"BMS",16,20,0,3.01644450550748,"1","B"
"BMS",16,20,1,3.06911067571713,"1","B"
"BMS",16,20,2,3.36657404998267,"1","B"
"BMS",16,20,3,2.169758773048,"1","B"
"BMS",16,20,4,2.90183278145798,"1","B"
"BMS",16,20,5,2.88959257234498,"1","B"
"BMS",16,20,6,2.79638856997629,"1","B"
"BMS",16,20,7,2.865499966749,"1","B"
"BMS",16,26,0,4.04035727682088,"1","B"
"BMS",16,26,1,4.20565410312409,"1","B"
"BMS",16,26,2,4.55727711904248,"1","B"
"BMS",16,26,3,2.96639241515995,"1","B"
"BMS",16,26,4,3.94341114906123,"1","B"
"BMS",16,26,5,3.9400176146751,"1","B"
"BMS",16,26,6,3.81658129686525,"1","B"
"BMS",16,26,7,3.92846870443237,"1","B"
"BMS",16,32,0,5.09943869774083,"1","B"
"BMS",16,32,1,5.43635394840631,"1","B"
"BMS",16,32,2,5.78486247014688,"1","B"
"BMS",16,32,3,3.82051397117437,"1","B"
"BMS",16,32,4,5.08442535342452,"1","B"
"BMS",16,32,5,5.06175586647484,"1","B"
"BMS",16,32,6,4.91641440599173,"1","B"
"BMS",16,32,7,5.04062073462399,"1","B"
"BMS",16,44,0,7.59013171365491,"1","B"
"BMS",16,44,1,8.2740288958748,"1","B"
"BMS",16,44,2,8.6349337677579,"1","B"
"BMS",16,44,3,5.79384113660528,"1","B"
"BMS",16,44,4,7.6971724993511,"1","B"
"BMS",16,44,5,7.67407042636095,"1","B"
"BMS",16,44,6,7.46880547431535,"1","B"
"BMS",16,44,7,7.65052345271484,"1","B"
"BMS",16,50,0,9.12040708918821,"1","B"
"BMS",16,50,1,10.0711713642155,"1","B"
"BMS",16,50,2,10.3862617443928,"1","B"
"BMS",16,50,3,7.0329338377839,"1","B"
"BMS",16,50,4,9.21748372307058,"1","B"
"BMS",16,50,5,9.40872692193659,"1","B"
"BMS",16,50,6,9.04980799453661,"1","B"
"BMS",16,50,7,9.26916132559566,"1","B"
"BMS",16,56,0,10.979481515508,"1","B"
"BMS",16,56,1,12.2570255658595,"1","B"
"BMS",16,56,2,12.4654079712059,"1","B"
"BMS",16,56,3,8.50005298097759,"1","B"
"BMS",16,56,4,10.8772031415276,"1","B"
"BMS",16,56,5,11.4471966399076,"1","B"
"BMS",16,56,6,10.8949302224443,"1","B"
"BMS",16,56,7,11.2006424487245,"1","B"
"BMS",16,68,0,15.9629021694053,"1","B"
"BMS",16,68,1,17.9431253959135,"1","B"
"BMS",16,68,2,17.5716471240894,"1","B"
"BMS",16,68,3,12.3369698423576,"1","B"
"BMS",16,68,4,14.9802669679294,"1","B"
"BMS",16,68,5,17.0059250397337,"1","B"
"BMS",16,68,6,15.5570147214702,"1","B"
"BMS",16,68,7,16.3391671217771,"1","B"
"BMS",16,74,0,19.1444254011343,"1","B"
"BMS",16,74,1,21.7251418041376,"1","B"
"BMS",16,74,2,20.784550683043,"1","B"
"BMS",16,74,3,14.7864985477574,"1","B"
"BMS",16,74,4,17.5327718261659,"1","B"
"BMS",16,74,5,20.7972658178501,"1","B"
"BMS",16,74,6,18.4381069534731,"1","B"
"BMS",16,74,7,19.5503312443325,"1","B"
"BMS",16,80,0,22.9565027809177,"1","B"
"BMS",16,80,1,26.3375328334403,"1","B"
"BMS",16,80,2,24.5436601226793,"1","B"
"BMS",16,80,3,17.6008945222641,"1","B"
"BMS",16,80,4,20.5607142780095,"1","B"
"BMS",16,80,5,25.4549684739058,"1","B"
"BMS",16,80,6,21.6972236591004,"1","B"
"BMS",16,80,7,23.3052729516868,"1","B"
"BMS",16,92,0,33.2626084110516,"1","B"
"BMS",16,92,1,39.0984822845334,"1","B"
"BMS",16,92,2,34.4101439515162,"1","B"
"BMS",16,92,3,25.1624514393629,"1","B"
"BMS",16,92,4,28.6168953070587,"1","B"
"BMS",16,92,5,37.9697991559975,"1","B"
"BMS",16,92,6,29.9430150511167,"1","B"
"BMS",16,92,7,33.0645502300342,"1","B"
"BMS",16,98,0,40.2394303821691,"1","B"
"BMS",16,98,1,47.5555880701948,"1","B"
"BMS",16,98,2,40.8987419382821,"1","B"
"BMS",16,98,3,30.5297443421277,"1","B"
"BMS",16,98,4,35.097875263697,"1","B"
"BMS",16,98,5,46.1453758510006,"1","B"
"BMS",16,98,6,35.4407405057184,"1","B"
"BMS",16,98,7,39.4551783528526,"1","B"
"BMS",16,104,0,48.3763489843755,"1","B"
"BMS",16,104,1,56.7565925706559,"1","B"
"BMS",16,104,2,48.1931401344686,"1","B"
"BMS",16,104,3,37.0836163318895,"1","B"
"BMS",16,104,4,46.4314441061233,"1","B"
"BMS",16,104,5,55.3681065021767,"1","B"
"BMS",16,104,6,41.6586586739839,"1","B"
"BMS",16,104,7,47.1731867215121,"1","B"
"BMS",16,127,0,84.1277822250298,"1","B"
"BMS",16,127,1,95.3055619649712,"1","B"
"BMS",16,127,2,81.4971191386718,"1","B"
"BMS",16,127,3,68.0951219774667,"1","B"
"BMS",16,127,4,83.8106969308447,"1","B"
"BMS",16,127,5,92.6609857625862,"1","B"
"BMS",16,127,6,72.8035842500049,"1","B"
"BMS",16,127,7,82.5265613554764,"1","B"
"BMS",16,151,0,123.205450523533,"1","B"
"BMS",16,151,1,132.250864190042,"1","B"
"BMS",16,151,2,121.157480238761,"1","B"
"BMS",16,151,3,106.563800379454,"1","B"
"BMS",16,151,4,125.984227724275,"1","B"
"BMS",16,151,5,128.754478348424,"1","B"
"BMS",16,151,6,110.280338728833,"1","B"
"BMS",16,151,7,120.28848294085,"1","B"
"BMS",16,164,0,143.292212652756,"1","B"
"BMS",16,164,1,152.240952355495,"1","B"
"BMS",16,164,2,141.858039957444,"1","B"
"BMS",16,164,3,127.113426501996,"1","B"
"BMS",16,164,4,144.49830757842,"1","B"
"BMS",16,164,5,147.842838797609,"1","B"
"BMS",16,164,6,129.614163769504,"1","B"
"BMS",16,164,7,141.10489366967,"1","B"
"BMS",20,0,0,0,"2","T"
"BMS",20,0,1,0,"2","T"
"BMS",20,0,2,0,"2","T"
"BMS",20,0,3,0,"2","T"
"BMS",20,0,4,0,"2","T"
"BMS",20,0,5,0,"2","T"
"BMS",20,0,6,0,"2","T"
"BMS",20,0,7,0,"2","T"
"BMS",20,4,0,0.47,"2","T"
"BMS",20,4,1,0.722,"2","T"
"BMS",20,4,2,0.57,"2","T"
"BMS",20,4,3,0.71,"2","T"
"BMS",20,4,4,0.52,"2","T"
"BMS",20,4,5,0.636,"2","T"
"BMS",20,4,6,0.552,"2","T"
"BMS",20,4,7,0.486,"2","T"
"BMS",20,10,0,1.24612500637168,"2","T"
"BMS",20,10,1,1.9342083099705,"2","T"
"BMS",20,10,2,1.53195829722713,"2","T"
"BMS",20,10,3,1.88970828448377,"2","T"
"BMS",20,10,4,1.38033331634218,"2","T"
"BMS",20,10,5,1.69066663268436,"2","T"
"BMS",20,10,6,1.43950002548673,"2","T"
"BMS",20,10,7,1.27595834820059,"2","T"
"BMS",20,22,0,3.32909458193877,"2","T"
"BMS",20,22,1,5.1177588045267,"2","T"
"BMS",20,22,2,3.98952886214199,"2","T"
"BMS",20,22,3,4.80644129835115,"2","T"
"BMS",20,22,4,3.57922905783366,"2","T"
"BMS",20,22,5,4.29710918705718,"2","T"
"BMS",20,22,6,3.76812967049145,"2","T"
"BMS",20,22,7,3.39175545304361,"2","T"
"BMS",20,28,0,4.81717350530401,"2","T"
"BMS",20,28,1,7.34686788085061,"2","T"
"BMS",20,28,2,5.67526716379338,"2","T"
"BMS",20,28,3,6.76464740009992,"2","T"
"BMS",20,28,4,5.0916495699447,"2","T"
"BMS",20,28,5,6.02526328926494,"2","T"
"BMS",20,28,6,5.39083654267284,"2","T"
"BMS",20,28,7,4.90897314744797,"2","T"
"BMS",20,34,0,6.77936764568144,"2","T"
"BMS",20,34,1,10.2051460075939,"2","T"
"BMS",20,34,2,7.8459611016066,"2","T"
"BMS",20,34,3,9.3919559372724,"2","T"
"BMS",20,34,4,7.05383046722471,"2","T"
"BMS",20,34,5,8.21394136774525,"2","T"
"BMS",20,34,6,7.47695948478486,"2","T"
"BMS",20,34,7,6.91054336827484,"2","T"
"BMS",20,46,0,12.8795696622271,"2","T"
"BMS",20,46,1,18.688875654265,"2","T"
"BMS",20,46,2,14.3928829610031,"2","T"
"BMS",20,46,3,17.6271735204758,"2","T"
"BMS",20,46,4,12.9267436150833,"2","T"
"BMS",20,46,5,14.7783171818621,"2","T"
"BMS",20,46,6,13.6801705495331,"2","T"
"BMS",20,46,7,13.0963791553235,"2","T"
"BMS",20,52,0,17.3861106666772,"2","T"
"BMS",20,52,1,24.7106675197347,"2","T"
"BMS",20,52,2,19.1319914583359,"2","T"
"BMS",20,52,3,23.3909554955476,"2","T"
"BMS",20,52,4,17.0815680770143,"2","T"
"BMS",20,52,5,19.5682285047278,"2","T"
"BMS",20,52,6,18.1013438849974,"2","T"
"BMS",20,52,7,17.585147391671,"2","T"
"BMS",20,58,0,23.3637301109757,"2","T"
"BMS",20,58,1,32.1343759222488,"2","T"
"BMS",20,58,2,25.0576113428362,"2","T"
"BMS",20,58,3,30.2770827743613,"2","T"
"BMS",20,58,4,22.4774360886734,"2","T"
"BMS",20,58,5,25.5538521642402,"2","T"
"BMS",20,58,6,23.7458972338637,"2","T"
"BMS",20,58,7,23.1782688619522,"2","T"
"BMS",20,70,0,38.7143168441891,"2","T"
"BMS",20,70,1,49.9950047881961,"2","T"
"BMS",20,70,2,40.3064002975069,"2","T"
"BMS",20,70,3,46.3712269431389,"2","T"
"BMS",20,70,4,36.6395629953359,"2","T"
"BMS",20,70,5,39.5524843586855,"2","T"
"BMS",20,70,6,38.3527195940695,"2","T"
"BMS",20,70,7,38.0973678761627,"2","T"
"BMS",20,76,0,47.3221221871215,"2","T"
"BMS",20,76,1,59.7259485481749,"2","T"
"BMS",20,76,2,49.3477863806881,"2","T"
"BMS",20,76,3,55.2642311903653,"2","T"
"BMS",20,76,4,44.7290699785857,"2","T"
"BMS",20,76,5,47.1395261617698,"2","T"
"BMS",20,76,6,47.124000845866,"2","T"
"BMS",20,76,7,47.2777953962956,"2","T"
"BMS",20,82,0,56.4961825918437,"2","T"
"BMS",20,82,1,69.6293419814694,"2","T"
"BMS",20,82,2,58.8097538586306,"2","T"
"BMS",20,82,3,64.5431224390598,"2","T"
"BMS",20,82,4,53.1402595264684,"2","T"
"BMS",20,82,5,56.0936927282072,"2","T"
"BMS",20,82,6,56.209816256731,"2","T"
"BMS",20,82,7,56.508903234124,"2","T"
"BMS",20,94,0,75.0872623259014,"2","T"
"BMS",20,94,1,89.0233172627819,"2","T"
"BMS",20,94,2,78.4199859366172,"2","T"
"BMS",20,94,3,83.1412929379751,"2","T"
"BMS",20,94,4,70.6067441238724,"2","T"
"BMS",20,94,5,74.3072332743165,"2","T"
"BMS",20,94,6,74.8839342446712,"2","T"
"BMS",20,94,7,75.123087928865,"2","T"
"BMS",20,100,0,84.2435396954018,"2","T"
"BMS",20,100,1,98.276139040494,"2","T"
"BMS",20,100,2,87.9884123186356,"2","T"
"BMS",20,100,3,92.1856163545799,"2","T"
"BMS",20,100,4,79.0476550116915,"2","T"
"BMS",20,100,5,82.9987356720317,"2","T"
"BMS",20,100,6,84.2343886279491,"2","T"
"BMS",20,100,7,84.6237065074748,"2","T"
"BMS",20,106,0,93.0428652983756,"2","T"
"BMS",20,106,1,107.453803126049,"2","T"
"BMS",20,106,2,95.9201454364973,"2","T"
"BMS",20,106,3,100.672584316497,"2","T"
"BMS",20,106,4,85.8327665305152,"2","T"
"BMS",20,106,5,90.1375721698289,"2","T"
"BMS",20,106,6,92.465826185986,"2","T"
"BMS",20,106,7,93.0892930200592,"2","T"
"BMS",25,0,0,0,"2","T"
"BMS",25,0,1,0,"2","T"
"BMS",25,0,2,0,"2","T"
"BMS",25,0,3,0,"2","T"
"BMS",25,0,4,0,"2","T"
"BMS",25,0,5,0,"2","T"
"BMS",25,0,6,0,"2","T"
"BMS",25,0,7,0,"2","T"
"BMS",25,5,0,0.8825,"2","T"
"BMS",25,5,1,0.85,"2","T"
"BMS",25,5,2,0.75,"2","T"
"BMS",25,5,3,1.2525,"2","T"
"BMS",25,5,4,0.7225,"2","T"
"BMS",25,5,5,0.645,"2","T"
"BMS",25,5,6,0.83,"2","T"
"BMS",25,5,7,0.415,"2","T"
"BMS",25,11,0,2.12760444389843,"2","T"
"BMS",25,11,1,2.16273754945215,"2","T"
"BMS",25,11,2,1.8427210686057,"2","T"
"BMS",25,11,3,2.50622590812135,"2","T"
"BMS",25,11,4,1.79403350117094,"2","T"
"BMS",25,11,5,1.60327929104632,"2","T"
"BMS",25,11,6,2.00695019780861,"2","T"
"BMS",25,11,7,0.962925116886906,"2","T"
"BMS",25,23,0,6.37090110443164,"2","T"
"BMS",25,23,1,6.59259841707101,"2","T"
"BMS",25,23,2,5.82239201226886,"2","T"
"BMS",25,23,3,6.46173868510595,"2","T"
"BMS",25,23,4,5.54800635423285,"2","T"
"BMS",25,23,5,4.8717566225207,"2","T"
"BMS",25,23,6,5.82142470866597,"2","T"
"BMS",25,23,7,2.79294369936857,"2","T"
"BMS",25,29,0,9.81167009590138,"2","T"
"BMS",25,29,1,10.3022995521002,"2","T"
"BMS",25,29,2,9.15780606657232,"2","T"
"BMS",25,29,3,9.6661649027649,"2","T"
"BMS",25,29,4,8.69410658633555,"2","T"
"BMS",25,29,5,7.53082013868824,"2","T"
"BMS",25,29,6,8.82510422992107,"2","T"
"BMS",25,29,7,4.39368932035992,"2","T"
"BMS",25,35,0,14.4017757789309,"2","T"
"BMS",25,35,1,15.5639034003467,"2","T"
"BMS",25,35,2,13.4849013506583,"2","T"
"BMS",25,35,3,14.659363079537,"2","T"
"BMS",25,35,4,13.3626094603911,"2","T"
"BMS",25,35,5,11.1834400238133,"2","T"
"BMS",25,35,6,12.8967598453858,"2","T"
"BMS",25,35,7,7.09154430261095,"2","T"
"BMS",25,47,0,28.2881129711241,"2","T"
"BMS",25,47,1,30.3187271521809,"2","T"
"BMS",25,47,2,27.0645786984124,"2","T"
"BMS",25,47,3,30.5035765217459,"2","T"
"BMS",25,47,4,27.6634370787815,"2","T"
"BMS",25,47,5,23.1019245297021,"2","T"
"BMS",25,47,6,26.4188872653386,"2","T"
"BMS",25,47,7,16.4636590292768,"2","T"
"BMS",25,53,0,38.4491400903213,"2","T"
"BMS",25,53,1,39.7437968799337,"2","T"
"BMS",25,53,2,37.0037721490351,"2","T"
"BMS",25,53,3,41.8142219782736,"2","T"
"BMS",25,53,4,36.6700438620679,"2","T"
"BMS",25,53,5,31.9167329367602,"2","T"
"BMS",25,53,6,36.9890073435782,"2","T"
"BMS",25,53,7,23.2509509054471,"2","T"
"BMS",25,59,0,48.962556025889,"2","T"
"BMS",25,59,1,48.6621625506948,"2","T"
"BMS",25,59,2,47.1186600429812,"2","T"
"BMS",25,59,3,52.7697257215149,"2","T"
"BMS",25,59,4,45.4030511887288,"2","T"
"BMS",25,59,5,41.5671986087599,"2","T"
"BMS",25,59,6,47.7367551441391,"2","T"
"BMS",25,59,7,29.8245532552041,"2","T"
"BMS",25,71,0,68.2882966443059,"2","T"
"BMS",25,71,1,66.6325163976377,"2","T"
"BMS",25,71,2,66.9693504898511,"2","T"
"BMS",25,71,3,74.9434060711314,"2","T"
"BMS",25,71,4,57.2042780690051,"2","T"
"BMS",25,71,5,58.8154166018225,"2","T"
"BMS",25,71,6,69.3917147937711,"2","T"
"BMS",25,71,7,42.4042464060995,"2","T"
"BMS",25,77,0,76.8442383097767,"2","T"
"BMS",25,77,1,75.9068625426732,"2","T"
"BMS",25,77,2,76.549564333363,"2","T"
"BMS",25,77,3,85.9579018871848,"2","T"
"BMS",25,77,4,59.3166241982812,"2","T"
"BMS",25,77,5,65.3325814927185,"2","T"
"BMS",25,77,6,80.1432497859703,"2","T"
"BMS",25,77,7,47.6984993552913,"2","T"
"BMS",25,83,0,88.3306013688011,"2","T"
"BMS",25,83,1,84.2999918112044,"2","T"
"BMS",25,83,2,85.1194170485385,"2","T"
"BMS",25,83,3,97.2286939258716,"2","T"
"BMS",25,83,4,63.8838441765865,"2","T"
"BMS",25,83,5,69.9923819895006,"2","T"
"BMS",25,83,6,89.9429246579532,"2","T"
"BMS",25,83,7,51.8858980765634,"2","T"
"BMS",25,95,0,112.010869606179,"2","T"
"BMS",25,95,1,98.4751579323325,"2","T"
"BMS",25,95,2,103.882860931399,"2","T"
"BMS",25,95,3,119.925259834607,"2","T"
"BMS",25,95,4,75.1919181263409,"2","T"
"BMS",25,95,5,82.5818980541071,"2","T"
"BMS",25,95,6,107.910112673684,"2","T"
"BMS",25,95,7,62.2801111720341,"2","T"
"BMS",25,101,0,123.716571162101,"2","T"
"BMS",25,101,1,104.482541814925,"2","T"
"BMS",25,101,2,115.671732820678,"2","T"
"BMS",25,101,3,132.085626562796,"2","T"
"BMS",25,101,4,81.9930798403716,"2","T"
"BMS",25,101,5,88.9083720909397,"2","T"
"BMS",25,101,6,120.189678731424,"2","T"
"BMS",25,101,7,67.7390181898522,"2","T"
"BMS",25,107,0,134.288214199699,"2","T"
"BMS",25,107,1,111.844085629627,"2","T"
"BMS",25,107,2,125.116780808317,"2","T"
"BMS",25,107,3,141.297791862922,"2","T"
"BMS",25,107,4,90.0828627076514,"2","T"
"BMS",25,107,5,96.2035660288243,"2","T"
"BMS",25,107,6,132.120445664012,"2","T"
"BMS",25,107,7,74.1656115649346,"2","T"
"BMS",25.1,0,0,0,"3","B"
"BMS",25.1,0,1,0,"3","B"
"BMS",25.1,0,2,0,"3","B"
"BMS",25.1,0,3,0,"3","B"
"BMS",25.1,0,4,0,"3","B"
"BMS",25.1,0,5,0,"3","B"
"BMS",25.1,0,6,0,"3","B"
"BMS",25.1,0,7,0,"3","B"
"BMS",25.1,4,0,0.51,"3","B"
"BMS",25.1,4,1,0.656,"3","B"
"BMS",25.1,4,2,0.856,"3","B"
"BMS",25.1,4,3,0.584,"3","B"
"BMS",25.1,4,4,0.978,"3","B"
"BMS",25.1,4,5,0.82,"3","B"
"BMS",25.1,4,6,0.8,"3","B"
"BMS",25.1,4,7,0.722,"3","B"
"BMS",25.1,10,0,1.40120846289088,"3","B"
"BMS",25.1,10,1,1.89641672188791,"3","B"
"BMS",25.1,10,2,2.2299167983481,"3","B"
"BMS",25.1,10,3,1.65066663268436,"3","B"
"BMS",25.1,10,4,2.49462533769917,"3","B"
"BMS",25.1,10,5,2.15725026761066,"3","B"
"BMS",25.1,10,6,2.105,"3","B"
"BMS",25.1,10,7,2.01545837368732,"3","B"
"BMS",25.1,22,0,4.8637326915854,"3","B"
"BMS",25.1,22,1,6.40891597660034,"3","B"
"BMS",25.1,22,2,6.70799215938871,"3","B"
"BMS",25.1,22,3,5.32542201574317,"3","B"
"BMS",25.1,22,4,8.07709849795916,"3","B"
"BMS",25.1,22,5,7.11735486846693,"3","B"
"BMS",25.1,22,6,6.39734536135138,"3","B"
"BMS",25.1,22,7,6.59505557362717,"3","B"
"BMS",25.1,28,0,7.97532814127429,"3","B"
"BMS",25.1,28,1,10.3757455722996,"3","B"
"BMS",25.1,28,2,10.5552419316754,"3","B"
"BMS",25.1,28,3,8.63373163476674,"3","B"
"BMS",25.1,28,4,13.0886883003628,"3","B"
"BMS",25.1,28,5,11.4734565339636,"3","B"
"BMS",25.1,28,6,10.3111256485591,"3","B"
"BMS",25.1,28,7,10.6819118514835,"3","B"
"BMS",25.1,34,0,12.5003112968055,"3","B"
"BMS",25.1,34,1,16.0437596607592,"3","B"
"BMS",25.1,34,2,16.3012278352456,"3","B"
"BMS",25.1,34,3,13.6328391049113,"3","B"
"BMS",25.1,34,4,20.1380333272818,"3","B"
"BMS",25.1,34,5,17.684647651176,"3","B"
"BMS",25.1,34,6,16.367070248921,"3","B"
"BMS",25.1,34,7,16.6726231290035,"3","B"
"BMS",25.1,46,0,26.7097747294364,"3","B"
"BMS",25.1,46,1,31.7423407312457,"3","B"
"BMS",25.1,46,2,32.7973347437992,"3","B"
"BMS",25.1,46,3,29.0364711587887,"3","B"
"BMS",25.1,46,4,38.2911121387891,"3","B"
"BMS",25.1,46,5,35.1398192050969,"3","B"
"BMS",25.1,46,6,34.0600770756057,"3","B"
"BMS",25.1,46,7,33.2328857110131,"3","B"
"BMS",25.1,52,0,35.703471014034,"3","B"
"BMS",25.1,52,1,41.3139801428274,"3","B"
"BMS",25.1,52,2,42.611452647124,"3","B"
"BMS",25.1,52,3,38.8034651708888,"3","B"
"BMS",25.1,52,4,48.5225447309835,"3","B"
"BMS",25.1,52,5,45.2925462655558,"3","B"
"BMS",25.1,52,6,43.8560870146409,"3","B"
"BMS",25.1,52,7,42.5757661868178,"3","B"
"BMS",25.1,58,0,44.7758683532384,"3","B"
"BMS",25.1,58,1,50.7002466191921,"3","B"
"BMS",25.1,58,2,52.4323178316736,"3","B"
"BMS",25.1,58,3,48.1571342320227,"3","B"
"BMS",25.1,58,4,58.3952069147094,"3","B"
"BMS",25.1,58,5,55.4534397584606,"3","B"
"BMS",25.1,58,6,53.456161739002,"3","B"
"BMS",25.1,58,7,51.658644918412,"3","B"
"BMS",25.1,70,0,61.1108562721582,"3","B"
"BMS",25.1,70,1,65.1333595047603,"3","B"
"BMS",25.1,70,2,69.5251841740385,"3","B"
"BMS",25.1,70,3,62.4090103433035,"3","B"
"BMS",25.1,70,4,76.4595428584602,"3","B"
"BMS",25.1,70,5,73.0419523712383,"3","B"
"BMS",25.1,70,6,70.9652471047648,"3","B"
"BMS",25.1,70,7,65.3378451049079,"3","B"
"BMS",25.1,76,0,67.7110144353441,"3","B"
"BMS",25.1,76,1,69.7286200310866,"3","B"
"BMS",25.1,76,2,76.7996623189504,"3","B"
"BMS",25.1,76,3,66.6324264887738,"3","B"
"BMS",25.1,76,4,85.7344017450246,"3","B"
"BMS",25.1,76,5,79.848279627639,"3","B"
"BMS",25.1,76,6,79.6840309685922,"3","B"
"BMS",25.1,76,7,69.190251166385,"3","B"
"BMS",25.1,82,0,73.0764923465238,"3","B"
"BMS",25.1,82,1,75.953307609473,"3","B"
"BMS",25.1,82,2,83.6571806255947,"3","B"
"BMS",25.1,82,3,72.7762188581662,"3","B"
"BMS",25.1,82,4,95.3729252845605,"3","B"
"BMS",25.1,82,5,87.2047033181351,"3","B"
"BMS",25.1,82,6,87.7854891439954,"3","B"
"BMS",25.1,82,7,74.7516270573555,"3","B"
"BMS",25.1,94,0,86.3555335059008,"3","B"
"BMS",25.1,94,1,88.5073740015363,"3","B"
"BMS",25.1,94,2,95.2582609747439,"3","B"
"BMS",25.1,94,3,85.9049367138874,"3","B"
"BMS",25.1,94,4,104.144356224124,"3","B"
"BMS",25.1,94,5,98.3205517657607,"3","B"
"BMS",25.1,94,6,98.2399908112073,"3","B"
"BMS",25.1,94,7,86.9257336745794,"3","B"
"BMS",25.1,100,0,92.9077807469745,"3","B"
"BMS",25.1,100,1,96.1984032770734,"3","B"
"BMS",25.1,100,2,101.778666433372,"3","B"
"BMS",25.1,100,3,92.8468411601267,"3","B"
"BMS",25.1,100,4,112.004588298738,"3","B"
"BMS",25.1,100,5,105.489290433782,"3","B"
"BMS",25.1,100,6,104.720536576001,"3","B"
"BMS",25.1,100,7,93.125573921539,"3","B"
"BMS",25.1,106,0,99.1182922033956,"3","B"
"BMS",25.1,106,1,104.80761132961,"3","B"
"BMS",25.1,106,2,108.076239535251,"3","B"
"BMS",25.1,106,3,99.5395931625716,"3","B"
"BMS",25.1,106,4,119.341823092496,"3","B"
"BMS",25.1,106,5,112.315304570707,"3","B"
"BMS",25.1,106,6,110.572281331041,"3","B"
"BMS",25.1,106,7,99.5150644301175,"3","B"
"BMS",25.2,0,0,0,"1","T"
"BMS",25.2,0,1,0,"1","T"
"BMS",25.2,0,2,0,"1","T"
"BMS",25.2,0,3,0,"1","T"
"BMS",25.2,0,4,0,"1","T"
"BMS",25.2,0,5,0,"1","T"
"BMS",25.2,0,6,0,"1","T"
"BMS",25.2,0,7,0,"1","T"
"BMS",25.2,2,0,0.248,"1","T"
"BMS",25.2,2,1,0.234,"1","T"
"BMS",25.2,2,2,0.17,"1","T"
"BMS",25.2,2,3,0.198,"1","T"
"BMS",25.2,2,4,0.33,"1","T"
"BMS",25.2,2,5,0.327,"1","T"
"BMS",25.2,2,6,0.216,"1","T"
"BMS",25.2,2,7,0.423,"1","T"
"BMS",25.2,8,0,1.00441675833347,"1","T"
"BMS",25.2,8,1,1.02766676933349,"1","T"
"BMS",25.2,8,2,0.787916648333306,"1","T"
"BMS",25.2,8,3,0.852250055000082,"1","T"
"BMS",25.2,8,4,1.44708330766663,"1","T"
"BMS",25.2,8,5,1.4355000660001,"1","T"
"BMS",25.2,8,6,0.94841675833347,"1","T"
"BMS",25.2,8,7,1.84333336266671,"1","T"
"BMS",25.2,20,0,3.35505596354897,"1","T"
"BMS",25.2,20,1,3.91937088564306,"1","T"
"BMS",25.2,20,2,2.74987036149174,"1","T"
"BMS",25.2,20,3,3.09316760708758,"1","T"
"BMS",25.2,20,4,4.98475924242234,"1","T"
"BMS",25.2,20,5,5.07026057045372,"1","T"
"BMS",25.2,20,6,3.64298213540288,"1","T"
"BMS",25.2,20,7,6.16600212468251,"1","T"
"BMS",25.2,26,0,5.3369964437899,"1","T"
"BMS",25.2,26,1,6.41799197318489,"1","T"
"BMS",25.2,26,2,4.35444971940143,"1","T"
"BMS",25.2,26,3,5.02840043830882,"1","T"
"BMS",25.2,26,4,7.99254694179637,"1","T"
"BMS",25.2,26,5,8.07387461289822,"1","T"
"BMS",25.2,26,6,5.99332626763533,"1","T"
"BMS",25.2,26,7,9.63790828951178,"1","T"
"BMS",25.2,32,0,8.50642309528793,"1","T"
"BMS",25.2,32,1,10.107877133901,"1","T"
"BMS",25.2,32,2,6.89751845762508,"1","T"
"BMS",25.2,32,3,7.87626525846737,"1","T"
"BMS",25.2,32,4,12.1933299638301,"1","T"
"BMS",25.2,32,5,12.3005495978433,"1","T"
"BMS",25.2,32,6,9.39142687233594,"1","T"
"BMS",25.2,32,7,14.9061511464378,"1","T"
"BMS",25.2,44,0,19.7320931349584,"1","T"
"BMS",25.2,44,1,22.7662068341961,"1","T"
"BMS",25.2,44,2,15.0983391904234,"1","T"
"BMS",25.2,44,3,17.1688562702909,"1","T"
"BMS",25.2,44,4,23.7200460879952,"1","T"
"BMS",25.2,44,5,25.6331580039858,"1","T"
"BMS",25.2,44,6,20.8602459094712,"1","T"
"BMS",25.2,44,7,30.4802188645641,"1","T"
"BMS",25.2,50,0,27.9441977380168,"1","T"
"BMS",25.2,50,1,31.8973186825078,"1","T"
"BMS",25.2,50,2,20.7286523056931,"1","T"
"BMS",25.2,50,3,23.8781569198831,"1","T"
"BMS",25.2,50,4,30.7751180442997,"1","T"
"BMS",25.2,50,5,35.3116465538555,"1","T"
"BMS",25.2,50,6,29.0353298747918,"1","T"
"BMS",25.2,50,7,39.7382917324445,"1","T"
"BMS",25.2,56,0,36.6481313651458,"1","T"
"BMS",25.2,56,1,41.5098475418138,"1","T"
"BMS",25.2,56,2,27.6347326972935,"1","T"
"BMS",25.2,56,3,31.9903862137573,"1","T"
"BMS",25.2,56,4,38.3345454091448,"1","T"
"BMS",25.2,56,5,45.2413697306406,"1","T"
"BMS",25.2,56,6,37.2852967099204,"1","T"
"BMS",25.2,56,7,49.1241940835628,"1","T"
"BMS",25.2,68,0,52.0116697771642,"1","T"
"BMS",25.2,68,1,60.8299696651799,"1","T"
"BMS",25.2,68,2,41.8700652824086,"1","T"
"BMS",25.2,68,3,47.2371511622567,"1","T"
"BMS",25.2,68,4,53.5587015314867,"1","T"
"BMS",25.2,68,5,65.0715814245147,"1","T"
"BMS",25.2,68,6,55.2002190350733,"1","T"
"BMS",25.2,68,7,67.5205333508554,"1","T"
"BMS",25.2,74,0,58.7262107460584,"1","T"
"BMS",25.2,74,1,70.6582955453412,"1","T"
"BMS",25.2,74,2,48.8684352958349,"1","T"
"BMS",25.2,74,3,54.4474520089514,"1","T"
"BMS",25.2,74,4,61.328912318406,"1","T"
"BMS",25.2,74,5,75.5376630869215,"1","T"
"BMS",25.2,74,6,64.3804950591682,"1","T"
"BMS",25.2,74,7,76.7097152324613,"1","T"
"BMS",25.2,80,0,67.7493637329895,"1","T"
"BMS",25.2,80,1,80.3103915300371,"1","T"
"BMS",25.2,80,2,55.3374498046192,"1","T"
"BMS",25.2,80,3,63.4151288465233,"1","T"
"BMS",25.2,80,4,69.1406994400116,"1","T"
"BMS",25.2,80,5,86.555853437765,"1","T"
"BMS",25.2,80,6,72.4635136863109,"1","T"
"BMS",25.2,80,7,87.08845396281,"1","T"
"BMS",25.2,92,0,89.9937424211035,"1","T"
"BMS",25.2,92,1,100.055622717327,"1","T"
"BMS",25.2,92,2,65.5905082690391,"1","T"
"BMS",25.2,92,3,81.9573035200431,"1","T"
"BMS",25.2,92,4,82.0481323133449,"1","T"
"BMS",25.2,92,5,109.929278114848,"1","T"
"BMS",25.2,92,6,88.2086824576513,"1","T"
"BMS",25.2,92,7,107.537083776206,"1","T"
"BMS",25.2,98,0,101.404045004444,"1","T"
"BMS",25.2,98,1,111.981790150763,"1","T"
"BMS",25.2,98,2,69.61993227895,"1","T"
"BMS",25.2,98,3,91.7133892793259,"1","T"
"BMS",25.2,98,4,87.1677016746205,"1","T"
"BMS",25.2,98,5,120.199071658908,"1","T"
"BMS",25.2,98,6,98.3429403382326,"1","T"
"BMS",25.2,98,7,116.804094828708,"1","T"
"BMS",25.2,104,0,112.405453294011,"1","T"
"BMS",25.2,104,1,123.951173442226,"1","T"
"BMS",25.2,104,2,76.5355375312839,"1","T"
"BMS",25.2,104,3,100.832806809971,"1","T"
"BMS",25.2,104,4,92.3295558351092,"1","T"
"BMS",25.2,104,5,129.701996396225,"1","T"
"BMS",25.2,104,6,107.311449355058,"1","T"
"BMS",25.2,104,7,126.200679973123,"1","T"
"BMS",25.2,127,0,159.594943128075,"1","T"
"BMS",25.2,127,1,168.766940956441,"1","T"
"BMS",25.2,127,2,105.129242125321,"1","T"
"BMS",25.2,127,3,139.815864453897,"1","T"
"BMS",25.2,127,4,119.742042129391,"1","T"
"BMS",25.2,127,5,165.732318817481,"1","T"
"BMS",25.2,127,6,144.348314163849,"1","T"
"BMS",25.2,127,7,163.804382786811,"1","T"
"BMS",25.2,151,0,208.077827757917,"1","T"
"BMS",25.2,151,1,218.86985326352,"1","T"
"BMS",25.2,151,2,143.784209165356,"1","T"
"BMS",25.2,151,3,187.960498527282,"1","T"
"BMS",25.2,151,4,162.071858679286,"1","T"
"BMS",25.2,151,5,219.535527777757,"1","T"
"BMS",25.2,151,6,188.359849561389,"1","T"
"BMS",25.2,151,7,210.797128323773,"1","T"
"BMS",25.2,164,0,236.032465860459,"1","T"
"BMS",25.2,164,1,247.865071296419,"1","T"
"BMS",25.2,164,2,166.728693196847,"1","T"
"BMS",25.2,164,3,215.537783694492,"1","T"
"BMS",25.2,164,4,186.832582285251,"1","T"
"BMS",25.2,164,5,248.356280727855,"1","T"
"BMS",25.2,164,6,213.090088211564,"1","T"
"BMS",25.2,164,7,237.111513453365,"1","T"
"BMS",25.3,0,0,0,"4","M"
"BMS",25.3,0,1,0,"4","M"
"BMS",25.3,0,2,0,"4","M"
"BMS",25.3,0,3,0,"4","M"
"BMS",25.3,0,4,0,"4","M"
"BMS",25.3,0,5,0,"4","M"
"BMS",25.3,0,6,0,"4","M"
"BMS",25.3,0,7,0,"4","M"
"BMS",25.3,4,0,0.656,"4","M"
"BMS",25.3,4,1,0.7,"4","M"
"BMS",25.3,4,2,0.96,"4","M"
"BMS",25.3,4,3,0.562,"4","M"
"BMS",25.3,4,4,0.554,"4","M"
"BMS",25.3,4,5,0.856,"4","M"
"BMS",25.3,4,6,0.656,"4","M"
"BMS",25.3,4,7,0.664,"4","M"
"BMS",25.3,10,0,1.82041677286137,"4","M"
"BMS",25.3,10,1,1.93866673463128,"4","M"
"BMS",25.3,10,2,2.67575008920355,"4","M"
"BMS",25.3,10,3,1.61737507008851,"4","M"
"BMS",25.3,10,4,1.5325417282596,"4","M"
"BMS",25.3,10,5,2.35675003823009,"4","M"
"BMS",25.3,10,6,1.77783344377583,"4","M"
"BMS",25.3,10,7,1.86800010194692,"4","M"
"BMS",25.3,22,0,5.87072946746946,"4","M"
"BMS",25.3,22,1,6.10093001180272,"4","M"
"BMS",25.3,22,2,8.12247657526519,"4","M"
"BMS",25.3,22,3,5.2557623438244,"4","M"
"BMS",25.3,22,4,4.824840108447,"4","M"
"BMS",25.3,22,5,7.03705279151339,"4","M"
"BMS",25.3,22,6,5.66409666731611,"4","M"
"BMS",25.3,22,7,6.03209622476721,"4","M"
"BMS",25.3,28,0,9.31387398266516,"4","M"
"BMS",25.3,28,1,9.62375929707746,"4","M"
"BMS",25.3,28,2,12.4743308108337,"4","M"
"BMS",25.3,28,3,8.27805048063023,"4","M"
"BMS",25.3,28,4,7.61427199309999,"4","M"
"BMS",25.3,28,5,10.8358027594542,"4","M"
"BMS",25.3,28,6,9.02700367886133,"4","M"
"BMS",25.3,28,7,9.51276997242085,"4","M"
"BMS",25.3,34,0,14.313776810306,"4","M"
"BMS",25.3,34,1,14.7662204888081,"4","M"
"BMS",25.3,34,2,18.7598633467221,"4","M"
"BMS",25.3,34,3,12.8927724123262,"4","M"
"BMS",25.3,34,4,11.733610208545,"4","M"
"BMS",25.3,34,5,16.4541552596334,"4","M"
"BMS",25.3,34,6,13.953014353388,"4","M"
"BMS",25.3,34,7,14.4464176939172,"4","M"
"BMS",25.3,46,0,28.6029221850244,"4","M"
"BMS",25.3,46,1,30.1297409598782,"4","M"
"BMS",25.3,46,2,35.6937385096693,"4","M"
"BMS",25.3,46,3,27.1754074781334,"4","M"
"BMS",25.3,46,4,24.4008066391633,"4","M"
"BMS",25.3,46,5,32.6466171108222,"4","M"
"BMS",25.3,46,6,28.0382324589757,"4","M"
"BMS",25.3,46,7,28.6092062025125,"4","M"
"BMS",25.3,52,0,37.3314007192259,"4","M"
"BMS",25.3,52,1,40.0667059974615,"4","M"
"BMS",25.3,52,2,45.5825604795541,"4","M"
"BMS",25.3,52,3,36.2756124964252,"4","M"
"BMS",25.3,52,4,32.961359059037,"4","M"
"BMS",25.3,52,5,42.4116645172647,"4","M"
"BMS",25.3,52,6,36.6678037026029,"4","M"
"BMS",25.3,52,7,37.7058098164683,"4","M"
"BMS",25.3,58,0,46.4951319137539,"4","M"
"BMS",25.3,58,1,50.2387442492966,"4","M"
"BMS",25.3,58,2,55.5008517150899,"4","M"
"BMS",25.3,58,3,45.8554310226996,"4","M"
"BMS",25.3,58,4,41.9855452502039,"4","M"
"BMS",25.3,58,5,52.3395865947886,"4","M"
"BMS",25.3,58,6,45.9342465877823,"4","M"
"BMS",25.3,58,7,47.2498763479026,"4","M"
"BMS",25.3,70,0,65.9965149433121,"4","M"
"BMS",25.3,70,1,70.4111247982953,"4","M"
"BMS",25.3,70,2,75.7224870590557,"4","M"
"BMS",25.3,70,3,61.9719076662184,"4","M"
"BMS",25.3,70,4,60.7146083738165,"4","M"
"BMS",25.3,70,5,73.3558895096535,"4","M"
"BMS",25.3,70,6,65.540640991018,"4","M"
"BMS",25.3,70,7,65.8689159285381,"4","M"
"BMS",25.3,76,0,75.6956103861284,"4","M"
"BMS",25.3,76,1,79.9884916820244,"4","M"
"BMS",25.3,76,2,87.0244632271833,"4","M"
"BMS",25.3,76,3,67.3486436733105,"4","M"
"BMS",25.3,76,4,69.3154006648788,"4","M"
"BMS",25.3,76,5,83.718117745824,"4","M"
"BMS",25.3,76,6,75.0759798902175,"4","M"
"BMS",25.3,76,7,74.2649279852443,"4","M"
"BMS",25.3,82,0,85.168050535108,"4","M"
"BMS",25.3,82,1,89.0592231549093,"4","M"
"BMS",25.3,82,2,97.2852364896606,"4","M"
"BMS",25.3,82,3,75.9221280197065,"4","M"
"BMS",25.3,82,4,78.5150657777719,"4","M"
"BMS",25.3,82,5,93.6113288414264,"4","M"
"BMS",25.3,82,6,84.5696335855676,"4","M"
"BMS",25.3,82,7,83.0983438269108,"4","M"
"BMS",25.3,94,0,106.805247331592,"4","M"
"BMS",25.3,94,1,107.108220958809,"4","M"
"BMS",25.3,94,2,118.473518220794,"4","M"
"BMS",25.3,94,3,97.5601611312032,"4","M"
"BMS",25.3,94,4,100.005617028551,"4","M"
"BMS",25.3,94,5,112.60549510198,"4","M"
"BMS",25.3,94,6,104.596968974749,"4","M"
"BMS",25.3,94,7,105.821214523211,"4","M"
"BMS",25.3,100,0,120.142925046024,"4","M"
"BMS",25.3,100,1,119.539384623922,"4","M"
"BMS",25.3,100,2,128.479357463696,"4","M"
"BMS",25.3,100,3,109.723562912075,"4","M"
"BMS",25.3,100,4,106.218186322674,"4","M"
"BMS",25.3,100,5,122.758783506283,"4","M"
"BMS",25.3,100,6,114.131616872089,"4","M"
"BMS",25.3,100,7,115.16002642444,"4","M"
"BMS",25.3,106,0,129.364220415347,"4","M"
"BMS",25.3,106,1,126.16660177331,"4","M"
"BMS",25.3,106,2,138.422172795695,"4","M"
"BMS",25.3,106,3,119.468239840666,"4","M"
"BMS",25.3,106,4,111.974517487148,"4","M"
"BMS",25.3,106,5,129.12076544998,"4","M"
"BMS",25.3,106,6,122.154473100846,"4","M"
"BMS",25.3,106,7,122.226629172212,"4","M"
"BMS",28,0,0,0,"3","M"
"BMS",28,0,1,0,"3","M"
"BMS",28,0,2,0,"3","M"
"BMS",28,0,3,0,"3","M"
"BMS",28,0,4,0,"3","M"
"BMS",28,0,5,0,"3","M"
"BMS",28,0,6,0,"3","M"
"BMS",28,0,7,0,"3","M"
"BMS",28,4,0,0.442,"3","M"
"BMS",28,4,1,0.54,"3","M"
"BMS",28,4,2,0.86,"3","M"
"BMS",28,4,3,0.62,"3","M"
"BMS",28,4,4,0.624,"3","M"
"BMS",28,4,5,0.562,"3","M"
"BMS",28,4,6,0.822,"3","M"
"BMS",28,4,7,0.75,"3","M"
"BMS",28,10,0,1.28637512106197,"3","M"
"BMS",28,10,1,1.54775024212393,"3","M"
"BMS",28,10,2,2.22475039504431,"3","M"
"BMS",28,10,3,1.84266678560474,"3","M"
"BMS",28,10,4,1.99583354572275,"3","M"
"BMS",28,10,5,1.60904190666671,"3","M"
"BMS",28,10,6,2.13120871775818,"3","M"
"BMS",28,10,7,2.19037517203543,"3","M"
"BMS",28,22,0,4.91427837049681,"3","M"
"BMS",28,22,1,5.92769779084733,"3","M"
"BMS",28,22,2,7.58865764215691,"3","M"
"BMS",28,22,3,6.57842732414298,"3","M"
"BMS",28,22,4,8.26264677062301,"3","M"
"BMS",28,22,5,6.17712214451517,"3","M"
"BMS",28,22,6,7.62423328903581,"3","M"
"BMS",28,22,7,7.75297755427029,"3","M"
"BMS",28,28,0,8.36856739623246,"3","M"
"BMS",28,28,1,9.94841894595079,"3","M"
"BMS",28,28,2,12.3693573427985,"3","M"
"BMS",28,28,3,10.7673514295901,"3","M"
"BMS",28,28,4,14.0081693073444,"3","M"
"BMS",28,28,5,10.4573301519802,"3","M"
"BMS",28,28,6,12.8023966902629,"3","M"
"BMS",28,28,7,12.6545249408922,"3","M"
"BMS",28,34,0,13.6809743098375,"3","M"
"BMS",28,34,1,15.3182034084623,"3","M"
"BMS",28,34,2,18.666381979748,"3","M"
"BMS",28,34,3,16.8758893470506,"3","M"
"BMS",28,34,4,21.1137646345667,"3","M"
"BMS",28,34,5,16.4310427510245,"3","M"
"BMS",28,34,6,19.7284199872781,"3","M"
"BMS",28,34,7,19.2963470454028,"3","M"
"BMS",28,46,0,29.0996071829288,"3","M"
"BMS",28,46,1,29.5494962022548,"3","M"
"BMS",28,46,2,34.8399629667016,"3","M"
"BMS",28,46,3,33.4695641974416,"3","M"
"BMS",28,46,4,37.4406958797052,"3","M"
"BMS",28,46,5,31.8812633545478,"3","M"
"BMS",28,46,6,35.9206781827018,"3","M"
"BMS",28,46,7,35.2260366866691,"3","M"
"BMS",28,52,0,37.9211282460164,"3","M"
"BMS",28,52,1,38.8100637309824,"3","M"
"BMS",28,52,2,44.8723433397391,"3","M"
"BMS",28,52,3,42.9971585624154,"3","M"
"BMS",28,52,4,47.0262687220944,"3","M"
"BMS",28,52,5,41.4930353226748,"3","M"
"BMS",28,52,6,44.9424329530406,"3","M"
"BMS",28,52,7,44.2691043983033,"3","M"
"BMS",28,58,0,46.5682318745297,"3","M"
"BMS",28,58,1,44.7307520107112,"3","M"
"BMS",28,58,2,54.2738314137405,"3","M"
"BMS",28,58,3,51.9043712749737,"3","M"
"BMS",28,58,4,56.1188970885485,"3","M"
"BMS",28,58,5,50.38200358133,"3","M"
"BMS",28,58,6,53.215261778639,"3","M"
"BMS",28,58,7,52.5174346575779,"3","M"
"BMS",28,70,0,64.6469866943687,"3","M"
"BMS",28,70,1,50.4349965704511,"3","M"
"BMS",28,70,2,73.0273965085926,"3","M"
"BMS",28,70,3,69.6678409331788,"3","M"
"BMS",28,70,4,75.7757366757077,"3","M"
"BMS",28,70,5,67.3461445554289,"3","M"
"BMS",28,70,6,68.2550527509966,"3","M"
"BMS",28,70,7,67.4419961524365,"3","M"
"BMS",28,76,0,72.7115404004216,"3","M"
"BMS",28,76,1,56.9656359958173,"3","M"
"BMS",28,76,2,82.3562316443397,"3","M"
"BMS",28,76,3,77.1445527230953,"3","M"
"BMS",28,76,4,86.1511112762061,"3","M"
"BMS",28,76,5,74.5797075857642,"3","M"
"BMS",28,76,6,74.8518183739235,"3","M"
"BMS",28,76,7,72.7208790644513,"3","M"
"BMS",28,82,0,79.6957888572419,"3","M"
"BMS",28,82,1,64.7912808675597,"3","M"
"BMS",28,82,2,91.4817756026335,"3","M"
"BMS",28,82,3,83.9442039157707,"3","M"
"BMS",28,82,4,94.1892839206157,"3","M"
"BMS",28,82,5,82.4907790702129,"3","M"
"BMS",28,82,6,84.2673243583494,"3","M"
"BMS",28,82,7,78.5487181917594,"3","M"
"BMS",28,94,0,96.5244772195526,"3","M"
"BMS",28,94,1,83.8078220548349,"3","M"
"BMS",28,94,2,112.212191117772,"3","M"
"BMS",28,94,3,100.084999267113,"3","M"
"BMS",28,94,4,113.403277693211,"3","M"
"BMS",28,94,5,102.640921877056,"3","M"
"BMS",28,94,6,102.8109780834,"3","M"
"BMS",28,94,7,94.2084192343529,"3","M"
"BMS",28,100,0,105.56370217077,"3","M"
"BMS",28,100,1,93.8360457440496,"3","M"
"BMS",28,100,2,122.296019155965,"3","M"
"BMS",28,100,3,107.518430636686,"3","M"
"BMS",28,100,4,123.227802678739,"3","M"
"BMS",28,100,5,111.834211807749,"3","M"
"BMS",28,100,6,112.9533774585,"3","M"
"BMS",28,100,7,103.923317693202,"3","M"
"BMS",28,106,0,115.308641132978,"3","M"
"BMS",28,106,1,103.77697248707,"3","M"
"BMS",28,106,2,132.507028234692,"3","M"
"BMS",28,106,3,116.057624694898,"3","M"
"BMS",28,106,4,132.586600991767,"3","M"
"BMS",28,106,5,121.641214872265,"3","M"
"BMS",28,106,6,122.990568106187,"3","M"
"BMS",28,106,7,113.423759762737,"3","M"
"BMS",30,0,0,0,"2","B"
"BMS",30,0,1,0,"2","B"
"BMS",30,0,2,0,"2","B"
"BMS",30,0,3,0,"2","B"
"BMS",30,0,4,0,"2","B"
"BMS",30,0,5,0,"2","B"
"BMS",30,0,6,0,"2","B"
"BMS",30,0,7,0,"2","B"
"BMS",30,4,0,0.516,"2","B"
"BMS",30,4,1,0.732,"2","B"
"BMS",30,4,2,0.482,"2","B"
"BMS",30,4,3,0.854,"2","B"
"BMS",30,4,4,0.52,"2","B"
"BMS",30,4,5,0.746,"2","B"
"BMS",30,4,6,0.588,"2","B"
"BMS",30,4,7,0.756,"2","B"
"BMS",30,10,0,1.55750012743365,"2","B"
"BMS",30,10,1,2.26966693852512,"2","B"
"BMS",30,10,2,1.41779184294988,"2","B"
"BMS",30,10,3,2.58679189392334,"2","B"
"BMS",30,10,4,1.59600020389384,"2","B"
"BMS",30,10,5,2.30320861581126,"2","B"
"BMS",30,10,6,1.76891684932156,"2","B"
"BMS",30,10,7,2.33600020389384,"2","B"
"BMS",30,22,0,6.3833869881847,"2","B"
"BMS",30,22,1,9.69990655415481,"2","B"
"BMS",30,22,2,6.04136814703213,"2","B"
"BMS",30,22,3,10.3338935308706,"2","B"
"BMS",30,22,4,6.94986691383949,"2","B"
"BMS",30,22,5,9.99469387163516,"2","B"
"BMS",30,22,6,7.38472409324346,"2","B"
"BMS",30,22,7,9.6174912424713,"2","B"
"BMS",30,28,0,11.1601148902077,"2","B"
"BMS",30,28,1,16.640898406422,"2","B"
"BMS",30,28,2,10.6354407644981,"2","B"
"BMS",30,28,3,17.3882232594148,"2","B"
"BMS",30,28,4,12.189835718628,"2","B"
"BMS",30,28,5,17.1742888272607,"2","B"
"BMS",30,28,6,12.8501371698176,"2","B"
"BMS",30,28,7,16.3226647661285,"2","B"
"BMS",30,34,0,18.0122621220319,"2","B"
"BMS",30,34,1,24.7132202998372,"2","B"
"BMS",30,34,2,17.0043492545464,"2","B"
"BMS",30,34,3,25.3638255680972,"2","B"
"BMS",30,34,4,18.9115854982159,"2","B"
"BMS",30,34,5,24.7806470897275,"2","B"
"BMS",30,34,6,19.5747687530307,"2","B"
"BMS",30,34,7,23.9735946912753,"2","B"
"BMS",30,46,0,34.7796999092707,"2","B"
"BMS",30,46,1,42.9488749590245,"2","B"
"BMS",30,46,2,33.9263128503178,"2","B"
"BMS",30,46,3,43.8600434705652,"2","B"
"BMS",30,46,4,34.7418104101624,"2","B"
"BMS",30,46,5,41.1060939575613,"2","B"
"BMS",30,46,6,34.206728791127,"2","B"
"BMS",30,46,7,41.8932595946263,"2","B"
"BMS",30,52,0,43.3793627327253,"2","B"
"BMS",30,52,1,52.1449688485987,"2","B"
"BMS",30,52,2,42.8011237733364,"2","B"
"BMS",30,52,3,54.0864317071204,"2","B"
"BMS",30,52,4,43.5080652200029,"2","B"
"BMS",30,52,5,49.668634760206,"2","B"
"BMS",30,52,6,41.9087355351526,"2","B"
"BMS",30,52,7,51.6728337568217,"2","B"
"BMS",30,58,0,52.7078392328824,"2","B"
"BMS",30,58,1,60.9200929619955,"2","B"
"BMS",30,58,2,49.5998369282075,"2","B"
"BMS",30,58,3,65.0399298428067,"2","B"
"BMS",30,58,4,52.6791505426326,"2","B"
"BMS",30,58,5,58.7293763485333,"2","B"
"BMS",30,58,6,47.1415143433548,"2","B"
"BMS",30,58,7,60.839156261557,"2","B"
"BMS",30,70,0,73.8069218163454,"2","B"
"BMS",30,70,1,80.5889969824469,"2","B"
"BMS",30,70,2,57.7234347831144,"2","B"
"BMS",30,70,3,90.6862391336295,"2","B"
"BMS",30,70,4,71.8405608929087,"2","B"
"BMS",30,70,5,77.6588437099172,"2","B"
"BMS",30,70,6,56.1692980686685,"2","B"
"BMS",30,70,7,78.0992800164691,"2","B"
"BMS",30,76,0,83.7810038979697,"2","B"
"BMS",30,76,1,92.7915113630462,"2","B"
"BMS",30,76,2,64.801338384391,"2","B"
"BMS",30,76,3,101.674594932117,"2","B"
"BMS",30,76,4,81.4877606342369,"2","B"
"BMS",30,76,5,86.3044705525506,"2","B"
"BMS",30,76,6,63.7417155578855,"2","B"
"BMS",30,76,7,86.7280486478511,"2","B"
"BMS",30,82,0,91.5152018171875,"2","B"
"BMS",30,82,1,104.634074380112,"2","B"
"BMS",30,82,2,72.6072437317955,"2","B"
"BMS",30,82,3,110.270680819961,"2","B"
"BMS",30,82,4,90.2626892752446,"2","B"
"BMS",30,82,5,94.7503974743521,"2","B"
"BMS",30,82,6,71.0862317703715,"2","B"
"BMS",30,82,7,93.7571724997214,"2","B"
"BMS",30,94,0,109.726216291071,"2","B"
"BMS",30,94,1,126.483972136791,"2","B"
"BMS",30,94,2,91.2756205578864,"2","B"
"BMS",30,94,3,128.726913501979,"2","B"
"BMS",30,94,4,107.548493963695,"2","B"
"BMS",30,94,5,112.749290834675,"2","B"
"BMS",30,94,6,88.8217939355352,"2","B"
"BMS",30,94,7,108.18568613531,"2","B"
"BMS",30,100,0,120.296927434167,"2","B"
"BMS",30,100,1,134.604642372557,"2","B"
"BMS",30,100,2,101.174907017212,"2","B"
"BMS",30,100,3,140.850066730261,"2","B"
"BMS",30,100,4,117.022245406028,"2","B"
"BMS",30,100,5,122.648556423008,"2","B"
"BMS",30,100,6,97.9673242831026,"2","B"
"BMS",30,100,7,119.122014378705,"2","B"
"BMS",30,106,0,131.154389451559,"2","B"
"BMS",30,106,1,145.158618162969,"2","B"
"BMS",30,106,2,111.404688982328,"2","B"
"BMS",30,106,3,152.763329379455,"2","B"
"BMS",30,106,4,128.087977724561,"2","B"
"BMS",30,106,5,133.556804309749,"2","B"
"BMS",30,106,6,107.128355807065,"2","B"
"BMS",30,106,7,129.876157582623,"2","B"
"BMS",32,0,0,0,"3","T"
"BMS",32,0,1,0,"3","T"
"BMS",32,0,2,0,"3","T"
"BMS",32,0,3,0,"3","T"
"BMS",32,0,4,0,"3","T"
"BMS",32,0,5,0,"3","T"
"BMS",32,0,6,0,"3","T"
"BMS",32,0,7,0,"3","T"
"BMS",32,4,0,0.788,"3","T"
"BMS",32,4,1,0.848,"3","T"
"BMS",32,4,2,0.734,"3","T"
"BMS",32,4,3,0.57,"3","T"
"BMS",32,4,4,0.864,"3","T"
"BMS",32,4,5,1.026,"3","T"
"BMS",32,4,6,0.78,"3","T"
"BMS",32,4,7,0.788,"3","T"
"BMS",32,10,0,2.3183334182891,"3","T"
"BMS",32,10,1,2.4332504715045,"3","T"
"BMS",32,10,2,2.25779184294988,"3","T"
"BMS",32,10,3,1.67112526123898,"3","T"
"BMS",32,10,4,2.40300061168152,"3","T"
"BMS",32,10,5,2.71945893439538,"3","T"
"BMS",32,10,6,2.24250038230095,"3","T"
"BMS",32,10,7,2.35116686206493,"3","T"
"BMS",32,22,0,7.76118758259003,"3","T"
"BMS",32,22,1,7.77403141963175,"3","T"
"BMS",32,22,2,7.91784408974685,"3","T"
"BMS",32,22,3,6.13604437934583,"3","T"
"BMS",32,22,4,7.81975198701165,"3","T"
"BMS",32,22,5,8.22505174247661,"3","T"
"BMS",32,22,6,8.2457485568841,"3","T"
"BMS",32,22,7,8.77872877127976,"3","T"
"BMS",32,28,0,12.3833464834729,"3","T"
"BMS",32,28,1,11.6681239544595,"3","T"
"BMS",32,28,2,12.6435365503916,"3","T"
"BMS",32,28,3,9.82594384082121,"3","T"
"BMS",32,28,4,11.6697281837174,"3","T"
"BMS",32,28,5,12.2225473289149,"3","T"
"BMS",32,28,6,13.3570489145187,"3","T"
"BMS",32,28,7,14.3241957230348,"3","T"
"BMS",32,34,0,18.0353142822298,"3","T"
"BMS",32,34,1,16.9056756656644,"3","T"
"BMS",32,34,2,19.0664231577237,"3","T"
"BMS",32,34,3,13.4258656458485,"3","T"
"BMS",32,34,4,15.9252504226782,"3","T"
"BMS",32,34,5,18.0286323878559,"3","T"
"BMS",32,34,6,19.5972990471363,"3","T"
"BMS",32,34,7,19.4493263554834,"3","T"
"BMS",32,46,0,30.3603667700267,"3","T"
"BMS",32,46,1,29.9897081270279,"3","T"
"BMS",32,46,2,35.3594016555083,"3","T"
"BMS",32,46,3,23.5980125817211,"3","T"
"BMS",32,46,4,27.2920134527567,"3","T"
"BMS",32,46,5,32.2476172760143,"3","T"
"BMS",32,46,6,34.9741361838407,"3","T"
"BMS",32,46,7,31.3347772757221,"3","T"
"BMS",32,52,0,39.6581000091411,"3","T"
"BMS",32,52,1,42.4641798119243,"3","T"
"BMS",32,52,2,46.5249866587195,"3","T"
"BMS",32,52,3,34.3090640640866,"3","T"
"BMS",32,52,4,40.2565963706646,"3","T"
"BMS",32,52,5,43.045577329074,"3","T"
"BMS",32,52,6,44.8491338711391,"3","T"
"BMS",32,52,7,41.7888327669884,"3","T"
"BMS",32,58,0,49.9574670885665,"3","T"
"BMS",32,58,1,52.3150411952466,"3","T"
"BMS",32,58,2,55.5357658938545,"3","T"
"BMS",32,58,3,43.9610353871187,"3","T"
"BMS",32,58,4,49.3077575374206,"3","T"
"BMS",32,58,5,52.36369529746,"3","T"
"BMS",32,58,6,52.80728993119,"3","T"
"BMS",32,58,7,49.9892185816333,"3","T"
"BMS",32,70,0,70.2068313734983,"3","T"
"BMS",32,70,1,73.3327495983243,"3","T"
"BMS",32,70,2,79.1765583281017,"3","T"
"BMS",32,70,3,64.3700694121355,"3","T"
"BMS",32,70,4,70.3394782623233,"3","T"
"BMS",32,70,5,72.8850453491338,"3","T"
"BMS",32,70,6,73.404535837695,"3","T"
"BMS",32,70,7,72.8426597064659,"3","T"
"BMS",32,76,0,81.3309721333184,"3","T"
"BMS",32,76,1,85.3737674166486,"3","T"
"BMS",32,76,2,90.8525644918122,"3","T"
"BMS",32,76,3,74.991026608685,"3","T"
"BMS",32,76,4,81.8628129943557,"3","T"
"BMS",32,76,5,84.5212109155085,"3","T"
"BMS",32,76,6,84.5887860038811,"3","T"
"BMS",32,76,7,84.2031067797272,"3","T"
"BMS",32,82,0,92.7981727526618,"3","T"
"BMS",32,82,1,96.9520680584729,"3","T"
"BMS",32,82,2,102.823293123579,"3","T"
"BMS",32,82,3,85.988590228202,"3","T"
"BMS",32,82,4,93.1044601213356,"3","T"
"BMS",32,82,5,95.6679084817447,"3","T"
"BMS",32,82,6,95.2466901609097,"3","T"
"BMS",32,82,7,95.8069294783953,"3","T"
"BMS",32,94,0,117.480002013595,"3","T"
"BMS",32,94,1,121.197952393521,"3","T"
"BMS",32,94,2,127.549444475621,"3","T"
"BMS",32,94,3,109.69575085703,"3","T"
"BMS",32,94,4,116.157242690112,"3","T"
"BMS",32,94,5,118.506658348679,"3","T"
"BMS",32,94,6,117.185613065749,"3","T"
"BMS",32,94,7,119.461921953575,"3","T"
"BMS",32,100,0,129.816943051433,"3","T"
"BMS",32,100,1,133.644000445248,"3","T"
"BMS",32,100,2,140.259737384727,"3","T"
"BMS",32,100,3,121.153541843375,"3","T"
"BMS",32,100,4,127.990705532482,"3","T"
"BMS",32,100,5,130.031835063233,"3","T"
"BMS",32,100,6,127.997980391036,"3","T"
"BMS",32,100,7,131.453269044334,"3","T"
"BMS",32,106,0,142.190171411472,"3","T"
"BMS",32,106,1,145.46901795529,"3","T"
"BMS",32,106,2,152.478353589103,"3","T"
"BMS",32,106,3,132.639427938852,"3","T"
"BMS",32,106,4,139.334273432855,"3","T"
"BMS",32,106,5,141.092468913292,"3","T"
"BMS",32,106,6,138.688107314969,"3","T"
"BMS",32,106,7,143.216007496327,"3","T"
"BMS",35,0,0,0,"1","M"
"BMS",35,0,1,0,"1","M"
"BMS",35,0,2,0,"1","M"
"BMS",35,0,3,0,"1","M"
"BMS",35,0,4,0,"1","M"
"BMS",35,0,5,0,"1","M"
"BMS",35,0,6,0,"1","M"
"BMS",35,0,7,0,"1","M"
"BMS",35,2,0,0.264,"1","M"
"BMS",35,2,1,0.314,"1","M"
"BMS",35,2,2,0.267,"1","M"
"BMS",35,2,3,0.294,"1","M"
"BMS",35,2,4,0.274,"1","M"
"BMS",35,2,5,0.312,"1","M"
"BMS",35,2,6,0.214,"1","M"
"BMS",35,2,7,0.343,"1","M"
"BMS",35,8,0,1.24050046200069,"1","M"
"BMS",35,8,1,1.53391708833396,"1","M"
"BMS",35,8,2,1.31858354966699,"1","M"
"BMS",35,8,3,1.40041693433373,"1","M"
"BMS",35,8,4,1.29691704433389,"1","M"
"BMS",35,8,5,1.4848336926672,"1","M"
"BMS",35,8,6,1.09216687933365,"1","M"
"BMS",35,8,7,1.59875025300038,"1","M"
"BMS",35,20,0,6.03092605964676,"1","M"
"BMS",35,20,1,5.37935199261063,"1","M"
"BMS",35,20,2,6.15194452829203,"1","M"
"BMS",35,20,3,6.53820356211481,"1","M"
"BMS",35,20,4,5.99501862663208,"1","M"
"BMS",35,20,5,6.44337047453186,"1","M"
"BMS",35,20,6,5.74726028520359,"1","M"
"BMS",35,20,7,6.9702777507887,"1","M"
"BMS",35,26,0,10.1270075510323,"1","M"
"BMS",35,26,1,7.17618358004319,"1","M"
"BMS",35,26,2,10.4393169990355,"1","M"
"BMS",35,26,3,11.1230191250086,"1","M"
"BMS",35,26,4,10.0902174560165,"1","M"
"BMS",35,26,5,9.79072591982562,"1","M"
"BMS",35,26,6,10.2025119582279,"1","M"
"BMS",35,26,7,11.5594364354949,"1","M"
"BMS",35,32,0,16.0414042133343,"1","M"
"BMS",35,32,1,10.9687234317888,"1","M"
"BMS",35,32,2,16.7268334034065,"1","M"
"BMS",35,32,3,14.875305690504,"1","M"
"BMS",35,32,4,15.6523184377465,"1","M"
"BMS",35,32,5,12.4186609746531,"1","M"
"BMS",35,32,6,14.4227950223473,"1","M"
"BMS",35,32,7,17.068624977535,"1","M"
"BMS",35,44,0,32.031893423888,"1","M"
"BMS",35,44,1,27.0271631442463,"1","M"
"BMS",35,44,2,36.2846047313972,"1","M"
"BMS",35,44,3,24.4855137463721,"1","M"
"BMS",35,44,4,29.5036916763049,"1","M"
"BMS",35,44,5,26.4548006267678,"1","M"
"BMS",35,44,6,22.4189908456676,"1","M"
"BMS",35,44,7,34.0045238090879,"1","M"
"BMS",35,50,0,38.9091997433461,"1","M"
"BMS",35,50,1,33.6623361529477,"1","M"
"BMS",35,50,2,45.5640255229085,"1","M"
"BMS",35,50,3,36.0398098690737,"1","M"
"BMS",35,50,4,37.6847364663947,"1","M"
"BMS",35,50,5,34.9590891687858,"1","M"
"BMS",35,50,6,29.600882472802,"1","M"
"BMS",35,50,7,44.5934060684866,"1","M"
"BMS",35,56,0,47.2282002725317,"1","M"
"BMS",35,56,1,40.3809144656964,"1","M"
"BMS",35,56,2,51.8099820655403,"1","M"
"BMS",35,56,3,42.7335725449385,"1","M"
"BMS",35,56,4,43.2594679102416,"1","M"
"BMS",35,56,5,40.6930638277484,"1","M"
"BMS",35,56,6,34.7317207945893,"1","M"
"BMS",35,56,7,53.8260802713331,"1","M"
"BMS",35,68,0,61.644125864942,"1","M"
"BMS",35,68,1,48.845960912462,"1","M"
"BMS",35,68,2,64.1291338722506,"1","M"
"BMS",35,68,3,54.3890982245759,"1","M"
"BMS",35,68,4,40.2948121170957,"1","M"
"BMS",35,68,5,53.5093930894577,"1","M"
"BMS",35,68,6,45.1147703484972,"1","M"
"BMS",35,68,7,68.2115292784554,"1","M"
"BMS",35,74,0,68.4677176657144,"1","M"
"BMS",35,74,1,49.255910814717,"1","M"
"BMS",35,74,2,68.8942490734213,"1","M"
"BMS",35,74,3,60.4213348523403,"1","M"
"BMS",35,74,4,42.5710797444828,"1","M"
"BMS",35,74,5,61.745256745255,"1","M"
"BMS",35,74,6,50.2870482449931,"1","M"
"BMS",35,74,7,73.4752220150886,"1","M"
"BMS",35,80,0,75.4990258543108,"1","M"
"BMS",35,80,1,50.2124713639327,"1","M"
"BMS",35,80,2,72.9535282307749,"1","M"
"BMS",35,80,3,65.8841634111251,"1","M"
"BMS",35,80,4,43.2249931105022,"1","M"
"BMS",35,80,5,63.6828641008995,"1","M"
"BMS",35,80,6,55.7250775688972,"1","M"
"BMS",35,80,7,78.2186916751711,"1","M"
"BMS",35,92,0,91.8614788240652,"1","M"
"BMS",35,92,1,51.0407984624877,"1","M"
"BMS",35,92,2,82.2294724009379,"1","M"
"BMS",35,92,3,79.5549349386131,"1","M"
"BMS",35,92,4,44.4641918792943,"1","M"
"BMS",35,92,5,65.5877836682156,"1","M"
"BMS",35,92,6,67.503583712053,"1","M"
"BMS",35,92,7,89.568125521848,"1","M"
"BMS",35,98,0,99.5556263039538,"1","M"
"BMS",35,98,1,51.2672366198533,"1","M"
"BMS",35,98,2,85.632568871078,"1","M"
"BMS",35,98,3,86.7046555896687,"1","M"
"BMS",35,98,4,44.9732446772851,"1","M"
"BMS",35,98,5,66.6032257180682,"1","M"
"BMS",35,98,6,73.4367167487036,"1","M"
"BMS",35,98,7,95.7162671960027,"1","M"
"BMS",35,104,0,107.637948728455,"1","M"
"BMS",35,104,1,51.5422446817243,"1","M"
"BMS",35,104,2,89.6783435902847,"1","M"
"BMS",35,104,3,93.4370457258476,"1","M"
"BMS",35,104,4,45.5186151850989,"1","M"
"BMS",35,104,5,67.0097314850293,"1","M"
"BMS",35,104,6,78.9719284502081,"1","M"
"BMS",35,104,7,102.23448700932,"1","M"
"BMS",35,127,0,139.504496942488,"1","M"
"BMS",35,127,1,52.5588304022092,"1","M"
"BMS",35,127,2,106.784822609644,"1","M"
"BMS",35,127,3,116.374461390943,"1","M"
"BMS",35,127,4,47.6984887808813,"1","M"
"BMS",35,127,5,68.3614129866351,"1","M"
"BMS",35,127,6,96.0967709624808,"1","M"
"BMS",35,127,7,125.16487446421,"1","M"
"BMS",35,151,0,174.930529597001,"1","M"
"BMS",35,151,1,53.5539609486516,"1","M"
"BMS",35,151,2,126.317781555611,"1","M"
"BMS",35,151,3,142.718814115274,"1","M"
"BMS",35,151,4,49.9116024939812,"1","M"
"BMS",35,151,5,69.7353887870829,"1","M"
"BMS",35,151,6,109.384991184419,"1","M"
"BMS",35,151,7,147.741818323925,"1","M"
"BMS",35,164,0,193.010352945556,"1","M"
"BMS",35,164,1,54.1021865117095,"1","M"
"BMS",35,164,2,135.27754992787,"1","M"
"BMS",35,164,3,157.154470026093,"1","M"
"BMS",35,164,4,51.1274731480442,"1","M"
"BMS",35,164,5,70.4265288781722,"1","M"
"BMS",35,164,6,113.965414887365,"1","M"
"BMS",35,164,7,159.395237969939,"1","M"
"BMS",37,0,0,0,"4","B"
"BMS",37,0,1,0,"4","B"
"BMS",37,0,2,0,"4","B"
"BMS",37,0,3,0,"4","B"
"BMS",37,0,4,0,"4","B"
"BMS",37,0,5,0,"4","B"
"BMS",37,0,6,0,"4","B"
"BMS",37,0,7,0,"4","B"
"BMS",37,5,0,0.8725,"4","B"
"BMS",37,5,1,0.9175,"4","B"
"BMS",37,5,2,0.6175,"4","B"
"BMS",37,5,3,0.85,"4","B"
"BMS",37,5,4,0.765,"4","B"
"BMS",37,5,5,0.785,"4","B"
"BMS",37,5,6,0.8,"4","B"
"BMS",37,5,7,0.9025,"4","B"
"BMS",37,11,0,2.19270888779686,"4","B"
"BMS",37,11,1,2.35860068333884,"4","B"
"BMS",37,11,2,1.65249211922879,"4","B"
"BMS",37,11,3,1.8955634216083,"4","B"
"BMS",37,11,4,2.11503816086059,"4","B"
"BMS",37,11,5,2.07006700234188,"4","B"
"BMS",37,11,6,2.05719652716202,"4","B"
"BMS",37,11,7,2.16802598005175,"4","B"
"BMS",37,23,0,7.82018961629558,"4","B"
"BMS",37,23,1,8.17857680488627,"4","B"
"BMS",37,23,2,7.34332036984412,"4","B"
"BMS",37,23,3,6.37568920580299,"4","B"
"BMS",37,23,4,8.78787928508459,"4","B"
"BMS",37,23,5,7.56796715933025,"4","B"
"BMS",37,23,6,7.31286168630683,"4","B"
"BMS",37,23,7,7.34084571548401,"4","B"
"BMS",37,29,0,12.5551892552398,"4","B"
"BMS",37,29,1,12.5069777151689,"4","B"
"BMS",37,29,2,12.842484485667,"4","B"
"BMS",37,29,3,10.1452007873685,"4","B"
"BMS",37,29,4,14.5997685145841,"4","B"
"BMS",37,29,5,12.4520987088983,"4","B"
"BMS",37,29,6,11.5863110799879,"4","B"
"BMS",37,29,7,11.35047732367,"4","B"
"BMS",37,35,0,18.1127083829967,"4","B"
"BMS",37,35,1,18.2716060624909,"4","B"
"BMS",37,35,2,18.8225032586817,"4","B"
"BMS",37,35,3,15.1852597836198,"4","B"
"BMS",37,35,4,21.0265019285261,"4","B"
"BMS",37,35,5,18.9840051181452,"4","B"
"BMS",37,35,6,18.0691585423773,"4","B"
"BMS",37,35,7,16.779745940146,"4","B"
"BMS",37,47,0,33.4977017802552,"4","B"
"BMS",37,47,1,38.984669814325,"4","B"
"BMS",37,47,2,33.9864706660967,"4","B"
"BMS",37,47,3,28.2056397809513,"4","B"
"BMS",37,47,4,37.5376901571339,"4","B"
"BMS",37,47,5,35.8740081227194,"4","B"
"BMS",37,47,6,37.1383723239122,"4","B"
"BMS",37,47,7,31.7167998081312,"4","B"
"BMS",37,53,0,41.6133790334768,"4","B"
"BMS",37,53,1,48.4662968983099,"4","B"
"BMS",37,53,2,42.6716170773585,"4","B"
"BMS",37,53,3,34.9928685453405,"4","B"
"BMS",37,53,4,45.9134528908752,"4","B"
"BMS",37,53,5,43.6999298764162,"4","B"
"BMS",37,53,6,46.092726617333,"4","B"
"BMS",37,53,7,39.8006265410803,"4","B"
"BMS",37,59,0,49.5308468682656,"4","B"
"BMS",37,59,1,58.1037355570617,"4","B"
"BMS",37,59,2,51.5689590569986,"4","B"
"BMS",37,59,3,41.6138188485391,"4","B"
"BMS",37,59,4,54.9171870458475,"4","B"
"BMS",37,59,5,51.5462595171285,"4","B"
"BMS",37,59,6,54.9009364560831,"4","B"
"BMS",37,59,7,47.5535453306426,"4","B"
"BMS",37,71,0,63.7437946276108,"4","B"
"BMS",37,71,1,74.3404934246589,"4","B"
"BMS",37,71,2,69.0263475804762,"4","B"
"BMS",37,71,3,52.7307073162044,"4","B"
"BMS",37,71,4,71.8125330777361,"4","B"
"BMS",37,71,5,66.0924177504964,"4","B"
"BMS",37,71,6,70.9466879439614,"4","B"
"BMS",37,71,7,60.4853919890536,"4","B"
"BMS",37,77,0,69.2817138832,"4","B"
"BMS",37,77,1,79.5746304066111,"4","B"
"BMS",37,77,2,76.3714330785674,"4","B"
"BMS",37,77,3,56.3986695122761,"4","B"
"BMS",37,77,4,78.2631476066735,"4","B"
"BMS",37,77,5,71.8763708810909,"4","B"
"BMS",37,77,6,77.3839909916683,"4","B"
"BMS",37,77,7,64.6965761603345,"4","B"
"BMS",37,83,0,73.3556931245665,"4","B"
"BMS",37,83,1,83.948313490927,"4","B"
"BMS",37,83,2,82.0660574622032,"4","B"
"BMS",37,83,3,59.4304706750406,"4","B"
"BMS",37,83,4,83.3572605122345,"4","B"
"BMS",37,83,5,76.676173597306,"4","B"
"BMS",37,83,6,82.2940555974055,"4","B"
"BMS",37,83,7,68.3570462840087,"4","B"
"BMS",37,95,0,80.7100117007932,"4","B"
"BMS",37,95,1,91.542064682577,"4","B"
"BMS",37,95,2,91.4139026011686,"4","B"
"BMS",37,95,3,65.1888852081494,"4","B"
"BMS",37,95,4,91.7843074545751,"4","B"
"BMS",37,95,5,85.1863557176421,"4","B"
"BMS",37,95,6,90.9116509574162,"4","B"
"BMS",37,95,7,75.0661797692252,"4","B"
"BMS",37,101,0,84.1378501451311,"4","B"
"BMS",37,101,1,95.0184812151899,"4","B"
"BMS",37,101,2,95.5932115174894,"4","B"
"BMS",37,101,3,67.8591519913565,"4","B"
"BMS",37,101,4,95.337913138793,"4","B"
"BMS",37,101,5,88.9731431291738,"4","B"
"BMS",37,101,6,94.8255042010598,"4","B"
"BMS",37,101,7,78.0968919511705,"4","B"
"BMS",37,107,0,87.5411704715681,"4","B"
"BMS",37,107,1,98.4832985355595,"4","B"
"BMS",37,107,2,99.6387254751659,"4","B"
"BMS",37,107,3,70.5147592052616,"4","B"
"BMS",37,107,4,98.8209895734356,"4","B"
"BMS",37,107,5,92.7549731862131,"4","B"
"BMS",37,107,6,98.621838864185,"4","B"
"BMS",37,107,7,81.0937617144367,"4","B"
"BMS",39,0,0,0,"4","M"
"BMS",39,0,1,0,"4","M"
"BMS",39,0,2,0,"4","M"
"BMS",39,0,3,0,"4","M"
"BMS",39,0,4,0,"4","M"
"BMS",39,0,5,0,"4","M"
"BMS",39,0,6,0,"4","M"
"BMS",39,0,7,0,"4","M"
"BMS",39,5,0,0.8675,"4","M"
"BMS",39,5,1,0.9575,"4","M"
"BMS",39,5,2,0.76,"4","M"
"BMS",39,5,3,1.1025,"4","M"
"BMS",39,5,4,0.7175,"4","M"
"BMS",39,5,5,0.7375,"4","M"
"BMS",39,5,6,0.8025,"4","M"
"BMS",39,5,7,0.7675,"4","M"
"BMS",39,11,0,2.0685422810722,"4","M"
"BMS",39,11,1,2.34950895972727,"4","M"
"BMS",39,11,2,2.00223808893018,"4","M"
"BMS",39,11,3,2.31098441828359,"4","M"
"BMS",39,11,4,1.90269204729839,"4","M"
"BMS",39,11,5,1.92030867200565,"4","M"
"BMS",39,11,6,2.04634199335058,"4","M"
"BMS",39,11,7,1.97258796305197,"4","M"
"BMS",39,23,0,6.02398984254946,"4","M"
"BMS",39,23,1,7.08037043577263,"4","M"
"BMS",39,23,2,6.22878925933112,"4","M"
"BMS",39,23,3,6.55861774504419,"4","M"
"BMS",39,23,4,6.33912936581335,"4","M"
"BMS",39,23,5,6.28999812047154,"4","M"
"BMS",39,23,6,6.2435492035452,"4","M"
"BMS",39,23,7,5.861537344109,"4","M"
"BMS",39,29,0,8.66910302839669,"4","M"
"BMS",39,29,1,10.4723271805811,"4","M"
"BMS",39,29,2,8.95402817142197,"4","M"
"BMS",39,29,3,9.63018392373979,"4","M"
"BMS",39,29,4,9.75860564898379,"4","M"
"BMS",39,29,5,9.83528304179901,"4","M"
"BMS",39,29,6,9.39048162401524,"4","M"
"BMS",39,29,7,8.36498219465949,"4","M"
"BMS",39,35,0,11.828424106937,"4","M"
"BMS",39,35,1,14.9225454409969,"4","M"
"BMS",39,35,2,12.3459631897869,"4","M"
"BMS",39,35,3,13.3257748369359,"4","M"
"BMS",39,35,4,14.0599580555643,"4","M"
"BMS",39,35,5,14.4447047551154,"4","M"
"BMS",39,35,6,13.6786879897451,"4","M"
"BMS",39,35,7,11.5513982588118,"4","M"
"BMS",39,47,0,19.9839629025128,"4","M"
"BMS",39,47,1,25.5365738294432,"4","M"
"BMS",39,47,2,20.7623254228565,"4","M"
"BMS",39,47,3,23.7701288054851,"4","M"
"BMS",39,47,4,24.2255197180476,"4","M"
"BMS",39,47,5,24.9704651529685,"4","M"
"BMS",39,47,6,23.903422526572,"4","M"
"BMS",39,47,7,19.4744798022579,"4","M"
"BMS",39,53,0,24.7402733669739,"4","M"
"BMS",39,53,1,31.3752316718907,"4","M"
"BMS",39,53,2,25.5701102908344,"4","M"
"BMS",39,53,3,30.5046381429162,"4","M"
"BMS",39,53,4,29.1507958658141,"4","M"
"BMS",39,53,5,31.3841398615543,"4","M"
"BMS",39,53,6,29.1385090540428,"4","M"
"BMS",39,53,7,23.6690153117353,"4","M"
"BMS",39,59,0,29.2652105115111,"4","M"
"BMS",39,59,1,37.115071225837,"4","M"
"BMS",39,59,2,30.222512291039,"4","M"
"BMS",39,59,3,36.9637323057721,"4","M"
"BMS",39,59,4,34.1824295567156,"4","M"
"BMS",39,59,5,37.4049780403799,"4","M"
"BMS",39,59,6,34.3633232623054,"4","M"
"BMS",39,59,7,27.7653455897996,"4","M"
"BMS",39,71,0,38.1113306929079,"4","M"
"BMS",39,71,1,46.9157042392759,"4","M"
"BMS",39,71,2,39.4367657501163,"4","M"
"BMS",39,71,3,49.1056468337286,"4","M"
"BMS",39,71,4,43.6111036524996,"4","M"
"BMS",39,71,5,48.2871384248739,"4","M"
"BMS",39,71,6,43.8990666192361,"4","M"
"BMS",39,71,7,36.2199873596193,"4","M"
"BMS",39,77,0,42.1904095171409,"4","M"
"BMS",39,77,1,49.8632257863862,"4","M"
"BMS",39,77,2,43.5461076489858,"4","M"
"BMS",39,77,3,53.6632591220903,"4","M"
"BMS",39,77,4,46.8306536112832,"4","M"
"BMS",39,77,5,52.2744833592256,"4","M"
"BMS",39,77,6,47.1727345044793,"4","M"
"BMS",39,77,7,39.9267188098652,"4","M"
"BMS",39,83,0,45.6726353403352,"4","M"
"BMS",39,83,1,53.0206578861426,"4","M"
"BMS",39,83,2,46.8882119684679,"4","M"
"BMS",39,83,3,57.573063817538,"4","M"
"BMS",39,83,4,49.9456701368228,"4","M"
"BMS",39,83,5,55.8007720989928,"4","M"
"BMS",39,83,6,50.2862839671266,"4","M"
"BMS",39,83,7,42.9092315130293,"4","M"
"BMS",39,95,0,51.7505917010909,"4","M"
"BMS",39,95,1,59.1021129583012,"4","M"
"BMS",39,95,2,53.0028078126688,"4","M"
"BMS",39,95,3,64.7901677598891,"4","M"
"BMS",39,95,4,56.0752590982681,"4","M"
"BMS",39,95,5,62.6594337887303,"4","M"
"BMS",39,95,6,56.1910065752376,"4","M"
"BMS",39,95,7,48.1914791162683,"4","M"
"BMS",39,101,0,54.7299315286965,"4","M"
"BMS",39,101,1,62.074875574368,"4","M"
"BMS",39,101,2,55.9793276701551,"4","M"
"BMS",39,101,3,68.2508999333652,"4","M"
"BMS",39,101,4,58.9628276836318,"4","M"
"BMS",39,101,5,65.9555538335359,"4","M"
"BMS",39,101,6,58.981091040804,"4","M"
"BMS",39,101,7,50.6632275893501,"4","M"
"BMS",39,107,0,57.685844604472,"4","M"
"BMS",39,107,1,65.0099900600763,"4","M"
"BMS",39,107,2,58.9390300764645,"4","M"
"BMS",39,107,3,71.6853490190108,"4","M"
"BMS",39,107,4,62.0023293533998,"4","M"
"BMS",39,107,5,69.34481890402,"4","M"
"BMS",39,107,6,61.7880751168185,"4","M"
"BMS",39,107,7,53.1021153886608,"4","M"
"JG5",16,0,0,0,"1","B"
"JG5",16,0,1,0,"1","B"
"JG5",16,0,2,0,"1","B"
"JG5",16,0,3,0,"1","B"
"JG5",16,0,4,0,"1","B"
"JG5",16,0,5,0,"1","B"
"JG5",16,0,6,0,"1","B"
"JG5",16,0,7,0,"1","B"
"JG5",16,2,0,0.105,"1","B"
"JG5",16,2,1,0.218,"1","B"
"JG5",16,2,2,0.184,"1","B"
"JG5",16,2,3,0.173,"1","B"
"JG5",16,2,4,0.141,"1","B"
"JG5",16,2,5,0.125,"1","B"
"JG5",16,2,6,0.135,"1","B"
"JG5",16,2,7,0.217,"1","B"
"JG5",16,8,0,0.412499933999902,"1","B"
"JG5",16,8,1,0.824166703333388,"1","B"
"JG5",16,8,2,0.712,"1","B"
"JG5",16,8,3,0.663250011000016,"1","B"
"JG5",16,8,4,0.520749988999984,"1","B"
"JG5",16,8,5,0.480916692333371,"1","B"
"JG5",16,8,6,0.501416626333273,"1","B"
"JG5",16,8,7,0.801083395666759,"1","B"
"JG5",16,20,0,0.916333311894689,"1","B"
"JG5",16,20,1,1.93218519633761,"1","B"
"JG5",16,20,2,1.60177756698236,"1","B"
"JG5",16,20,3,1.5321294031495,"1","B"
"JG5",16,20,4,1.16490740280568,"1","B"
"JG5",16,20,5,1.14183334161645,"1","B"
"JG5",16,20,6,1.13946294845398,"1","B"
"JG5",16,20,7,1.88679631491976,"1","B"
"JG5",16,26,0,1.19708040913695,"1","B"
"JG5",16,26,1,2.44097948895247,"1","B"
"JG5",16,26,2,1.93871145354045,"1","B"
"JG5",16,26,3,1.91038369222095,"1","B"
"JG5",16,26,4,1.50443154860701,"1","B"
"JG5",16,26,5,1.42667559263549,"1","B"
"JG5",16,26,6,1.53522205607607,"1","B"
"JG5",16,26,7,2.41745030961743,"1","B"
"JG5",16,32,0,1.47843478485645,"1","B"
"JG5",16,32,1,3.00053694411093,"1","B"
"JG5",16,32,2,2.2693734975895,"1","B"
"JG5",16,32,3,2.3152652249581,"1","B"
"JG5",16,32,4,1.8614105063034,"1","B"
"JG5",16,32,5,1.73395398256977,"1","B"
"JG5",16,32,6,1.93780667402896,"1","B"
"JG5",16,32,7,3.03939449891603,"1","B"
"JG5",16,44,0,2.07955958935979,"1","B"
"JG5",16,44,1,4.34044243713232,"1","B"
"JG5",16,44,2,2.90475746374793,"1","B"
"JG5",16,44,3,3.17947832306153,"1","B"
"JG5",16,44,4,2.64886100064542,"1","B"
"JG5",16,44,5,2.37284889684824,"1","B"
"JG5",16,44,6,2.87801417333057,"1","B"
"JG5",16,44,7,4.5651159105108,"1","B"
"JG5",16,50,0,2.3999104841484,"1","B"
"JG5",16,50,1,5.14917938040005,"1","B"
"JG5",16,50,2,3.24361807062785,"1","B"
"JG5",16,50,3,3.64369440325292,"1","B"
"JG5",16,50,4,3.09366295165889,"1","B"
"JG5",16,50,5,2.72749333115902,"1","B"
"JG5",16,50,6,3.41321792920747,"1","B"
"JG5",16,50,7,5.52744417932634,"1","B"
"JG5",16,56,0,2.74805138613833,"1","B"
"JG5",16,56,1,6.04611409772263,"1","B"
"JG5",16,56,2,3.59797069004962,"1","B"
"JG5",16,56,3,4.15961143311608,"1","B"
"JG5",16,56,4,3.09366295165889,"1","B"
"JG5",16,56,5,3.10812421635939,"1","B"
"JG5",16,56,6,4.01986333140718,"1","B"
"JG5",16,56,7,6.6273201989758,"1","B"
"JG5",16,68,0,3.54492539381836,"1","B"
"JG5",16,68,1,8.168471108363,"1","B"
"JG5",16,68,2,4.37047795842193,"1","B"
"JG5",16,68,3,5.36487461942016,"1","B"
"JG5",16,68,4,4.76801047354179,"1","B"
"JG5",16,68,5,3.98503652587993,"1","B"
"JG5",16,68,6,5.46411968524801,"1","B"
"JG5",16,68,7,9.35408478167932,"1","B"
"JG5",16,74,0,4.01307077702213,"1","B"
"JG5",16,74,1,9.4355563600664,"1","B"
"JG5",16,74,2,4.80608007024765,"1","B"
"JG5",16,74,3,6.07160311006358,"1","B"
"JG5",16,74,4,5.45957166956394,"1","B"
"JG5",16,74,5,4.49681449958174,"1","B"
"JG5",16,74,6,6.33944231285245,"1","B"
"JG5",16,74,7,11.0208182149161,"1","B"
"JG5",16,80,0,4.52640742729886,"1","B"
"JG5",16,80,1,10.8610928767816,"1","B"
"JG5",16,80,2,5.26724069374021,"1","B"
"JG5",16,80,3,6.85048572146775,"1","B"
"JG5",16,80,4,5.45957166956394,"1","B"
"JG5",16,80,5,5.06651778665514,"1","B"
"JG5",16,80,6,7.31284412988859,"1","B"
"JG5",16,80,7,12.893215085483,"1","B"
"JG5",16,92,0,5.7409048209142,"1","B"
"JG5",16,92,1,14.3639963129639,"1","B"
"JG5",16,92,2,6.33466827954723,"1","B"
"JG5",16,92,3,8.71780664896987,"1","B"
"JG5",16,92,4,5.45957166956394,"1","B"
"JG5",16,92,5,6.45498725121797,"1","B"
"JG5",16,92,6,9.57434533711836,"1","B"
"JG5",16,92,7,17.5536099495143,"1","B"
"JG5",16,98,0,6.47675771225363,"1","B"
"JG5",16,98,1,16.5520555596372,"1","B"
"JG5",16,98,2,6.95950816142202,"1","B"
"JG5",16,98,3,9.83833472097619,"1","B"
"JG5",16,98,4,9.5230197211057,"1","B"
"JG5",16,98,5,7.31396347559999,"1","B"
"JG5",16,98,6,10.9001587075602,"1","B"
"JG5",16,98,7,20.3644240279884,"1","B"
"JG5",16,104,0,7.27299178761801,"1","B"
"JG5",16,104,1,18.9204976678579,"1","B"
"JG5",16,104,2,7.64347300186267,"1","B"
"JG5",16,104,3,11.0844294828244,"1","B"
"JG5",16,104,4,9.5230197211057,"1","B"
"JG5",16,104,5,8.27080258573777,"1","B"
"JG5",16,104,6,12.3165090074674,"1","B"
"JG5",16,104,7,23.1090689755668,"1","B"
"JG5",16,127,0,11.6272266349663,"1","B"
"JG5",16,127,1,30.6650236782017,"1","B"
"JG5",16,127,2,11.1013431675201,"1","B"
"JG5",16,127,3,17.5821602800741,"1","B"
"JG5",16,127,4,18.2344266593876,"1","B"
"JG5",16,127,5,13.2122337488819,"1","B"
"JG5",16,127,6,19.5118287731032,"1","B"
"JG5",16,127,7,38.4762964644947,"1","B"
"JG5",16,151,0,20.193675400791,"1","B"
"JG5",16,151,1,49.0357954229403,"1","B"
"JG5",16,151,2,17.7071773663085,"1","B"
"JG5",16,151,3,29.6812579871201,"1","B"
"JG5",16,151,4,30.5934466326185,"1","B"
"JG5",16,151,5,21.6274506528916,"1","B"
"JG5",16,151,6,32.33127033725,"1","B"
"JG5",16,151,7,61.0720116393162,"1","B"
"JG5",16,164,0,26.7467051600599,"1","B"
"JG5",16,164,1,61.6576904422516,"1","B"
"JG5",16,164,2,22.9837595301777,"1","B"
"JG5",16,164,3,39.1283649198537,"1","B"
"JG5",16,164,4,30.5934466326185,"1","B"
"JG5",16,164,5,28.1272963917268,"1","B"
"JG5",16,164,6,42.2710836662975,"1","B"
"JG5",16,164,7,73.2583540563309,"1","B"
"JG5",20,0,0,0,"2","T"
"JG5",20,0,1,0,"2","T"
"JG5",20,0,2,0,"2","T"
"JG5",20,0,3,0,"2","T"
"JG5",20,0,4,0,"2","T"
"JG5",20,0,5,0,"2","T"
"JG5",20,0,6,0,"2","T"
"JG5",20,0,7,0,"2","T"
"JG5",20,4,0,0.3,"2","T"
"JG5",20,4,1,0.304,"2","T"
"JG5",20,4,2,0.314,"2","T"
"JG5",20,4,3,0.216,"2","T"
"JG5",20,4,4,0.228,"2","T"
"JG5",20,4,5,0.274,"2","T"
"JG5",20,4,6,0.206,"2","T"
"JG5",20,4,7,0.168,"2","T"
"JG5",20,10,0,0.924500280354029,"2","T"
"JG5",20,10,1,0.984166672604927,"2","T"
"JG5",20,10,2,0.946458327737664,"2","T"
"JG5",20,10,3,0.587916645427725,"2","T"
"JG5",20,10,4,0.70250012743365,"2","T"
"JG5",20,10,5,0.810958093333293,"2","T"
"JG5",20,10,6,0.475291715516232,"2","T"
"JG5",20,10,7,0.402583329085545,"2","T"
"JG5",20,22,0,3.13341030288705,"2","T"
"JG5",20,22,1,4.27932366618722,"2","T"
"JG5",20,22,2,2.07448545024151,"2","T"
"JG5",20,22,3,1.5993939436982,"2","T"
"JG5",20,22,4,2.45316039509611,"2","T"
"JG5",20,22,5,2.13684067852608,"2","T"
"JG5",20,22,6,1.10618303028066,"2","T"
"JG5",20,22,7,0.841706328741806,"2","T"
"JG5",20,28,0,4.42591581742399,"2","T"
"JG5",20,28,1,6.35144789492203,"2","T"
"JG5",20,28,2,3.14218859769782,"2","T"
"JG5",20,28,3,2.35856154752635,"2","T"
"JG5",20,28,4,3.67629923582958,"2","T"
"JG5",20,28,5,3.29903180747261,"2","T"
"JG5",20,28,6,1.51828133917168,"2","T"
"JG5",20,28,7,1.07471058299818,"2","T"
"JG5",20,34,0,6.17801003219412,"2","T"
"JG5",20,34,1,8.26966390172146,"2","T"
"JG5",20,34,2,4.3994476969469,"2","T"
"JG5",20,34,3,3.37023790392309,"2","T"
"JG5",20,34,4,5.11504875861785,"2","T"
"JG5",20,34,5,4.80422032962792,"2","T"
"JG5",20,34,6,2.0032103291558,"2","T"
"JG5",20,34,7,1.31429077919405,"2","T"
"JG5",20,46,0,10.686861405366,"2","T"
"JG5",20,46,1,12.4372059046349,"2","T"
"JG5",20,46,2,7.52494099289077,"2","T"
"JG5",20,46,3,6.15614205253466,"2","T"
"JG5",20,46,4,8.68190874329478,"2","T"
"JG5",20,46,5,8.48991277935211,"2","T"
"JG5",20,46,6,3.4086678037204,"2","T"
"JG5",20,46,7,1.86499429248162,"2","T"
"JG5",20,52,0,13.5010234968818,"2","T"
"JG5",20,52,1,14.1441555575564,"2","T"
"JG5",20,52,2,9.31012327790734,"2","T"
"JG5",20,52,3,7.97794778139525,"2","T"
"JG5",20,52,4,10.9294420377115,"2","T"
"JG5",20,52,5,10.6844953557912,"2","T"
"JG5",20,52,6,4.48267122725303,"2","T"
"JG5",20,52,7,2.22504255482017,"2","T"
"JG5",20,58,0,16.8619413613258,"2","T"
"JG5",20,58,1,16.6279370336353,"2","T"
"JG5",20,58,2,11.3864798260677,"2","T"
"JG5",20,58,3,10.140404346099,"2","T"
"JG5",20,58,4,13.7473660999966,"2","T"
"JG5",20,58,5,13.2871829936634,"2","T"
"JG5",20,58,6,5.95199652242773,"2","T"
"JG5",20,58,7,2.79309298024174,"2","T"
"JG5",20,70,0,25.5103552116357,"2","T"
"JG5",20,70,1,23.4653973402356,"2","T"
"JG5",20,70,2,16.470635162545,"2","T"
"JG5",20,70,3,15.8761828789715,"2","T"
"JG5",20,70,4,21.1641791837239,"2","T"
"JG5",20,70,5,19.8893303666394,"2","T"
"JG5",20,70,6,9.95863719796001,"2","T"
"JG5",20,70,7,4.48609749591101,"2","T"
"JG5",20,76,0,30.8845004393074,"2","T"
"JG5",20,76,1,28.6943569857215,"2","T"
"JG5",20,76,2,19.5694006134264,"2","T"
"JG5",20,76,3,19.6244162576863,"2","T"
"JG5",20,76,4,25.9134404258064,"2","T"
"JG5",20,76,5,24.035742619882,"2","T"
"JG5",20,76,6,12.7525182281866,"2","T"
"JG5",20,76,7,5.64449944017306,"2","T"
"JG5",20,82,0,36.7585607923607,"2","T"
"JG5",20,82,1,33.7493488637148,"2","T"
"JG5",20,82,2,23.1195656960853,"2","T"
"JG5",20,82,3,24.0725631249916,"2","T"
"JG5",20,82,4,31.4530559378773,"2","T"
"JG5",20,82,5,28.9395828920185,"2","T"
"JG5",20,82,6,16.0725262069292,"2","T"
"JG5",20,82,7,7.05795035827652,"2","T"
"JG5",20,94,0,49.2387185720047,"2","T"
"JG5",20,94,1,45.2769733299078,"2","T"
"JG5",20,94,2,32.2984266174986,"2","T"
"JG5",20,94,3,36.032073778348,"2","T"
"JG5",20,94,4,44.2895466981948,"2","T"
"JG5",20,94,5,41.3538519722026,"2","T"
"JG5",20,94,6,24.9352308677851,"2","T"
"JG5",20,94,7,11.1398051403497,"2","T"
"JG5",20,100,0,55.6111681714852,"2","T"
"JG5",20,100,1,52.0369360402111,"2","T"
"JG5",20,100,2,38.15466615238,"2","T"
"JG5",20,100,3,43.7318544492443,"2","T"
"JG5",20,100,4,50.9548096072547,"2","T"
"JG5",20,100,5,48.6383059573976,"2","T"
"JG5",20,100,6,30.5504564056345,"2","T"
"JG5",20,100,7,14.0647360945526,"2","T"
"JG5",20,106,0,61.3081980972739,"2","T"
"JG5",20,106,1,58.7325880425648,"2","T"
"JG5",20,106,2,44.2716068490845,"2","T"
"JG5",20,106,3,51.2430668725179,"2","T"
"JG5",20,106,4,57.4365370422825,"2","T"
"JG5",20,106,5,55.6976626860242,"2","T"
"JG5",20,106,6,36.2746645818418,"2","T"
"JG5",20,106,7,17.6508320692986,"2","T"
"JG5",25,0,0,0,"2","T"
"JG5",25,0,1,0,"2","T"
"JG5",25,0,2,0,"2","T"
"JG5",25,0,3,0,"2","T"
"JG5",25,0,4,0,"2","T"
"JG5",25,0,5,0,"2","T"
"JG5",25,0,6,0,"2","T"
"JG5",25,0,7,0,"2","T"
"JG5",25,5,0,0.4325,"2","T"
"JG5",25,5,1,0.46,"2","T"
"JG5",25,5,2,0.8125,"2","T"
"JG5",25,5,3,0.715,"2","T"
"JG5",25,5,4,0.7925,"2","T"
"JG5",25,5,5,0.465,"2","T"
"JG5",25,5,6,0.285,"2","T"
"JG5",25,5,7,0.29,"2","T"
"JG5",25,11,0,1.04806270230426,"2","T"
"JG5",25,11,1,1.23687083483188,"2","T"
"JG5",25,11,2,2.66502866165529,"2","T"
"JG5",25,11,3,2.46802436161767,"2","T"
"JG5",25,11,4,2.46304962236538,"2","T"
"JG5",25,11,5,1.22237925508112,"2","T"
"JG5",25,11,6,0.685450017982601,"2","T"
"JG5",25,11,7,0.616729309028924,"2","T"
"JG5",25,23,0,3.57821594979635,"2","T"
"JG5",25,23,1,4.35334933899099,"2","T"
"JG5",25,23,2,8.76610987875884,"2","T"
"JG5",25,23,3,7.99558748257659,"2","T"
"JG5",25,23,4,7.92467903757391,"2","T"
"JG5",25,23,5,3.87504962609146,"2","T"
"JG5",25,23,6,1.9947116774113,"2","T"
"JG5",25,23,7,2.01281867084785,"2","T"
"JG5",25,29,0,5.93403117943906,"2","T"
"JG5",25,29,1,6.90966113278368,"2","T"
"JG5",25,29,2,13.430055131973,"2","T"
"JG5",25,29,3,12.0368460754641,"2","T"
"JG5",25,29,4,12.0929945865983,"2","T"
"JG5",25,29,5,6.03072517073548,"2","T"
"JG5",25,29,6,3.09638664217655,"2","T"
"JG5",25,29,7,3.47732509964528,"2","T"
"JG5",25,35,0,9.91017832562319,"2","T"
"JG5",25,35,1,8.81753646838201,"2","T"
"JG5",25,35,2,19.7777669828351,"2","T"
"JG5",25,35,3,17.3772399765734,"2","T"
"JG5",25,35,4,17.6151195869222,"2","T"
"JG5",25,35,5,9.16533292570833,"2","T"
"JG5",25,35,6,4.61812870996889,"2","T"
"JG5",25,35,7,5.59693261249886,"2","T"
"JG5",25,47,0,20.4999257048597,"2","T"
"JG5",25,47,1,14.7416034523405,"2","T"
"JG5",25,47,2,38.422330578907,"2","T"
"JG5",25,47,3,33.6410634876469,"2","T"
"JG5",25,47,4,34.5107492886885,"2","T"
"JG5",25,47,5,19.0977098004215,"2","T"
"JG5",25,47,6,9.91187602675307,"2","T"
"JG5",25,47,7,11.4840367072059,"2","T"
"JG5",25,53,0,24.6581334238073,"2","T"
"JG5",25,53,1,19.6003240972633,"2","T"
"JG5",25,53,2,49.5629086418501,"2","T"
"JG5",25,53,3,45.0250097787211,"2","T"
"JG5",25,53,4,46.5780870502625,"2","T"
"JG5",25,53,5,25.9646033925939,"2","T"
"JG5",25,53,6,14.3592000491822,"2","T"
"JG5",25,53,7,15.9659844784195,"2","T"
"JG5",25,59,0,30.3443068476185,"2","T"
"JG5",25,59,1,25.241978159155,"2","T"
"JG5",25,59,2,55.5352411518875,"2","T"
"JG5",25,59,3,53.8567166227152,"2","T"
"JG5",25,59,4,58.1475134755126,"2","T"
"JG5",25,59,5,32.8722940036791,"2","T"
"JG5",25,59,6,20.0369430650882,"2","T"
"JG5",25,59,7,21.4597760857839,"2","T"
"JG5",25,71,0,42.9133255657147,"2","T"
"JG5",25,71,1,35.734589463786,"2","T"
"JG5",25,71,2,67.5528107538594,"2","T"
"JG5",25,71,3,62.304623378101,"2","T"
"JG5",25,71,4,78.5296136621394,"2","T"
"JG5",25,71,5,47.4274202630559,"2","T"
"JG5",25,71,6,31.8099100182296,"2","T"
"JG5",25,71,7,31.5113126011721,"2","T"
"JG5",25,77,0,49.5121485864058,"2","T"
"JG5",25,77,1,42.0004065789735,"2","T"
"JG5",25,77,2,72.1576859842807,"2","T"
"JG5",25,77,3,70.0271300505005,"2","T"
"JG5",25,77,4,88.391277040274,"2","T"
"JG5",25,77,5,54.3129332198299,"2","T"
"JG5",25,77,6,38.5024908579897,"2","T"
"JG5",25,77,7,38.6010371432763,"2","T"
"JG5",25,83,0,55.6695708433891,"2","T"
"JG5",25,83,1,47.8749415955643,"2","T"
"JG5",25,83,2,77.2778209443171,"2","T"
"JG5",25,83,3,76.4188579481383,"2","T"
"JG5",25,83,4,97.521809911534,"2","T"
"JG5",25,83,5,61.0125176542022,"2","T"
"JG5",25,83,6,45.188655139545,"2","T"
"JG5",25,83,7,45.2212668089014,"2","T"
"JG5",25,95,0,66.8024012048863,"2","T"
"JG5",25,95,1,59.4494993365786,"2","T"
"JG5",25,95,2,87.2676957725515,"2","T"
"JG5",25,95,3,88.3946036888699,"2","T"
"JG5",25,95,4,114.582169951739,"2","T"
"JG5",25,95,5,73.0912268350152,"2","T"
"JG5",25,95,6,59.9633055013399,"2","T"
"JG5",25,95,7,58.1466200057723,"2","T"
"JG5",25,101,0,72.3984874321777,"2","T"
"JG5",25,101,1,65.2249327398497,"2","T"
"JG5",25,101,2,92.1840549975026,"2","T"
"JG5",25,101,3,93.9272940085031,"2","T"
"JG5",25,101,4,122.788779298682,"2","T"
"JG5",25,101,5,78.5731227992888,"2","T"
"JG5",25,101,6,67.4679003821008,"2","T"
"JG5",25,101,7,65.1179620528418,"2","T"
"JG5",25,107,0,79.6987321213588,"2","T"
"JG5",25,107,1,71.4123305224701,"2","T"
"JG5",25,107,2,96.5898850997201,"2","T"
"JG5",25,107,3,99.3031198752214,"2","T"
"JG5",25,107,4,130.833794682355,"2","T"
"JG5",25,107,5,84.2330378494905,"2","T"
"JG5",25,107,6,74.0620911959112,"2","T"
"JG5",25,107,7,71.3919835334405,"2","T"
"JG5",25.1,0,0,0,"3","B"
"JG5",25.1,0,1,0,"3","B"
"JG5",25.1,0,2,0,"3","B"
"JG5",25.1,0,3,0,"3","B"
"JG5",25.1,0,4,0,"3","B"
"JG5",25.1,0,5,0,"3","B"
"JG5",25.1,0,6,0,"3","B"
"JG5",25.1,0,7,0,"3","B"
"JG5",25.1,4,0,0.384,"3","B"
"JG5",25.1,4,1,0.454,"3","B"
"JG5",25.1,4,2,0.33,"3","B"
"JG5",25.1,4,3,0.304,"3","B"
"JG5",25.1,4,4,0.232,"3","B"
"JG5",25.1,4,5,0.48,"3","B"
"JG5",25.1,4,6,0.394,"3","B"
"JG5",25.1,4,7,0.854,"3","B"
"JG5",25.1,10,0,1.10508345651919,"3","B"
"JG5",25.1,10,1,1.33437496814159,"3","B"
"JG5",25.1,10,2,0.872875044601777,"3","B"
"JG5",25.1,10,3,0.790416772861375,"3","B"
"JG5",25.1,10,4,0.596416721887915,"3","B"
"JG5",25.1,10,5,1.15475000424814,"3","B"
"JG5",25.1,10,6,1.05162523575225,"3","B"
"JG5",25.1,10,7,2.28520876873164,"3","B"
"JG5",25.1,22,0,3.86489479533615,"3","B"
"JG5",25.1,22,1,4.04076304056084,"3","B"
"JG5",25.1,22,2,2.49622893046651,"3","B"
"JG5",25.1,22,3,2.36555901737734,"3","B"
"JG5",25.1,22,4,1.72393336219233,"3","B"
"JG5",25.1,22,5,3.91820711346009,"3","B"
"JG5",25.1,22,6,3.40543275881645,"3","B"
"JG5",25.1,22,7,7.6388074798074,"3","B"
"JG5",25.1,28,0,6.25650623319847,"3","B"
"JG5",25.1,28,1,6.14093129969621,"3","B"
"JG5",25.1,28,2,3.73910947416748,"3","B"
"JG5",25.1,28,3,3.61646113844021,"3","B"
"JG5",25.1,28,4,2.67439657963156,"3","B"
"JG5",25.1,28,5,6.25627527598412,"3","B"
"JG5",25.1,28,6,5.20912751192341,"3","B"
"JG5",25.1,28,7,12.0083485977871,"3","B"
"JG5",25.1,34,0,10.0360132632652,"3","B"
"JG5",25.1,34,1,9.21872616228824,"3","B"
"JG5",25.1,34,2,5.4151921270962,"3","B"
"JG5",25.1,34,3,5.58730243188339,"3","B"
"JG5",25.1,34,4,4.31446339331993,"3","B"
"JG5",25.1,34,5,9.59315186178277,"3","B"
"JG5",25.1,34,6,7.92902661844565,"3","B"
"JG5",25.1,34,7,18.1449557361598,"3","B"
"JG5",25.1,46,0,21.7590714088306,"3","B"
"JG5",25.1,46,1,19.2600725669076,"3","B"
"JG5",25.1,46,2,11.2469507950518,"3","B"
"JG5",25.1,46,3,13.2007138702962,"3","B"
"JG5",25.1,46,4,10.2465710445187,"3","B"
"JG5",25.1,46,5,19.357355681858,"3","B"
"JG5",25.1,46,6,17.0425225166254,"3","B"
"JG5",25.1,46,7,34.9450541506674,"3","B"
"JG5",25.1,52,0,29.1063280697796,"3","B"
"JG5",25.1,52,1,26.1803031539078,"3","B"
"JG5",25.1,52,2,16.1124442232223,"3","B"
"JG5",25.1,52,3,19.5447120425215,"3","B"
"JG5",25.1,52,4,15.3175523587518,"3","B"
"JG5",25.1,52,5,25.4202090773232,"3","B"
"JG5",25.1,52,6,23.7695744613006,"3","B"
"JG5",25.1,52,7,44.7079005702831,"3","B"
"JG5",25.1,58,0,36.2006422821344,"3","B"
"JG5",25.1,58,1,32.5249227055625,"3","B"
"JG5",25.1,58,2,22.1151089505307,"3","B"
"JG5",25.1,58,3,26.295669599111,"3","B"
"JG5",25.1,58,4,21.112724595148,"3","B"
"JG5",25.1,58,5,30.9902889261316,"3","B"
"JG5",25.1,58,6,30.9276561917855,"3","B"
"JG5",25.1,58,7,54.3892768296345,"3","B"
"JG5",25.1,70,0,50.3935612514562,"3","B"
"JG5",25.1,70,1,46.0735625839402,"3","B"
"JG5",25.1,70,2,36.1655234973567,"3","B"
"JG5",25.1,70,3,40.5421782059122,"3","B"
"JG5",25.1,70,4,31.1934197609794,"3","B"
"JG5",25.1,70,5,42.7426804456485,"3","B"
"JG5",25.1,70,6,48.1367581979474,"3","B"
"JG5",25.1,70,7,72.8569380537592,"3","B"
"JG5",25.1,76,0,57.4351320675623,"3","B"
"JG5",25.1,76,1,53.2734800604391,"3","B"
"JG5",25.1,76,2,43.9971068533337,"3","B"
"JG5",25.1,76,3,47.4327244299228,"3","B"
"JG5",25.1,76,4,37.756540114305,"3","B"
"JG5",25.1,76,5,49.7348008970475,"3","B"
"JG5",25.1,76,6,57.7188569264156,"3","B"
"JG5",25.1,76,7,81.9625036565232,"3","B"
"JG5",25.1,82,0,63.6263171657364,"3","B"
"JG5",25.1,82,1,60.2127837643196,"3","B"
"JG5",25.1,82,2,51.0974832996738,"3","B"
"JG5",25.1,82,3,53.8985261355152,"3","B"
"JG5",25.1,82,4,43.8703542383844,"3","B"
"JG5",25.1,82,5,56.4524985989778,"3","B"
"JG5",25.1,82,6,65.7269164874185,"3","B"
"JG5",25.1,82,7,91.8617578097361,"3","B"
"JG5",25.1,94,0,75.6987606234734,"3","B"
"JG5",25.1,94,1,74.0734055887101,"3","B"
"JG5",25.1,94,2,64.3156653957385,"3","B"
"JG5",25.1,94,3,66.4293436060361,"3","B"
"JG5",25.1,94,4,56.461806362797,"3","B"
"JG5",25.1,94,5,69.9971982956779,"3","B"
"JG5",25.1,94,6,82.1758250653362,"3","B"
"JG5",25.1,94,7,111.226013609633,"3","B"
"JG5",25.1,100,0,80.8139311745531,"3","B"
"JG5",25.1,100,1,80.7619802851374,"3","B"
"JG5",25.1,100,2,70.6835883462733,"3","B"
"JG5",25.1,100,3,72.1587439808761,"3","B"
"JG5",25.1,100,4,62.2514609294877,"3","B"
"JG5",25.1,100,5,76.2822320503999,"3","B"
"JG5",25.1,100,6,90.2116789319619,"3","B"
"JG5",25.1,100,7,121.311617248549,"3","B"
"JG5",25.1,106,0,86.8082910740041,"3","B"
"JG5",25.1,106,1,89.6201583345311,"3","B"
"JG5",25.1,106,2,76.4841769452315,"3","B"
"JG5",25.1,106,3,77.652761808885,"3","B"
"JG5",25.1,106,4,67.7088574390958,"3","B"
"JG5",25.1,106,5,83.0998426730374,"3","B"
"JG5",25.1,106,6,97.4474085019918,"3","B"
"JG5",25.1,106,7,131.235020540113,"3","B"
"JG5",25.2,0,0,0,"1","T"
"JG5",25.2,0,1,0,"1","T"
"JG5",25.2,0,2,0,"1","T"
"JG5",25.2,0,3,0,"1","T"
"JG5",25.2,0,4,0,"1","T"
"JG5",25.2,0,5,0,"1","T"
"JG5",25.2,0,6,0,"1","T"
"JG5",25.2,0,7,0,"1","T"
"JG5",25.2,2,0,0.083,"1","T"
"JG5",25.2,2,1,0.124,"1","T"
"JG5",25.2,2,2,0.198,"1","T"
"JG5",25.2,2,3,0.139,"1","T"
"JG5",25.2,2,4,0.173,"1","T"
"JG5",25.2,2,5,0.155,"1","T"
"JG5",25.2,2,6,0.112,"1","T"
"JG5",25.2,2,7,0.16,"1","T"
"JG5",25.2,8,0,0.362833252666547,"1","T"
"JG5",25.2,8,1,0.505833384666743,"1","T"
"JG5",25.2,8,2,1.13049949399925,"1","T"
"JG5",25.2,8,3,0.508083351666694,"1","T"
"JG5",25.2,8,4,0.892749812999722,"1","T"
"JG5",25.2,8,5,0.810166791333519,"1","T"
"JG5",25.2,8,6,0.424333406666776,"1","T"
"JG5",25.2,8,7,0.690249966999951,"1","T"
"JG5",25.2,20,0,0.937518492640559,"1","T"
"JG5",25.2,20,1,1.5631851997483,"1","T"
"JG5",25.2,20,2,3.76996280033244,"1","T"
"JG5",25.2,20,3,1.27531521611988,"1","T"
"JG5",25.2,20,4,3.01627771703495,"1","T"
"JG5",25.2,20,5,3.58340631034506,"1","T"
"JG5",25.2,20,6,1.2953703912135,"1","T"
"JG5",25.2,20,7,2.18561109763075,"1","T"
"JG5",25.2,26,0,1.32282833749803,"1","T"
"JG5",25.2,26,1,2.30942063341169,"1","T"
"JG5",25.2,26,2,6.07363744128285,"1","T"
"JG5",25.2,26,3,1.79846912720934,"1","T"
"JG5",25.2,26,4,4.68247594305587,"1","T"
"JG5",25.2,26,5,5.85545616054848,"1","T"
"JG5",25.2,26,6,1.9350420934535,"1","T"
"JG5",25.2,26,7,3.38338943484244,"1","T"
"JG5",25.2,32,0,1.79470584933472,"1","T"
"JG5",25.2,32,1,3.32877398010192,"1","T"
"JG5",25.2,32,2,9.22345229690571,"1","T"
"JG5",25.2,32,3,2.47320287483463,"1","T"
"JG5",25.2,32,4,6.89241833109681,"1","T"
"JG5",25.2,32,5,8.93783562343189,"1","T"
"JG5",25.2,32,6,2.79118733928783,"1","T"
"JG5",25.2,32,7,5.02667932205741,"1","T"
"JG5",25.2,44,0,3.44412970695348,"1","T"
"JG5",25.2,44,1,6.8843969641832,"1","T"
"JG5",25.2,44,2,19.8028469987043,"1","T"
"JG5",25.2,44,3,4.76803770404689,"1","T"
"JG5",25.2,44,4,14.5586901134973,"1","T"
"JG5",25.2,44,5,19.0911467620191,"1","T"
"JG5",25.2,44,6,6.00913701482073,"1","T"
"JG5",25.2,44,7,10.6561528714274,"1","T"
"JG5",25.2,50,0,4.95533864243753,"1","T"
"JG5",25.2,50,1,9.7799969840413,"1","T"
"JG5",25.2,50,2,27.0805362610026,"1","T"
"JG5",25.2,50,3,7.13348957914867,"1","T"
"JG5",25.2,50,4,20.2418824266685,"1","T"
"JG5",25.2,50,5,26.4990480702833,"1","T"
"JG5",25.2,50,6,8.95968608649954,"1","T"
"JG5",25.2,50,7,15.3459537058504,"1","T"
"JG5",25.2,56,0,7.64687872050776,"1","T"
"JG5",25.2,56,1,13.0332207947533,"1","T"
"JG5",25.2,56,2,31.6330954078485,"1","T"
"JG5",25.2,56,3,11.2937819854139,"1","T"
"JG5",25.2,56,4,20.2418824266685,"1","T"
"JG5",25.2,56,5,33.3223151797615,"1","T"
"JG5",25.2,56,6,12.6540101617677,"1","T"
"JG5",25.2,56,7,20.7327288439882,"1","T"
"JG5",25.2,68,0,16.1596004087387,"1","T"
"JG5",25.2,68,1,20.0582522255993,"1","T"
"JG5",25.2,68,2,40.3548059884034,"1","T"
"JG5",25.2,68,3,18.5925007198193,"1","T"
"JG5",25.2,68,4,31.7731602331795,"1","T"
"JG5",25.2,68,5,45.3382164082235,"1","T"
"JG5",25.2,68,6,19.4668584181713,"1","T"
"JG5",25.2,68,7,31.2724984277931,"1","T"
"JG5",25.2,74,0,21.1476569269155,"1","T"
"JG5",25.2,74,1,24.0333443010908,"1","T"
"JG5",25.2,74,2,43.5912610387771,"1","T"
"JG5",25.2,74,3,23.857680885454,"1","T"
"JG5",25.2,74,4,36.0107587466903,"1","T"
"JG5",25.2,74,5,49.327589001208,"1","T"
"JG5",25.2,74,6,23.9071867570332,"1","T"
"JG5",25.2,74,7,36.0099128012012,"1","T"
"JG5",25.2,80,0,25.8977240243861,"1","T"
"JG5",25.2,80,1,27.8141865823634,"1","T"
"JG5",25.2,80,2,47.1564278468795,"1","T"
"JG5",25.2,80,3,28.1455087792569,"1","T"
"JG5",25.2,80,4,36.0107587466903,"1","T"
"JG5",25.2,80,5,54.1581975215212,"1","T"
"JG5",25.2,80,6,28.0415340742223,"1","T"
"JG5",25.2,80,7,40.7748227935608,"1","T"
"JG5",25.2,92,0,36.4317849172148,"1","T"
"JG5",25.2,92,1,35.8089032822132,"1","T"
"JG5",25.2,92,2,54.736654496215,"1","T"
"JG5",25.2,92,3,36.3426583932358,"1","T"
"JG5",25.2,92,4,36.0107587466903,"1","T"
"JG5",25.2,92,5,63.7273122788337,"1","T"
"JG5",25.2,92,6,36.4145934363346,"1","T"
"JG5",25.2,92,7,50.5179499459713,"1","T"
"JG5",25.2,98,0,41.2576915744851,"1","T"
"JG5",25.2,98,1,39.3605833901792,"1","T"
"JG5",25.2,98,2,58.6535209358054,"1","T"
"JG5",25.2,98,3,40.0536774376944,"1","T"
"JG5",25.2,98,4,52.5536492083539,"1","T"
"JG5",25.2,98,5,68.4856116825809,"1","T"
"JG5",25.2,98,6,40.350055341478,"1","T"
"JG5",25.2,98,7,56.6369132532401,"1","T"
"JG5",25.2,104,0,45.7594952991273,"1","T"
"JG5",25.2,104,1,43.0783338451236,"1","T"
"JG5",25.2,104,2,62.1786033395581,"1","T"
"JG5",25.2,104,3,43.9424271973957,"1","T"
"JG5",25.2,104,4,52.5536492083539,"1","T"
"JG5",25.2,104,5,72.7548330711872,"1","T"
"JG5",25.2,104,6,44.71481368371,"1","T"
"JG5",25.2,104,7,64.8274346768779,"1","T"
"JG5",25.2,127,0,64.0176527918663,"1","T"
"JG5",25.2,127,1,63.6654519907712,"1","T"
"JG5",25.2,127,2,80.1417217091081,"1","T"
"JG5",25.2,127,3,66.6370776211561,"1","T"
"JG5",25.2,127,4,82.2846707993294,"1","T"
"JG5",25.2,127,5,93.3714937449965,"1","T"
"JG5",25.2,127,6,65.9335458438304,"1","T"
"JG5",25.2,127,7,95.809165476919,"1","T"
"JG5",25.2,151,0,92.411187052764,"1","T"
"JG5",25.2,151,1,93.3361209763806,"1","T"
"JG5",25.2,151,2,110.263651414958,"1","T"
"JG5",25.2,151,3,102.536606557774,"1","T"
"JG5",25.2,151,4,117.423554349989,"1","T"
"JG5",25.2,151,5,128.197456870619,"1","T"
"JG5",25.2,151,6,104.271023336297,"1","T"
"JG5",25.2,151,7,139.637737138465,"1","T"
"JG5",25.2,164,0,112.256926686826,"1","T"
"JG5",25.2,164,1,111.290462258846,"1","T"
"JG5",25.2,164,2,131.649303782316,"1","T"
"JG5",25.2,164,3,124.378856615348,"1","T"
"JG5",25.2,164,4,117.423554349989,"1","T"
"JG5",25.2,164,5,151.54211763732,"1","T"
"JG5",25.2,164,6,127.646508910088,"1","T"
"JG5",25.2,164,7,164.527023164082,"1","T"
"JG5",25.3,0,0,0,"4","M"
"JG5",25.3,0,1,0,"4","M"
"JG5",25.3,0,2,0,"4","M"
"JG5",25.3,0,3,0,"4","M"
"JG5",25.3,0,4,0,"4","M"
"JG5",25.3,0,5,0,"4","M"
"JG5",25.3,0,6,0,"4","M"
"JG5",25.3,0,7,0,"4","M"
"JG5",25.3,4,0,0.222,"4","M"
"JG5",25.3,4,1,0.212,"4","M"
"JG5",25.3,4,2,0.214,"4","M"
"JG5",25.3,4,3,0.338,"4","M"
"JG5",25.3,4,4,0.216,"4","M"
"JG5",25.3,4,5,0.21,"4","M"
"JG5",25.3,4,6,0.324,"4","M"
"JG5",25.3,4,7,0.228,"4","M"
"JG5",25.3,10,0,0.527291868436612,"4","M"
"JG5",25.3,10,1,0.697083339043199,"4","M"
"JG5",25.3,10,2,0.498208360943957,"4","M"
"JG5",25.3,10,3,1.20545837368732,"4","M"
"JG5",25.3,10,4,0.53366673463128,"4","M"
"JG5",25.3,10,5,1.09437501062035,"4","M"
"JG5",25.3,10,6,0.641916951268484,"4","M"
"JG5",25.3,10,7,0.49983334182891,"4","M"
"JG5",25.3,22,0,1.56758331176818,"4","M"
"JG5",25.3,22,1,3.82267031138398,"4","M"
"JG5",25.3,22,2,1.18670531682361,"4","M"
"JG5",25.3,22,3,4.86468325210184,"4","M"
"JG5",25.3,22,4,1.5532916474218,"4","M"
"JG5",25.3,22,5,5.51384780304225,"4","M"
"JG5",25.3,22,6,1.69201459557393,"4","M"
"JG5",25.3,22,7,0.993270501173216,"4","M"
"JG5",25.3,28,0,2.27072683113919,"4","M"
"JG5",25.3,28,1,6.19077859931952,"4","M"
"JG5",25.3,28,2,1.74951969287224,"4","M"
"JG5",25.3,28,3,7.89677637907649,"4","M"
"JG5",25.3,28,4,2.42676795378657,"4","M"
"JG5",25.3,28,5,7.5801853635556,"4","M"
"JG5",25.3,28,6,2.62113791970931,"4","M"
"JG5",25.3,28,7,1.46486829062306,"4","M"
"JG5",25.3,34,0,3.35903232740657,"4","M"
"JG5",25.3,34,1,8.2601240259178,"4","M"
"JG5",25.3,34,2,2.85634547191165,"4","M"
"JG5",25.3,34,3,11.1337217492093,"4","M"
"JG5",25.3,34,4,3.79587565225887,"4","M"
"JG5",25.3,34,5,10.4031936788706,"4","M"
"JG5",25.3,34,6,4.53253740799315,"4","M"
"JG5",25.3,34,7,2.60571584501428,"4","M"
"JG5",25.3,46,0,6.91991873651313,"4","M"
"JG5",25.3,46,1,13.5073919998748,"4","M"
"JG5",25.3,46,2,6.76107502721889,"4","M"
"JG5",25.3,46,3,19.4582701535719,"4","M"
"JG5",25.3,46,4,8.1829298876663,"4","M"
"JG5",25.3,46,5,18.1965249278862,"4","M"
"JG5",25.3,46,6,11.2210745050263,"4","M"
"JG5",25.3,46,7,6.14951260851489,"4","M"
"JG5",25.3,52,0,9.60725599913107,"4","M"
"JG5",25.3,52,1,17.1765392830096,"4","M"
"JG5",25.3,52,2,9.44950726871376,"4","M"
"JG5",25.3,52,3,25.5061296602556,"4","M"
"JG5",25.3,52,4,11.5706595860102,"4","M"
"JG5",25.3,52,5,23.6427694728138,"4","M"
"JG5",25.3,52,6,16.1308794096635,"4","M"
"JG5",25.3,52,7,9.11928333961638,"4","M"
"JG5",25.3,58,0,13.3581300117116,"4","M"
"JG5",25.3,58,1,22.4457519320048,"4","M"
"JG5",25.3,58,2,13.147488811614,"4","M"
"JG5",25.3,58,3,31.775321533889,"4","M"
"JG5",25.3,58,4,16.3541692623975,"4","M"
"JG5",25.3,58,5,30.88187414345,"4","M"
"JG5",25.3,58,6,21.9365925454771,"4","M"
"JG5",25.3,58,7,13.4088287100508,"4","M"
"JG5",25.3,70,0,23.5229599659333,"4","M"
"JG5",25.3,70,1,35.5122889710691,"4","M"
"JG5",25.3,70,2,22.6332523402121,"4","M"
"JG5",25.3,70,3,44.2910269630589,"4","M"
"JG5",25.3,70,4,28.9227732838351,"4","M"
"JG5",25.3,70,5,46.9628965916937,"4","M"
"JG5",25.3,70,6,34.016662242219,"4","M"
"JG5",25.3,70,7,26.5377521812591,"4","M"
"JG5",25.3,76,0,29.6739959451796,"4","M"
"JG5",25.3,76,1,41.2355393712505,"4","M"
"JG5",25.3,76,2,27.4007932539762,"4","M"
"JG5",25.3,76,3,49.3525314776501,"4","M"
"JG5",25.3,76,4,35.5134510996527,"4","M"
"JG5",25.3,76,5,52.9626804694716,"4","M"
"JG5",25.3,76,6,39.9615829814271,"4","M"
"JG5",25.3,76,7,33.5992474792221,"4","M"
"JG5",25.3,82,0,35.9504893143327,"4","M"
"JG5",25.3,82,1,47.1881360344509,"4","M"
"JG5",25.3,82,2,31.8608341409814,"4","M"
"JG5",25.3,82,3,54.4589258045128,"4","M"
"JG5",25.3,82,4,41.6400274424088,"4","M"
"JG5",25.3,82,5,59.195855646437,"4","M"
"JG5",25.3,82,6,49.1309056364293,"4","M"
"JG5",25.3,82,7,40.506207947913,"4","M"
"JG5",25.3,94,0,49.5377533422619,"4","M"
"JG5",25.3,94,1,59.3313072887637,"4","M"
"JG5",25.3,94,2,40.6886688407655,"4","M"
"JG5",25.3,94,3,64.9728146178529,"4","M"
"JG5",25.3,94,4,53.5757135653604,"4","M"
"JG5",25.3,94,5,72.4217576637116,"4","M"
"JG5",25.3,94,6,61.2493009286212,"4","M"
"JG5",25.3,94,7,56.0075460767456,"4","M"
"JG5",25.3,100,0,56.1121909505717,"4","M"
"JG5",25.3,100,1,65.537876529702,"4","M"
"JG5",25.3,100,2,45.3050608108819,"4","M"
"JG5",25.3,100,3,69.8059819915913,"4","M"
"JG5",25.3,100,4,59.1893062699354,"4","M"
"JG5",25.3,100,5,79.1999307245737,"4","M"
"JG5",25.3,100,6,68.5120461530159,"4","M"
"JG5",25.3,100,7,63.7378978291424,"4","M"
"JG5",25.3,106,0,62.5364245815476,"4","M"
"JG5",25.3,106,1,71.5259192391526,"4","M"
"JG5",25.3,106,2,49.9539113343327,"4","M"
"JG5",25.3,106,3,74.969722639253,"4","M"
"JG5",25.3,106,4,64.9150539367415,"4","M"
"JG5",25.3,106,5,85.8521256913933,"4","M"
"JG5",25.3,106,6,75.5970080397147,"4","M"
"JG5",25.3,106,7,70.9180276938775,"4","M"
"JG5",28,0,0,0,"3","M"
"JG5",28,0,1,0,"3","M"
"JG5",28,0,2,0,"3","M"
"JG5",28,0,3,0,"3","M"
"JG5",28,0,4,0,"3","M"
"JG5",28,0,5,0,"3","M"
"JG5",28,0,6,0,"3","M"
"JG5",28,0,7,0,"3","M"
"JG5",28,4,0,0.454,"3","M"
"JG5",28,4,1,0.586,"3","M"
"JG5",28,4,2,0.474,"3","M"
"JG5",28,4,3,0.354,"3","M"
"JG5",28,4,4,0.334,"3","M"
"JG5",28,4,5,0.572,"3","M"
"JG5",28,4,6,0.354,"3","M"
"JG5",28,4,7,0.54,"3","M"
"JG5",28,10,0,1.26845847563424,"3","M"
"JG5",28,10,1,1.94295850112097,"3","M"
"JG5",28,10,2,1.53145832271386,"3","M"
"JG5",28,10,3,0.890125312212442,"3","M"
"JG5",28,10,4,0.997541728259597,"3","M"
"JG5",28,10,5,1.80116660719763,"3","M"
"JG5",28,10,6,0.827708641297987,"3","M"
"JG5",28,10,7,1.36625031858412,"3","M"
"JG5",28,22,0,4.22332894817223,"3","M"
"JG5",28,22,1,7.50892185436945,"3","M"
"JG5",28,22,2,5.53740184694392,"3","M"
"JG5",28,22,3,3.023971819327,"3","M"
"JG5",28,22,4,4.01072580135136,"3","M"
"JG5",28,22,5,6.12589328096833,"3","M"
"JG5",28,22,6,2.63494405648091,"3","M"
"JG5",28,22,7,4.29286020923309,"3","M"
"JG5",28,28,0,6.70621448535401,"3","M"
"JG5",28,28,1,12.2901555855561,"3","M"
"JG5",28,28,2,9.02979193072,"3","M"
"JG5",28,28,3,4.73551546724885,"3","M"
"JG5",28,28,4,6.93698117111395,"3","M"
"JG5",28,28,5,9.84105743984294,"3","M"
"JG5",28,28,6,4.08005792089305,"3","M"
"JG5",28,28,7,6.63393745986487,"3","M"
"JG5",28,34,0,10.6422252389017,"3","M"
"JG5",28,34,1,19.3416560098621,"3","M"
"JG5",28,34,2,14.3364378260708,"3","M"
"JG5",28,34,3,7.54854384000244,"3","M"
"JG5",28,34,4,11.086482840489,"3","M"
"JG5",28,34,5,15.812558230747,"3","M"
"JG5",28,34,6,6.34675080586417,"3","M"
"JG5",28,34,7,10.6720014592231,"3","M"
"JG5",28,46,0,22.7905015381874,"3","M"
"JG5",28,46,1,35.5884399751941,"3","M"
"JG5",28,46,2,28.3499431251202,"3","M"
"JG5",28,46,3,17.3464233471227,"3","M"
"JG5",28,46,4,22.5297437167555,"3","M"
"JG5",28,46,5,32.2594220672834,"3","M"
"JG5",28,46,6,14.9641328277963,"3","M"
"JG5",28,46,7,23.8166887651457,"3","M"
"JG5",28,52,0,30.1514511331363,"3","M"
"JG5",28,52,1,42.6884170596387,"3","M"
"JG5",28,52,2,35.3210486197235,"3","M"
"JG5",28,52,3,24.1845089858394,"3","M"
"JG5",28,52,4,28.594464681163,"3","M"
"JG5",28,52,5,40.4860742669689,"3","M"
"JG5",28,52,6,21.7863159084869,"3","M"
"JG5",28,52,7,31.5806132392567,"3","M"
"JG5",28,58,0,37.6460236316523,"3","M"
"JG5",28,58,1,50.1448259953105,"3","M"
"JG5",28,58,2,42.5194691114431,"3","M"
"JG5",28,58,3,31.0555008767342,"3","M"
"JG5",28,58,4,34.9329456640843,"3","M"
"JG5",28,58,5,48.4010379972054,"3","M"
"JG5",28,58,6,28.9216739273766,"3","M"
"JG5",28,58,7,39.9232900724884,"3","M"
"JG5",28,70,0,53.3891430297299,"3","M"
"JG5",28,70,1,65.73962462439,"3","M"
"JG5",28,70,2,57.7940006642467,"3","M"
"JG5",28,70,3,45.3730945538046,"3","M"
"JG5",28,70,4,47.7825870678403,"3","M"
"JG5",28,70,5,63.5832987579576,"3","M"
"JG5",28,70,6,45.1608864916208,"3","M"
"JG5",28,70,7,57.0231963054293,"3","M"
"JG5",28,76,0,61.4843776228103,"3","M"
"JG5",28,76,1,72.7001773912721,"3","M"
"JG5",28,76,2,65.1802245668203,"3","M"
"JG5",28,76,3,52.8522358763017,"3","M"
"JG5",28,76,4,53.7652665713417,"3","M"
"JG5",28,76,5,71.1138188831138,"3","M"
"JG5",28,76,6,54.1086334043389,"3","M"
"JG5",28,76,7,64.979291770919,"3","M"
"JG5",28,82,0,69.3790155617386,"3","M"
"JG5",28,82,1,79.3800197786734,"3","M"
"JG5",28,82,2,72.5417432281612,"3","M"
"JG5",28,82,3,60.5257606503325,"3","M"
"JG5",28,82,4,59.5238481776858,"3","M"
"JG5",28,82,5,78.5366854511413,"3","M"
"JG5",28,82,6,62.4142064159274,"3","M"
"JG5",28,82,7,73.2797658600035,"3","M"
"JG5",28,94,0,86.2725718304246,"3","M"
"JG5",28,94,1,91.5169953537218,"3","M"
"JG5",28,94,2,88.5406098366687,"3","M"
"JG5",28,94,3,74.6620206674199,"3","M"
"JG5",28,94,4,70.7165739779438,"3","M"
"JG5",28,94,5,93.7801975321865,"3","M"
"JG5",28,94,6,75.3882516951194,"3","M"
"JG5",28,94,7,90.9145458226719,"3","M"
"JG5",28,100,0,95.4144950757426,"3","M"
"JG5",28,100,1,99.3029402082959,"3","M"
"JG5",28,100,2,95.9115604906959,"3","M"
"JG5",28,100,3,83.4133895141216,"3","M"
"JG5",28,100,4,76.6279394928815,"3","M"
"JG5",28,100,5,101.975590106373,"3","M"
"JG5",28,100,6,82.8899488350906,"3","M"
"JG5",28,100,7,99.5189702411858,"3","M"
"JG5",28,106,0,105.850877006017,"3","M"
"JG5",28,106,1,107.238934817227,"3","M"
"JG5",28,106,2,104.48176988795,"3","M"
"JG5",28,106,3,93.8737764880044,"3","M"
"JG5",28,106,4,84.0428468741575,"3","M"
"JG5",28,106,5,110.022212593244,"3","M"
"JG5",28,106,6,93.3309099969431,"3","M"
"JG5",28,106,7,108.334046302401,"3","M"
"JG5",30,0,0,0,"2","B"
"JG5",30,0,1,0,"2","B"
"JG5",30,0,2,0,"2","B"
"JG5",30,0,3,0,"2","B"
"JG5",30,0,4,0,"2","B"
"JG5",30,0,5,0,"2","B"
"JG5",30,0,6,0,"2","B"
"JG5",30,0,7,0,"2","B"
"JG5",30,4,0,0.262,"2","B"
"JG5",30,4,1,0.346,"2","B"
"JG5",30,4,2,0.248,"2","B"
"JG5",30,4,3,0.29,"2","B"
"JG5",30,4,4,0.226,"2","B"
"JG5",30,4,5,0.264,"2","B"
"JG5",30,4,6,0.282,"2","B"
"JG5",30,4,7,0.32,"2","B"
"JG5",30,10,0,0.689791741002962,"2","B"
"JG5",30,10,1,1.29220841191742,"2","B"
"JG5",30,10,2,0.953666989498579,"2","B"
"JG5",30,10,3,0.842124955398223,"2","B"
"JG5",30,10,4,0.727958501120972,"2","B"
"JG5",30,10,5,0.977250267610664,"2","B"
"JG5",30,10,6,0.857458271740403,"2","B"
"JG5",30,10,7,0.921166352330331,"2","B"
"JG5",30,22,0,3.74433516416163,"2","B"
"JG5",30,22,1,4.90931693625951,"2","B"
"JG5",30,22,2,4.64694733047503,"2","B"
"JG5",30,22,3,3.51639658672817,"2","B"
"JG5",30,22,4,3.63000006154095,"2","B"
"JG5",30,22,5,4.18480741826645,"2","B"
"JG5",30,22,6,4.59060006482246,"2","B"
"JG5",30,22,7,3.47723106680298,"2","B"
"JG5",30,28,0,7.4441553498837,"2","B"
"JG5",30,28,1,7.56928811377465,"2","B"
"JG5",30,28,2,7.74017997968529,"2","B"
"JG5",30,28,3,6.51091367626376,"2","B"
"JG5",30,28,4,6.57016963565987,"2","B"
"JG5",30,28,5,6.59401988724682,"2","B"
"JG5",30,28,6,9.0520404995367,"2","B"
"JG5",30,28,7,6.51712659732364,"2","B"
"JG5",30,34,0,12.481500780227,"2","B"
"JG5",30,34,1,11.1966040836656,"2","B"
"JG5",30,34,2,12.4241646244324,"2","B"
"JG5",30,34,3,10.6145752520625,"2","B"
"JG5",30,34,4,10.819740358215,"2","B"
"JG5",30,34,5,10.142575677766,"2","B"
"JG5",30,34,6,14.3628988896049,"2","B"
"JG5",30,34,7,10.3946300150953,"2","B"
"JG5",30,46,0,26.7063811759145,"2","B"
"JG5",30,46,1,21.7478983651209,"2","B"
"JG5",30,46,2,22.0885967451039,"2","B"
"JG5",30,46,3,20.8403600720463,"2","B"
"JG5",30,46,4,21.8873403272898,"2","B"
"JG5",30,46,5,19.583152991345,"2","B"
"JG5",30,46,6,26.1027102341435,"2","B"
"JG5",30,46,7,21.3727207354008,"2","B"
"JG5",30,52,0,34.4872090217371,"2","B"
"JG5",30,52,1,28.1418622048133,"2","B"
"JG5",30,52,2,24.2027932094379,"2","B"
"JG5",30,52,3,27.3859089679544,"2","B"
"JG5",30,52,4,27.737720771153,"2","B"
"JG5",30,52,5,24.2974627212499,"2","B"
"JG5",30,52,6,32.1227998488139,"2","B"
"JG5",30,52,7,27.471904657042,"2","B"
"JG5",30,58,0,43.3490785635795,"2","B"
"JG5",30,58,1,35.029448258941,"2","B"
"JG5",30,58,2,29.1647211855358,"2","B"
"JG5",30,58,3,34.5504667886123,"2","B"
"JG5",30,58,4,34.021799203546,"2","B"
"JG5",30,58,5,30.7350374470084,"2","B"
"JG5",30,58,6,38.5927256502227,"2","B"
"JG5",30,58,7,35.1400331730888,"2","B"
"JG5",30,70,0,61.3121346870873,"2","B"
"JG5",30,70,1,50.7065980146388,"2","B"
"JG5",30,70,2,40.0758434048642,"2","B"
"JG5",30,70,3,44.6345615496091,"2","B"
"JG5",30,70,4,47.1371786474473,"2","B"
"JG5",30,70,5,44.2879999188418,"2","B"
"JG5",30,70,6,52.1747551180429,"2","B"
"JG5",30,70,7,50.851125683814,"2","B"
"JG5",30,76,0,68.6499366404305,"2","B"
"JG5",30,76,1,58.2277831528972,"2","B"
"JG5",30,76,2,45.2486760583891,"2","B"
"JG5",30,76,3,50.8261129669184,"2","B"
"JG5",30,76,4,53.295905531633,"2","B"
"JG5",30,76,5,50.6597172524545,"2","B"
"JG5",30,76,6,58.7660384520431,"2","B"
"JG5",30,76,7,57.5490403444613,"2","B"
"JG5",30,82,0,76.015263933238,"2","B"
"JG5",30,82,1,63.656070715028,"2","B"
"JG5",30,82,2,50.3654484202193,"2","B"
"JG5",30,82,3,56.3467324868309,"2","B"
"JG5",30,82,4,58.2442142963,"2","B"
"JG5",30,82,5,56.5505494096601,"2","B"
"JG5",30,82,6,64.4709058470802,"2","B"
"JG5",30,82,7,63.8475995009704,"2","B"
"JG5",30,94,0,92.589510131873,"2","B"
"JG5",30,94,1,71.6802470270268,"2","B"
"JG5",30,94,2,59.1021875691029,"2","B"
"JG5",30,94,3,66.9817176909599,"2","B"
"JG5",30,94,4,63.6350851241967,"2","B"
"JG5",30,94,5,67.5125592882399,"2","B"
"JG5",30,94,6,72.9587632925607,"2","B"
"JG5",30,94,7,73.8215614189293,"2","B"
"JG5",30,100,0,103.790070414757,"2","B"
"JG5",30,100,1,75.614321337438,"2","B"
"JG5",30,100,2,62.5073763572951,"2","B"
"JG5",30,100,3,73.0640814125073,"2","B"
"JG5",30,100,4,66.0988724367779,"2","B"
"JG5",30,100,5,73.6175572460075,"2","B"
"JG5",30,100,6,75.4433735735415,"2","B"
"JG5",30,100,7,78.5377456565993,"2","B"
"JG5",30,106,0,114.104936984748,"2","B"
"JG5",30,106,1,79.2919968503541,"2","B"
"JG5",30,106,2,66.8823041559199,"2","B"
"JG5",30,106,3,80.6084991068237,"2","B"
"JG5",30,106,4,68.232492020062,"2","B"
"JG5",30,106,5,79.7780052017018,"2","B"
"JG5",30,106,6,78.7503162801856,"2","B"
"JG5",30,106,7,82.4300359135694,"2","B"
"JG5",32,0,0,0,"3","T"
"JG5",32,0,1,0,"3","T"
"JG5",32,0,2,0,"3","T"
"JG5",32,0,3,0,"3","T"
"JG5",32,0,4,0,"3","T"
"JG5",32,0,5,0,"3","T"
"JG5",32,0,6,0,"3","T"
"JG5",32,0,7,0,"3","T"
"JG5",32,4,0,0.388,"3","T"
"JG5",32,4,1,0.282,"3","T"
"JG5",32,4,2,0.424,"3","T"
"JG5",32,4,3,0.686,"3","T"
"JG5",32,4,4,0.718,"3","T"
"JG5",32,4,5,0.376,"3","T"
"JG5",32,4,6,1.178,"3","T"
"JG5",32,4,7,0.624,"3","T"
"JG5",32,10,0,1.11891684932156,"3","T"
"JG5",32,10,1,0.944958399174052,"3","T"
"JG5",32,10,2,1.2950002548673,"3","T"
"JG5",32,10,3,2.13654228896766,"3","T"
"JG5",32,10,4,2.12445842466078,"3","T"
"JG5",32,10,5,1.15275024212393,"3","T"
"JG5",32,10,6,3.43679291339254,"3","T"
"JG5",32,10,7,1.84958373687322,"3","T"
"JG5",32,22,0,4.05364455733178,"3","T"
"JG5",32,22,1,4.00834032972145,"3","T"
"JG5",32,22,2,6.10922184758587,"3","T"
"JG5",32,22,3,9.97918220134508,"3","T"
"JG5",32,22,4,7.43867655022915,"3","T"
"JG5",32,22,5,4.80834418365416,"3","T"
"JG5",32,22,6,15.1231860488056,"3","T"
"JG5",32,22,7,7.88172693471123,"3","T"
"JG5",32,28,0,6.66438774643387,"3","T"
"JG5",32,28,1,6.98614123030526,"3","T"
"JG5",32,28,2,11.0905058974729,"3","T"
"JG5",32,28,3,17.5220536395531,"3","T"
"JG5",32,28,4,12.0682123628026,"3","T"
"JG5",32,28,5,8.19036974198714,"3","T"
"JG5",32,28,6,25.7016600092642,"3","T"
"JG5",32,28,7,13.8434351467563,"3","T"
"JG5",32,34,0,10.6109374508558,"3","T"
"JG5",32,34,1,11.0918052464041,"3","T"
"JG5",32,34,2,17.8758979384422,"3","T"
"JG5",32,34,3,27.6764272446598,"3","T"
"JG5",32,34,4,18.6354688790342,"3","T"
"JG5",32,34,5,13.207486995564,"3","T"
"JG5",32,34,6,39.1607159989414,"3","T"
"JG5",32,34,7,22.7611420547643,"3","T"
"JG5",32,46,0,21.1686259469865,"3","T"
"JG5",32,46,1,20.6953900959997,"3","T"
"JG5",32,46,2,33.862093407384,"3","T"
"JG5",32,46,3,49.3219904027504,"3","T"
"JG5",32,46,4,35.7219363855516,"3","T"
"JG5",32,46,5,26.3040450454455,"3","T"
"JG5",32,46,6,66.4900918790664,"3","T"
"JG5",32,46,7,42.5901186842922,"3","T"
"JG5",32,52,0,27.9636943033308,"3","T"
"JG5",32,52,1,27.1503053734072,"3","T"
"JG5",32,52,2,43.0774216890697,"3","T"
"JG5",32,52,3,60.5611749980879,"3","T"
"JG5",32,52,4,44.3819946723322,"3","T"
"JG5",32,52,5,34.270635966334,"3","T"
"JG5",32,52,6,80.7745758122179,"3","T"
"JG5",32,52,7,52.6829754458549,"3","T"
"JG5",32,58,0,32.4950961252016,"3","T"
"JG5",32,58,1,33.0758387521235,"3","T"
"JG5",32,58,2,50.9880373841074,"3","T"
"JG5",32,58,3,71.5636749796202,"3","T"
"JG5",32,58,4,52.9061786282423,"3","T"
"JG5",32,58,5,42.7771145904501,"3","T"
"JG5",32,58,6,94.7826120534995,"3","T"
"JG5",32,58,7,61.4820319735437,"3","T"
"JG5",32,70,0,40.3632962975738,"3","T"
"JG5",32,70,1,43.5202228131124,"3","T"
"JG5",32,70,2,65.876432711417,"3","T"
"JG5",32,70,3,91.9804199455845,"3","T"
"JG5",32,70,4,68.8851333664094,"3","T"
"JG5",32,70,5,56.3089841941768,"3","T"
"JG5",32,70,6,121.07038917181,"3","T"
"JG5",32,70,7,77.6939006423293,"3","T"
"JG5",32,76,0,44.1418975154902,"3","T"
"JG5",32,76,1,48.2776972095067,"3","T"
"JG5",32,76,2,72.4652919242201,"3","T"
"JG5",32,76,3,101.435206839319,"3","T"
"JG5",32,76,4,76.1095790461174,"3","T"
"JG5",32,76,5,62.3235673081143,"3","T"
"JG5",32,76,6,134.079944915277,"3","T"
"JG5",32,76,7,85.8151175020242,"3","T"
"JG5",32,82,0,47.6957031905935,"3","T"
"JG5",32,82,1,54.0001728229087,"3","T"
"JG5",32,82,2,78.5105488492076,"3","T"
"JG5",32,82,3,110.64859691828,"3","T"
"JG5",32,82,4,82.8404433920869,"3","T"
"JG5",32,82,5,68.4322043915319,"3","T"
"JG5",32,82,6,146.554059583046,"3","T"
"JG5",32,82,7,93.7591219870496,"3","T"
"JG5",32,94,0,57.6065008016318,"3","T"
"JG5",32,94,1,69.3107477446531,"3","T"
"JG5",32,94,2,89.4130647477582,"3","T"
"JG5",32,94,3,130.439044525778,"3","T"
"JG5",32,94,4,96.8755494143736,"3","T"
"JG5",32,94,5,80.8570574060989,"3","T"
"JG5",32,94,6,170.860281865606,"3","T"
"JG5",32,94,7,109.942429394918,"3","T"
"JG5",32,100,0,63.9007958355718,"3","T"
"JG5",32,100,1,78.1402000778352,"3","T"
"JG5",32,100,2,95.5697054403329,"3","T"
"JG5",32,100,3,141.237465569456,"3","T"
"JG5",32,100,4,105.567751664346,"3","T"
"JG5",32,100,5,87.0947749215651,"3","T"
"JG5",32,100,6,182.760702167583,"3","T"
"JG5",32,100,7,117.603027917959,"3","T"
"JG5",32,106,0,69.7952591980913,"3","T"
"JG5",32,106,1,87.2210168232404,"3","T"
"JG5",32,106,2,104.34768272869,"3","T"
"JG5",32,106,3,151.870547060066,"3","T"
"JG5",32,106,4,114.611759921694,"3","T"
"JG5",32,106,5,93.739908452107,"3","T"
"JG5",32,106,6,194.552867686896,"3","T"
"JG5",32,106,7,125.521017593432,"3","T"
"JG5",35,0,0,0,"1","M"
"JG5",35,0,1,0,"1","M"
"JG5",35,0,2,0,"1","M"
"JG5",35,0,3,0,"1","M"
"JG5",35,0,5,0,"1","M"
"JG5",35,0,6,0,"1","M"
"JG5",35,0,7,0,"1","M"
"JG5",35,2,0,0.203,"1","M"
"JG5",35,2,1,0.18,"1","M"
"JG5",35,2,2,0.315,"1","M"
"JG5",35,2,3,0.169,"1","M"
"JG5",35,2,5,0.141,"1","M"
"JG5",35,2,6,0.26,"1","M"
"JG5",35,2,7,0.114,"1","M"
"JG5",35,8,0,1.00808317566643,"1","M"
"JG5",35,8,1,0.991332834665926,"1","M"
"JG5",35,8,2,1.79116683533358,"1","M"
"JG5",35,8,3,0.708000176000262,"1","M"
"JG5",35,8,5,0.676499933999902,"1","M"
"JG5",35,8,6,1.47949953799931,"1","M"
"JG5",35,8,7,0.613250275000409,"1","M"
"JG5",35,8,4,0,"1","M"
"JG5",35,20,0,4.44616660283798,"1","M"
"JG5",35,20,1,4.26896278961312,"1","M"
"JG5",35,20,2,9.01518753864087,"1","M"
"JG5",35,20,3,3.16988872576484,"1","M"
"JG5",35,20,5,2.7051851578455,"1","M"
"JG5",35,20,6,5.4513702192171,"1","M"
"JG5",35,20,7,3.94709121676274,"1","M"
"JG5",35,20,4,3.342,"1","M"
"JG5",35,26,0,7.8315628869615,"1","M"
"JG5",35,26,1,8.04130896293312,"1","M"
"JG5",35,26,2,15.782036414275,"1","M"
"JG5",35,26,3,5.615460723571,"1","M"
"JG5",35,26,5,4.67183834353775,"1","M"
"JG5",35,26,6,8.80095947317452,"1","M"
"JG5",35,26,7,7.2336009752031,"1","M"
"JG5",35,26,4,3.342,"1","M"
"JG5",35,32,0,11.2601629915885,"1","M"
"JG5",35,32,1,12.8477174824461,"1","M"
"JG5",35,32,2,24.4679498194659,"1","M"
"JG5",35,32,3,9.05845209541678,"1","M"
"JG5",35,32,5,8.2068223786795,"1","M"
"JG5",35,32,6,12.6684485600944,"1","M"
"JG5",35,32,7,11.7086757574624,"1","M"
"JG5",35,32,4,3.342,"1","M"
"JG5",35,44,0,18.2175822403526,"1","M"
"JG5",35,44,1,24.1202549014449,"1","M"
"JG5",35,44,2,43.2967318025346,"1","M"
"JG5",35,44,3,16.6331286651607,"1","M"
"JG5",35,44,5,20.2277715741246,"1","M"
"JG5",35,44,6,23.4863567618839,"1","M"
"JG5",35,44,7,25.1365248776783,"1","M"
"JG5",35,44,4,21.4402500431987,"1","M"
"JG5",35,50,0,21.5597827509878,"1","M"
"JG5",35,50,1,30.4549488416506,"1","M"
"JG5",35,50,2,54.2049375441468,"1","M"
"JG5",35,50,3,20.7795019308479,"1","M"
"JG5",35,50,5,26.7330574879042,"1","M"
"JG5",35,50,6,30.832575590981,"1","M"
"JG5",35,50,7,33.8500266240314,"1","M"
"JG5",35,50,4,28.6981881928151,"1","M"
"JG5",35,56,0,25.2150698245726,"1","M"
"JG5",35,56,1,37.089377031273,"1","M"
"JG5",35,56,2,65.038160874264,"1","M"
"JG5",35,56,3,26.8015464568217,"1","M"
"JG5",35,56,5,33.5108016878859,"1","M"
"JG5",35,56,6,38.4979867291422,"1","M"
"JG5",35,56,7,43.1900756378314,"1","M"
"JG5",35,56,4,35.8750169029468,"1","M"
"JG5",35,68,0,30.2615673968655,"1","M"
"JG5",35,68,1,50.7717144974469,"1","M"
"JG5",35,68,2,87.1456447520067,"1","M"
"JG5",35,68,3,38.6925742649526,"1","M"
"JG5",35,68,5,48.1544013689642,"1","M"
"JG5",35,68,6,53.8967260165392,"1","M"
"JG5",35,68,7,62.6667289906977,"1","M"
"JG5",35,68,4,35.8750169029468,"1","M"
"JG5",35,74,0,30.6237105495808,"1","M"
"JG5",35,74,1,57.7139646252563,"1","M"
"JG5",35,74,2,98.4541618126911,"1","M"
"JG5",35,74,3,41.1835053603887,"1","M"
"JG5",35,74,5,55.8961598653365,"1","M"
"JG5",35,74,6,61.4971604728822,"1","M"
"JG5",35,74,7,72.5799197901835,"1","M"
"JG5",35,74,4,59.2795480812981,"1","M"
"JG5",35,80,0,31.2288223660532,"1","M"
"JG5",35,80,1,65.3581415396609,"1","M"
"JG5",35,80,2,109.69856121401,"1","M"
"JG5",35,80,3,42.619906509375,"1","M"
"JG5",35,80,5,63.1373824387489,"1","M"
"JG5",35,80,6,69.5946174137995,"1","M"
"JG5",35,80,7,82.8777622460714,"1","M"
"JG5",35,80,4,67.4310434434703,"1","M"
"JG5",35,92,0,32.1332907442402,"1","M"
"JG5",35,92,1,81.7339067397105,"1","M"
"JG5",35,92,2,132.339922544075,"1","M"
"JG5",35,92,3,43.5851381026302,"1","M"
"JG5",35,92,5,78.5745599774334,"1","M"
"JG5",35,92,6,86.4105537986536,"1","M"
"JG5",35,92,7,103.561656343095,"1","M"
"JG5",35,92,4,83.8658052176907,"1","M"
"JG5",35,98,0,32.3886502603825,"1","M"
"JG5",35,98,1,90.1965531157947,"1","M"
"JG5",35,98,2,143.650557150428,"1","M"
"JG5",35,98,3,44.2680632707267,"1","M"
"JG5",35,98,5,86.8489801781959,"1","M"
"JG5",35,98,6,94.8524625000865,"1","M"
"JG5",35,98,7,114.033624772951,"1","M"
"JG5",35,98,4,92.0735505366801,"1","M"
"JG5",35,104,0,32.6941929721878,"1","M"
"JG5",35,104,1,98.1590981083354,"1","M"
"JG5",35,104,2,154.835947361695,"1","M"
"JG5",35,104,3,44.9384939570748,"1","M"
"JG5",35,104,5,95.1899773387615,"1","M"
"JG5",35,104,6,104.109341146593,"1","M"
"JG5",35,104,7,124.467356653737,"1","M"
"JG5",35,104,4,100.314447511877,"1","M"
"JG5",35,127,0,33.7901481251294,"1","M"
"JG5",35,127,1,127.509803670999,"1","M"
"JG5",35,127,2,192.860565498291,"1","M"
"JG5",35,127,3,47.3049767671547,"1","M"
"JG5",35,127,5,127.144653576718,"1","M"
"JG5",35,127,6,121.173831746055,"1","M"
"JG5",35,127,7,162.985352073702,"1","M"
"JG5",35,127,4,130.99928856056,"1","M"
"JG5",35,151,0,34.9096930816649,"1","M"
"JG5",35,151,1,148.694315502295,"1","M"
"JG5",35,151,2,223.361434110997,"1","M"
"JG5",35,151,3,48.9623591579462,"1","M"
"JG5",35,151,5,158.735232314938,"1","M"
"JG5",35,151,6,122.343536539572,"1","M"
"JG5",35,151,7,199.773143666358,"1","M"
"JG5",35,151,4,160.826193479842,"1","M"
"JG5",35,164,0,35.5055218028349,"1","M"
"JG5",35,164,1,158.409711427543,"1","M"
"JG5",35,164,2,238.39837093135,"1","M"
"JG5",35,164,3,49.9300586052004,"1","M"
"JG5",35,164,5,174.561088856112,"1","M"
"JG5",35,164,6,124.968911280513,"1","M"
"JG5",35,164,7,215.433988377858,"1","M"
"JG5",35,164,4,175.555690753464,"1","M"
"JG5",37,0,0,0,"4","B"
"JG5",37,0,1,0,"4","B"
"JG5",37,0,2,0,"4","B"
"JG5",37,0,3,0,"4","B"
"JG5",37,0,4,0,"4","B"
"JG5",37,0,5,0,"4","B"
"JG5",37,0,6,0,"4","B"
"JG5",37,0,7,0,"4","B"
"JG5",37,5,0,0.5325,"4","B"
"JG5",37,5,1,0.4925,"4","B"
"JG5",37,5,2,0.3725,"4","B"
"JG5",37,5,3,0.305,"4","B"
"JG5",37,5,4,0.7525,"4","B"
"JG5",37,5,5,0.6025,"4","B"
"JG5",37,5,6,0.3275,"4","B"
"JG5",37,5,7,0.285,"4","B"
"JG5",37,11,0,1.48449175957677,"4","B"
"JG5",37,11,1,1.45169580785798,"4","B"
"JG5",37,11,2,0.925479398941929,"4","B"
"JG5",37,11,3,0.764762630373857,"4","B"
"JG5",37,11,4,1.98781261239126,"4","B"
"JG5",37,11,5,1.3079211765013,"4","B"
"JG5",37,11,6,0.826562522478251,"4","B"
"JG5",37,11,7,0.822562702304261,"4","B"
"JG5",37,23,0,4.76407174702706,"4","B"
"JG5",37,23,1,4.57751577517502,"4","B"
"JG5",37,23,2,2.82473992391222,"4","B"
"JG5",37,23,3,2.2521891517737,"4","B"
"JG5",37,23,4,6.21189880386525,"4","B"
"JG5",37,23,5,3.60530195971035,"4","B"
"JG5",37,23,6,2.39863441973558,"4","B"
"JG5",37,23,7,3.06707726312102,"4","B"
"JG5",37,29,0,7.12417833574681,"4","B"
"JG5",37,29,1,6.70048108608012,"4","B"
"JG5",37,29,2,4.12627126626123,"4","B"
"JG5",37,29,3,3.25703642179407,"4","B"
"JG5",37,29,4,9.43780532756202,"4","B"
"JG5",37,29,5,5.36088267487647,"4","B"
"JG5",37,29,6,3.59747732154034,"4","B"
"JG5",37,29,7,4.80271582206754,"4","B"
"JG5",37,35,0,9.58394976685874,"4","B"
"JG5",37,35,1,8.80128494331744,"4","B"
"JG5",37,35,2,5.4761501584138,"4","B"
"JG5",37,35,3,4.35980898650547,"4","B"
"JG5",37,35,4,13.1270368167148,"4","B"
"JG5",37,35,5,7.47115407003424,"4","B"
"JG5",37,35,6,5.1381595879355,"4","B"
"JG5",37,35,7,6.61290620985311,"4","B"
"JG5",37,47,0,15.0070860246564,"4","B"
"JG5",37,47,1,13.3104400660935,"4","B"
"JG5",37,47,2,8.46107927417959,"4","B"
"JG5",37,47,3,6.95923784292333,"4","B"
"JG5",37,47,4,21.6541846025743,"4","B"
"JG5",37,47,5,12.3794904572132,"4","B"
"JG5",37,47,6,9.20055372266974,"4","B"
"JG5",37,47,7,10.4834468267293,"4","B"
"JG5",37,53,0,17.8243288385467,"4","B"
"JG5",37,53,1,15.6757119222099,"4","B"
"JG5",37,53,2,9.95312127805442,"4","B"
"JG5",37,53,3,8.24674168485384,"4","B"
"JG5",37,53,4,26.2471014615006,"4","B"
"JG5",37,53,5,14.8583738981845,"4","B"
"JG5",37,53,6,11.6860716900945,"4","B"
"JG5",37,53,7,12.4815163529824,"4","B"
"JG5",37,59,0,20.8526148973889,"4","B"
"JG5",37,59,1,18.122512762267,"4","B"
"JG5",37,59,2,11.4041553031501,"4","B"
"JG5",37,59,3,9.71663333303982,"4","B"
"JG5",37,59,4,30.8110183719748,"4","B"
"JG5",37,59,5,17.2755299915562,"4","B"
"JG5",37,59,6,14.5101786422373,"4","B"
"JG5",37,59,7,14.4989025589106,"4","B"
"JG5",37,71,0,27.1821669352249,"4","B"
"JG5",37,71,1,23.3791488131122,"4","B"
"JG5",37,71,2,14.251682589687,"4","B"
"JG5",37,71,3,12.8710179389158,"4","B"
"JG5",37,71,4,40.0379562027103,"4","B"
"JG5",37,71,5,21.8144033805246,"4","B"
"JG5",37,71,6,20.6284773035481,"4","B"
"JG5",37,71,7,18.6116097110055,"4","B"
"JG5",37,77,0,29.9108173527745,"4","B"
"JG5",37,77,1,25.7414689447597,"4","B"
"JG5",37,77,2,15.560224292703,"4","B"
"JG5",37,77,3,14.2425870200915,"4","B"
"JG5",37,77,4,44.4004758641899,"4","B"
"JG5",37,77,5,23.8757023913165,"4","B"
"JG5",37,77,6,23.6563060166174,"4","B"
"JG5",37,77,7,20.569175837543,"4","B"
"JG5",37,83,0,32.2804422809516,"4","B"
"JG5",37,83,1,27.8634343882263,"4","B"
"JG5",37,83,2,16.762753684495,"4","B"
"JG5",37,83,3,15.5134436604769,"4","B"
"JG5",37,83,4,48.1598717878049,"4","B"
"JG5",37,83,5,25.7398172590488,"4","B"
"JG5",37,83,6,26.4895418422196,"4","B"
"JG5",37,83,7,22.322938522898,"4","B"
"JG5",37,95,0,36.2620966831038,"4","B"
"JG5",37,95,1,31.4475541681951,"4","B"
"JG5",37,95,2,18.9848063827301,"4","B"
"JG5",37,95,3,17.7561988730007,"4","B"
"JG5",37,95,4,53.8318642911761,"4","B"
"JG5",37,95,5,29.362741398036,"4","B"
"JG5",37,95,6,31.7847415571824,"4","B"
"JG5",37,95,7,25.4254138764359,"4","B"
"JG5",37,101,0,37.9386654259591,"4","B"
"JG5",37,101,1,32.9244526677356,"4","B"
"JG5",37,101,2,19.851799334736,"4","B"
"JG5",37,101,3,18.6642420885137,"4","B"
"JG5",37,101,4,56.0961247493586,"4","B"
"JG5",37,101,5,31.0088946784697,"4","B"
"JG5",37,101,6,34.2336174081568,"4","B"
"JG5",37,101,7,26.8931080689769,"4","B"
"JG5",37,107,0,39.5892756052393,"4","B"
"JG5",37,107,1,34.366497260106,"4","B"
"JG5",37,107,2,20.6891629358819,"4","B"
"JG5",37,107,3,19.5673826885001,"4","B"
"JG5",37,107,4,58.3974262677071,"4","B"
"JG5",37,107,5,32.7339527154525,"4","B"
"JG5",37,107,6,36.6514813975628,"4","B"
"JG5",37,107,7,28.227074478585,"4","B"
"JG5",39,0,0,0,"4","M"
"JG5",39,0,1,0,"4","M"
"JG5",39,0,2,0,"4","M"
"JG5",39,0,3,0,"4","M"
"JG5",39,0,4,0,"4","M"
"JG5",39,0,5,0,"4","M"
"JG5",39,0,6,0,"4","M"
"JG5",39,0,7,0,"4","M"
"JG5",39,5,0,0.4425,"4","M"
"JG5",39,5,1,0.825,"4","M"
"JG5",39,5,2,0.3525,"4","M"
"JG5",39,5,3,0.465,"4","M"
"JG5",39,5,4,0.53,"4","M"
"JG5",39,5,5,0.49,"4","M"
"JG5",39,5,6,0.4525,"4","M"
"JG5",39,5,7,0.2925,"4","M"
"JG5",39,11,0,1.1739788594639,"4","M"
"JG5",39,11,1,2.37695592066771,"4","M"
"JG5",39,11,2,0.801354353985427,"4","M"
"JG5",39,11,3,1.25720440793323,"4","M"
"JG5",39,11,4,1.26487531469552,"4","M"
"JG5",39,11,5,1.12841257642605,"4","M"
"JG5",39,11,6,1.10480849217964,"4","M"
"JG5",39,11,7,0.757433716962153,"4","M"
"JG5",39,23,0,2.89044555560747,"4","M"
"JG5",39,23,1,4.17231080575547,"4","M"
"JG5",39,23,2,2.18621021740213,"4","M"
"JG5",39,23,3,3.77165062532051,"4","M"
"JG5",39,23,4,3.34131871146578,"4","M"
"JG5",39,23,5,2.85562348373284,"4","M"
"JG5",39,23,6,2.99163705452668,"4","M"
"JG5",39,23,7,2.27502678649175,"4","M"
"JG5",39,29,0,3.95560429743628,"4","M"
"JG5",39,29,1,5.36202502707466,"4","M"
"JG5",39,29,2,3.08268816916183,"4","M"
"JG5",39,29,3,5.25443293167452,"4","M"
"JG5",39,29,4,4.48282801402804,"4","M"
"JG5",39,29,5,3.94239898833126,"4","M"
"JG5",39,29,6,4.16457802776306,"4","M"
"JG5",39,29,7,2.99161549848363,"4","M"
"JG5",39,35,0,4.95757389747832,"4","M"
"JG5",39,35,1,6.563027542246,"4","M"
"JG5",39,35,2,3.87158731383689,"4","M"
"JG5",39,35,3,6.7693239969507,"4","M"
"JG5",39,35,4,5.69757126910895,"4","M"
"JG5",39,35,5,4.8099759883124,"4","M"
"JG5",39,35,6,5.50939202885154,"4","M"
"JG5",39,35,7,3.74312533154655,"4","M"
"JG5",39,47,0,7.04853350309064,"4","M"
"JG5",39,47,1,9.03183238924207,"4","M"
"JG5",39,47,2,5.64377226879556,"4","M"
"JG5",39,47,3,10.192730718639,"4","M"
"JG5",39,47,4,8.01666851056596,"4","M"
"JG5",39,47,5,6.63276736909974,"4","M"
"JG5",39,47,6,8.55247169995986,"4","M"
"JG5",39,47,7,5.30855180762155,"4","M"
"JG5",39,53,0,8.06199432712243,"4","M"
"JG5",39,53,1,10.1847430358411,"4","M"
"JG5",39,53,2,6.45769344971411,"4","M"
"JG5",39,53,3,11.7502928436021,"4","M"
"JG5",39,53,4,9.05766598004268,"4","M"
"JG5",39,53,5,7.46046202946372,"4","M"
"JG5",39,53,6,9.93058664339208,"4","M"
"JG5",39,53,7,5.94299917231031,"4","M"
"JG5",39,59,0,9.01127430051927,"4","M"
"JG5",39,59,1,11.3359067479719,"4","M"
"JG5",39,59,2,7.28670043111763,"4","M"
"JG5",39,59,3,13.1716962864514,"4","M"
"JG5",39,59,4,10.0401582538187,"4","M"
"JG5",39,59,5,8.26435600577368,"4","M"
"JG5",39,59,6,11.2024382791462,"4","M"
"JG5",39,59,7,6.63930945710333,"4","M"
"JG5",39,71,0,10.983578579032,"4","M"
"JG5",39,71,1,13.499894760509,"4","M"
"JG5",39,71,2,9.28674106416133,"4","M"
"JG5",39,71,3,15.7703779479795,"4","M"
"JG5",39,71,4,12.0066959813308,"4","M"
"JG5",39,71,5,10.1421859981899,"4","M"
"JG5",39,71,6,13.3693226347262,"4","M"
"JG5",39,71,7,8.03542500677923,"4","M"
"JG5",39,77,0,11.7780859926093,"4","M"
"JG5",39,77,1,14.3640873085013,"4","M"
"JG5",39,77,2,10.0838245347583,"4","M"
"JG5",39,77,3,16.723295252806,"4","M"
"JG5",39,77,4,12.7734542379082,"4","M"
"JG5",39,77,5,10.9043300068027,"4","M"
"JG5",39,77,6,14.242725287712,"4","M"
"JG5",39,77,7,8.58799839643813,"4","M"
"JG5",39,83,0,12.4562337583172,"4","M"
"JG5",39,83,1,15.2270559712718,"4","M"
"JG5",39,83,2,10.8695352391781,"4","M"
"JG5",39,83,3,17.6091619909662,"4","M"
"JG5",39,83,4,13.5522387234916,"4","M"
"JG5",39,83,5,11.6359960145204,"4","M"
"JG5",39,83,6,15.0736245001334,"4","M"
"JG5",39,83,7,9.31893843187659,"4","M"
"JG5",39,95,0,13.8428924118176,"4","M"
"JG5",39,95,1,16.79879244729,"4","M"
"JG5",39,95,2,12.1309018270987,"4","M"
"JG5",39,95,3,19.428573075931,"4","M"
"JG5",39,95,4,14.9728693139462,"4","M"
"JG5",39,95,5,12.7971283873041,"4","M"
"JG5",39,95,6,16.679886217289,"4","M"
"JG5",39,95,7,10.7037884895057,"4","M"
"JG5",39,101,0,14.3601773489235,"4","M"
"JG5",39,101,1,17.3858995406126,"4","M"
"JG5",39,101,2,12.5804876904705,"4","M"
"JG5",39,101,3,20.1506571077743,"4","M"
"JG5",39,101,4,15.4820439760759,"4","M"
"JG5",39,101,5,13.2235280457477,"4","M"
"JG5",39,101,6,17.4529609889771,"4","M"
"JG5",39,101,7,11.4184428493982,"4","M"
"JG5",39,107,0,14.9233349469827,"4","M"
"JG5",39,107,1,18.0184919865298,"4","M"
"JG5",39,107,2,13.0676671713259,"4","M"
"JG5",39,107,3,20.908438822973,"4","M"
"JG5",39,107,4,16.0430892263936,"4","M"
"JG5",39,107,5,13.6751384207049,"4","M"
"JG5",39,107,6,18.2278828878451,"4","M"
"JG5",39,107,7,12.1144140641181,"4","M"
