,ID,value,Hours,Absorbance,Temperature,Cell_Line,Replicate,log10_transformed
0,20230717-9PM_680_25_3059_0,0.178,10.0,680,25,3059,0,-0.7495799976911061
1,20230717-9PM_680_25_3059_1,0.246,10.0,680,25,3059,1,-0.6090648928966209
2,20230717-9PM_680_25_3059_2,0.215,10.0,680,25,3059,2,-0.6675615400843947
3,20230717-9PM_680_25_3059_3,0.205,10.0,680,25,3059,3,-0.6882461389442457
4,20230717-9PM_680_25_3059_4,0.183,10.0,680,25,3059,4,-0.7375489102695706
5,20230717-9PM_680_25_3059_5,0.215,10.0,680,25,3059,5,-0.6675615400843947
6,20230717-9PM_680_25_3059_6,0.246,10.0,680,25,3059,6,-0.6090648928966209
7,20230717-9PM_680_25_3059_7,0.219,10.0,680,25,3059,7,-0.6595558851598816
8,20230717-9PM_750_25_3059_0,0.103,10.0,750,25,3059,0,-0.9871627752948278
9,20230717-9PM_750_25_3059_1,0.128,10.0,750,25,3059,1,-0.8927900303521317
10,20230717-9PM_750_25_3059_2,0.114,10.0,750,25,3059,2,-0.9430951486635274
11,20230717-9PM_750_25_3059_3,0.111,10.0,750,25,3059,3,-0.9546770212133425
12,20230717-9PM_750_25_3059_4,0.104,10.0,750,25,3059,4,-0.9829666607012196
13,20230717-9PM_750_25_3059_5,0.116,10.0,750,25,3059,5,-0.9355420107730815
14,20230717-9PM_750_25_3059_6,0.136,10.0,750,25,3059,6,-0.8664610916297825
15,20230717-9PM_750_25_3059_7,0.12,10.0,750,25,3059,7,-0.9208187539523752
16,20230717-9PM_680_25_1691_0,0.359,10.0,680,25,1691,0,-0.44490555142168087
17,20230717-9PM_680_25_1691_1,0.306,10.0,680,25,1691,1,-0.51427857351842
18,20230717-9PM_680_25_1691_2,0.377,10.0,680,25,1691,2,-0.42365864979420714
19,20230717-9PM_680_25_1691_3,0.324,10.0,680,25,1691,3,-0.48945498979338786
20,20230717-9PM_680_25_1691_4,0.273,10.0,680,25,1691,4,-0.563837352959244
21,20230717-9PM_680_25_1691_5,0.252,10.0,680,25,1691,5,-0.5985994592184559
22,20230717-9PM_680_25_1691_6,0.285,10.0,680,25,1691,6,-0.5451551399914898
23,20230717-9PM_680_25_1691_7,0.33,10.0,680,25,1691,7,-0.4814860601221125
24,20230717-9PM_750_25_1691_0,0.179,10.0,750,25,1691,0,-0.7471469690201068
25,20230717-9PM_750_25_1691_1,0.154,10.0,750,25,1691,1,-0.8124792791635369
26,20230717-9PM_750_25_1691_2,0.163,10.0,750,25,1691,2,-0.7878123955960422
27,20230717-9PM_750_25_1691_3,0.166,10.0,750,25,1691,3,-0.7798919119599449
28,20230717-9PM_750_25_1691_4,0.135,10.0,750,25,1691,4,-0.8696662315049939
29,20230717-9PM_750_25_1691_5,0.129,10.0,750,25,1691,5,-0.889410289700751
30,20230717-9PM_750_25_1691_6,0.145,10.0,750,25,1691,6,-0.8386319977650252
31,20230717-9PM_750_25_1691_7,0.172,10.0,750,25,1691,7,-0.7644715530924511
32,20230717-9PM_680_25_1690_0,0.203,10.0,680,25,1690,0,-0.6925039620867871
33,20230717-9PM_680_25_1690_1,0.359,10.0,680,25,1690,1,-0.44490555142168087
34,20230717-9PM_680_25_1690_2,0.572,10.0,680,25,1690,2,-0.24260397120697583
35,20230717-9PM_680_25_1690_3,0.279,10.0,680,25,1690,3,-0.5543957967264024
36,20230717-9PM_680_25_1690_4,0.292,10.0,680,25,1690,4,-0.5346171485515817
37,20230717-9PM_680_25_1690_5,0.285,10.0,680,25,1690,5,-0.5451551399914898
38,20230717-9PM_680_25_1690_6,0.333,10.0,680,25,1690,6,-0.4775557664936801
39,20230717-9PM_680_25_1690_7,0.245,10.0,680,25,1690,7,-0.6108339156354675
40,20230717-9PM_750_25_1690_0,0.133,10.0,750,25,1690,0,-0.8761483590329142
41,20230717-9PM_750_25_1690_1,0.183,10.0,750,25,1690,1,-0.7375489102695706
42,20230717-9PM_750_25_1690_2,0.319,10.0,750,25,1690,2,-0.4962093169428189
43,20230717-9PM_750_25_1690_3,0.169,10.0,750,25,1690,3,-0.7721132953863264
44,20230717-9PM_750_25_1690_4,0.173,10.0,750,25,1690,4,-0.7619538968712046
45,20230717-9PM_750_25_1690_5,0.168,10.0,750,25,1690,5,-0.7746907182741372
46,20230717-9PM_750_25_1690_6,0.194,10.0,750,25,1690,6,-0.712198270069774
47,20230717-9PM_750_25_1690_7,0.148,10.0,750,25,1690,7,-0.8297382846050426
48,20230717-9PM_680_25_2342_0,0.188,10.0,680,25,2342,0,-0.7258421507363202
49,20230717-9PM_680_25_2342_1,0.22,10.0,680,25,2342,1,-0.6575773191777937
50,20230717-9PM_680_25_2342_2,0.162,10.0,680,25,2342,2,-0.790484985457369
51,20230717-9PM_680_25_2342_3,0.254,10.0,680,25,2342,3,-0.595166283380062
52,20230717-9PM_680_25_2342_4,0.038,10.0,680,25,2342,4,-1.4202164033831899
53,20230717-9PM_680_25_2342_5,0.191,10.0,680,25,2342,5,-0.7189666327522725
54,20230717-9PM_680_25_2342_6,0.17,10.0,680,25,2342,6,-0.769551078621726
55,20230717-9PM_680_25_2342_7,0.227,10.0,680,25,2342,7,-0.6439741428068773
56,20230717-9PM_750_25_2342_0,0.101,10.0,750,25,2342,0,-0.9956786262173574
57,20230717-9PM_750_25_2342_1,0.111,10.0,750,25,2342,1,-0.9546770212133425
58,20230717-9PM_750_25_2342_2,0.1,10.0,750,25,2342,2,-1.0
59,20230717-9PM_750_25_2342_3,0.12,10.0,750,25,2342,3,-0.9208187539523752
60,20230717-9PM_750_25_2342_4,0.042,10.0,750,25,2342,4,-1.3767507096020994
61,20230717-9PM_750_25_2342_5,0.101,10.0,750,25,2342,5,-0.9956786262173574
62,20230717-9PM_750_25_2342_6,0.087,10.0,750,25,2342,6,-1.0604807473813815
63,20230717-9PM_750_25_2342_7,0.109,10.0,750,25,2342,7,-0.9625735020593764
64,20230717-9PM_680_25_4532_0,0.085,10.0,680,25,4532,0,-1.0705810742857071
65,20230717-9PM_680_25_4532_1,0.229,10.0,680,25,4532,1,-0.640164517660112
66,20230717-9PM_680_25_4532_2,0.214,10.0,680,25,4532,2,-0.6695862266508091
67,20230717-9PM_680_25_4532_3,0.145,10.0,680,25,4532,3,-0.8386319977650252
68,20230717-9PM_680_25_4532_4,0.185,10.0,680,25,4532,4,-0.7328282715969862
69,20230717-9PM_680_25_4532_5,0.177,10.0,680,25,4532,5,-0.7520267336381934
70,20230717-9PM_680_25_4532_6,0.193,10.0,680,25,4532,6,-0.7144426909922262
71,20230717-9PM_680_25_4532_7,0.216,10.0,680,25,4532,7,-0.6655462488490691
72,20230717-9PM_750_25_4532_0,0.059,10.0,750,25,4532,0,-1.2291479883578558
73,20230717-9PM_750_25_4532_1,0.128,10.0,750,25,4532,1,-0.8927900303521317
74,20230717-9PM_750_25_4532_2,0.084,10.0,750,25,4532,2,-1.0757207139381184
75,20230717-9PM_750_25_4532_3,0.087,10.0,750,25,4532,3,-1.0604807473813815
76,20230717-9PM_750_25_4532_4,0.087,10.0,750,25,4532,4,-1.0604807473813815
77,20230717-9PM_750_25_4532_5,0.088,10.0,750,25,4532,5,-1.0555173278498313
78,20230717-9PM_750_25_4532_6,0.095,10.0,750,25,4532,6,-1.0222763947111522
79,20230717-9PM_750_25_4532_7,0.079,10.0,750,25,4532,7,-1.1023729087095586
80,20230717-9PM_680_25_2344_0,0.196,10.0,680,25,2344,0,-0.707743928643524
81,20230717-9PM_680_25_2344_1,0.153,10.0,680,25,2344,1,-0.8153085691824012
82,20230717-9PM_680_25_2344_2,0.191,10.0,680,25,2344,2,-0.7189666327522725
83,20230717-9PM_680_25_2344_3,0.174,10.0,680,25,2344,3,-0.7594507517174003
84,20230717-9PM_680_25_2344_4,0.202,10.0,680,25,2344,4,-0.6946486305533762
85,20230717-9PM_680_25_2344_5,0.173,10.0,680,25,2344,5,-0.7619538968712046
86,20230717-9PM_680_25_2344_6,0.177,10.0,680,25,2344,6,-0.7520267336381934
87,20230717-9PM_680_25_2344_7,0.134,10.0,680,25,2344,7,-0.8728952016351923
88,20230717-9PM_750_25_2344_0,0.119,10.0,750,25,2344,0,-0.9244530386074693
89,20230717-9PM_750_25_2344_1,0.097,10.0,750,25,2344,1,-1.0132282657337552
90,20230717-9PM_750_25_2344_2,0.118,10.0,750,25,2344,2,-0.9281179926938746
91,20230717-9PM_750_25_2344_3,0.11,10.0,750,25,2344,3,-0.958607314841775
92,20230717-9PM_750_25_2344_4,0.126,10.0,750,25,2344,4,-0.8996294548824371
93,20230717-9PM_750_25_2344_5,0.112,10.0,750,25,2344,5,-0.9507819773298184
94,20230717-9PM_750_25_2344_6,0.114,10.0,750,25,2344,6,-0.9430951486635274
95,20230717-9PM_750_25_2344_7,0.091,10.0,750,25,2344,7,-1.0409586076789064
96,20230717-9PM_680_25_2343_0,0.283,10.0,680,25,2343,0,-0.5482135644757098
97,20230717-9PM_680_25_2343_1,0.191,10.0,680,25,2343,1,-0.7189666327522725
98,20230717-9PM_680_25_2343_2,0.296,10.0,680,25,2343,2,-0.5287082889410615
99,20230717-9PM_680_25_2343_3,0.22,10.0,680,25,2343,3,-0.6575773191777937
100,20230717-9PM_680_25_2343_4,0.116,10.0,680,25,2343,4,-0.9355420107730815
101,20230717-9PM_680_25_2343_5,0.329,10.0,680,25,2343,5,-0.48280410205002566
102,20230717-9PM_680_25_2343_6,0.273,10.0,680,25,2343,6,-0.563837352959244
103,20230717-9PM_680_25_2343_7,0.107,10.0,680,25,2343,7,-0.9706162223147904
104,20230717-9PM_750_25_2343_0,0.156,10.0,750,25,2343,0,-0.8068754016455384
105,20230717-9PM_750_25_2343_1,0.116,10.0,750,25,2343,1,-0.9355420107730815
106,20230717-9PM_750_25_2343_2,0.141,10.0,750,25,2343,2,-0.8507808873446201
107,20230717-9PM_750_25_2343_3,0.142,10.0,750,25,2343,3,-0.8477116556169435
108,20230717-9PM_750_25_2343_4,0.081,10.0,750,25,2343,4,-1.0915149811213503
109,20230717-9PM_750_25_2343_5,0.18,10.0,750,25,2343,5,-0.744727494896694
110,20230717-9PM_750_25_2343_6,0.16,10.0,750,25,2343,6,-0.7958800173440752
111,20230717-9PM_750_25_2343_7,0.076,10.0,750,25,2343,7,-1.1191864077192086
112,20230717-9PM_680_25_1952_0,0.222,10.0,680,25,1952,0,-0.6536470255493614
113,20230717-9PM_680_25_1952_1,0.252,10.0,680,25,1952,1,-0.5985994592184559
114,20230717-9PM_680_25_1952_2,0.222,10.0,680,25,1952,2,-0.6536470255493614
115,20230717-9PM_680_25_1952_3,0.246,10.0,680,25,1952,3,-0.6090648928966209
116,20230717-9PM_680_25_1952_4,0.196,10.0,680,25,1952,4,-0.707743928643524
117,20230717-9PM_680_25_1952_5,0.262,10.0,680,25,1952,5,-0.5816987086802545
118,20230717-9PM_680_25_1952_6,0.234,10.0,680,25,1952,6,-0.6307841425898572
119,20230717-9PM_680_25_1952_7,0.242,10.0,680,25,1952,7,-0.6161846340195687
120,20230717-9PM_750_25_1952_0,0.135,10.0,750,25,1952,0,-0.8696662315049939
121,20230717-9PM_750_25_1952_1,0.144,10.0,750,25,1952,1,-0.8416375079047503
122,20230717-9PM_750_25_1952_2,0.133,10.0,750,25,1952,2,-0.8761483590329142
123,20230717-9PM_750_25_1952_3,0.148,10.0,750,25,1952,3,-0.8297382846050426
124,20230717-9PM_750_25_1952_4,0.124,10.0,750,25,1952,4,-0.906578314837765
125,20230717-9PM_750_25_1952_5,0.155,10.0,750,25,1952,5,-0.8096683018297085
126,20230717-9PM_750_25_1952_6,0.14,10.0,750,25,1952,6,-0.8538719643217619
127,20230717-9PM_750_25_1952_7,0.141,10.0,750,25,1952,7,-0.8507808873446201
128,20230717-9PM_680_25_2931_0,0.151,10.0,680,25,2931,0,-0.8210230527068306
129,20230717-9PM_680_25_2931_1,0.202,10.0,680,25,2931,1,-0.6946486305533762
130,20230717-9PM_680_25_2931_2,0.156,10.0,680,25,2931,2,-0.8068754016455384
131,20230717-9PM_680_25_2931_3,0.176,10.0,680,25,2931,3,-0.7544873321858502
132,20230717-9PM_680_25_2931_4,0.162,10.0,680,25,2931,4,-0.790484985457369
133,20230717-9PM_680_25_2931_5,0.154,10.0,680,25,2931,5,-0.8124792791635369
134,20230717-9PM_680_25_2931_6,0.103,10.0,680,25,2931,6,-0.9871627752948278
135,20230717-9PM_680_25_2931_7,0.134,10.0,680,25,2931,7,-0.8728952016351923
136,20230717-9PM_750_25_2931_0,0.1,10.0,750,25,2931,0,-1.0
137,20230717-9PM_750_25_2931_1,0.128,10.0,750,25,2931,1,-0.8927900303521317
138,20230717-9PM_750_25_2931_2,0.107,10.0,750,25,2931,2,-0.9706162223147904
139,20230717-9PM_750_25_2931_3,0.112,10.0,750,25,2931,3,-0.9507819773298184
140,20230717-9PM_750_25_2931_4,0.117,10.0,750,25,2931,4,-0.9318141382538383
141,20230717-9PM_750_25_2931_5,0.103,10.0,750,25,2931,5,-0.9871627752948278
142,20230717-9PM_750_25_2931_6,0.075,10.0,750,25,2931,6,-1.1249387366083
143,20230717-9PM_750_25_2931_7,0.092,10.0,750,25,2931,7,-1.0362121726544447
144,20230717-9PM_680_25_JG5_0,0.145,10.0,680,25,JG5,0,-0.8386319977650252
145,20230717-9PM_680_25_JG5_1,0.164,10.0,680,25,JG5,1,-0.7851561519523022
146,20230717-9PM_680_25_JG5_2,0.099,10.0,680,25,JG5,2,-1.00436480540245
147,20230717-9PM_680_25_JG5_3,0.093,10.0,680,25,JG5,3,-1.031517051446065
148,20230717-9PM_680_25_JG5_4,0.067,10.0,680,25,JG5,4,-1.1739251972991736
149,20230717-9PM_680_25_JG5_5,0.141,10.0,680,25,JG5,5,-0.8507808873446201
150,20230717-9PM_680_25_JG5_6,0.136,10.0,680,25,JG5,6,-0.8664610916297825
151,20230717-9PM_680_25_JG5_7,0.29,10.0,680,25,JG5,7,-0.5376020021010439
152,20230717-9PM_750_25_JG5_0,0.102,10.0,750,25,JG5,0,-0.9913998282380825
153,20230717-9PM_750_25_JG5_1,0.108,10.0,750,25,JG5,1,-0.9665762445130504
154,20230717-9PM_750_25_JG5_2,0.076,10.0,750,25,JG5,2,-1.1191864077192086
155,20230717-9PM_750_25_JG5_3,0.072,10.0,750,25,JG5,3,-1.1426675035687315
156,20230717-9PM_750_25_JG5_4,0.06,10.0,750,25,JG5,4,-1.2218487496163564
157,20230717-9PM_750_25_JG5_5,0.102,10.0,750,25,JG5,5,-0.9913998282380825
158,20230717-9PM_750_25_JG5_6,0.094,10.0,750,25,JG5,6,-1.0268721464003014
159,20230717-9PM_750_25_JG5_7,0.181,10.0,750,25,JG5,7,-0.7423214251308154
160,20230717-9PM_680_25_BMS_0,0.172,10.0,680,25,BMS,0,-0.7644715530924511
161,20230717-9PM_680_25_BMS_1,0.237,10.0,680,25,BMS,1,-0.6252516539898961
162,20230717-9PM_680_25_BMS_2,0.249,10.0,680,25,BMS,2,-0.6038006529042637
163,20230717-9PM_680_25_BMS_3,0.194,10.0,680,25,BMS,3,-0.712198270069774
164,20230717-9PM_680_25_BMS_4,0.286,10.0,680,25,BMS,4,-0.543633966870957
165,20230717-9PM_680_25_BMS_5,0.256,10.0,680,25,BMS,5,-0.5917600346881504
166,20230717-9PM_680_25_BMS_6,0.228,10.0,680,25,BMS,6,-0.6420651529995461
167,20230717-9PM_680_25_BMS_7,0.24,10.0,680,25,BMS,7,-0.619788758288394
168,20230717-9PM_750_25_BMS_0,0.108,10.0,750,25,BMS,0,-0.9665762445130504
169,20230717-9PM_750_25_BMS_1,0.133,10.0,750,25,BMS,1,-0.8761483590329142
170,20230717-9PM_750_25_BMS_2,0.142,10.0,750,25,BMS,2,-0.8477116556169435
171,20230717-9PM_750_25_BMS_3,0.114,10.0,750,25,BMS,3,-0.9430951486635274
172,20230717-9PM_750_25_BMS_4,0.159,10.0,750,25,BMS,4,-0.7986028756795485
173,20230717-9PM_750_25_BMS_5,0.143,10.0,750,25,BMS,5,-0.8446639625349383
174,20230717-9PM_750_25_BMS_6,0.136,10.0,750,25,BMS,6,-0.8664610916297825
175,20230717-9PM_750_25_BMS_7,0.14,10.0,750,25,BMS,7,-0.8538719643217619
176,20230717-9PM_680_32_3059_0,0.253,10.0,680,32,3059,0,-0.5968794788241821
177,20230717-9PM_680_32_3059_1,0.259,10.0,680,32,3059,1,-0.5867002359187482
178,20230717-9PM_680_32_3059_2,0.281,10.0,680,32,3059,2,-0.5512936800949201
179,20230717-9PM_680_32_3059_3,0.241,10.0,680,32,3059,3,-0.6179829574251317
180,20230717-9PM_680_32_3059_4,0.251,10.0,680,32,3059,4,-0.6003262785189618
181,20230717-9PM_680_32_3059_5,0.258,10.0,680,32,3059,5,-0.5883802940367698
182,20230717-9PM_680_32_3059_6,0.275,10.0,680,32,3059,6,-0.5606673061697374
183,20230717-9PM_680_32_3059_7,0.235,10.0,680,32,3059,7,-0.6289321377282637
184,20230717-9PM_750_32_3059_0,0.126,10.0,750,32,3059,0,-0.8996294548824371
185,20230717-9PM_750_32_3059_1,0.127,10.0,750,32,3059,1,-0.8961962790440431
186,20230717-9PM_750_32_3059_2,0.128,10.0,750,32,3059,2,-0.8927900303521317
187,20230717-9PM_750_32_3059_3,0.115,10.0,750,32,3059,3,-0.9393021596463883
188,20230717-9PM_750_32_3059_4,0.129,10.0,750,32,3059,4,-0.889410289700751
189,20230717-9PM_750_32_3059_5,0.131,10.0,750,32,3059,5,-0.8827287043442357
190,20230717-9PM_750_32_3059_6,0.143,10.0,750,32,3059,6,-0.8446639625349383
191,20230717-9PM_750_32_3059_7,0.122,10.0,750,32,3059,7,-0.9136401693252518
192,20230717-9PM_680_32_1691_0,0.257,10.0,680,32,1691,0,-0.5900668766687055
193,20230717-9PM_680_32_1691_1,0.191,10.0,680,32,1691,1,-0.7189666327522725
194,20230717-9PM_680_32_1691_2,0.264,10.0,680,32,1691,2,-0.5783960731301689
195,20230717-9PM_680_32_1691_3,0.16,10.0,680,32,1691,3,-0.7958800173440752
196,20230717-9PM_680_32_1691_4,0.21,10.0,680,32,1691,4,-0.6777807052660807
197,20230717-9PM_680_32_1691_5,0.142,10.0,680,32,1691,5,-0.8477116556169435
198,20230717-9PM_680_32_1691_6,0.154,10.0,680,32,1691,6,-0.8124792791635369
199,20230717-9PM_680_32_1691_7,0.196,10.0,680,32,1691,7,-0.707743928643524
200,20230717-9PM_750_32_1691_0,0.119,10.0,750,32,1691,0,-0.9244530386074693
201,20230717-9PM_750_32_1691_1,0.079,10.0,750,32,1691,1,-1.1023729087095586
202,20230717-9PM_750_32_1691_2,0.109,10.0,750,32,1691,2,-0.9625735020593764
203,20230717-9PM_750_32_1691_3,0.085,10.0,750,32,1691,3,-1.0705810742857071
204,20230717-9PM_750_32_1691_4,0.102,10.0,750,32,1691,4,-0.9913998282380825
205,20230717-9PM_750_32_1691_5,0.089,10.0,750,32,1691,5,-1.0506099933550872
206,20230717-9PM_750_32_1691_6,0.086,10.0,750,32,1691,6,-1.0655015487564323
207,20230717-9PM_750_32_1691_7,0.108,10.0,750,32,1691,7,-0.9665762445130504
208,20230717-9PM_680_32_1690_0,0.289,10.0,680,32,1690,0,-0.5391021572434522
209,20230717-9PM_680_32_1690_1,0.252,10.0,680,32,1690,1,-0.5985994592184559
210,20230717-9PM_680_32_1690_2,0.218,10.0,680,32,1690,2,-0.6615435063953952
211,20230717-9PM_680_32_1690_3,0.205,10.0,680,32,1690,3,-0.6882461389442457
212,20230717-9PM_680_32_1690_4,0.398,10.0,680,32,1690,4,-0.40011692792631215
213,20230717-9PM_680_32_1690_5,0.344,10.0,680,32,1690,5,-0.46344155742846993
214,20230717-9PM_680_32_1690_6,0.27,10.0,680,32,1690,6,-0.5686362358410126
215,20230717-9PM_680_32_1690_7,0.285,10.0,680,32,1690,7,-0.5451551399914898
216,20230717-9PM_750_32_1690_0,0.184,10.0,750,32,1690,0,-0.7351821769904635
217,20230717-9PM_750_32_1690_1,0.127,10.0,750,32,1690,1,-0.8961962790440431
218,20230717-9PM_750_32_1690_2,0.128,10.0,750,32,1690,2,-0.8927900303521317
219,20230717-9PM_750_32_1690_3,0.128,10.0,750,32,1690,3,-0.8927900303521317
220,20230717-9PM_750_32_1690_4,0.217,10.0,750,32,1690,4,-0.6635402661514705
221,20230717-9PM_750_32_1690_5,0.219,10.0,750,32,1690,5,-0.6595558851598816
222,20230717-9PM_750_32_1690_6,0.167,10.0,750,32,1690,6,-0.7772835288524167
223,20230717-9PM_750_32_1690_7,0.173,10.0,750,32,1690,7,-0.7619538968712046
224,20230717-9PM_680_32_2342_0,0.245,10.0,680,32,2342,0,-0.6108339156354675
225,20230717-9PM_680_32_2342_1,0.332,10.0,680,32,2342,1,-0.4788619162959637
226,20230717-9PM_680_32_2342_2,0.215,10.0,680,32,2342,2,-0.6675615400843947
227,20230717-9PM_680_32_2342_3,0.32,10.0,680,32,2342,3,-0.494850021680094
228,20230717-9PM_680_32_2342_4,0.036,10.0,680,32,2342,4,-1.4436974992327127
229,20230717-9PM_680_32_2342_5,0.355,10.0,680,32,2342,5,-0.44977164694490596
230,20230717-9PM_680_32_2342_6,0.217,10.0,680,32,2342,6,-0.6635402661514705
231,20230717-9PM_680_32_2342_7,0.263,10.0,680,32,2342,7,-0.5800442515102421
232,20230717-9PM_750_32_2342_0,0.117,10.0,750,32,2342,0,-0.9318141382538383
233,20230717-9PM_750_32_2342_1,0.1,10.0,750,32,2342,1,-1.0
234,20230717-9PM_750_32_2342_2,0.098,10.0,750,32,2342,2,-1.0087739243075051
235,20230717-9PM_750_32_2342_3,0.131,10.0,750,32,2342,3,-0.8827287043442357
236,20230717-9PM_750_32_2342_4,0.041,10.0,750,32,2342,4,-1.3872161432802645
237,20230717-9PM_750_32_2342_5,0.133,10.0,750,32,2342,5,-0.8761483590329142
238,20230717-9PM_750_32_2342_6,0.106,10.0,750,32,2342,6,-0.9746941347352298
239,20230717-9PM_750_32_2342_7,0.114,10.0,750,32,2342,7,-0.9430951486635274
240,20230717-9PM_680_32_4532_0,0.148,10.0,680,32,4532,0,-0.8297382846050426
241,20230717-9PM_680_32_4532_1,0.158,10.0,680,32,4532,1,-0.8013429130455774
242,20230717-9PM_680_32_4532_2,0.175,10.0,680,32,4532,2,-0.7569619513137056
243,20230717-9PM_680_32_4532_3,0.156,10.0,680,32,4532,3,-0.8068754016455384
244,20230717-9PM_680_32_4532_4,0.102,10.0,680,32,4532,4,-0.9913998282380825
245,20230717-9PM_680_32_4532_5,0.205,10.0,680,32,4532,5,-0.6882461389442457
246,20230717-9PM_680_32_4532_6,0.181,10.0,680,32,4532,6,-0.7423214251308154
247,20230717-9PM_680_32_4532_7,0.191,10.0,680,32,4532,7,-0.7189666327522725
248,20230717-9PM_750_32_4532_0,0.087,10.0,750,32,4532,0,-1.0604807473813815
249,20230717-9PM_750_32_4532_1,0.08,10.0,750,32,4532,1,-1.0969100130080565
250,20230717-9PM_750_32_4532_2,0.082,10.0,750,32,4532,2,-1.0861861476162833
251,20230717-9PM_750_32_4532_3,0.082,10.0,750,32,4532,3,-1.0861861476162833
252,20230717-9PM_750_32_4532_4,0.071,10.0,750,32,4532,4,-1.1487416512809248
253,20230717-9PM_750_32_4532_5,0.081,10.0,750,32,4532,5,-1.0915149811213503
254,20230717-9PM_750_32_4532_6,0.063,10.0,750,32,4532,6,-1.2006594505464183
255,20230717-9PM_750_32_4532_7,0.085,10.0,750,32,4532,7,-1.0705810742857071
256,20230717-9PM_680_32_2344_0,0.203,10.0,680,32,2344,0,-0.6925039620867871
257,20230717-9PM_680_32_2344_1,0.219,10.0,680,32,2344,1,-0.6595558851598816
258,20230717-9PM_680_32_2344_2,0.231,10.0,680,32,2344,2,-0.6363880201078557
259,20230717-9PM_680_32_2344_3,0.252,10.0,680,32,2344,3,-0.5985994592184559
260,20230717-9PM_680_32_2344_4,0.402,10.0,680,32,2344,4,-0.3957739469155299
261,20230717-9PM_680_32_2344_5,0.229,10.0,680,32,2344,5,-0.640164517660112
262,20230717-9PM_680_32_2344_6,0.205,10.0,680,32,2344,6,-0.6882461389442457
263,20230717-9PM_680_32_2344_7,0.244,10.0,680,32,2344,7,-0.6126101736612706
264,20230717-9PM_750_32_2344_0,0.13,10.0,750,32,2344,0,-0.8860566476931632
265,20230717-9PM_750_32_2344_1,0.139,10.0,750,32,2344,1,-0.8569851997459049
266,20230717-9PM_750_32_2344_2,0.146,10.0,750,32,2344,2,-0.835647144215563
267,20230717-9PM_750_32_2344_3,0.15,10.0,750,32,2344,3,-0.8239087409443188
268,20230717-9PM_750_32_2344_4,0.237,10.0,750,32,2344,4,-0.6252516539898961
269,20230717-9PM_750_32_2344_5,0.154,10.0,750,32,2344,5,-0.8124792791635369
270,20230717-9PM_750_32_2344_6,0.134,10.0,750,32,2344,6,-0.8728952016351923
271,20230717-9PM_750_32_2344_7,0.144,10.0,750,32,2344,7,-0.8416375079047503
272,20230717-9PM_680_32_2343_0,0.297,10.0,680,32,2343,0,-0.5272435506827877
273,20230717-9PM_680_32_2343_1,0.346,10.0,680,32,2343,1,-0.46092390120722343
274,20230717-9PM_680_32_2343_2,0.328,10.0,680,32,2343,2,-0.4841261562883209
275,20230717-9PM_680_32_2343_3,0.206,10.0,680,32,2343,3,-0.6861327796308466
276,20230717-9PM_680_32_2343_4,0.096,10.0,680,32,2343,4,-1.0177287669604316
277,20230717-9PM_680_32_2343_5,0.342,10.0,680,32,2343,5,-0.46597389394386496
278,20230717-9PM_680_32_2343_6,0.276,10.0,680,32,2343,6,-0.5590909179347823
279,20230717-9PM_680_32_2343_7,0.182,10.0,680,32,2343,7,-0.7399286120149252
280,20230717-9PM_750_32_2343_0,0.166,10.0,750,32,2343,0,-0.7798919119599449
281,20230717-9PM_750_32_2343_1,0.205,10.0,750,32,2343,1,-0.6882461389442457
282,20230717-9PM_750_32_2343_2,0.139,10.0,750,32,2343,2,-0.8569851997459049
283,20230717-9PM_750_32_2343_3,0.153,10.0,750,32,2343,3,-0.8153085691824012
284,20230717-9PM_750_32_2343_4,0.07,10.0,750,32,2343,4,-1.154901959985743
285,20230717-9PM_750_32_2343_5,0.183,10.0,750,32,2343,5,-0.7375489102695706
286,20230717-9PM_750_32_2343_6,0.168,10.0,750,32,2343,6,-0.7746907182741372
287,20230717-9PM_750_32_2343_7,0.118,10.0,750,32,2343,7,-0.9281179926938746
288,20230717-9PM_680_32_1952_0,0.31,10.0,680,32,1952,0,-0.5086383061657274
289,20230717-9PM_680_32_1952_1,0.324,10.0,680,32,1952,1,-0.48945498979338786
290,20230717-9PM_680_32_1952_2,0.297,10.0,680,32,1952,2,-0.5272435506827877
291,20230717-9PM_680_32_1952_3,0.278,10.0,680,32,1952,3,-0.5559552040819237
292,20230717-9PM_680_32_1952_4,0.263,10.0,680,32,1952,4,-0.5800442515102421
293,20230717-9PM_680_32_1952_5,0.317,10.0,680,32,1952,5,-0.4989407377822485
294,20230717-9PM_680_32_1952_6,0.437,10.0,680,32,1952,6,-0.3595185630295782
295,20230717-9PM_680_32_1952_7,0.236,10.0,680,32,1952,7,-0.6270879970298935
296,20230717-9PM_750_32_1952_0,0.172,10.0,750,32,1952,0,-0.7644715530924511
297,20230717-9PM_750_32_1952_1,0.175,10.0,750,32,1952,1,-0.7569619513137056
298,20230717-9PM_750_32_1952_2,0.169,10.0,750,32,1952,2,-0.7721132953863264
299,20230717-9PM_750_32_1952_3,0.161,10.0,750,32,1952,3,-0.7931741239681502
300,20230717-9PM_750_32_1952_4,0.154,10.0,750,32,1952,4,-0.8124792791635369
301,20230717-9PM_750_32_1952_5,0.184,10.0,750,32,1952,5,-0.7351821769904635
302,20230717-9PM_750_32_1952_6,0.248,10.0,750,32,1952,6,-0.6055483191737837
303,20230717-9PM_750_32_1952_7,0.139,10.0,750,32,1952,7,-0.8569851997459049
304,20230717-9PM_680_32_2931_0,0.236,10.0,680,32,2931,0,-0.6270879970298935
305,20230717-9PM_680_32_2931_1,0.191,10.0,680,32,2931,1,-0.7189666327522725
306,20230717-9PM_680_32_2931_2,0.179,10.0,680,32,2931,2,-0.7471469690201068
307,20230717-9PM_680_32_2931_3,0.191,10.0,680,32,2931,3,-0.7189666327522725
308,20230717-9PM_680_32_2931_4,0.178,10.0,680,32,2931,4,-0.7495799976911061
309,20230717-9PM_680_32_2931_5,0.187,10.0,680,32,2931,5,-0.7281583934635011
310,20230717-9PM_680_32_2931_6,0.118,10.0,680,32,2931,6,-0.9281179926938746
311,20230717-9PM_680_32_2931_7,0.161,10.0,680,32,2931,7,-0.7931741239681502
312,20230717-9PM_750_32_2931_0,0.131,10.0,750,32,2931,0,-0.8827287043442357
313,20230717-9PM_750_32_2931_1,0.126,10.0,750,32,2931,1,-0.8996294548824371
314,20230717-9PM_750_32_2931_2,0.118,10.0,750,32,2931,2,-0.9281179926938746
315,20230717-9PM_750_32_2931_3,0.12,10.0,750,32,2931,3,-0.9208187539523752
316,20230717-9PM_750_32_2931_4,0.124,10.0,750,32,2931,4,-0.906578314837765
317,20230717-9PM_750_32_2931_5,0.125,10.0,750,32,2931,5,-0.9030899869919435
318,20230717-9PM_750_32_2931_6,0.081,10.0,750,32,2931,6,-1.0915149811213503
319,20230717-9PM_750_32_2931_7,0.103,10.0,750,32,2931,7,-0.9871627752948278
320,20230717-9PM_680_32_JG5_0,0.152,10.0,680,32,JG5,0,-0.8181564120552275
321,20230717-9PM_680_32_JG5_1,0.14,10.0,680,32,JG5,1,-0.8538719643217619
322,20230717-9PM_680_32_JG5_2,0.19,10.0,680,32,JG5,2,-0.721246399047171
323,20230717-9PM_680_32_JG5_3,0.336,10.0,680,32,JG5,3,-0.4736607226101559
324,20230717-9PM_680_32_JG5_4,0.275,10.0,680,32,JG5,4,-0.5606673061697374
325,20230717-9PM_680_32_JG5_5,0.171,10.0,680,32,JG5,5,-0.7670038896078462
326,20230717-9PM_680_32_JG5_6,0.53,10.0,680,32,JG5,6,-0.27572413039921095
327,20230717-9PM_680_32_JG5_7,0.267,10.0,680,32,JG5,7,-0.5734887386354247
328,20230717-9PM_750_32_JG5_0,0.091,10.0,750,32,JG5,0,-1.0409586076789064
329,20230717-9PM_750_32_JG5_1,0.089,10.0,750,32,JG5,1,-1.0506099933550872
330,20230717-9PM_750_32_JG5_2,0.112,10.0,750,32,JG5,2,-0.9507819773298184
331,20230717-9PM_750_32_JG5_3,0.166,10.0,750,32,JG5,3,-0.7798919119599449
332,20230717-9PM_750_32_JG5_4,0.148,10.0,750,32,JG5,4,-0.8297382846050426
333,20230717-9PM_750_32_JG5_5,0.104,10.0,750,32,JG5,5,-0.9829666607012196
334,20230717-9PM_750_32_JG5_6,0.227,10.0,750,32,JG5,6,-0.6439741428068773
335,20230717-9PM_750_32_JG5_7,0.142,10.0,750,32,JG5,7,-0.8477116556169435
336,20230717-9PM_680_32_BMS_0,0.297,10.0,680,32,BMS,0,-0.5272435506827877
337,20230717-9PM_680_32_BMS_1,0.335,10.0,680,32,BMS,1,-0.47495519296315475
338,20230717-9PM_680_32_BMS_2,0.311,10.0,680,32,BMS,2,-0.5072396109731625
339,20230717-9PM_680_32_BMS_3,0.23,10.0,680,32,BMS,3,-0.638272163982407
340,20230717-9PM_680_32_BMS_4,0.332,10.0,680,32,BMS,4,-0.4788619162959637
341,20230717-9PM_680_32_BMS_5,0.348,10.0,680,32,BMS,5,-0.4584207560534191
342,20230717-9PM_680_32_BMS_6,0.305,10.0,680,32,BMS,6,-0.5157001606532142
343,20230717-9PM_680_32_BMS_7,0.315,10.0,680,32,BMS,7,-0.5016894462103995
344,20230717-9PM_750_32_BMS_0,0.168,10.0,750,32,BMS,0,-0.7746907182741372
345,20230717-9PM_750_32_BMS_1,0.18,10.0,750,32,BMS,1,-0.744727494896694
346,20230717-9PM_750_32_BMS_2,0.174,10.0,750,32,BMS,2,-0.7594507517174003
347,20230717-9PM_750_32_BMS_3,0.131,10.0,750,32,BMS,3,-0.8827287043442357
348,20230717-9PM_750_32_BMS_4,0.183,10.0,750,32,BMS,4,-0.7375489102695706
349,20230717-9PM_750_32_BMS_5,0.193,10.0,750,32,BMS,5,-0.7144426909922262
350,20230717-9PM_750_32_BMS_6,0.168,10.0,750,32,BMS,6,-0.7746907182741372
351,20230717-9PM_750_32_BMS_7,0.179,10.0,750,32,BMS,7,-0.7471469690201068
352,20230717-9PM_680_28_3059_0,0.191,10.0,680,28,3059,0,-0.7189666327522725
353,20230717-9PM_680_28_3059_1,0.185,10.0,680,28,3059,1,-0.7328282715969862
354,20230717-9PM_680_28_3059_2,0.276,10.0,680,28,3059,2,-0.5590909179347823
355,20230717-9PM_680_28_3059_3,0.262,10.0,680,28,3059,3,-0.5816987086802545
356,20230717-9PM_680_28_3059_4,0.19,10.0,680,28,3059,4,-0.721246399047171
357,20230717-9PM_680_28_3059_5,0.234,10.0,680,28,3059,5,-0.6307841425898572
358,20230717-9PM_680_28_3059_6,0.24,10.0,680,28,3059,6,-0.619788758288394
359,20230717-9PM_680_28_3059_7,0.224,10.0,680,28,3059,7,-0.6497519816658371
360,20230717-9PM_750_28_3059_0,0.105,10.0,750,28,3059,0,-0.978810700930062
361,20230717-9PM_750_28_3059_1,0.099,10.0,750,28,3059,1,-1.00436480540245
362,20230717-9PM_750_28_3059_2,0.132,10.0,750,28,3059,2,-0.8794260687941501
363,20230717-9PM_750_28_3059_3,0.124,10.0,750,28,3059,3,-0.906578314837765
364,20230717-9PM_750_28_3059_4,0.105,10.0,750,28,3059,4,-0.978810700930062
365,20230717-9PM_750_28_3059_5,0.118,10.0,750,28,3059,5,-0.9281179926938746
366,20230717-9PM_750_28_3059_6,0.125,10.0,750,28,3059,6,-0.9030899869919435
367,20230717-9PM_750_28_3059_7,0.115,10.0,750,28,3059,7,-0.9393021596463883
368,20230717-9PM_680_28_1691_0,0.348,10.0,680,28,1691,0,-0.4584207560534191
369,20230717-9PM_680_28_1691_1,0.31,10.0,680,28,1691,1,-0.5086383061657274
370,20230717-9PM_680_28_1691_2,0.411,10.0,680,28,1691,2,-0.38615817812393083
371,20230717-9PM_680_28_1691_3,0.342,10.0,680,28,1691,3,-0.46597389394386496
372,20230717-9PM_680_28_1691_4,0.259,10.0,680,28,1691,4,-0.5867002359187482
373,20230717-9PM_680_28_1691_5,0.274,10.0,680,28,1691,5,-0.562249437179612
374,20230717-9PM_680_28_1691_6,0.279,10.0,680,28,1691,6,-0.5543957967264024
375,20230717-9PM_680_28_1691_7,0.276,10.0,680,28,1691,7,-0.5590909179347823
376,20230717-9PM_750_28_1691_0,0.164,10.0,750,28,1691,0,-0.7851561519523022
377,20230717-9PM_750_28_1691_1,0.152,10.0,750,28,1691,1,-0.8181564120552275
378,20230717-9PM_750_28_1691_2,0.174,10.0,750,28,1691,2,-0.7594507517174003
379,20230717-9PM_750_28_1691_3,0.169,10.0,750,28,1691,3,-0.7721132953863264
380,20230717-9PM_750_28_1691_4,0.118,10.0,750,28,1691,4,-0.9281179926938746
381,20230717-9PM_750_28_1691_5,0.135,10.0,750,28,1691,5,-0.8696662315049939
382,20230717-9PM_750_28_1691_6,0.138,10.0,750,28,1691,6,-0.8601209135987634
383,20230717-9PM_750_28_1691_7,0.143,10.0,750,28,1691,7,-0.8446639625349383
384,20230717-9PM_680_28_1690_0,0.277,10.0,680,28,1690,0,-0.5575202309355514
385,20230717-9PM_680_28_1690_1,0.264,10.0,680,28,1690,1,-0.5783960731301689
386,20230717-9PM_680_28_1690_2,0.401,10.0,680,28,1690,2,-0.39685562737981767
387,20230717-9PM_680_28_1690_3,0.263,10.0,680,28,1690,3,-0.5800442515102421
388,20230717-9PM_680_28_1690_4,0.308,10.0,680,28,1690,4,-0.5114492834995558
389,20230717-9PM_680_28_1690_5,0.228,10.0,680,28,1690,5,-0.6420651529995461
390,20230717-9PM_680_28_1690_6,0.405,10.0,680,28,1690,6,-0.3925449767853314
391,20230717-9PM_680_28_1690_7,0.187,10.0,680,28,1690,7,-0.7281583934635011
392,20230717-9PM_750_28_1690_0,0.162,10.0,750,28,1690,0,-0.790484985457369
393,20230717-9PM_750_28_1690_1,0.142,10.0,750,28,1690,1,-0.8477116556169435
394,20230717-9PM_750_28_1690_2,0.222,10.0,750,28,1690,2,-0.6536470255493614
395,20230717-9PM_750_28_1690_3,0.161,10.0,750,28,1690,3,-0.7931741239681502
396,20230717-9PM_750_28_1690_4,0.186,10.0,750,28,1690,4,-0.7304870557820837
397,20230717-9PM_750_28_1690_5,0.142,10.0,750,28,1690,5,-0.8477116556169435
398,20230717-9PM_750_28_1690_6,0.234,10.0,750,28,1690,6,-0.6307841425898572
399,20230717-9PM_750_28_1690_7,0.114,10.0,750,28,1690,7,-0.9430951486635274
400,20230717-9PM_680_28_2342_0,0.206,10.0,680,28,2342,0,-0.6861327796308466
401,20230717-9PM_680_28_2342_1,0.183,10.0,680,28,2342,1,-0.7375489102695706
402,20230717-9PM_680_28_2342_2,0.215,10.0,680,28,2342,2,-0.6675615400843947
403,20230717-9PM_680_28_2342_3,0.21,10.0,680,28,2342,3,-0.6777807052660807
404,20230717-9PM_680_28_2342_4,0.037,10.0,680,28,2342,4,-1.431798275933005
405,20230717-9PM_680_28_2342_5,0.415,10.0,680,28,2342,5,-0.3819519032879073
406,20230717-9PM_680_28_2342_6,0.205,10.0,680,28,2342,6,-0.6882461389442457
407,20230717-9PM_680_28_2342_7,0.226,10.0,680,28,2342,7,-0.645891560852599
408,20230717-9PM_750_28_2342_0,0.102,10.0,750,28,2342,0,-0.9913998282380825
409,20230717-9PM_750_28_2342_1,0.11,10.0,750,28,2342,1,-0.958607314841775
410,20230717-9PM_750_28_2342_2,0.113,10.0,750,28,2342,2,-0.9469215565165803
411,20230717-9PM_750_28_2342_3,0.118,10.0,750,28,2342,3,-0.9281179926938746
412,20230717-9PM_750_28_2342_4,0.041,10.0,750,28,2342,4,-1.3872161432802645
413,20230717-9PM_750_28_2342_5,0.167,10.0,750,28,2342,5,-0.7772835288524167
414,20230717-9PM_750_28_2342_6,0.112,10.0,750,28,2342,6,-0.9507819773298184
415,20230717-9PM_750_28_2342_7,0.121,10.0,750,28,2342,7,-0.9172146296835499
416,20230717-9PM_680_28_4532_0,0.158,10.0,680,28,4532,0,-0.8013429130455774
417,20230717-9PM_680_28_4532_1,0.207,10.0,680,28,4532,1,-0.6840296545430823
418,20230717-9PM_680_28_4532_2,0.293,10.0,680,28,4532,2,-0.5331323796458906
419,20230717-9PM_680_28_4532_3,0.206,10.0,680,28,4532,3,-0.6861327796308466
420,20230717-9PM_680_28_4532_4,0.137,10.0,680,28,4532,4,-0.8632794328435932
421,20230717-9PM_680_28_4532_5,0.263,10.0,680,28,4532,5,-0.5800442515102421
422,20230717-9PM_680_28_4532_6,0.217,10.0,680,28,4532,6,-0.6635402661514705
423,20230717-9PM_680_28_4532_7,0.194,10.0,680,28,4532,7,-0.712198270069774
424,20230717-9PM_750_28_4532_0,0.091,10.0,750,28,4532,0,-1.0409586076789064
425,20230717-9PM_750_28_4532_1,0.091,10.0,750,28,4532,1,-1.0409586076789064
426,20230717-9PM_750_28_4532_2,0.126,10.0,750,28,4532,2,-0.8996294548824371
427,20230717-9PM_750_28_4532_3,0.08,10.0,750,28,4532,3,-1.0969100130080565
428,20230717-9PM_750_28_4532_4,0.08,10.0,750,28,4532,4,-1.0969100130080565
429,20230717-9PM_750_28_4532_5,0.091,10.0,750,28,4532,5,-1.0409586076789064
430,20230717-9PM_750_28_4532_6,0.082,10.0,750,28,4532,6,-1.0861861476162833
431,20230717-9PM_750_28_4532_7,0.084,10.0,750,28,4532,7,-1.0757207139381184
432,20230717-9PM_680_28_2344_0,0.227,10.0,680,28,2344,0,-0.6439741428068773
433,20230717-9PM_680_28_2344_1,0.132,10.0,680,28,2344,1,-0.8794260687941501
434,20230717-9PM_680_28_2344_2,0.14,10.0,680,28,2344,2,-0.8538719643217619
435,20230717-9PM_680_28_2344_3,0.253,10.0,680,28,2344,3,-0.5968794788241821
436,20230717-9PM_680_28_2344_4,0.178,10.0,680,28,2344,4,-0.7495799976911061
437,20230717-9PM_680_28_2344_5,0.171,10.0,680,28,2344,5,-0.7670038896078462
438,20230717-9PM_680_28_2344_6,0.213,10.0,680,28,2344,6,-0.6716203965612623
439,20230717-9PM_680_28_2344_7,0.144,10.0,680,28,2344,7,-0.8416375079047503
440,20230717-9PM_750_28_2344_0,0.134,10.0,750,28,2344,0,-0.8728952016351923
441,20230717-9PM_750_28_2344_1,0.087,10.0,750,28,2344,1,-1.0604807473813815
442,20230717-9PM_750_28_2344_2,0.093,10.0,750,28,2344,2,-1.031517051446065
443,20230717-9PM_750_28_2344_3,0.146,10.0,750,28,2344,3,-0.835647144215563
444,20230717-9PM_750_28_2344_4,0.113,10.0,750,28,2344,4,-0.9469215565165803
445,20230717-9PM_750_28_2344_5,0.114,10.0,750,28,2344,5,-0.9430951486635274
446,20230717-9PM_750_28_2344_6,0.128,10.0,750,28,2344,6,-0.8927900303521317
447,20230717-9PM_750_28_2344_7,0.095,10.0,750,28,2344,7,-1.0222763947111522
448,20230717-9PM_680_28_2343_0,0.293,10.0,680,28,2343,0,-0.5331323796458906
449,20230717-9PM_680_28_2343_1,0.172,10.0,680,28,2343,1,-0.7644715530924511
450,20230717-9PM_680_28_2343_2,0.296,10.0,680,28,2343,2,-0.5287082889410615
451,20230717-9PM_680_28_2343_3,0.355,10.0,680,28,2343,3,-0.44977164694490596
452,20230717-9PM_680_28_2343_4,0.16,10.0,680,28,2343,4,-0.7958800173440752
453,20230717-9PM_680_28_2343_5,0.384,10.0,680,28,2343,5,-0.4156687756324692
454,20230717-9PM_680_28_2343_6,0.289,10.0,680,28,2343,6,-0.5391021572434522
455,20230717-9PM_680_28_2343_7,0.124,10.0,680,28,2343,7,-0.906578314837765
456,20230717-9PM_750_28_2343_0,0.159,10.0,750,28,2343,0,-0.7986028756795485
457,20230717-9PM_750_28_2343_1,0.108,10.0,750,28,2343,1,-0.9665762445130504
458,20230717-9PM_750_28_2343_2,0.131,10.0,750,28,2343,2,-0.8827287043442357
459,20230717-9PM_750_28_2343_3,0.216,10.0,750,28,2343,3,-0.6655462488490691
460,20230717-9PM_750_28_2343_4,0.103,10.0,750,28,2343,4,-0.9871627752948278
461,20230717-9PM_750_28_2343_5,0.228,10.0,750,28,2343,5,-0.6420651529995461
462,20230717-9PM_750_28_2343_6,0.167,10.0,750,28,2343,6,-0.7772835288524167
463,20230717-9PM_750_28_2343_7,0.083,10.0,750,28,2343,7,-1.080921907623926
464,20230717-9PM_680_28_1952_0,0.17,10.0,680,28,1952,0,-0.769551078621726
465,20230717-9PM_680_28_1952_1,0.301,10.0,680,28,1952,1,-0.5214335044061567
466,20230717-9PM_680_28_1952_2,0.138,10.0,680,28,1952,2,-0.8601209135987634
467,20230717-9PM_680_28_1952_3,0.212,10.0,680,28,1952,3,-0.6736641390712486
468,20230717-9PM_680_28_1952_4,0.202,10.0,680,28,1952,4,-0.6946486305533762
469,20230717-9PM_680_28_1952_5,0.189,10.0,680,28,1952,5,-0.7235381958267558
470,20230717-9PM_680_28_1952_6,0.286,10.0,680,28,1952,6,-0.543633966870957
471,20230717-9PM_680_28_1952_7,0.277,10.0,680,28,1952,7,-0.5575202309355514
472,20230717-9PM_750_28_1952_0,0.111,10.0,750,28,1952,0,-0.9546770212133425
473,20230717-9PM_750_28_1952_1,0.166,10.0,750,28,1952,1,-0.7798919119599449
474,20230717-9PM_750_28_1952_2,0.094,10.0,750,28,1952,2,-1.0268721464003014
475,20230717-9PM_750_28_1952_3,0.13,10.0,750,28,1952,3,-0.8860566476931632
476,20230717-9PM_750_28_1952_4,0.126,10.0,750,28,1952,4,-0.8996294548824371
477,20230717-9PM_750_28_1952_5,0.118,10.0,750,28,1952,5,-0.9281179926938746
478,20230717-9PM_750_28_1952_6,0.166,10.0,750,28,1952,6,-0.7798919119599449
479,20230717-9PM_750_28_1952_7,0.158,10.0,750,28,1952,7,-0.8013429130455774
480,20230717-9PM_680_28_2931_0,0.218,10.0,680,28,2931,0,-0.6615435063953952
481,20230717-9PM_680_28_2931_1,0.201,10.0,680,28,2931,1,-0.6968039425795111
482,20230717-9PM_680_28_2931_2,0.169,10.0,680,28,2931,2,-0.7721132953863264
483,20230717-9PM_680_28_2931_3,0.259,10.0,680,28,2931,3,-0.5867002359187482
484,20230717-9PM_680_28_2931_4,0.195,10.0,680,28,2931,4,-0.7099653886374819
485,20230717-9PM_680_28_2931_5,0.209,10.0,680,28,2931,5,-0.679853713888946
486,20230717-9PM_680_28_2931_6,0.139,10.0,680,28,2931,6,-0.8569851997459049
487,20230717-9PM_680_28_2931_7,0.156,10.0,680,28,2931,7,-0.8068754016455384
488,20230717-9PM_750_28_2931_0,0.139,10.0,750,28,2931,0,-0.8569851997459049
489,20230717-9PM_750_28_2931_1,0.121,10.0,750,28,2931,1,-0.9172146296835499
490,20230717-9PM_750_28_2931_2,0.126,10.0,750,28,2931,2,-0.8996294548824371
491,20230717-9PM_750_28_2931_3,0.149,10.0,750,28,2931,3,-0.826813731587726
492,20230717-9PM_750_28_2931_4,0.126,10.0,750,28,2931,4,-0.8996294548824371
493,20230717-9PM_750_28_2931_5,0.118,10.0,750,28,2931,5,-0.9281179926938746
494,20230717-9PM_750_28_2931_6,0.087,10.0,750,28,2931,6,-1.0604807473813815
495,20230717-9PM_750_28_2931_7,0.096,10.0,750,28,2931,7,-1.0177287669604316
496,20230717-9PM_680_28_JG5_0,0.161,10.0,680,28,JG5,0,-0.7931741239681502
497,20230717-9PM_680_28_JG5_1,0.288,10.0,680,28,JG5,1,-0.5406075122407692
498,20230717-9PM_680_28_JG5_2,0.21,10.0,680,28,JG5,2,-0.6777807052660807
499,20230717-9PM_680_28_JG5_3,0.116,10.0,680,28,JG5,3,-0.9355420107730815
500,20230717-9PM_680_28_JG5_4,0.132,10.0,680,28,JG5,4,-0.8794260687941501
501,20230717-9PM_680_28_JG5_5,0.237,10.0,680,28,JG5,5,-0.6252516539898961
502,20230717-9PM_680_28_JG5_6,0.099,10.0,680,28,JG5,6,-1.00436480540245
503,20230717-9PM_680_28_JG5_7,0.166,10.0,680,28,JG5,7,-0.7798919119599449
504,20230717-9PM_750_28_JG5_0,0.107,10.0,750,28,JG5,0,-0.9706162223147904
505,20230717-9PM_750_28_JG5_1,0.16,10.0,750,28,JG5,1,-0.7958800173440752
506,20230717-9PM_750_28_JG5_2,0.123,10.0,750,28,JG5,2,-0.9100948885606021
507,20230717-9PM_750_28_JG5_3,0.082,10.0,750,28,JG5,3,-1.0861861476162833
508,20230717-9PM_750_28_JG5_4,0.091,10.0,750,28,JG5,4,-1.0409586076789064
509,20230717-9PM_750_28_JG5_5,0.139,10.0,750,28,JG5,5,-0.8569851997459049
510,20230717-9PM_750_28_JG5_6,0.073,10.0,750,28,JG5,6,-1.136677139879544
511,20230717-9PM_750_28_JG5_7,0.105,10.0,750,28,JG5,7,-0.978810700930062
512,20230717-9PM_680_28_BMS_0,0.169,10.0,680,28,BMS,0,-0.7721132953863264
513,20230717-9PM_680_28_BMS_1,0.208,10.0,680,28,BMS,1,-0.6819366650372385
514,20230717-9PM_680_28_BMS_2,0.268,10.0,680,28,BMS,2,-0.5718652059712112
515,20230717-9PM_680_28_BMS_3,0.243,10.0,680,28,BMS,3,-0.6143937264016879
516,20230717-9PM_680_28_BMS_4,0.29,10.0,680,28,BMS,4,-0.5376020021010439
517,20230717-9PM_680_28_BMS_5,0.215,10.0,680,28,BMS,5,-0.6675615400843947
518,20230717-9PM_680_28_BMS_6,0.258,10.0,680,28,BMS,6,-0.5883802940367698
519,20230717-9PM_680_28_BMS_7,0.286,10.0,680,28,BMS,7,-0.543633966870957
520,20230717-9PM_750_28_BMS_0,0.107,10.0,750,28,BMS,0,-0.9706162223147904
521,20230717-9PM_750_28_BMS_1,0.121,10.0,750,28,BMS,1,-0.9172146296835499
522,20230717-9PM_750_28_BMS_2,0.15,10.0,750,28,BMS,2,-0.8239087409443188
523,20230717-9PM_750_28_BMS_3,0.142,10.0,750,28,BMS,3,-0.8477116556169435
524,20230717-9PM_750_28_BMS_4,0.165,10.0,750,28,BMS,4,-0.7825160557860937
525,20230717-9PM_750_28_BMS_5,0.132,10.0,750,28,BMS,5,-0.8794260687941501
526,20230717-9PM_750_28_BMS_6,0.147,10.0,750,28,BMS,6,-0.8326826652518239
527,20230717-9PM_750_28_BMS_7,0.167,10.0,750,28,BMS,7,-0.7772835288524167
528,20230721-9PM_680_25_3059_0,1.921,106.0,680,25,3059,0,0.28352736486169366
529,20230721-9PM_680_25_3059_1,1.858,106.0,680,25,3059,1,0.269045709657623
530,20230721-9PM_680_25_3059_2,1.989,106.0,680,25,3059,2,0.2986347831244356
531,20230721-9PM_680_25_3059_3,1.849,106.0,680,25,3059,3,0.26693691115917306
532,20230721-9PM_680_25_3059_4,1.768,106.0,680,25,3059,4,0.24748226067705428
533,20230721-9PM_680_25_3059_5,1.771,106.0,680,25,3059,5,0.24821856119007474
534,20230721-9PM_680_25_3059_6,1.793,106.0,680,25,3059,6,0.2535802895621828
535,20230721-9PM_680_25_3059_7,1.354,106.0,680,25,3059,7,0.13161866434912553
536,20230721-9PM_750_25_3059_0,1.252,106.0,750,25,3059,0,0.09760432887441088
537,20230721-9PM_750_25_3059_1,1.263,106.0,750,25,3059,1,0.10140335055533072
538,20230721-9PM_750_25_3059_2,1.258,106.0,750,25,3059,2,0.09968064110925012
539,20230721-9PM_750_25_3059_3,1.266,106.0,750,25,3059,3,0.1024337056813363
540,20230721-9PM_750_25_3059_4,1.236,106.0,750,25,3059,4,0.09201847075279702
541,20230721-9PM_750_25_3059_5,1.26,106.0,750,25,3059,5,0.10037054511756291
542,20230721-9PM_750_25_3059_6,1.259,106.0,750,25,3059,6,0.10002573010786256
543,20230721-9PM_750_25_3059_7,1.052,106.0,750,25,3059,7,0.02201573981772028
544,20230721-9PM_680_25_1691_0,2.015,106.0,680,25,1691,0,0.3042750504771283
545,20230721-9PM_680_25_1691_1,1.712,106.0,680,25,1691,1,0.2335037603411344
546,20230721-9PM_680_25_1691_2,1.816,106.0,680,25,1691,2,0.25911584418506634
547,20230721-9PM_680_25_1691_3,1.659,106.0,680,25,1691,3,0.2198463860243607
548,20230721-9PM_680_25_1691_4,1.498,106.0,680,25,1691,4,0.17551181336344768
549,20230721-9PM_680_25_1691_5,0.899,106.0,680,25,1691,5,-0.046240308266771224
550,20230721-9PM_680_25_1691_6,0.789,106.0,680,25,1691,6,-0.10292299679057967
551,20230721-9PM_680_25_1691_7,2.024,106.0,680,25,1691,7,0.3062105081677615
552,20230721-9PM_750_25_1691_0,1.146,106.0,750,25,1691,0,0.05918461763137114
553,20230721-9PM_750_25_1691_1,1.057,106.0,750,25,1691,1,0.024074987307426243
554,20230721-9PM_750_25_1691_2,1.126,106.0,750,25,1691,2,0.05153839051532738
555,20230721-9PM_750_25_1691_3,1.047,106.0,750,25,1691,3,0.019946681678842306
556,20230721-9PM_750_25_1691_4,1.054,106.0,750,25,1691,4,0.022840610876527823
557,20230721-9PM_750_25_1691_5,0.589,106.0,750,25,1691,5,-0.2298847052128984
558,20230721-9PM_750_25_1691_6,0.502,106.0,750,25,1691,6,-0.29929628285498067
559,20230721-9PM_750_25_1691_7,1.156,106.0,750,25,1691,7,0.06295783408451022
560,20230721-9PM_680_25_1690_0,1.753,106.0,680,25,1690,0,0.2437819160937949
561,20230721-9PM_680_25_1690_1,0.653,106.0,680,25,1690,1,-0.18508681872492605
562,20230721-9PM_680_25_1690_2,1.865,106.0,680,25,1690,2,0.2706788361447064
563,20230721-9PM_680_25_1690_3,1.931,106.0,680,25,1690,3,0.28578227377939475
564,20230721-9PM_680_25_1690_4,1.55,106.0,680,25,1690,4,0.1903316981702915
565,20230721-9PM_680_25_1690_5,2.335,106.0,680,25,1690,5,0.36828688490213096
566,20230721-9PM_680_25_1690_6,1.546,106.0,680,25,1690,6,0.18920948958230613
567,20230721-9PM_680_25_1690_7,1.515,106.0,680,25,1690,7,0.1804126328383238
568,20230721-9PM_750_25_1690_0,1.017,106.0,750,25,1690,0,0.0073209529227445565
569,20230721-9PM_750_25_1690_1,0.498,106.0,750,25,1690,1,-0.30277065724028246
570,20230721-9PM_750_25_1690_2,1.255,106.0,750,25,1690,2,0.09864372581705691
571,20230721-9PM_750_25_1690_3,1.288,106.0,750,25,1690,3,0.1099158630237933
572,20230721-9PM_750_25_1690_4,1.147,106.0,750,25,1690,4,0.059563417901267686
573,20230721-9PM_750_25_1690_5,1.222,106.0,750,25,1690,5,0.08707120590653541
574,20230721-9PM_750_25_1690_6,1.149,106.0,750,25,1690,6,0.060320028688285184
575,20230721-9PM_750_25_1690_7,1.122,106.0,750,25,1690,7,0.049992856920142645
576,20230721-9PM_680_25_2342_0,1.288,106.0,680,25,2342,0,0.1099158630237933
577,20230721-9PM_680_25_2342_1,1.263,106.0,680,25,2342,1,0.10140335055533072
578,20230721-9PM_680_25_2342_2,1.432,106.0,680,25,2342,2,0.15594301797183674
579,20230721-9PM_680_25_2342_3,1.326,106.0,680,25,2342,3,0.12254352406875435
580,20230721-9PM_680_25_2342_4,0.037,106.0,680,25,2342,4,-1.431798275933005
581,20230721-9PM_680_25_2342_5,1.313,106.0,680,25,2342,5,0.11826472608947933
582,20230721-9PM_680_25_2342_6,1.277,106.0,680,25,2342,6,0.10619089726341525
583,20230721-9PM_680_25_2342_7,1.012,106.0,680,25,2342,7,0.005180512503780314
584,20230721-9PM_750_25_2342_0,1.038,106.0,750,25,2342,0,0.01619735351243906
585,20230721-9PM_750_25_2342_1,1.037,106.0,750,25,2342,1,0.01577875638904093
586,20230721-9PM_750_25_2342_2,1.064,106.0,750,25,2342,2,0.0269416279590294
587,20230721-9PM_750_25_2342_3,1.081,106.0,750,25,2342,3,0.03382569395331033
588,20230721-9PM_750_25_2342_4,0.04,106.0,750,25,2342,4,-1.3979400086720375
589,20230721-9PM_750_25_2342_5,0.993,106.0,750,25,2342,5,-0.0030507515046188267
590,20230721-9PM_750_25_2342_6,1.015,106.0,750,25,2342,6,0.006466042249231681
591,20230721-9PM_750_25_2342_7,0.81,106.0,750,25,2342,7,-0.09151498112135022
592,20230721-9PM_680_25_4532_0,1.741,106.0,680,25,4532,0,0.24079877111733122
593,20230721-9PM_680_25_4532_1,1.38,106.0,680,25,4532,1,0.13987908640123647
594,20230721-9PM_680_25_4532_2,1.54,106.0,680,25,4532,2,0.18752072083646307
595,20230721-9PM_680_25_4532_3,1.818,106.0,680,25,4532,3,0.25959387888594865
596,20230721-9PM_680_25_4532_4,1.768,106.0,680,25,4532,4,0.24748226067705428
597,20230721-9PM_680_25_4532_5,1.761,106.0,680,25,4532,5,0.24575935596727688
598,20230721-9PM_680_25_4532_6,1.694,106.0,680,25,4532,6,0.2289134059946881
599,20230721-9PM_680_25_4532_7,1.678,106.0,680,25,4532,7,0.22479195649268147
600,20230721-9PM_750_25_4532_0,0.946,106.0,750,25,4532,0,-0.02410886359820726
601,20230721-9PM_750_25_4532_1,0.793,106.0,750,25,4532,1,-0.10072681268239618
602,20230721-9PM_750_25_4532_2,0.939,106.0,750,25,4532,2,-0.027334407733889104
603,20230721-9PM_750_25_4532_3,1.05,106.0,750,25,4532,3,0.021189299069938092
604,20230721-9PM_750_25_4532_4,0.989,106.0,750,25,4532,4,-0.004803708402820599
605,20230721-9PM_750_25_4532_5,1.024,106.0,750,25,4532,5,0.010299956639811961
606,20230721-9PM_750_25_4532_6,1.012,106.0,750,25,4532,6,0.005180512503780314
607,20230721-9PM_750_25_4532_7,1.012,106.0,750,25,4532,7,0.005180512503780314
608,20230721-9PM_680_25_2344_0,1.568,106.0,680,25,2344,0,0.19534605834841964
609,20230721-9PM_680_25_2344_1,1.366,106.0,680,25,2344,1,0.1354506993455138
610,20230721-9PM_680_25_2344_2,1.689,106.0,680,25,2344,2,0.22762964957100867
611,20230721-9PM_680_25_2344_3,1.516,106.0,680,25,2344,3,0.18069920129603473
612,20230721-9PM_680_25_2344_4,1.706,106.0,680,25,2344,4,0.2319790268315042
613,20230721-9PM_680_25_2344_5,1.409,106.0,680,25,2344,5,0.14891099310935643
614,20230721-9PM_680_25_2344_6,1.564,106.0,680,25,2344,6,0.1942367487238292
615,20230721-9PM_680_25_2344_7,1.786,106.0,680,25,2344,7,0.25188145455252764
616,20230721-9PM_750_25_2344_0,0.981,106.0,750,25,2344,0,-0.008330992620051497
617,20230721-9PM_750_25_2344_1,0.858,106.0,750,25,2344,1,-0.06651271215129456
618,20230721-9PM_750_25_2344_2,1.02,106.0,750,25,2344,2,0.00860017176191757
619,20230721-9PM_750_25_2344_3,0.963,106.0,750,25,2344,3,-0.0163737128754655
620,20230721-9PM_750_25_2344_4,0.968,106.0,750,25,2344,4,-0.014124642691606345
621,20230721-9PM_750_25_2344_5,0.876,106.0,750,25,2344,5,-0.05749589383191927
622,20230721-9PM_750_25_2344_6,0.962,106.0,750,25,2344,6,-0.016824927962187056
623,20230721-9PM_750_25_2344_7,1.186,106.0,750,25,2344,7,0.07408468902824378
624,20230721-9PM_680_25_2343_0,1.675,106.0,680,25,2343,0,0.22401481137286405
625,20230721-9PM_680_25_2343_1,1.482,106.0,680,25,2343,1,0.17084820364330935
626,20230721-9PM_680_25_2343_2,1.198,106.0,680,25,2343,2,0.07845681805329256
627,20230721-9PM_680_25_2343_3,1.162,106.0,680,25,2343,3,0.0652061280543119
628,20230721-9PM_680_25_2343_4,1.17,106.0,680,25,2343,4,0.06818586174616162
629,20230721-9PM_680_25_2343_5,1.632,106.0,680,25,2343,5,0.2127201544178423
630,20230721-9PM_680_25_2343_6,1.599,106.0,680,25,2343,6,0.2038484637462347
631,20230721-9PM_680_25_2343_7,1.362,106.0,680,25,2343,7,0.13417710757676637
632,20230721-9PM_750_25_2343_0,1.23,106.0,750,25,2343,0,0.08990511143939793
633,20230721-9PM_750_25_2343_1,1.118,106.0,750,25,2343,1,0.04844180355040453
634,20230721-9PM_750_25_2343_2,0.967,106.0,750,25,2343,2,-0.014573525916998339
635,20230721-9PM_750_25_2343_3,0.856,106.0,750,25,2343,3,-0.06752623532284678
636,20230721-9PM_750_25_2343_4,0.892,106.0,750,25,2343,4,-0.04963514562387693
637,20230721-9PM_750_25_2343_5,1.227,106.0,750,25,2343,5,0.08884456272700428
638,20230721-9PM_750_25_2343_6,1.212,106.0,750,25,2343,6,0.0835026198302674
639,20230721-9PM_750_25_2343_7,1.046,106.0,750,25,2343,7,0.01953168453125545
640,20230721-9PM_680_25_1952_0,0.96,106.0,680,25,1952,0,-0.017728766960431602
641,20230721-9PM_680_25_1952_1,2.036,106.0,680,25,1952,1,0.30877777366472114
642,20230721-9PM_680_25_1952_2,1.172,106.0,680,25,1952,2,0.06892761168207182
643,20230721-9PM_680_25_1952_3,0.743,106.0,680,25,1952,3,-0.1290111862394247
644,20230721-9PM_680_25_1952_4,0.762,106.0,680,25,1952,4,-0.1180450286603995
645,20230721-9PM_680_25_1952_5,0.873,106.0,680,25,1952,5,-0.05898575629443027
646,20230721-9PM_680_25_1952_6,1.073,106.0,680,25,1952,6,0.030599721965951066
647,20230721-9PM_680_25_1952_7,0.845,106.0,680,25,1952,7,-0.07314329105030767
648,20230721-9PM_750_25_1952_0,0.715,106.0,750,25,1952,0,-0.1456939581989194
649,20230721-9PM_750_25_1952_1,1.222,106.0,750,25,1952,1,0.08707120590653541
650,20230721-9PM_750_25_1952_2,0.941,106.0,750,25,1952,2,-0.026410376572743116
651,20230721-9PM_750_25_1952_3,0.574,106.0,750,25,1952,3,-0.2410881076020265
652,20230721-9PM_750_25_1952_4,0.609,106.0,750,25,1952,4,-0.21538270736712464
653,20230721-9PM_750_25_1952_5,0.67,106.0,750,25,1952,5,-0.17392519729917355
654,20230721-9PM_750_25_1952_6,0.739,106.0,750,25,1952,6,-0.13135556160517428
655,20230721-9PM_750_25_1952_7,0.675,106.0,750,25,1952,7,-0.17069622716897506
656,20230721-9PM_680_25_2931_0,1.229,106.0,680,25,2931,0,0.08955188288645412
657,20230721-9PM_680_25_2931_1,1.373,106.0,680,25,2931,1,0.1376705372367551
658,20230721-9PM_680_25_2931_2,1.179,106.0,680,25,2931,2,0.07151380509508916
659,20230721-9PM_680_25_2931_3,1.259,106.0,680,25,2931,3,0.10002573010786256
660,20230721-9PM_680_25_2931_4,1.28,106.0,680,25,2931,4,0.10720996964786837
661,20230721-9PM_680_25_2931_5,1.529,106.0,680,25,2931,5,0.1844074854123201
662,20230721-9PM_680_25_2931_6,1.198,106.0,680,25,2931,6,0.07845681805329256
663,20230721-9PM_680_25_2931_7,1.354,106.0,680,25,2931,7,0.13161866434912553
664,20230721-9PM_750_25_2931_0,1.025,106.0,750,25,2931,0,0.010723865391773066
665,20230721-9PM_750_25_2931_1,1.0,106.0,750,25,2931,1,0.0
666,20230721-9PM_750_25_2931_2,0.995,106.0,750,25,2931,2,-0.002176919254274547
667,20230721-9PM_750_25_2931_3,1.003,106.0,750,25,2931,3,0.001300933020418072
668,20230721-9PM_750_25_2931_4,1.07,106.0,750,25,2931,4,0.029383777685209667
669,20230721-9PM_750_25_2931_5,1.227,106.0,750,25,2931,5,0.08884456272700428
670,20230721-9PM_750_25_2931_6,0.96,106.0,750,25,2931,6,-0.017728766960431602
671,20230721-9PM_750_25_2931_7,0.912,106.0,750,25,2931,7,-0.04000516167158381
672,20230721-9PM_680_25_JG5_0,1.087,106.0,680,25,JG5,0,0.03622954408629453
673,20230721-9PM_680_25_JG5_1,1.647,106.0,680,25,JG5,1,0.21669359916975436
674,20230721-9PM_680_25_JG5_2,1.039,106.0,680,25,JG5,2,0.016615547557177382
675,20230721-9PM_680_25_JG5_3,1.015,106.0,680,25,JG5,3,0.006466042249231681
676,20230721-9PM_680_25_JG5_4,0.935,106.0,680,25,JG5,4,-0.0291883891274822
677,20230721-9PM_680_25_JG5_5,1.376,106.0,680,25,JG5,5,0.13861843389949247
678,20230721-9PM_680_25_JG5_6,1.215,106.0,680,25,JG5,6,0.08457627793433102
679,20230721-9PM_680_25_JG5_7,1.625,106.0,680,25,JG5,7,0.21085336531489318
680,20230721-9PM_750_25_JG5_0,0.852,106.0,750,25,JG5,0,-0.0695604052332999
681,20230721-9PM_750_25_JG5_1,1.176,106.0,750,25,JG5,1,0.07040732174011965
682,20230721-9PM_750_25_JG5_2,0.777,106.0,750,25,JG5,2,-0.10957898119908573
683,20230721-9PM_750_25_JG5_3,0.793,106.0,750,25,JG5,3,-0.10072681268239618
684,20230721-9PM_750_25_JG5_4,0.652,106.0,750,25,JG5,4,-0.1857524042680798
685,20230721-9PM_750_25_JG5_5,0.93,106.0,750,25,JG5,5,-0.03151705144606486
686,20230721-9PM_750_25_JG5_6,0.859,106.0,750,25,JG5,6,-0.0660068361687577
687,20230721-9PM_750_25_JG5_7,1.089,106.0,750,25,JG5,7,0.03702787975577494
688,20230721-9PM_680_25_BMS_0,0.847,106.0,680,25,BMS,0,-0.0721165896692931
689,20230721-9PM_680_25_BMS_1,1.402,106.0,680,25,BMS,1,0.14674801363063983
690,20230721-9PM_680_25_BMS_2,1.029,106.0,680,25,BMS,2,0.012415374762432893
691,20230721-9PM_680_25_BMS_3,0.944,106.0,680,25,BMS,3,-0.02502800570193105
692,20230721-9PM_680_25_BMS_4,1.489,106.0,680,25,BMS,4,0.17289469775217617
693,20230721-9PM_680_25_BMS_5,1.237,106.0,680,25,BMS,5,0.09236969962912069
694,20230721-9PM_680_25_BMS_6,1.013,106.0,680,25,BMS,6,0.005609445360280386
695,20230721-9PM_680_25_BMS_7,0.987,106.0,680,25,BMS,7,-0.005682847330363273
696,20230721-9PM_750_25_BMS_0,0.683,106.0,750,25,BMS,0,-0.1655792963184674
697,20230721-9PM_750_25_BMS_1,1.017,106.0,750,25,BMS,1,0.0073209529227445565
698,20230721-9PM_750_25_BMS_2,0.8,106.0,750,25,BMS,2,-0.09691001300805639
699,20230721-9PM_750_25_BMS_3,0.7,106.0,750,25,BMS,3,-0.1549019599857432
700,20230721-9PM_750_25_BMS_4,1.059,106.0,750,25,BMS,4,0.024895960107484977
701,20230721-9PM_750_25_BMS_5,0.88,106.0,750,25,BMS,5,-0.05551732784983137
702,20230721-9PM_750_25_BMS_6,0.803,106.0,750,25,BMS,6,-0.09528445472131904
703,20230721-9PM_750_25_BMS_7,0.796,106.0,750,25,BMS,7,-0.09908693226233094
704,20230721-9PM_680_32_3059_0,2.165,106.0,680,32,3059,0,0.33545790068938425
705,20230721-9PM_680_32_3059_1,2.141,106.0,680,32,3059,1,0.33061666729443834
706,20230721-9PM_680_32_3059_2,2.12,106.0,680,32,3059,2,0.32633586092875144
707,20230721-9PM_680_32_3059_3,2.14,106.0,680,32,3059,3,0.33041377334919086
708,20230721-9PM_680_32_3059_4,1.885,106.0,680,32,3059,4,0.27531135454181166
709,20230721-9PM_680_32_3059_5,1.899,106.0,680,32,3059,5,0.27852496473701754
710,20230721-9PM_680_32_3059_6,2.114,106.0,680,32,3059,6,0.32510498297140744
711,20230721-9PM_680_32_3059_7,1.335,106.0,680,32,3059,7,0.125481265700594
712,20230721-9PM_750_32_3059_0,1.227,106.0,750,32,3059,0,0.08884456272700428
713,20230721-9PM_750_32_3059_1,1.234,106.0,750,32,3059,1,0.09131515969722287
714,20230721-9PM_750_32_3059_2,1.208,106.0,750,32,3059,2,0.08206693428511301
715,20230721-9PM_750_32_3059_3,1.204,106.0,750,32,3059,3,0.08062648692180573
716,20230721-9PM_750_32_3059_4,1.167,106.0,750,32,3059,4,0.06707085604537019
717,20230721-9PM_750_32_3059_5,1.153,106.0,750,32,3059,5,0.06182930729469903
718,20230721-9PM_750_32_3059_6,1.222,106.0,750,32,3059,6,0.08707120590653541
719,20230721-9PM_750_32_3059_7,0.989,106.0,750,32,3059,7,-0.004803708402820599
720,20230721-9PM_680_32_1691_0,2.37,106.0,680,32,1691,0,0.37474834601010387
721,20230721-9PM_680_32_1691_1,1.87,106.0,680,32,1691,1,0.27184160653649897
722,20230721-9PM_680_32_1691_2,2.466,106.0,680,32,1691,2,0.39199307225971286
723,20230721-9PM_680_32_1691_3,1.569,106.0,680,32,1691,3,0.19562294358693666
724,20230721-9PM_680_32_1691_4,2.261,106.0,680,32,1691,4,0.3543005623453597
725,20230721-9PM_680_32_1691_5,1.3,106.0,680,32,1691,5,0.11394335230683679
726,20230721-9PM_680_32_1691_6,1.406,106.0,680,32,1691,6,0.14798532068380513
727,20230721-9PM_680_32_1691_7,1.651,106.0,680,32,1691,7,0.21774707326279363
728,20230721-9PM_750_32_1691_0,1.134,106.0,750,32,1691,0,0.05461305455688774
729,20230721-9PM_750_32_1691_1,1.046,106.0,750,32,1691,1,0.01953168453125545
730,20230721-9PM_750_32_1691_2,1.149,106.0,750,32,1691,2,0.060320028688285184
731,20230721-9PM_750_32_1691_3,0.953,106.0,750,32,1691,3,-0.02090709936167361
732,20230721-9PM_750_32_1691_4,1.186,106.0,750,32,1691,4,0.07408468902824378
733,20230721-9PM_750_32_1691_5,0.844,106.0,750,32,1691,5,-0.07365755337434496
734,20230721-9PM_750_32_1691_6,0.879,106.0,750,32,1691,6,-0.056011124926228104
735,20230721-9PM_750_32_1691_7,0.956,106.0,750,32,1691,7,-0.019542107723899943
736,20230721-9PM_680_32_1690_0,2.46,106.0,680,32,1690,0,0.39093510710337914
737,20230721-9PM_680_32_1690_1,2.313,106.0,680,32,1690,1,0.36417563277061943
738,20230721-9PM_680_32_1690_2,2.318,106.0,680,32,1690,2,0.3651134316275772
739,20230721-9PM_680_32_1690_3,2.437,106.0,680,32,1690,3,0.38685552918472427
740,20230721-9PM_680_32_1690_4,2.455,106.0,680,32,1690,4,0.3900514964589873
741,20230721-9PM_680_32_1690_5,1.757,106.0,680,32,1690,5,0.24477176149529495
742,20230721-9PM_680_32_1690_6,1.693,106.0,680,32,1690,6,0.22865695810893527
743,20230721-9PM_680_32_1690_7,1.96,106.0,680,32,1690,7,0.292256071356476
744,20230721-9PM_750_32_1690_0,1.177,106.0,750,32,1690,0,0.0707764628434347
745,20230721-9PM_750_32_1690_1,1.21,106.0,750,32,1690,1,0.08278537031645007
746,20230721-9PM_750_32_1690_2,1.174,106.0,750,32,1690,2,0.06966809691159564
747,20230721-9PM_750_32_1690_3,1.26,106.0,750,32,1690,3,0.10037054511756291
748,20230721-9PM_750_32_1690_4,1.242,106.0,750,32,1690,4,0.09412159584056139
749,20230721-9PM_750_32_1690_5,1.014,106.0,750,32,1690,5,0.006037954997317177
750,20230721-9PM_750_32_1690_6,1.128,106.0,750,32,1690,6,0.05230909964732344
751,20230721-9PM_750_32_1690_7,1.154,106.0,750,32,1690,7,0.06220580881971259
752,20230721-9PM_680_32_2342_0,0.885,106.0,680,32,2342,0,-0.05305672930217456
753,20230721-9PM_680_32_2342_1,1.061,106.0,680,32,2342,1,0.025715383901340642
754,20230721-9PM_680_32_2342_2,0.95,106.0,680,32,2342,2,-0.022276394711152253
755,20230721-9PM_680_32_2342_3,1.124,106.0,680,32,2342,3,0.05076631123304232
756,20230721-9PM_680_32_2342_4,0.036,106.0,680,32,2342,4,-1.4436974992327127
757,20230721-9PM_680_32_2342_5,1.11,106.0,680,32,2342,5,0.045322978786657475
758,20230721-9PM_680_32_2342_6,1.112,106.0,680,32,2342,6,0.046104787246038705
759,20230721-9PM_680_32_2342_7,0.906,106.0,680,32,2342,7,-0.042871802323186915
760,20230721-9PM_750_32_2342_0,0.629,106.0,750,32,2342,0,-0.20134935455473107
761,20230721-9PM_750_32_2342_1,0.81,106.0,750,32,2342,1,-0.09151498112135022
762,20230721-9PM_750_32_2342_2,0.751,106.0,750,32,2342,2,-0.1243600629958316
763,20230721-9PM_750_32_2342_3,0.894,106.0,750,32,2342,3,-0.04866248120408232
764,20230721-9PM_750_32_2342_4,0.041,106.0,750,32,2342,4,-1.3872161432802645
765,20230721-9PM_750_32_2342_5,0.763,106.0,750,32,2342,5,-0.11747546204511952
766,20230721-9PM_750_32_2342_6,0.917,106.0,750,32,2342,6,-0.03763066432997889
767,20230721-9PM_750_32_2342_7,0.739,106.0,750,32,2342,7,-0.13135556160517428
768,20230721-9PM_680_32_4532_0,0.672,106.0,680,32,4532,0,-0.17263072694617473
769,20230721-9PM_680_32_4532_1,1.06,106.0,680,32,4532,1,0.02530586526477026
770,20230721-9PM_680_32_4532_2,1.843,106.0,680,32,4532,2,0.2655253352190738
771,20230721-9PM_680_32_4532_3,1.286,106.0,680,32,4532,3,0.10924096858820327
772,20230721-9PM_680_32_4532_4,1.138,106.0,680,32,4532,4,0.05614226205905233
773,20230721-9PM_680_32_4532_5,1.158,106.0,680,32,4532,5,0.06370855939141737
774,20230721-9PM_680_32_4532_6,1.927,106.0,680,32,4532,6,0.284881714655453
775,20230721-9PM_680_32_4532_7,1.014,106.0,680,32,4532,7,0.006037954997317177
776,20230721-9PM_750_32_4532_0,0.32,106.0,750,32,4532,0,-0.494850021680094
777,20230721-9PM_750_32_4532_1,0.486,106.0,750,32,4532,1,-0.3133637307377066
778,20230721-9PM_750_32_4532_2,0.867,106.0,750,32,4532,2,-0.06198090252378971
779,20230721-9PM_750_32_4532_3,0.637,106.0,750,32,4532,3,-0.19586056766464957
780,20230721-9PM_750_32_4532_4,0.647,106.0,750,32,4532,4,-0.1890957193312996
781,20230721-9PM_750_32_4532_5,0.627,106.0,750,32,4532,5,-0.20273245916928356
782,20230721-9PM_750_32_4532_6,0.897,106.0,750,32,4532,6,-0.047207556955907906
783,20230721-9PM_750_32_4532_7,0.517,106.0,750,32,4532,7,-0.2865094569060575
784,20230721-9PM_680_32_2344_0,1.511,106.0,680,32,2344,0,0.17926446433902535
785,20230721-9PM_680_32_2344_1,1.827,106.0,680,32,2344,1,0.26173854735253776
786,20230721-9PM_680_32_2344_2,1.851,106.0,680,32,2344,2,0.2674064187529041
787,20230721-9PM_680_32_2344_3,1.435,106.0,680,32,2344,3,0.15685190107001115
788,20230721-9PM_680_32_2344_4,1.649,106.0,680,32,2344,4,0.21722065564451878
789,20230721-9PM_680_32_2344_5,1.784,106.0,680,32,2344,5,0.25139485004010426
790,20230721-9PM_680_32_2344_6,1.541,106.0,680,32,2344,6,0.1878026387184193
791,20230721-9PM_680_32_2344_7,1.757,106.0,680,32,2344,7,0.24477176149529495
792,20230721-9PM_750_32_2344_0,0.978,106.0,750,32,2344,0,-0.009661145212398569
793,20230721-9PM_750_32_2344_1,1.083,106.0,750,32,2344,1,0.034628456625320346
794,20230721-9PM_750_32_2344_2,1.12,106.0,750,32,2344,2,0.04921802267018165
795,20230721-9PM_750_32_2344_3,0.934,106.0,750,32,2344,3,-0.029653123769906618
796,20230721-9PM_750_32_2344_4,0.969,106.0,750,32,2344,4,-0.013676222949234686
797,20230721-9PM_750_32_2344_5,1.131,106.0,750,32,2344,5,0.05346260492545529
798,20230721-9PM_750_32_2344_6,1.002,106.0,750,32,2344,6,0.0008677215312269133
799,20230721-9PM_750_32_2344_7,1.125,106.0,750,32,2344,7,0.05115252244738129
800,20230721-9PM_680_32_2343_0,1.62,106.0,680,32,2343,0,0.20951501454263097
801,20230721-9PM_680_32_2343_1,1.891,106.0,680,32,2343,1,0.2766915288450397
802,20230721-9PM_680_32_2343_2,1.111,106.0,680,32,2343,2,0.04571405894086761
803,20230721-9PM_680_32_2343_3,2.043,106.0,680,32,2343,3,0.3102683666324476
804,20230721-9PM_680_32_2343_4,1.853,106.0,680,32,2343,4,0.2678754193188976
805,20230721-9PM_680_32_2343_5,2.308,106.0,680,32,2343,5,0.3632358044836938
806,20230721-9PM_680_32_2343_6,1.549,106.0,680,32,2343,6,0.19005141775920598
807,20230721-9PM_680_32_2343_7,1.713,106.0,680,32,2343,7,0.2337573629655105
808,20230721-9PM_750_32_2343_0,1.069,106.0,750,32,2343,0,0.028977705208777998
809,20230721-9PM_750_32_2343_1,1.195,106.0,750,32,2343,1,0.07736790528415652
810,20230721-9PM_750_32_2343_2,0.84,106.0,750,32,2343,2,-0.07572071393811836
811,20230721-9PM_750_32_2343_3,1.185,106.0,750,32,2343,3,0.07371835034612269
812,20230721-9PM_750_32_2343_4,1.087,106.0,750,32,2343,4,0.03622954408629453
813,20230721-9PM_750_32_2343_5,1.273,106.0,750,32,2343,5,0.10482840365365537
814,20230721-9PM_750_32_2343_6,1.023,106.0,750,32,2343,6,0.009875633712160119
815,20230721-9PM_750_32_2343_7,1.125,106.0,750,32,2343,7,0.05115252244738129
816,20230721-9PM_680_32_1952_0,2.132,106.0,680,32,1952,0,0.3287872003545347
817,20230721-9PM_680_32_1952_1,1.768,106.0,680,32,1952,1,0.24748226067705428
818,20230721-9PM_680_32_1952_2,1.718,106.0,680,32,1952,2,0.23502315949522348
819,20230721-9PM_680_32_1952_3,1.532,106.0,680,32,1952,3,0.18525876529658514
820,20230721-9PM_680_32_1952_4,1.524,106.0,680,32,1952,4,0.1829849670035817
821,20230721-9PM_680_32_1952_5,1.748,106.0,680,32,1952,5,0.24254142829838424
822,20230721-9PM_680_32_1952_6,1.68,106.0,680,32,1952,6,0.22530928172586284
823,20230721-9PM_680_32_1952_7,1.358,106.0,680,32,1952,7,0.1328997699444829
824,20230721-9PM_750_32_1952_0,1.195,106.0,750,32,1952,0,0.07736790528415652
825,20230721-9PM_750_32_1952_1,0.982,106.0,750,32,1952,1,-0.00788851221305034
826,20230721-9PM_750_32_1952_2,1.094,106.0,750,32,1952,2,0.039017321997412
827,20230721-9PM_750_32_1952_3,1.023,106.0,750,32,1952,3,0.009875633712160119
828,20230721-9PM_750_32_1952_4,0.966,106.0,750,32,1952,4,-0.015022873584506671
829,20230721-9PM_750_32_1952_5,1.162,106.0,750,32,1952,5,0.0652061280543119
830,20230721-9PM_750_32_1952_6,1.169,106.0,750,32,1952,6,0.06781451116184012
831,20230721-9PM_750_32_1952_7,1.01,106.0,750,32,1952,7,0.004321373782642578
832,20230721-9PM_680_32_2931_0,1.814,106.0,680,32,2931,0,0.2586372827240765
833,20230721-9PM_680_32_2931_1,1.712,106.0,680,32,2931,1,0.2335037603411344
834,20230721-9PM_680_32_2931_2,1.888,106.0,680,32,2931,2,0.27600198996205016
835,20230721-9PM_680_32_2931_3,1.797,106.0,680,32,2931,3,0.2545480771089738
836,20230721-9PM_680_32_2931_4,1.592,106.0,680,32,2931,4,0.20194306340165025
837,20230721-9PM_680_32_2931_5,2.155,106.0,680,32,2931,5,0.3334472744967504
838,20230721-9PM_680_32_2931_6,1.616,106.0,680,32,2931,6,0.20844135643856737
839,20230721-9PM_680_32_2931_7,1.355,106.0,680,32,2931,7,0.13193929521042452
840,20230721-9PM_750_32_2931_0,1.123,106.0,750,32,2931,0,0.050379756261457784
841,20230721-9PM_750_32_2931_1,1.134,106.0,750,32,2931,1,0.05461305455688774
842,20230721-9PM_750_32_2931_2,1.229,106.0,750,32,2931,2,0.08955188288645412
843,20230721-9PM_750_32_2931_3,1.081,106.0,750,32,2931,3,0.03382569395331033
844,20230721-9PM_750_32_2931_4,1.007,106.0,750,32,2931,4,0.003029470553617962
845,20230721-9PM_750_32_2931_5,1.324,106.0,750,32,2931,5,0.12188798510368115
846,20230721-9PM_750_32_2931_6,1.056,106.0,750,32,2931,6,0.023663918197793475
847,20230721-9PM_750_32_2931_7,0.977,106.0,750,32,2931,7,-0.010105436281226938
848,20230721-9PM_680_32_JG5_0,1.011,106.0,680,32,JG5,0,0.00475115559100102
849,20230721-9PM_680_32_JG5_1,1.55,106.0,680,32,JG5,1,0.1903316981702915
850,20230721-9PM_680_32_JG5_2,1.498,106.0,680,32,JG5,2,0.17551181336344768
851,20230721-9PM_680_32_JG5_3,1.777,106.0,680,32,JG5,3,0.2496874278053015
852,20230721-9PM_680_32_JG5_4,1.495,106.0,680,32,JG5,4,0.17464119266044847
853,20230721-9PM_680_32_JG5_5,1.088,106.0,680,32,JG5,5,0.03662889536216113
854,20230721-9PM_680_32_JG5_6,1.963,106.0,680,32,JG5,6,0.2929202996000062
855,20230721-9PM_680_32_JG5_7,1.329,106.0,680,32,JG5,7,0.12352498094273198
856,20230721-9PM_750_32_JG5_0,0.75,106.0,750,32,JG5,0,-0.12493873660829995
857,20230721-9PM_750_32_JG5_1,1.008,106.0,750,32,JG5,1,0.003460532109506489
858,20230721-9PM_750_32_JG5_2,0.961,106.0,750,32,JG5,2,-0.017276612331454656
859,20230721-9PM_750_32_JG5_3,1.026,106.0,750,32,JG5,3,0.011147360775797479
860,20230721-9PM_750_32_JG5_4,0.94,106.0,750,32,JG5,4,-0.026872146400301365
861,20230721-9PM_750_32_JG5_5,0.735,106.0,750,32,JG5,5,-0.1337126609158051
862,20230721-9PM_750_32_JG5_6,1.003,106.0,750,32,JG5,6,0.001300933020418072
863,20230721-9PM_750_32_JG5_7,0.908,106.0,750,32,JG5,7,-0.04191415147891488
864,20230721-9PM_680_32_BMS_0,1.969,106.0,680,32,BMS,0,0.29424571613811823
865,20230721-9PM_680_32_BMS_1,1.953,106.0,680,32,BMS,1,0.2907022432878544
866,20230721-9PM_680_32_BMS_2,2.005,106.0,680,32,BMS,2,0.3021143769562011
867,20230721-9PM_680_32_BMS_3,1.861,106.0,680,32,BMS,3,0.269746373130767
868,20230721-9PM_680_32_BMS_4,1.887,106.0,680,32,BMS,4,0.27577190016493136
869,20230721-9PM_680_32_BMS_5,1.831,106.0,680,32,BMS,5,0.26268834430169646
870,20230721-9PM_680_32_BMS_6,1.744,106.0,680,32,BMS,6,0.2415464805965484
871,20230721-9PM_680_32_BMS_7,1.952,106.0,680,32,BMS,7,0.290479813330673
872,20230721-9PM_750_32_BMS_0,1.191,106.0,750,32,BMS,0,0.07591176148277752
873,20230721-9PM_750_32_BMS_1,1.185,106.0,750,32,BMS,1,0.07371835034612269
874,20230721-9PM_750_32_BMS_2,1.188,106.0,750,32,BMS,2,0.07481644064517472
875,20230721-9PM_750_32_BMS_3,1.164,106.0,750,32,BMS,3,0.06595298031386965
876,20230721-9PM_750_32_BMS_4,1.184,106.0,750,32,BMS,4,0.07335170238690095
877,20230721-9PM_750_32_BMS_5,1.155,106.0,750,32,BMS,5,0.06258198422816312
878,20230721-9PM_750_32_BMS_6,1.113,106.0,750,32,BMS,6,0.04649516433470831
879,20230721-9PM_750_32_BMS_7,1.187,106.0,750,32,BMS,7,0.07445071895459124
880,20230721-9PM_680_28_3059_0,1.803,106.0,680,28,3059,0,0.25599572672240195
881,20230721-9PM_680_28_3059_1,1.859,106.0,680,28,3059,1,0.2692793897718986
882,20230721-9PM_680_28_3059_2,2.036,106.0,680,28,3059,2,0.30877777366472114
883,20230721-9PM_680_28_3059_3,1.704,106.0,680,28,3059,3,0.2314695904306813
884,20230721-9PM_680_28_3059_4,1.786,106.0,680,28,3059,4,0.25188145455252764
885,20230721-9PM_680_28_3059_5,1.503,106.0,680,28,3059,5,0.17695898058690812
886,20230721-9PM_680_28_3059_6,1.896,106.0,680,28,3059,6,0.2778383330020474
887,20230721-9PM_680_28_3059_7,1.105,106.0,680,28,3059,7,0.0433622780211295
888,20230721-9PM_750_28_3059_0,1.254,106.0,750,28,3059,0,0.09829753649469763
889,20230721-9PM_750_28_3059_1,1.297,106.0,750,28,3059,1,0.11293997608408006
890,20230721-9PM_750_28_3059_2,1.263,106.0,750,28,3059,2,0.10140335055533072
891,20230721-9PM_750_28_3059_3,1.232,106.0,750,28,3059,3,0.09061070782840665
892,20230721-9PM_750_28_3059_4,1.268,106.0,750,28,3059,4,0.10311925354571388
893,20230721-9PM_750_28_3059_5,1.096,106.0,750,28,3059,5,0.039810554148350386
894,20230721-9PM_750_28_3059_6,1.294,106.0,750,28,3059,6,0.11193427633268159
895,20230721-9PM_750_28_3059_7,0.869,106.0,750,28,3059,7,-0.060980223551333534
896,20230721-9PM_680_28_1691_0,2.067,106.0,680,28,1691,0,0.3153404766272883
897,20230721-9PM_680_28_1691_1,1.524,106.0,680,28,1691,1,0.1829849670035817
898,20230721-9PM_680_28_1691_2,1.937,106.0,680,28,1691,2,0.2871296207191108
899,20230721-9PM_680_28_1691_3,1.92,106.0,680,28,1691,3,0.28330122870354957
900,20230721-9PM_680_28_1691_4,1.791,106.0,680,28,1691,4,0.2530955858490315
901,20230721-9PM_680_28_1691_5,0.859,106.0,680,28,1691,5,-0.0660068361687577
902,20230721-9PM_680_28_1691_6,0.817,106.0,680,28,1691,6,-0.08777794346758454
903,20230721-9PM_680_28_1691_7,2.301,106.0,680,28,1691,7,0.36191661866864344
904,20230721-9PM_750_28_1691_0,1.159,106.0,750,28,1691,0,0.064083435963596
905,20230721-9PM_750_28_1691_1,0.993,106.0,750,28,1691,1,-0.0030507515046188267
906,20230721-9PM_750_28_1691_2,1.139,106.0,750,28,1691,2,0.05652372407910037
907,20230721-9PM_750_28_1691_3,1.164,106.0,750,28,1691,3,0.06595298031386965
908,20230721-9PM_750_28_1691_4,1.135,106.0,750,28,1691,4,0.05499586152914153
909,20230721-9PM_750_28_1691_5,0.604,106.0,750,28,1691,5,-0.21896306137886817
910,20230721-9PM_750_28_1691_6,0.568,106.0,750,28,1691,6,-0.24565166428898116
911,20230721-9PM_750_28_1691_7,1.192,106.0,750,28,1691,7,0.0762762554042176
912,20230721-9PM_680_28_1690_0,1.807,106.0,680,28,1690,0,0.25695815256093185
913,20230721-9PM_680_28_1690_1,0.163,106.0,680,28,1690,1,-0.7878123955960422
914,20230721-9PM_680_28_1690_2,2.032,106.0,680,28,1690,2,0.30792370361188165
915,20230721-9PM_680_28_1690_3,1.931,106.0,680,28,1690,3,0.28578227377939475
916,20230721-9PM_680_28_1690_4,1.772,106.0,680,28,1690,4,0.24846371755103194
917,20230721-9PM_680_28_1690_5,1.495,106.0,680,28,1690,5,0.17464119266044847
918,20230721-9PM_680_28_1690_6,1.996,106.0,680,28,1690,6,0.3001605369513523
919,20230721-9PM_680_28_1690_7,1.219,106.0,680,28,1690,7,0.08600370561838196
920,20230721-9PM_750_28_1690_0,1.063,106.0,750,28,1690,0,0.026533264523296733
921,20230721-9PM_750_28_1690_1,0.109,106.0,750,28,1690,1,-0.9625735020593764
922,20230721-9PM_750_28_1690_2,1.294,106.0,750,28,1690,2,0.11193427633268159
923,20230721-9PM_750_28_1690_3,1.238,106.0,750,28,1690,3,0.09272064468409917
924,20230721-9PM_750_28_1690_4,1.08,106.0,750,28,1690,4,0.03342375548694973
925,20230721-9PM_750_28_1690_5,1.015,106.0,750,28,1690,5,0.006466042249231681
926,20230721-9PM_750_28_1690_6,1.267,106.0,750,28,1690,6,0.10277661488344131
927,20230721-9PM_750_28_1690_7,1.001,106.0,750,28,1690,7,0.0004340774793185929
928,20230721-9PM_680_28_2342_0,1.14,106.0,680,28,2342,0,0.05690485133647256
929,20230721-9PM_680_28_2342_1,1.104,106.0,680,28,2342,1,0.04296907339318013
930,20230721-9PM_680_28_2342_2,1.199,106.0,680,28,2342,2,0.0788191830988487
931,20230721-9PM_680_28_2342_3,1.18,106.0,680,28,2342,3,0.07188200730612536
932,20230721-9PM_680_28_2342_4,0.037,106.0,680,28,2342,4,-1.431798275933005
933,20230721-9PM_680_28_2342_5,1.064,106.0,680,28,2342,5,0.0269416279590294
934,20230721-9PM_680_28_2342_6,1.253,106.0,680,28,2342,6,0.09795107099414996
935,20230721-9PM_680_28_2342_7,1.166,106.0,680,28,2342,7,0.06669855042299526
936,20230721-9PM_750_28_2342_0,0.975,106.0,750,28,2342,0,-0.010995384301463193
937,20230721-9PM_750_28_2342_1,0.955,106.0,750,28,2342,1,-0.019996628416253676
938,20230721-9PM_750_28_2342_2,1.023,106.0,750,28,2342,2,0.009875633712160119
939,20230721-9PM_750_28_2342_3,0.985,106.0,750,28,2342,3,-0.006563769502388274
940,20230721-9PM_750_28_2342_4,0.04,106.0,750,28,2342,4,-1.3979400086720375
941,20230721-9PM_750_28_2342_5,0.872,106.0,750,28,2342,5,-0.05948351506743278
942,20230721-9PM_750_28_2342_6,1.044,106.0,750,28,2342,6,0.01870049866624337
943,20230721-9PM_750_28_2342_7,1.003,106.0,750,28,2342,7,0.001300933020418072
944,20230721-9PM_680_28_4532_0,1.58,106.0,680,28,4532,0,0.19865708695442263
945,20230721-9PM_680_28_4532_1,1.224,106.0,680,28,4532,1,0.08778141780954238
946,20230721-9PM_680_28_4532_2,1.467,106.0,680,28,4532,2,0.1664301138432827
947,20230721-9PM_680_28_4532_3,1.583,106.0,680,28,4532,3,0.1994809148623559
948,20230721-9PM_680_28_4532_4,1.318,106.0,680,28,4532,4,0.11991541025799107
949,20230721-9PM_680_28_4532_5,1.621,106.0,680,28,4532,5,0.20978301484851494
950,20230721-9PM_680_28_4532_6,1.321,106.0,680,28,4532,6,0.12090281761452719
951,20230721-9PM_680_28_4532_7,1.278,106.0,680,28,4532,7,0.10653085382238137
952,20230721-9PM_750_28_4532_0,0.993,106.0,750,28,4532,0,-0.0030507515046188267
953,20230721-9PM_750_28_4532_1,0.83,106.0,750,28,4532,1,-0.08092190762392612
954,20230721-9PM_750_28_4532_2,0.832,106.0,750,28,4532,2,-0.07987667370927608
955,20230721-9PM_750_28_4532_3,0.868,106.0,750,28,4532,3,-0.0614802748235081
956,20230721-9PM_750_28_4532_4,0.799,106.0,750,28,4532,4,-0.09745322068600858
957,20230721-9PM_750_28_4532_5,0.942,106.0,750,28,4532,5,-0.025949097207122653
958,20230721-9PM_750_28_4532_6,0.802,106.0,750,28,4532,6,-0.09582563171583647
959,20230721-9PM_750_28_4532_7,0.751,106.0,750,28,4532,7,-0.1243600629958316
960,20230721-9PM_680_28_2344_0,1.73,106.0,680,28,2344,0,0.2380461031287954
961,20230721-9PM_680_28_2344_1,1.305,106.0,680,28,2344,1,0.11561051167429974
962,20230721-9PM_680_28_2344_2,1.436,106.0,680,28,2344,2,0.15715443990628153
963,20230721-9PM_680_28_2344_3,1.623,106.0,680,28,2344,3,0.21031851982623187
964,20230721-9PM_680_28_2344_4,1.819,106.0,680,28,2344,4,0.25983269906348355
965,20230721-9PM_680_28_2344_5,1.541,106.0,680,28,2344,5,0.1878026387184193
966,20230721-9PM_680_28_2344_6,1.461,106.0,680,28,2344,6,0.1646502159342968
967,20230721-9PM_680_28_2344_7,2.025,106.0,680,28,2344,7,0.30642502755068735
968,20230721-9PM_750_28_2344_0,0.997,106.0,750,28,2344,0,-0.0013048416883442813
969,20230721-9PM_750_28_2344_1,0.853,106.0,750,28,2344,1,-0.06905096883247698
970,20230721-9PM_750_28_2344_2,0.891,106.0,750,28,2344,2,-0.0501222959631252
971,20230721-9PM_750_28_2344_3,1.023,106.0,750,28,2344,3,0.009875633712160119
972,20230721-9PM_750_28_2344_4,1.031,106.0,750,28,2344,4,0.013258665283516512
973,20230721-9PM_750_28_2344_5,0.917,106.0,750,28,2344,5,-0.03763066432997889
974,20230721-9PM_750_28_2344_6,0.908,106.0,750,28,2344,6,-0.04191415147891488
975,20230721-9PM_750_28_2344_7,1.273,106.0,750,28,2344,7,0.10482840365365537
976,20230721-9PM_680_28_2343_0,1.712,106.0,680,28,2343,0,0.2335037603411344
977,20230721-9PM_680_28_2343_1,2.063,106.0,680,28,2343,1,0.3144992279731516
978,20230721-9PM_680_28_2343_2,1.092,106.0,680,28,2343,2,0.03822263836871846
979,20230721-9PM_680_28_2343_3,1.597,106.0,680,28,2343,3,0.20330491613848292
980,20230721-9PM_680_28_2343_4,1.307,106.0,680,28,2343,4,0.11627558758054428
981,20230721-9PM_680_28_2343_5,1.671,106.0,680,28,2343,5,0.22297644989339135
982,20230721-9PM_680_28_2343_6,1.578,106.0,680,28,2343,6,0.19810699887340152
983,20230721-9PM_680_28_2343_7,1.275,106.0,680,28,2343,7,0.10551018476997394
984,20230721-9PM_750_28_2343_0,1.225,106.0,750,28,2343,0,0.0881360887005513
985,20230721-9PM_750_28_2343_1,1.358,106.0,750,28,2343,1,0.1328997699444829
986,20230721-9PM_750_28_2343_2,0.952,106.0,750,28,2343,2,-0.021363051615525673
987,20230721-9PM_750_28_2343_3,1.165,106.0,750,28,2343,3,0.0663259253620378
988,20230721-9PM_750_28_2343_4,0.97,106.0,750,28,2343,4,-0.01322826573375516
989,20230721-9PM_750_28_2343_5,1.208,106.0,750,28,2343,5,0.08206693428511301
990,20230721-9PM_750_28_2343_6,1.141,106.0,750,28,2343,6,0.05728564441821465
991,20230721-9PM_750_28_2343_7,0.956,106.0,750,28,2343,7,-0.019542107723899943
992,20230721-9PM_680_28_1952_0,1.843,106.0,680,28,1952,0,0.2655253352190738
993,20230721-9PM_680_28_1952_1,2.3,106.0,680,28,1952,1,0.36172783601759284
994,20230721-9PM_680_28_1952_2,1.874,106.0,680,28,1952,2,0.2727695865517595
995,20230721-9PM_680_28_1952_3,1.007,106.0,680,28,1952,3,0.003029470553617962
996,20230721-9PM_680_28_1952_4,0.819,106.0,680,28,1952,4,-0.08671609823958155
997,20230721-9PM_680_28_1952_5,0.876,106.0,680,28,1952,5,-0.05749589383191927
998,20230721-9PM_680_28_1952_6,1.077,106.0,680,28,1952,6,0.03221570329798157
999,20230721-9PM_680_28_1952_7,0.773,106.0,680,28,1952,7,-0.11182050608167508
1000,20230721-9PM_750_28_1952_0,1.234,106.0,750,28,1952,0,0.09131515969722287
1001,20230721-9PM_750_28_1952_1,1.286,106.0,750,28,1952,1,0.10924096858820327
1002,20230721-9PM_750_28_1952_2,1.286,106.0,750,28,1952,2,0.10924096858820327
1003,20230721-9PM_750_28_1952_3,0.693,106.0,750,28,1952,3,-0.1592667653881933
1004,20230721-9PM_750_28_1952_4,0.531,106.0,750,28,1952,4,-0.2749054789185309
1005,20230721-9PM_750_28_1952_5,0.599,106.0,750,28,1952,5,-0.22257317761068865
1006,20230721-9PM_750_28_1952_6,0.673,106.0,750,28,1952,6,-0.1719849357760231
1007,20230721-9PM_750_28_1952_7,0.529,106.0,750,28,1952,7,-0.2765443279648142
1008,20230721-9PM_680_28_2931_0,1.566,106.0,680,28,2931,0,0.1947917577219246
1009,20230721-9PM_680_28_2931_1,1.562,106.0,680,28,2931,1,0.19368102954128152
1010,20230721-9PM_680_28_2931_2,1.653,106.0,680,28,2931,2,0.2182728535714475
1011,20230721-9PM_680_28_2931_3,1.526,106.0,680,28,2931,3,0.18355453361886168
1012,20230721-9PM_680_28_2931_4,1.433,106.0,680,28,2931,4,0.1562461903973445
1013,20230721-9PM_680_28_2931_5,1.705,106.0,680,28,2931,5,0.23172438332851655
1014,20230721-9PM_680_28_2931_6,1.525,106.0,680,28,2931,6,0.1832698436828046
1015,20230721-9PM_680_28_2931_7,1.419,106.0,680,28,2931,7,0.15198239545747402
1016,20230721-9PM_750_28_2931_0,1.29,106.0,750,28,2931,0,0.11058971029924898
1017,20230721-9PM_750_28_2931_1,1.167,106.0,750,28,2931,1,0.06707085604537019
1018,20230721-9PM_750_28_2931_2,1.285,106.0,750,28,2931,2,0.10890312766731332
1019,20230721-9PM_750_28_2931_3,1.249,106.0,750,28,2931,3,0.09656243837413556
1020,20230721-9PM_750_28_2931_4,1.186,106.0,750,28,2931,4,0.07408468902824378
1021,20230721-9PM_750_28_2931_5,1.329,106.0,750,28,2931,5,0.12352498094273198
1022,20230721-9PM_750_28_2931_6,1.171,106.0,750,28,2931,6,0.06855689507236315
1023,20230721-9PM_750_28_2931_7,1.006,106.0,750,28,2931,7,0.0025979807199085947
1024,20230721-9PM_680_28_JG5_0,1.651,106.0,680,28,JG5,0,0.21774707326279363
1025,20230721-9PM_680_28_JG5_1,1.395,106.0,680,28,JG5,1,0.14457420760961637
1026,20230721-9PM_680_28_JG5_2,1.558,106.0,680,28,JG5,2,0.19256745333654565
1027,20230721-9PM_680_28_JG5_3,1.58,106.0,680,28,JG5,3,0.19865708695442263
1028,20230721-9PM_680_28_JG5_4,1.327,106.0,680,28,JG5,4,0.1228709228644355
1029,20230721-9PM_680_28_JG5_5,1.451,106.0,680,28,JG5,5,0.16166741243773589
1030,20230721-9PM_680_28_JG5_6,1.66,106.0,680,28,JG5,6,0.22010808804005508
1031,20230721-9PM_680_28_JG5_7,1.464,106.0,680,28,JG5,7,0.16554107672237306
1032,20230721-9PM_750_28_JG5_0,1.176,106.0,750,28,JG5,0,0.07040732174011965
1033,20230721-9PM_750_28_JG5_1,1.088,106.0,750,28,JG5,1,0.03662889536216113
1034,20230721-9PM_750_28_JG5_2,1.052,106.0,750,28,JG5,2,0.02201573981772028
1035,20230721-9PM_750_28_JG5_3,1.089,106.0,750,28,JG5,3,0.03702787975577494
1036,20230721-9PM_750_28_JG5_4,0.997,106.0,750,28,JG5,4,-0.0013048416883442813
1037,20230721-9PM_750_28_JG5_5,1.038,106.0,750,28,JG5,5,0.01619735351243906
1038,20230721-9PM_750_28_JG5_6,1.118,106.0,750,28,JG5,6,0.04844180355040453
1039,20230721-9PM_750_28_JG5_7,1.117,106.0,750,28,JG5,7,0.048053173115609055
1040,20230721-9PM_680_28_BMS_0,1.648,106.0,680,28,BMS,0,0.21695720736109697
1041,20230721-9PM_680_28_BMS_1,1.735,106.0,680,28,BMS,1,0.23929947912689256
1042,20230721-9PM_680_28_BMS_2,1.683,106.0,680,28,BMS,2,0.22608411597582387
1043,20230721-9PM_680_28_BMS_3,1.482,106.0,680,28,BMS,3,0.17084820364330935
1044,20230721-9PM_680_28_BMS_4,1.724,106.0,680,28,BMS,4,0.23653726148869397
1045,20230721-9PM_680_28_BMS_5,1.727,106.0,680,28,BMS,5,0.2372923375674588
1046,20230721-9PM_680_28_BMS_6,1.685,106.0,680,28,BMS,6,0.22659990520735745
1047,20230721-9PM_680_28_BMS_7,1.559,106.0,680,28,BMS,7,0.19284611518884168
1048,20230721-9PM_750_28_BMS_0,1.191,106.0,750,28,BMS,0,0.07591176148277752
1049,20230721-9PM_750_28_BMS_1,1.174,106.0,750,28,BMS,1,0.06966809691159564
1050,20230721-9PM_750_28_BMS_2,1.1,106.0,750,28,BMS,2,0.04139268515822508
1051,20230721-9PM_750_28_BMS_3,1.02,106.0,750,28,BMS,3,0.00860017176191757
1052,20230721-9PM_750_28_BMS_4,1.193,106.0,750,28,BMS,4,0.0766404436703419
1053,20230721-9PM_750_28_BMS_5,1.182,106.0,750,28,BMS,5,0.07261747654523654
1054,20230721-9PM_750_28_BMS_6,1.145,106.0,750,28,BMS,6,0.05880548667590681
1055,20230721-9PM_750_28_BMS_7,1.102,106.0,750,28,BMS,7,0.04218159451576628
1056,20230719-9AM_680_25_3059_0,1.444,46.0,680,25,3059,0,0.15956719323362029
1057,20230719-9AM_680_25_3059_1,1.535,46.0,680,25,3059,1,0.18610837981320527
1058,20230719-9AM_680_25_3059_2,1.577,46.0,680,25,3059,2,0.19783169332890285
1059,20230719-9AM_680_25_3059_3,1.442,46.0,680,25,3059,3,0.15896526038341022
1060,20230719-9AM_680_25_3059_4,1.415,46.0,680,25,3059,4,0.15075643986030904
1061,20230719-9AM_680_25_3059_5,1.493,46.0,680,25,3059,5,0.17405980772502544
1062,20230719-9AM_680_25_3059_6,1.625,46.0,680,25,3059,6,0.21085336531489318
1063,20230719-9AM_680_25_3059_7,1.078,46.0,680,25,3059,7,0.03261876085071993
1064,20230719-9AM_750_25_3059_0,0.803,46.0,750,25,3059,0,-0.09528445472131904
1065,20230719-9AM_750_25_3059_1,0.942,46.0,750,25,3059,1,-0.025949097207122653
1066,20230719-9AM_750_25_3059_2,0.901,46.0,750,25,3059,2,-0.04527520902093701
1067,20230719-9AM_750_25_3059_3,0.876,46.0,750,25,3059,3,-0.05749589383191927
1068,20230719-9AM_750_25_3059_4,0.82,46.0,750,25,3059,4,-0.08618614761628333
1069,20230719-9AM_750_25_3059_5,0.936,46.0,750,25,3059,5,-0.028724151261894745
1070,20230719-9AM_750_25_3059_6,0.941,46.0,750,25,3059,6,-0.026410376572743116
1071,20230719-9AM_750_25_3059_7,0.66,46.0,750,25,3059,7,-0.1804560644581313
1072,20230719-9AM_680_25_1691_0,1.366,46.0,680,25,1691,0,0.1354506993455138
1073,20230719-9AM_680_25_1691_1,1.586,46.0,680,25,1691,1,0.20030318298158503
1074,20230719-9AM_680_25_1691_2,1.496,46.0,680,25,1691,2,0.17493159352844256
1075,20230719-9AM_680_25_1691_3,1.761,46.0,680,25,1691,3,0.24575935596727688
1076,20230719-9AM_680_25_1691_4,1.394,46.0,680,25,1691,4,0.1442627737619906
1077,20230719-9AM_680_25_1691_5,1.371,46.0,680,25,1691,5,0.13703745478951265
1078,20230719-9AM_680_25_1691_6,1.522,46.0,680,25,1691,6,0.18241465243455401
1079,20230719-9AM_680_25_1691_7,0.955,46.0,680,25,1691,7,-0.019996628416253676
1080,20230719-9AM_750_25_1691_0,0.651,46.0,750,25,1691,0,-0.18641901143180803
1081,20230719-9AM_750_25_1691_1,0.791,46.0,750,25,1691,1,-0.10182351650232342
1082,20230719-9AM_750_25_1691_2,0.743,46.0,750,25,1691,2,-0.1290111862394247
1083,20230719-9AM_750_25_1691_3,0.937,46.0,750,25,1691,3,-0.02826040911222171
1084,20230719-9AM_750_25_1691_4,0.794,46.0,750,25,1691,4,-0.10017949757290372
1085,20230719-9AM_750_25_1691_5,0.736,46.0,750,25,1691,5,-0.13312218566250114
1086,20230719-9AM_750_25_1691_6,0.787,46.0,750,25,1691,6,-0.10402526764093542
1087,20230719-9AM_750_25_1691_7,0.544,46.0,750,25,1691,7,-0.26440110030182007
1088,20230719-9AM_680_25_1690_0,1.576,46.0,680,25,1690,0,0.19755621315353653
1089,20230719-9AM_680_25_1690_1,0.978,46.0,680,25,1690,1,-0.009661145212398569
1090,20230719-9AM_680_25_1690_2,1.869,46.0,680,25,1690,2,0.27160930137883205
1091,20230719-9AM_680_25_1690_3,1.99,46.0,680,25,1690,3,0.29885307640970665
1092,20230719-9AM_680_25_1690_4,1.539,46.0,680,25,1690,4,0.1872386198314787
1093,20230719-9AM_680_25_1690_5,2.185,46.0,680,25,1690,5,0.33945144130644067
1094,20230719-9AM_680_25_1690_6,1.49,46.0,680,25,1690,6,0.17318626841227402
1095,20230719-9AM_680_25_1690_7,1.319,46.0,680,25,1690,7,0.12024479554636527
1096,20230719-9AM_750_25_1690_0,0.85,46.0,750,25,1690,0,-0.07058107428570728
1097,20230719-9AM_750_25_1690_1,0.652,46.0,750,25,1690,1,-0.1857524042680798
1098,20230719-9AM_750_25_1690_2,1.101,46.0,750,25,1690,2,0.041787318971751766
1099,20230719-9AM_750_25_1690_3,1.053,46.0,750,25,1690,3,0.022428371185486493
1100,20230719-9AM_750_25_1690_4,0.971,46.0,750,25,1690,4,-0.012780770091995148
1101,20230719-9AM_750_25_1690_5,1.112,46.0,750,25,1690,5,0.046104787246038705
1102,20230719-9AM_750_25_1690_6,0.954,46.0,750,25,1690,6,-0.020451625295904902
1103,20230719-9AM_750_25_1690_7,0.769,46.0,750,25,1690,7,-0.11407366019856895
1104,20230719-9AM_680_25_2342_0,1.178,46.0,680,25,2342,0,0.07114529045108281
1105,20230719-9AM_680_25_2342_1,1.139,46.0,680,25,2342,1,0.05652372407910037
1106,20230719-9AM_680_25_2342_2,1.125,46.0,680,25,2342,2,0.05115252244738129
1107,20230719-9AM_680_25_2342_3,1.106,46.0,680,25,2342,3,0.04375512696867949
1108,20230719-9AM_680_25_2342_4,0.038,46.0,680,25,2342,4,-1.4202164033831899
1109,20230719-9AM_680_25_2342_5,1.042,46.0,680,25,2342,5,0.017867718963505686
1110,20230719-9AM_680_25_2342_6,1.194,46.0,680,25,2342,6,0.07700432679335026
1111,20230719-9AM_680_25_2342_7,1.015,46.0,680,25,2342,7,0.006466042249231681
1112,20230719-9AM_750_25_2342_0,0.661,46.0,750,25,2342,0,-0.17979854051435976
1113,20230719-9AM_750_25_2342_1,0.619,46.0,750,25,2342,1,-0.208309350979882
1114,20230719-9AM_750_25_2342_2,0.614,46.0,750,25,2342,2,-0.21183162885883233
1115,20230719-9AM_750_25_2342_3,0.572,46.0,750,25,2342,3,-0.24260397120697583
1116,20230719-9AM_750_25_2342_4,0.042,46.0,750,25,2342,4,-1.3767507096020994
1117,20230719-9AM_750_25_2342_5,0.555,46.0,750,25,2342,5,-0.2557070168773237
1118,20230719-9AM_750_25_2342_6,0.635,46.0,750,25,2342,6,-0.1972262747080243
1119,20230719-9AM_750_25_2342_7,0.558,46.0,750,25,2342,7,-0.25336580106242124
1120,20230719-9AM_680_25_4532_0,1.477,46.0,680,25,4532,0,0.1693804953119495
1121,20230719-9AM_680_25_4532_1,1.538,46.0,680,25,4532,1,0.18695633546541224
1122,20230719-9AM_680_25_4532_2,1.447,46.0,680,25,4532,2,0.1604685311190375
1123,20230719-9AM_680_25_4532_3,1.566,46.0,680,25,4532,3,0.1947917577219246
1124,20230719-9AM_680_25_4532_4,1.525,46.0,680,25,4532,4,0.1832698436828046
1125,20230719-9AM_680_25_4532_5,1.564,46.0,680,25,4532,5,0.1942367487238292
1126,20230719-9AM_680_25_4532_6,1.394,46.0,680,25,4532,6,0.1442627737619906
1127,20230719-9AM_680_25_4532_7,1.62,46.0,680,25,4532,7,0.20951501454263097
1128,20230719-9AM_750_25_4532_0,0.829,46.0,750,25,4532,0,-0.08144546944972647
1129,20230719-9AM_750_25_4532_1,0.853,46.0,750,25,4532,1,-0.06905096883247698
1130,20230719-9AM_750_25_4532_2,0.792,46.0,750,25,4532,2,-0.10127481841050648
1131,20230719-9AM_750_25_4532_3,0.894,46.0,750,25,4532,3,-0.04866248120408232
1132,20230719-9AM_750_25_4532_4,0.85,46.0,750,25,4532,4,-0.07058107428570728
1133,20230719-9AM_750_25_4532_5,0.848,46.0,750,25,4532,5,-0.07160414774328619
1134,20230719-9AM_750_25_4532_6,0.833,46.0,750,25,4532,6,-0.07935499859321243
1135,20230719-9AM_750_25_4532_7,0.918,46.0,750,25,4532,7,-0.03715731879875755
1136,20230719-9AM_680_25_2344_0,1.123,46.0,680,25,2344,0,0.050379756261457784
1137,20230719-9AM_680_25_2344_1,0.916,46.0,680,25,2344,1,-0.0381045263321496
1138,20230719-9AM_680_25_2344_2,1.144,46.0,680,25,2344,2,0.05842602445700536
1139,20230719-9AM_680_25_2344_3,0.945,46.0,680,25,2344,3,-0.024568191490737076
1140,20230719-9AM_680_25_2344_4,1.372,46.0,680,25,2344,4,0.13735411137073292
1141,20230719-9AM_680_25_2344_5,0.821,46.0,680,25,2344,5,-0.08565684288055925
1142,20230719-9AM_680_25_2344_6,1.048,46.0,680,25,2344,6,0.020361282647707864
1143,20230719-9AM_680_25_2344_7,0.999,46.0,680,25,2344,7,-0.0004345117740176917
1144,20230719-9AM_750_25_2344_0,0.625,46.0,750,25,2344,0,-0.2041199826559248
1145,20230719-9AM_750_25_2344_1,0.518,46.0,750,25,2344,1,-0.28567024025476695
1146,20230719-9AM_750_25_2344_2,0.637,46.0,750,25,2344,2,-0.19586056766464957
1147,20230719-9AM_750_25_2344_3,0.537,46.0,750,25,2344,3,-0.27002571430044436
1148,20230719-9AM_750_25_2344_4,0.737,46.0,750,25,2344,4,-0.13253251214094852
1149,20230719-9AM_750_25_2344_5,0.504,46.0,750,25,2344,5,-0.2975694635544747
1150,20230719-9AM_750_25_2344_6,0.595,46.0,750,25,2344,6,-0.22548303427145044
1151,20230719-9AM_750_25_2344_7,0.612,46.0,750,25,2344,7,-0.21324857785443882
1152,20230719-9AM_680_25_2343_0,1.467,46.0,680,25,2343,0,0.1664301138432827
1153,20230719-9AM_680_25_2343_1,1.447,46.0,680,25,2343,1,0.1604685311190375
1154,20230719-9AM_680_25_2343_2,1.229,46.0,680,25,2343,2,0.08955188288645412
1155,20230719-9AM_680_25_2343_3,1.438,46.0,680,25,2343,3,0.15775888604686378
1156,20230719-9AM_680_25_2343_4,1.305,46.0,680,25,2343,4,0.11561051167429974
1157,20230719-9AM_680_25_2343_5,1.245,46.0,680,25,2343,5,0.09516935143175519
1158,20230719-9AM_680_25_2343_6,1.267,46.0,680,25,2343,6,0.10277661488344131
1159,20230719-9AM_680_25_2343_7,0.977,46.0,680,25,2343,7,-0.010105436281226938
1160,20230719-9AM_750_25_2343_0,0.889,46.0,750,25,2343,0,-0.0510982390297863
1161,20230719-9AM_750_25_2343_1,0.931,46.0,750,25,2343,1,-0.031050319018657353
1162,20230719-9AM_750_25_2343_2,0.616,46.0,750,25,2343,2,-0.21041928783557454
1163,20230719-9AM_750_25_2343_3,0.793,46.0,750,25,2343,3,-0.10072681268239618
1164,20230719-9AM_750_25_2343_4,0.727,46.0,750,25,2343,4,-0.1384655891409622
1165,20230719-9AM_750_25_2343_5,0.736,46.0,750,25,2343,5,-0.13312218566250114
1166,20230719-9AM_750_25_2343_6,0.79,46.0,750,25,2343,6,-0.10237290870955855
1167,20230719-9AM_750_25_2343_7,0.562,46.0,750,25,2343,7,-0.2502636844309389
1168,20230719-9AM_680_25_1952_0,1.52,46.0,680,25,1952,0,0.18184358794477254
1169,20230719-9AM_680_25_1952_1,1.392,46.0,680,25,1952,1,0.14363923527454328
1170,20230719-9AM_680_25_1952_2,1.326,46.0,680,25,1952,2,0.12254352406875435
1171,20230719-9AM_680_25_1952_3,1.397,46.0,680,25,1952,3,0.14519640611418191
1172,20230719-9AM_680_25_1952_4,1.343,46.0,680,25,1952,4,0.12807601266871535
1173,20230719-9AM_680_25_1952_5,1.355,46.0,680,25,1952,5,0.13193929521042452
1174,20230719-9AM_680_25_1952_6,1.342,46.0,680,25,1952,6,0.12775251583297328
1175,20230719-9AM_680_25_1952_7,1.208,46.0,680,25,1952,7,0.08206693428511301
1176,20230719-9AM_750_25_1952_0,0.835,46.0,750,25,1952,0,-0.07831352451639793
1177,20230719-9AM_750_25_1952_1,0.775,46.0,750,25,1952,1,-0.1106982974936897
1178,20230719-9AM_750_25_1952_2,0.76,46.0,750,25,1952,2,-0.11918640771920865
1179,20230719-9AM_750_25_1952_3,0.809,46.0,750,25,1952,3,-0.09205147838772766
1180,20230719-9AM_750_25_1952_4,0.76,46.0,750,25,1952,4,-0.11918640771920865
1181,20230719-9AM_750_25_1952_5,0.784,46.0,750,25,1952,5,-0.10568393731556154
1182,20230719-9AM_750_25_1952_6,0.772,46.0,750,25,1952,6,-0.11238269966426384
1183,20230719-9AM_750_25_1952_7,0.713,46.0,750,25,1952,7,-0.14691047014813446
1184,20230719-9AM_680_25_2931_0,1.17,46.0,680,25,2931,0,0.06818586174616162
1185,20230719-9AM_680_25_2931_1,1.417,46.0,680,25,2931,1,0.1513698502474604
1186,20230719-9AM_680_25_2931_2,1.475,46.0,680,25,2931,2,0.16879202031418183
1187,20230719-9AM_680_25_2931_3,1.249,46.0,680,25,2931,3,0.09656243837413556
1188,20230719-9AM_680_25_2931_4,1.151,46.0,680,25,2931,4,0.06107532362979181
1189,20230719-9AM_680_25_2931_5,1.421,46.0,680,25,2931,5,0.15259407792746976
1190,20230719-9AM_680_25_2931_6,0.761,46.0,680,25,2931,6,-0.11861534322942717
1191,20230719-9AM_680_25_2931_7,0.815,46.0,680,25,2931,7,-0.08884239126002341
1192,20230719-9AM_750_25_2931_0,0.674,46.0,750,25,2931,0,-0.17134010346468015
1193,20230719-9AM_750_25_2931_1,0.784,46.0,750,25,2931,1,-0.10568393731556154
1194,20230719-9AM_750_25_2931_2,0.795,46.0,750,25,2931,2,-0.09963287134352969
1195,20230719-9AM_750_25_2931_3,0.72,46.0,750,25,2931,3,-0.14266750356873156
1196,20230719-9AM_750_25_2931_4,0.676,46.0,750,25,2931,4,-0.17005330405836405
1197,20230719-9AM_750_25_2931_5,0.768,46.0,750,25,2931,5,-0.114638779968488
1198,20230719-9AM_750_25_2931_6,0.464,46.0,750,25,2931,6,-0.3334820194451191
1199,20230719-9AM_750_25_2931_7,0.489,46.0,750,25,2931,7,-0.3106911408763798
1200,20230719-9AM_680_25_JG5_0,1.169,46.0,680,25,JG5,0,0.06781451116184012
1201,20230719-9AM_680_25_JG5_1,1.088,46.0,680,25,JG5,1,0.03662889536216113
1202,20230719-9AM_680_25_JG5_2,0.696,46.0,680,25,JG5,2,-0.15739076038943792
1203,20230719-9AM_680_25_JG5_3,0.935,46.0,680,25,JG5,3,-0.0291883891274822
1204,20230719-9AM_680_25_JG5_4,0.708,46.0,680,25,JG5,4,-0.149966742310231
1205,20230719-9AM_680_25_JG5_5,0.971,46.0,680,25,JG5,5,-0.012780770091995148
1206,20230719-9AM_680_25_JG5_6,1.021,46.0,680,25,JG5,6,0.009025742086910208
1207,20230719-9AM_680_25_JG5_7,1.572,46.0,680,25,JG5,7,0.1964525417033891
1208,20230719-9AM_750_25_JG5_0,0.625,46.0,750,25,JG5,0,-0.2041199826559248
1209,20230719-9AM_750_25_JG5_1,0.577,46.0,750,25,JG5,1,-0.2388241868442686
1210,20230719-9AM_750_25_JG5_2,0.414,46.0,750,25,JG5,2,-0.3829996588791011
1211,20230719-9AM_750_25_JG5_3,0.469,46.0,750,25,JG5,3,-0.32882715728491674
1212,20230719-9AM_750_25_JG5_4,0.383,46.0,750,25,JG5,4,-0.41680122603137726
1213,20230719-9AM_750_25_JG5_5,0.538,46.0,750,25,JG5,5,-0.2692177243336108
1214,20230719-9AM_750_25_JG5_6,0.508,46.0,750,25,JG5,6,-0.29413628771608075
1215,20230719-9AM_750_25_JG5_7,0.788,46.0,750,25,JG5,7,-0.10347378251044466
1216,20230719-9AM_680_25_BMS_0,1.414,46.0,680,25,BMS,0,0.1504494094608806
1217,20230719-9AM_680_25_BMS_1,1.519,46.0,680,25,BMS,1,0.18155777386278632
1218,20230719-9AM_680_25_BMS_2,1.565,46.0,680,25,BMS,2,0.19451434188246727
1219,20230719-9AM_680_25_BMS_3,1.545,46.0,680,25,BMS,3,0.18892848376085342
1220,20230719-9AM_680_25_BMS_4,1.663,46.0,680,25,BMS,4,0.22089224921951925
1221,20230719-9AM_680_25_BMS_5,1.634,46.0,680,25,BMS,5,0.21325205219639665
1222,20230719-9AM_680_25_BMS_6,1.6,46.0,680,25,BMS,6,0.2041199826559248
1223,20230719-9AM_680_25_BMS_7,1.518,46.0,680,25,BMS,7,0.18127177155946156
1224,20230719-9AM_750_25_BMS_0,0.738,46.0,750,25,BMS,0,-0.13194363817695845
1225,20230719-9AM_750_25_BMS_1,0.847,46.0,750,25,BMS,1,-0.0721165896692931
1226,20230719-9AM_750_25_BMS_2,0.848,46.0,750,25,BMS,2,-0.07160414774328619
1227,20230719-9AM_750_25_BMS_3,0.809,46.0,750,25,BMS,3,-0.09205147838772766
1228,20230719-9AM_750_25_BMS_4,0.885,46.0,750,25,BMS,4,-0.05305672930217456
1229,20230719-9AM_750_25_BMS_5,0.834,46.0,750,25,BMS,5,-0.0788339493622613
1230,20230719-9AM_750_25_BMS_6,0.854,46.0,750,25,BMS,6,-0.06854212931099495
1231,20230719-9AM_750_25_BMS_7,0.818,46.0,750,25,BMS,7,-0.08724669632867703
1232,20230719-9AM_680_32_3059_0,1.646,46.0,680,32,3059,0,0.216429830876251
1233,20230719-9AM_680_32_3059_1,1.265,46.0,680,32,3059,1,0.10209052551183669
1234,20230719-9AM_680_32_3059_2,1.129,46.0,680,32,3059,2,0.05269394192496786
1235,20230719-9AM_680_32_3059_3,1.244,46.0,680,32,3059,3,0.0948203803547999
1236,20230719-9AM_680_32_3059_4,1.153,46.0,680,32,3059,4,0.06182930729469903
1237,20230719-9AM_680_32_3059_5,0.948,46.0,680,32,3059,5,-0.023191662661933767
1238,20230719-9AM_680_32_3059_6,1.682,46.0,680,32,3059,6,0.22582599146189336
1239,20230719-9AM_680_32_3059_7,0.551,46.0,680,32,3059,7,-0.2588484011482149
1240,20230719-9AM_750_32_3059_0,0.914,46.0,750,32,3059,0,-0.039053804266168564
1241,20230719-9AM_750_32_3059_1,0.722,46.0,750,32,3059,1,-0.14146280243036088
1242,20230719-9AM_750_32_3059_2,0.576,46.0,750,32,3059,2,-0.239577516576788
1243,20230719-9AM_750_32_3059_3,0.663,46.0,750,32,3059,3,-0.17848647159522685
1244,20230719-9AM_750_32_3059_4,0.688,46.0,750,32,3059,4,-0.16241156176448873
1245,20230719-9AM_750_32_3059_5,0.578,46.0,750,32,3059,5,-0.23807216157947098
1246,20230719-9AM_750_32_3059_6,0.925,46.0,750,32,3059,6,-0.03385826726096737
1247,20230719-9AM_750_32_3059_7,0.409,46.0,750,32,3059,7,-0.38827669199265824
1248,20230719-9AM_680_32_1691_0,1.446,46.0,680,32,1691,0,0.160168292958512
1249,20230719-9AM_680_32_1691_1,1.408,46.0,680,32,1691,1,0.1486026548060934
1250,20230719-9AM_680_32_1691_2,1.587,46.0,680,32,1691,2,0.20057692675484817
1251,20230719-9AM_680_32_1691_3,1.288,46.0,680,32,1691,3,0.1099158630237933
1252,20230719-9AM_680_32_1691_4,1.416,46.0,680,32,1691,4,0.15106325335375018
1253,20230719-9AM_680_32_1691_5,0.998,46.0,680,32,1691,5,-0.0008694587126288914
1254,20230719-9AM_680_32_1691_6,0.852,46.0,680,32,1691,6,-0.0695604052332999
1255,20230719-9AM_680_32_1691_7,1.357,46.0,680,32,1691,7,0.13257984765973707
1256,20230719-9AM_750_32_1691_0,0.711,46.0,750,32,1691,0,-0.14813039927023372
1257,20230719-9AM_750_32_1691_1,0.673,46.0,750,32,1691,1,-0.1719849357760231
1258,20230719-9AM_750_32_1691_2,0.738,46.0,750,32,1691,2,-0.13194363817695845
1259,20230719-9AM_750_32_1691_3,0.657,46.0,750,32,1691,3,-0.1824346304402192
1260,20230719-9AM_750_32_1691_4,0.765,46.0,750,32,1691,4,-0.11633856484638239
1261,20230719-9AM_750_32_1691_5,0.453,46.0,750,32,1691,5,-0.34390179798716813
1262,20230719-9AM_750_32_1691_6,0.428,46.0,750,32,1691,6,-0.368556230986828
1263,20230719-9AM_750_32_1691_7,0.728,46.0,750,32,1691,7,-0.13786862068696282
1264,20230719-9AM_680_32_1690_0,2.153,46.0,680,32,1690,0,0.3330440298234872
1265,20230719-9AM_680_32_1690_1,2.08,46.0,680,32,1690,1,0.31806333496276157
1266,20230719-9AM_680_32_1690_2,1.134,46.0,680,32,1690,2,0.05461305455688774
1267,20230719-9AM_680_32_1690_3,1.697,46.0,680,32,1690,3,0.22968184231767583
1268,20230719-9AM_680_32_1690_4,1.776,46.0,680,32,1690,4,0.2494429614425822
1269,20230719-9AM_680_32_1690_5,1.456,46.0,680,32,1690,5,0.16316137497701838
1270,20230719-9AM_680_32_1690_6,1.454,46.0,680,32,1690,6,0.162564406523019
1271,20230719-9AM_680_32_1690_7,1.391,46.0,680,32,1690,7,0.14332712999204641
1272,20230719-9AM_750_32_1690_0,1.013,46.0,750,32,1690,0,0.005609445360280386
1273,20230719-9AM_750_32_1690_1,1.052,46.0,750,32,1690,1,0.02201573981772028
1274,20230719-9AM_750_32_1690_2,0.63,46.0,750,32,1690,2,-0.2006594505464183
1275,20230719-9AM_750_32_1690_3,1.017,46.0,750,32,1690,3,0.0073209529227445565
1276,20230719-9AM_750_32_1690_4,0.98,46.0,750,32,1690,4,-0.00877392430750515
1277,20230719-9AM_750_32_1690_5,0.805,46.0,750,32,1690,5,-0.09420411963213146
1278,20230719-9AM_750_32_1690_6,0.974,46.0,750,32,1690,6,-0.011441043121384482
1279,20230719-9AM_750_32_1690_7,0.705,46.0,750,32,1690,7,-0.15181088300860132
1280,20230719-9AM_680_32_2342_0,1.242,46.0,680,32,2342,0,0.09412159584056139
1281,20230719-9AM_680_32_2342_1,1.267,46.0,680,32,2342,1,0.10277661488344131
1282,20230719-9AM_680_32_2342_2,1.011,46.0,680,32,2342,2,0.00475115559100102
1283,20230719-9AM_680_32_2342_3,1.262,46.0,680,32,2342,3,0.10105935490811552
1284,20230719-9AM_680_32_2342_4,0.036,46.0,680,32,2342,4,-1.4436974992327127
1285,20230719-9AM_680_32_2342_5,1.341,46.0,680,32,2342,5,0.1274287778515989
1286,20230719-9AM_680_32_2342_6,0.85,46.0,680,32,2342,6,-0.07058107428570728
1287,20230719-9AM_680_32_2342_7,0.867,46.0,680,32,2342,7,-0.06198090252378971
1288,20230719-9AM_750_32_2342_0,0.571,46.0,750,32,2342,0,-0.243363891754152
1289,20230719-9AM_750_32_2342_1,0.636,46.0,750,32,2342,1,-0.19654288435158612
1290,20230719-9AM_750_32_2342_2,0.462,46.0,750,32,2342,2,-0.33535802444387447
1291,20230719-9AM_750_32_2342_3,0.567,46.0,750,32,2342,3,-0.24641694110709345
1292,20230719-9AM_750_32_2342_4,0.041,46.0,750,32,2342,4,-1.3872161432802645
1293,20230719-9AM_750_32_2342_5,0.673,46.0,750,32,2342,5,-0.1719849357760231
1294,20230719-9AM_750_32_2342_6,0.45,46.0,750,32,2342,6,-0.3467874862246563
1295,20230719-9AM_750_32_2342_7,0.465,46.0,750,32,2342,7,-0.33254704711004607
1296,20230719-9AM_680_32_4532_0,1.141,46.0,680,32,4532,0,0.05728564441821465
1297,20230719-9AM_680_32_4532_1,1.085,46.0,680,32,4532,1,0.0354297381845483
1298,20230719-9AM_680_32_4532_2,1.391,46.0,680,32,4532,2,0.14332712999204641
1299,20230719-9AM_680_32_4532_3,1.227,46.0,680,32,4532,3,0.08884456272700428
1300,20230719-9AM_680_32_4532_4,1.526,46.0,680,32,4532,4,0.18355453361886168
1301,20230719-9AM_680_32_4532_5,1.129,46.0,680,32,4532,5,0.05269394192496786
1302,20230719-9AM_680_32_4532_6,1.163,46.0,680,32,4532,6,0.06557971472844842
1303,20230719-9AM_680_32_4532_7,1.078,46.0,680,32,4532,7,0.03261876085071993
1304,20230719-9AM_750_32_4532_0,0.627,46.0,750,32,4532,0,-0.20273245916928356
1305,20230719-9AM_750_32_4532_1,0.653,46.0,750,32,4532,1,-0.18508681872492605
1306,20230719-9AM_750_32_4532_2,0.775,46.0,750,32,4532,2,-0.1106982974936897
1307,20230719-9AM_750_32_4532_3,0.717,46.0,750,32,4532,3,-0.1444808443321999
1308,20230719-9AM_750_32_4532_4,0.747,46.0,750,32,4532,4,-0.12667939818460122
1309,20230719-9AM_750_32_4532_5,0.628,46.0,750,32,4532,5,-0.20204035626280387
1310,20230719-9AM_750_32_4532_6,0.688,46.0,750,32,4532,6,-0.16241156176448873
1311,20230719-9AM_750_32_4532_7,0.499,46.0,750,32,4532,7,-0.3018994543766101
1312,20230719-9AM_680_32_2344_0,1.269,46.0,680,32,2344,0,0.10346162209470475
1313,20230719-9AM_680_32_2344_1,1.308,46.0,680,32,2344,1,0.11660774398824848
1314,20230719-9AM_680_32_2344_2,1.059,46.0,680,32,2344,2,0.024895960107484977
1315,20230719-9AM_680_32_2344_3,0.784,46.0,680,32,2344,3,-0.10568393731556154
1316,20230719-9AM_680_32_2344_4,1.21,46.0,680,32,2344,4,0.08278537031645007
1317,20230719-9AM_680_32_2344_5,0.811,46.0,680,32,2344,5,-0.09097914578884395
1318,20230719-9AM_680_32_2344_6,1.051,46.0,680,32,2344,6,0.021602716028242194
1319,20230719-9AM_680_32_2344_7,1.127,46.0,680,32,2344,7,0.05192391604610654
1320,20230719-9AM_750_32_2344_0,0.818,46.0,750,32,2344,0,-0.08724669632867703
1321,20230719-9AM_750_32_2344_1,0.833,46.0,750,32,2344,1,-0.07935499859321243
1322,20230719-9AM_750_32_2344_2,0.758,46.0,750,32,2344,2,-0.12033079436794646
1323,20230719-9AM_750_32_2344_3,0.6,46.0,750,32,2344,3,-0.2218487496163564
1324,20230719-9AM_750_32_2344_4,0.782,46.0,750,32,2344,4,-0.10679324694015198
1325,20230719-9AM_750_32_2344_5,0.609,46.0,750,32,2344,5,-0.21538270736712464
1326,20230719-9AM_750_32_2344_6,0.65,46.0,750,32,2344,6,-0.18708664335714442
1327,20230719-9AM_750_32_2344_7,0.742,46.0,750,32,2344,7,-0.12959609472097294
1328,20230719-9AM_680_32_2343_0,2.022,46.0,680,32,2343,0,0.30578115125498223
1329,20230719-9AM_680_32_2343_1,1.763,46.0,680,32,2343,1,0.24625231229932198
1330,20230719-9AM_680_32_2343_2,1.182,46.0,680,32,2343,2,0.07261747654523654
1331,20230719-9AM_680_32_2343_3,1.221,46.0,680,32,2343,3,0.0867156639448825
1332,20230719-9AM_680_32_2343_4,1.226,46.0,680,32,2343,4,0.08849047018239622
1333,20230719-9AM_680_32_2343_5,1.537,46.0,680,32,2343,5,0.1866738674997451
1334,20230719-9AM_680_32_2343_6,1.329,46.0,680,32,2343,6,0.12352498094273198
1335,20230719-9AM_680_32_2343_7,1.332,46.0,680,32,2343,7,0.12450422483428228
1336,20230719-9AM_750_32_2343_0,1.029,46.0,750,32,2343,0,0.012415374762432893
1337,20230719-9AM_750_32_2343_1,1.035,46.0,750,32,2343,1,0.014940349792936524
1338,20230719-9AM_750_32_2343_2,0.543,46.0,750,32,2343,2,-0.265200170411153
1339,20230719-9AM_750_32_2343_3,0.571,46.0,750,32,2343,3,-0.243363891754152
1340,20230719-9AM_750_32_2343_4,0.533,46.0,750,32,2343,4,-0.2732727909734277
1341,20230719-9AM_750_32_2343_5,0.78,46.0,750,32,2343,5,-0.10790539730951958
1342,20230719-9AM_750_32_2343_6,0.854,46.0,750,32,2343,6,-0.06854212931099495
1343,20230719-9AM_750_32_2343_7,0.77,46.0,750,32,2343,7,-0.11350927482751812
1344,20230719-9AM_680_32_1952_0,1.62,46.0,680,32,1952,0,0.20951501454263097
1345,20230719-9AM_680_32_1952_1,1.458,46.0,680,32,1952,1,0.1637575239819558
1346,20230719-9AM_680_32_1952_2,0.444,46.0,680,32,1952,2,-0.3526170298853802
1347,20230719-9AM_680_32_1952_3,1.239,46.0,680,32,1952,3,0.09307130637606349
1348,20230719-9AM_680_32_1952_4,1.308,46.0,680,32,1952,4,0.11660774398824848
1349,20230719-9AM_680_32_1952_5,0.447,46.0,680,32,1952,5,-0.34969247686806354
1350,20230719-9AM_680_32_1952_6,1.1,46.0,680,32,1952,6,0.04139268515822508
1351,20230719-9AM_680_32_1952_7,0.368,46.0,680,32,1952,7,-0.43415218132648237
1352,20230719-9AM_750_32_1952_0,0.845,46.0,750,32,1952,0,-0.07314329105030767
1353,20230719-9AM_750_32_1952_1,0.795,46.0,750,32,1952,1,-0.09963287134352969
1354,20230719-9AM_750_32_1952_2,0.252,46.0,750,32,1952,2,-0.5985994592184559
1355,20230719-9AM_750_32_1952_3,0.721,46.0,750,32,1952,3,-0.14206473528057098
1356,20230719-9AM_750_32_1952_4,0.73,46.0,750,32,1952,4,-0.1366771398795441
1357,20230719-9AM_750_32_1952_5,0.249,46.0,750,32,1952,5,-0.6038006529042637
1358,20230719-9AM_750_32_1952_6,0.66,46.0,750,32,1952,6,-0.1804560644581313
1359,20230719-9AM_750_32_1952_7,0.2,46.0,750,32,1952,7,-0.6989700043360187
1360,20230719-9AM_680_32_2931_0,1.662,46.0,680,32,2931,0,0.22063101944809216
1361,20230719-9AM_680_32_2931_1,1.832,46.0,680,32,2931,1,0.2629254693318316
1362,20230719-9AM_680_32_2931_2,2.028,46.0,680,32,2931,2,0.3070679506612984
1363,20230719-9AM_680_32_2931_3,1.61,46.0,680,32,2931,3,0.20682587603184974
1364,20230719-9AM_680_32_2931_4,1.665,46.0,680,32,2931,4,0.22141423784233868
1365,20230719-9AM_680_32_2931_5,1.776,46.0,680,32,2931,5,0.2494429614425822
1366,20230719-9AM_680_32_2931_6,1.812,46.0,680,32,2931,6,0.25815819334079426
1367,20230719-9AM_680_32_2931_7,1.3,46.0,680,32,2931,7,0.11394335230683679
1368,20230719-9AM_750_32_2931_0,0.948,46.0,750,32,2931,0,-0.023191662661933767
1369,20230719-9AM_750_32_2931_1,0.992,46.0,750,32,2931,1,-0.0034883278458213473
1370,20230719-9AM_750_32_2931_2,1.081,46.0,750,32,2931,2,0.03382569395331033
1371,20230719-9AM_750_32_2931_3,0.929,46.0,750,32,2931,3,-0.03198428600635821
1372,20230719-9AM_750_32_2931_4,0.912,46.0,750,32,2931,4,-0.04000516167158381
1373,20230719-9AM_750_32_2931_5,1.031,46.0,750,32,2931,5,0.013258665283516512
1374,20230719-9AM_750_32_2931_6,0.965,46.0,750,32,2931,6,-0.015472686656207449
1375,20230719-9AM_750_32_2931_7,0.79,46.0,750,32,2931,7,-0.10237290870955855
1376,20230719-9AM_680_32_JG5_0,1.119,46.0,680,32,JG5,0,0.04883008652835004
1377,20230719-9AM_680_32_JG5_1,1.005,46.0,680,32,JG5,1,0.0021660617565076304
1378,20230719-9AM_680_32_JG5_2,1.516,46.0,680,32,JG5,2,0.18069920129603473
1379,20230719-9AM_680_32_JG5_3,1.856,46.0,680,32,JG5,3,0.26857797188284327
1380,20230719-9AM_680_32_JG5_4,1.452,46.0,680,32,JG5,4,0.1619666163640749
1381,20230719-9AM_680_32_JG5_5,1.234,46.0,680,32,JG5,5,0.09131515969722287
1382,20230719-9AM_680_32_JG5_6,2.346,46.0,680,32,JG5,6,0.37032800777951047
1383,20230719-9AM_680_32_JG5_7,1.705,46.0,680,32,JG5,7,0.23172438332851655
1384,20230719-9AM_750_32_JG5_0,0.568,46.0,750,32,JG5,0,-0.24565166428898116
1385,20230719-9AM_750_32_JG5_1,0.532,46.0,750,32,JG5,1,-0.2740883677049518
1386,20230719-9AM_750_32_JG5_2,0.703,46.0,750,32,JG5,2,-0.15304467498017607
1387,20230719-9AM_750_32_JG5_3,0.82,46.0,750,32,JG5,3,-0.08618614761628333
1388,20230719-9AM_750_32_JG5_4,0.67,46.0,750,32,JG5,4,-0.17392519729917355
1389,20230719-9AM_750_32_JG5_5,0.668,46.0,750,32,JG5,5,-0.1752235375244543
1390,20230719-9AM_750_32_JG5_6,0.93,46.0,750,32,JG5,6,-0.03151705144606486
1391,20230719-9AM_750_32_JG5_7,0.776,46.0,750,32,JG5,7,-0.11013827874181155
1392,20230719-9AM_680_32_BMS_0,1.357,46.0,680,32,BMS,0,0.13257984765973707
1393,20230719-9AM_680_32_BMS_1,1.855,46.0,680,32,BMS,1,0.26834391395106466
1394,20230719-9AM_680_32_BMS_2,1.813,46.0,680,32,BMS,2,0.25839780409550867
1395,20230719-9AM_680_32_BMS_3,1.542,46.0,680,32,BMS,3,0.1880843737149382
1396,20230719-9AM_680_32_BMS_4,1.918,46.0,680,32,BMS,4,0.2828486028346448
1397,20230719-9AM_680_32_BMS_5,1.663,46.0,680,32,BMS,5,0.22089224921951925
1398,20230719-9AM_680_32_BMS_6,1.619,46.0,680,32,BMS,6,0.20924684875337374
1399,20230719-9AM_680_32_BMS_7,1.62,46.0,680,32,BMS,7,0.20951501454263097
1400,20230719-9AM_750_32_BMS_0,0.824,46.0,750,32,BMS,0,-0.08407278830288423
1401,20230719-9AM_750_32_BMS_1,0.994,46.0,750,32,BMS,1,-0.00261361560268669
1402,20230719-9AM_750_32_BMS_2,0.923,46.0,750,32,BMS,2,-0.03479829897408793
1403,20230719-9AM_750_32_BMS_3,0.852,46.0,750,32,BMS,3,-0.0695604052332999
1404,20230719-9AM_750_32_BMS_4,1.004,46.0,750,32,BMS,4,0.0017337128090005314
1405,20230719-9AM_750_32_BMS_5,0.909,46.0,750,32,BMS,5,-0.041436116778032536
1406,20230719-9AM_750_32_BMS_6,0.883,46.0,750,32,BMS,6,-0.05403929642243141
1407,20230719-9AM_750_32_BMS_7,0.892,46.0,750,32,BMS,7,-0.04963514562387693
1408,20230719-9AM_680_28_3059_0,1.627,46.0,680,28,3059,0,0.2113875529368588
1409,20230719-9AM_680_28_3059_1,1.596,46.0,680,28,3059,1,0.20303288701471064
1410,20230719-9AM_680_28_3059_2,1.948,46.0,680,28,3059,2,0.2895889525425967
1411,20230719-9AM_680_28_3059_3,1.901,46.0,680,28,3059,3,0.27898211686544316
1412,20230719-9AM_680_28_3059_4,1.425,46.0,680,28,3059,4,0.153814864344529
1413,20230719-9AM_680_28_3059_5,1.433,46.0,680,28,3059,5,0.1562461903973445
1414,20230719-9AM_680_28_3059_6,1.699,46.0,680,28,3059,6,0.23019337886904562
1415,20230719-9AM_680_28_3059_7,1.006,46.0,680,28,3059,7,0.0025979807199085947
1416,20230719-9AM_750_28_3059_0,0.893,46.0,750,28,3059,0,-0.049148541111453566
1417,20230719-9AM_750_28_3059_1,0.924,46.0,750,28,3059,1,-0.03432802877989328
1418,20230719-9AM_750_28_3059_2,1.049,46.0,750,28,3059,2,0.02077548819355783
1419,20230719-9AM_750_28_3059_3,1.253,46.0,750,28,3059,3,0.09795107099414996
1420,20230719-9AM_750_28_3059_4,0.863,46.0,750,28,3059,4,-0.06398920428479041
1421,20230719-9AM_750_28_3059_5,0.974,46.0,750,28,3059,5,-0.011441043121384482
1422,20230719-9AM_750_28_3059_6,0.935,46.0,750,28,3059,6,-0.0291883891274822
1423,20230719-9AM_750_28_3059_7,0.67,46.0,750,28,3059,7,-0.17392519729917355
1424,20230719-9AM_680_28_1691_0,2.085,46.0,680,28,1691,0,0.3191060593097763
1425,20230719-9AM_680_28_1691_1,1.518,46.0,680,28,1691,1,0.18127177155946156
1426,20230719-9AM_680_28_1691_2,1.588,46.0,680,28,1691,2,0.20085049809107747
1427,20230719-9AM_680_28_1691_3,1.817,46.0,680,28,1691,3,0.2593549273080343
1428,20230719-9AM_680_28_1691_4,1.231,46.0,680,28,1691,4,0.09025805293131633
1429,20230719-9AM_680_28_1691_5,1.218,46.0,680,28,1691,5,0.08564728829685654
1430,20230719-9AM_680_28_1691_6,1.176,46.0,680,28,1691,6,0.07040732174011965
1431,20230719-9AM_680_28_1691_7,1.077,46.0,680,28,1691,7,0.03221570329798157
1432,20230719-9AM_750_28_1691_0,1.039,46.0,750,28,1691,0,0.016615547557177382
1433,20230719-9AM_750_28_1691_1,0.789,46.0,750,28,1691,1,-0.10292299679057967
1434,20230719-9AM_750_28_1691_2,0.895,46.0,750,28,1691,2,-0.04817696468408802
1435,20230719-9AM_750_28_1691_3,0.994,46.0,750,28,1691,3,-0.00261361560268669
1436,20230719-9AM_750_28_1691_4,0.705,46.0,750,28,1691,4,-0.15181088300860132
1437,20230719-9AM_750_28_1691_5,0.678,46.0,750,28,1691,5,-0.16877030613293661
1438,20230719-9AM_750_28_1691_6,0.653,46.0,750,28,1691,6,-0.18508681872492605
1439,20230719-9AM_750_28_1691_7,0.574,46.0,750,28,1691,7,-0.2410881076020265
1440,20230719-9AM_680_28_1690_0,1.667,46.0,680,28,1690,0,0.22193559982800534
1441,20230719-9AM_680_28_1690_1,1.092,46.0,680,28,1690,1,0.03822263836871846
1442,20230719-9AM_680_28_1690_2,1.962,46.0,680,28,1690,2,0.2926990030439297
1443,20230719-9AM_680_28_1690_3,1.767,46.0,680,28,1690,3,0.24723654950676405
1444,20230719-9AM_680_28_1690_4,1.794,46.0,680,28,1690,4,0.2538224387080733
1445,20230719-9AM_680_28_1690_5,1.658,46.0,680,28,1690,5,0.21958452621425473
1446,20230719-9AM_680_28_1690_6,2.004,46.0,680,28,1690,6,0.3018977171952081
1447,20230719-9AM_680_28_1690_7,1.187,46.0,680,28,1690,7,0.07445071895459124
1448,20230719-9AM_750_28_1690_0,0.919,46.0,750,28,1690,0,-0.03668448861388872
1449,20230719-9AM_750_28_1690_1,0.624,46.0,750,28,1690,1,-0.20481541031757602
1450,20230719-9AM_750_28_1690_2,1.1,46.0,750,28,1690,2,0.04139268515822508
1451,20230719-9AM_750_28_1690_3,1.026,46.0,750,28,1690,3,0.011147360775797479
1452,20230719-9AM_750_28_1690_4,1.017,46.0,750,28,1690,4,0.0073209529227445565
1453,20230719-9AM_750_28_1690_5,0.902,46.0,750,28,1690,5,-0.04479346245805826
1454,20230719-9AM_750_28_1690_6,1.118,46.0,750,28,1690,6,0.04844180355040453
1455,20230719-9AM_750_28_1690_7,0.734,46.0,750,28,1690,7,-0.13430394008392949
1456,20230719-9AM_680_28_2342_0,0.973,46.0,680,28,2342,0,-0.0118871597316481
1457,20230719-9AM_680_28_2342_1,0.914,46.0,680,28,2342,1,-0.039053804266168564
1458,20230719-9AM_680_28_2342_2,0.926,46.0,680,28,2342,2,-0.033389013318065645
1459,20230719-9AM_680_28_2342_3,0.968,46.0,680,28,2342,3,-0.014124642691606345
1460,20230719-9AM_680_28_2342_4,0.036,46.0,680,28,2342,4,-1.4436974992327127
1461,20230719-9AM_680_28_2342_5,0.896,46.0,680,28,2342,5,-0.047691990337874794
1462,20230719-9AM_680_28_2342_6,0.849,46.0,680,28,2342,6,-0.07109230975604734
1463,20230719-9AM_680_28_2342_7,0.865,46.0,680,28,2342,7,-0.06298389253518578
1464,20230719-9AM_750_28_2342_0,0.523,46.0,750,28,2342,0,-0.2814983111327257
1465,20230719-9AM_750_28_2342_1,0.471,46.0,750,28,2342,1,-0.3269790928711038
1466,20230719-9AM_750_28_2342_2,0.527,46.0,750,28,2342,2,-0.27818938478745336
1467,20230719-9AM_750_28_2342_3,0.512,46.0,750,28,2342,3,-0.2907300390241692
1468,20230719-9AM_750_28_2342_4,0.04,46.0,750,28,2342,4,-1.3979400086720375
1469,20230719-9AM_750_28_2342_5,0.476,46.0,750,28,2342,5,-0.32239304727950685
1470,20230719-9AM_750_28_2342_6,0.391,46.0,750,28,2342,6,-0.40782324260413316
1471,20230719-9AM_750_28_2342_7,0.506,46.0,750,28,2342,7,-0.2958494831602009
1472,20230719-9AM_680_28_4532_0,1.37,46.0,680,28,4532,0,0.1367205671564068
1473,20230719-9AM_680_28_4532_1,1.26,46.0,680,28,4532,1,0.10037054511756291
1474,20230719-9AM_680_28_4532_2,1.071,46.0,680,28,4532,2,0.029789470831855614
1475,20230719-9AM_680_28_4532_3,1.451,46.0,680,28,4532,3,0.16166741243773589
1476,20230719-9AM_680_28_4532_4,1.395,46.0,680,28,4532,4,0.14457420760961637
1477,20230719-9AM_680_28_4532_5,1.437,46.0,680,28,4532,5,0.15745676813422568
1478,20230719-9AM_680_28_4532_6,1.11,46.0,680,28,4532,6,0.045322978786657475
1479,20230719-9AM_680_28_4532_7,1.004,46.0,680,28,4532,7,0.0017337128090005314
1480,20230719-9AM_750_28_4532_0,0.875,46.0,750,28,4532,0,-0.057991946977686754
1481,20230719-9AM_750_28_4532_1,0.837,46.0,750,28,4532,1,-0.07727454200674003
1482,20230719-9AM_750_28_4532_2,0.798,46.0,750,28,4532,2,-0.09799710864927055
1483,20230719-9AM_750_28_4532_3,0.876,46.0,750,28,4532,3,-0.05749589383191927
1484,20230719-9AM_750_28_4532_4,0.751,46.0,750,28,4532,4,-0.1243600629958316
1485,20230719-9AM_750_28_4532_5,0.785,46.0,750,28,4532,5,-0.10513034325474745
1486,20230719-9AM_750_28_4532_6,0.747,46.0,750,28,4532,6,-0.12667939818460122
1487,20230719-9AM_750_28_4532_7,0.661,46.0,750,28,4532,7,-0.17979854051435976
1488,20230719-9AM_680_28_2344_0,1.388,46.0,680,28,2344,0,0.14238946611883607
1489,20230719-9AM_680_28_2344_1,0.916,46.0,680,28,2344,1,-0.0381045263321496
1490,20230719-9AM_680_28_2344_2,1.052,46.0,680,28,2344,2,0.02201573981772028
1491,20230719-9AM_680_28_2344_3,1.366,46.0,680,28,2344,3,0.1354506993455138
1492,20230719-9AM_680_28_2344_4,1.418,46.0,680,28,2344,4,0.1516762308470477
1493,20230719-9AM_680_28_2344_5,1.266,46.0,680,28,2344,5,0.1024337056813363
1494,20230719-9AM_680_28_2344_6,1.095,46.0,680,28,2344,6,0.03941411917613713
1495,20230719-9AM_680_28_2344_7,1.571,46.0,680,28,2344,7,0.1961761850399733
1496,20230719-9AM_750_28_2344_0,0.75,46.0,750,28,2344,0,-0.12493873660829995
1497,20230719-9AM_750_28_2344_1,0.53,46.0,750,28,2344,1,-0.27572413039921095
1498,20230719-9AM_750_28_2344_2,0.597,46.0,750,28,2344,2,-0.22402566887063094
1499,20230719-9AM_750_28_2344_3,0.761,46.0,750,28,2344,3,-0.11861534322942717
1500,20230719-9AM_750_28_2344_4,0.841,46.0,750,28,2344,4,-0.07520400420208784
1501,20230719-9AM_750_28_2344_5,0.718,46.0,750,28,2344,5,-0.14387555575769967
1502,20230719-9AM_750_28_2344_6,0.629,46.0,750,28,2344,6,-0.20134935455473107
1503,20230719-9AM_750_28_2344_7,0.921,46.0,750,28,2344,7,-0.03574036980315106
1504,20230719-9AM_680_28_2343_0,1.914,46.0,680,28,2343,0,0.28194193344082474
1505,20230719-9AM_680_28_2343_1,1.856,46.0,680,28,2343,1,0.26857797188284327
1506,20230719-9AM_680_28_2343_2,1.047,46.0,680,28,2343,2,0.019946681678842306
1507,20230719-9AM_680_28_2343_3,1.294,46.0,680,28,2343,3,0.11193427633268159
1508,20230719-9AM_680_28_2343_4,1.248,46.0,680,28,2343,4,0.09621458534640519
1509,20230719-9AM_680_28_2343_5,1.353,46.0,680,28,2343,5,0.13129779659762297
1510,20230719-9AM_680_28_2343_6,1.708,46.0,680,28,2343,6,0.23248786635298624
1511,20230719-9AM_680_28_2343_7,1.28,46.0,680,28,2343,7,0.10720996964786837
1512,20230719-9AM_750_28_2343_0,1.123,46.0,750,28,2343,0,0.050379756261457784
1513,20230719-9AM_750_28_2343_1,1.129,46.0,750,28,2343,1,0.05269394192496786
1514,20230719-9AM_750_28_2343_2,0.555,46.0,750,28,2343,2,-0.2557070168773237
1515,20230719-9AM_750_28_2343_3,0.753,46.0,750,28,2343,3,-0.12320502379929942
1516,20230719-9AM_750_28_2343_4,0.712,46.0,750,28,2343,4,-0.14752000636314366
1517,20230719-9AM_750_28_2343_5,0.809,46.0,750,28,2343,5,-0.09205147838772766
1518,20230719-9AM_750_28_2343_6,1.057,46.0,750,28,2343,6,0.024074987307426243
1519,20230719-9AM_750_28_2343_7,0.812,46.0,750,28,2343,7,-0.09044397075882467
1520,20230719-9AM_680_28_1952_0,1.594,46.0,680,28,1952,0,0.20248831706009357
1521,20230719-9AM_680_28_1952_1,1.675,46.0,680,28,1952,1,0.22401481137286405
1522,20230719-9AM_680_28_1952_2,0.942,46.0,680,28,1952,2,-0.025949097207122653
1523,20230719-9AM_680_28_1952_3,1.284,46.0,680,28,1952,3,0.10856502373283448
1524,20230719-9AM_680_28_1952_4,1.313,46.0,680,28,1952,4,0.11826472608947933
1525,20230719-9AM_680_28_1952_5,1.137,46.0,680,28,1952,5,0.05576046468773478
1526,20230719-9AM_680_28_1952_6,1.419,46.0,680,28,1952,6,0.15198239545747402
1527,20230719-9AM_680_28_1952_7,1.253,46.0,680,28,1952,7,0.09795107099414996
1528,20230719-9AM_750_28_1952_0,0.842,46.0,750,28,1952,0,-0.07468790850035051
1529,20230719-9AM_750_28_1952_1,0.881,46.0,750,28,1952,1,-0.05502409158795209
1530,20230719-9AM_750_28_1952_2,0.59,46.0,750,28,1952,2,-0.22914798835785583
1531,20230719-9AM_750_28_1952_3,0.758,46.0,750,28,1952,3,-0.12033079436794646
1532,20230719-9AM_750_28_1952_4,0.727,46.0,750,28,1952,4,-0.1384655891409622
1533,20230719-9AM_750_28_1952_5,0.691,46.0,750,28,1952,5,-0.16052195262580163
1534,20230719-9AM_750_28_1952_6,0.835,46.0,750,28,1952,6,-0.07831352451639793
1535,20230719-9AM_750_28_1952_7,0.709,46.0,750,28,1952,7,-0.1493537648169335
1536,20230719-9AM_680_28_2931_0,1.515,46.0,680,28,2931,0,0.1804126328383238
1537,20230719-9AM_680_28_2931_1,1.597,46.0,680,28,2931,1,0.20330491613848292
1538,20230719-9AM_680_28_2931_2,0.833,46.0,680,28,2931,2,-0.07935499859321243
1539,20230719-9AM_680_28_2931_3,1.43,46.0,680,28,2931,3,0.1553360374650618
1540,20230719-9AM_680_28_2931_4,1.353,46.0,680,28,2931,4,0.13129779659762297
1541,20230719-9AM_680_28_2931_5,1.346,46.0,680,28,2931,5,0.12904505988795806
1542,20230719-9AM_680_28_2931_6,1.131,46.0,680,28,2931,6,0.05346260492545529
1543,20230719-9AM_680_28_2931_7,1.254,46.0,680,28,2931,7,0.09829753649469763
1544,20230719-9AM_750_28_2931_0,0.905,46.0,750,28,2931,0,-0.043351420794796675
1545,20230719-9AM_750_28_2931_1,0.886,46.0,750,28,2931,1,-0.05256627811294924
1546,20230719-9AM_750_28_2931_2,0.557,46.0,750,28,2931,2,-0.25414480482627105
1547,20230719-9AM_750_28_2931_3,0.881,46.0,750,28,2931,3,-0.05502409158795209
1548,20230719-9AM_750_28_2931_4,0.854,46.0,750,28,2931,4,-0.06854212931099495
1549,20230719-9AM_750_28_2931_5,0.805,46.0,750,28,2931,5,-0.09420411963213146
1550,20230719-9AM_750_28_2931_6,0.699,46.0,750,28,2931,6,-0.15552282425431863
1551,20230719-9AM_750_28_2931_7,0.741,46.0,750,28,2931,7,-0.13018179202067184
1552,20230719-9AM_680_28_JG5_0,1.175,46.0,680,28,JG5,0,0.07003786660775509
1553,20230719-9AM_680_28_JG5_1,1.242,46.0,680,28,JG5,1,0.09412159584056139
1554,20230719-9AM_680_28_JG5_2,1.175,46.0,680,28,JG5,2,0.07003786660775509
1555,20230719-9AM_680_28_JG5_3,1.057,46.0,680,28,JG5,3,0.024074987307426243
1556,20230719-9AM_680_28_JG5_4,1.0,46.0,680,28,JG5,4,0.0
1557,20230719-9AM_680_28_JG5_5,1.391,46.0,680,28,JG5,5,0.14332712999204641
1558,20230719-9AM_680_28_JG5_6,1.022,46.0,680,28,JG5,6,0.009450895798693935
1559,20230719-9AM_680_28_JG5_7,1.241,46.0,680,28,JG5,7,0.09377178149872986
1560,20230719-9AM_750_28_JG5_0,0.63,46.0,750,28,JG5,0,-0.2006594505464183
1561,20230719-9AM_750_28_JG5_1,0.648,46.0,750,28,JG5,1,-0.18842499412940666
1562,20230719-9AM_750_28_JG5_2,0.6,46.0,750,28,JG5,2,-0.2218487496163564
1563,20230719-9AM_750_28_JG5_3,0.55,46.0,750,28,JG5,3,-0.2596373105057561
1564,20230719-9AM_750_28_JG5_4,0.474,46.0,750,28,JG5,4,-0.324221658325915
1565,20230719-9AM_750_28_JG5_5,0.717,46.0,750,28,JG5,5,-0.1444808443321999
1566,20230719-9AM_750_28_JG5_6,0.47,46.0,750,28,JG5,6,-0.3279021420642826
1567,20230719-9AM_750_28_JG5_7,0.642,46.0,750,28,JG5,7,-0.19246497193114673
1568,20230719-9AM_680_28_BMS_0,1.443,46.0,680,28,BMS,0,0.15926633109349422
1569,20230719-9AM_680_28_BMS_1,1.479,46.0,680,28,BMS,1,0.16996817399689249
1570,20230719-9AM_680_28_BMS_2,1.601,46.0,680,28,BMS,2,0.20439133191929973
1571,20230719-9AM_680_28_BMS_3,1.563,46.0,680,28,BMS,3,0.1939589780191869
1572,20230719-9AM_680_28_BMS_4,1.547,46.0,680,28,BMS,4,0.1894903136993675
1573,20230719-9AM_680_28_BMS_5,1.539,46.0,680,28,BMS,5,0.1872386198314787
1574,20230719-9AM_680_28_BMS_6,1.485,46.0,680,28,BMS,6,0.1717264536532312
1575,20230719-9AM_680_28_BMS_7,1.486,46.0,680,28,BMS,7,0.1720188094245565
1576,20230719-9AM_750_28_BMS_0,0.791,46.0,750,28,BMS,0,-0.10182351650232342
1577,20230719-9AM_750_28_BMS_1,0.83,46.0,750,28,BMS,1,-0.08092190762392612
1578,20230719-9AM_750_28_BMS_2,0.886,46.0,750,28,BMS,2,-0.05256627811294924
1579,20230719-9AM_750_28_BMS_3,0.846,46.0,750,28,BMS,3,-0.07262963696097648
1580,20230719-9AM_750_28_BMS_4,0.876,46.0,750,28,BMS,4,-0.05749589383191927
1581,20230719-9AM_750_28_BMS_5,0.861,46.0,750,28,BMS,5,-0.06499684854634524
1582,20230719-9AM_750_28_BMS_6,0.835,46.0,750,28,BMS,6,-0.07831352451639793
1583,20230719-9AM_750_28_BMS_7,0.815,46.0,750,28,BMS,7,-0.08884239126002341
1584,20230720-9PM_680_25_3059_0,1.923,82.0,680,25,3059,0,0.28397928423847985
1585,20230720-9PM_680_25_3059_1,1.979,82.0,680,25,3059,1,0.2964457942063963
1586,20230720-9PM_680_25_3059_2,2.049,82.0,680,25,3059,2,0.311541958401195
1587,20230720-9PM_680_25_3059_3,1.985,82.0,680,25,3059,3,0.2977605110991339
1588,20230720-9PM_680_25_3059_4,1.917,82.0,680,25,3059,4,0.2826221128780626
1589,20230720-9PM_680_25_3059_5,1.825,82.0,680,25,3059,5,0.2612628687924935
1590,20230720-9PM_680_25_3059_6,1.847,82.0,680,25,3059,6,0.2664668954402414
1591,20230720-9PM_680_25_3059_7,1.598,82.0,680,25,3059,7,0.2035767749779726
1592,20230720-9PM_750_25_3059_0,1.2,82.0,750,25,3059,0,0.07918124604762482
1593,20230720-9PM_750_25_3059_1,1.253,82.0,750,25,3059,1,0.09795107099414996
1594,20230720-9PM_750_25_3059_2,1.224,82.0,750,25,3059,2,0.08778141780954238
1595,20230720-9PM_750_25_3059_3,1.25,82.0,750,25,3059,3,0.09691001300805642
1596,20230720-9PM_750_25_3059_4,1.254,82.0,750,25,3059,4,0.09829753649469763
1597,20230720-9PM_750_25_3059_5,1.227,82.0,750,25,3059,5,0.08884456272700428
1598,20230720-9PM_750_25_3059_6,1.228,82.0,750,25,3059,6,0.08919836680514887
1599,20230720-9PM_750_25_3059_7,1.165,82.0,750,25,3059,7,0.0663259253620378
1600,20230720-9PM_680_25_1691_0,1.568,82.0,680,25,1691,0,0.19534605834841964
1601,20230720-9PM_680_25_1691_1,1.647,82.0,680,25,1691,1,0.21669359916975436
1602,20230720-9PM_680_25_1691_2,1.228,82.0,680,25,1691,2,0.08919836680514887
1603,20230720-9PM_680_25_1691_3,1.241,82.0,680,25,1691,3,0.09377178149872986
1604,20230720-9PM_680_25_1691_4,1.309,82.0,680,25,1691,4,0.11693964655075578
1605,20230720-9PM_680_25_1691_5,1.235,82.0,680,25,1691,5,0.09166695759568456
1606,20230720-9PM_680_25_1691_6,1.232,82.0,680,25,1691,6,0.09061070782840665
1607,20230720-9PM_680_25_1691_7,1.31,82.0,680,25,1691,7,0.11727129565576427
1608,20230720-9PM_750_25_1691_0,0.937,82.0,750,25,1691,0,-0.02826040911222171
1609,20230720-9PM_750_25_1691_1,1.009,82.0,750,25,1691,1,0.0038911662369104775
1610,20230720-9PM_750_25_1691_2,0.751,82.0,750,25,1691,2,-0.1243600629958316
1611,20230720-9PM_750_25_1691_3,0.797,82.0,750,25,1691,3,-0.09854167860388763
1612,20230720-9PM_750_25_1691_4,0.856,82.0,750,25,1691,4,-0.06752623532284678
1613,20230720-9PM_750_25_1691_5,0.745,82.0,750,25,1691,5,-0.12784372725170717
1614,20230720-9PM_750_25_1691_6,0.76,82.0,750,25,1691,6,-0.11918640771920865
1615,20230720-9PM_750_25_1691_7,0.9,82.0,750,25,1691,7,-0.045757490560675115
1616,20230720-9PM_680_25_1690_0,1.77,82.0,680,25,1690,0,0.24797326636180664
1617,20230720-9PM_680_25_1690_1,0.819,82.0,680,25,1690,1,-0.08671609823958155
1618,20230720-9PM_680_25_1690_2,1.927,82.0,680,25,1690,2,0.284881714655453
1619,20230720-9PM_680_25_1690_3,1.99,82.0,680,25,1690,3,0.29885307640970665
1620,20230720-9PM_680_25_1690_4,1.629,82.0,680,25,1690,4,0.2119210843085094
1621,20230720-9PM_680_25_1690_5,2.371,82.0,680,25,1690,5,0.37493155397818817
1622,20230720-9PM_680_25_1690_6,1.603,82.0,680,25,1690,6,0.20493352235414483
1623,20230720-9PM_680_25_1690_7,1.329,82.0,680,25,1690,7,0.12352498094273198
1624,20230720-9PM_750_25_1690_0,0.984,82.0,750,25,1690,0,-0.007004901568658489
1625,20230720-9PM_750_25_1690_1,0.661,82.0,750,25,1690,1,-0.17979854051435976
1626,20230720-9PM_750_25_1690_2,1.237,82.0,750,25,1690,2,0.09236969962912069
1627,20230720-9PM_750_25_1690_3,1.268,82.0,750,25,1690,3,0.10311925354571388
1628,20230720-9PM_750_25_1690_4,1.144,82.0,750,25,1690,4,0.05842602445700536
1629,20230720-9PM_750_25_1690_5,1.206,82.0,750,25,1690,5,0.08134730780413249
1630,20230720-9PM_750_25_1690_6,1.132,82.0,750,25,1690,6,0.053846426852252584
1631,20230720-9PM_750_25_1690_7,0.947,82.0,750,25,1690,7,-0.0236500209967266
1632,20230720-9PM_680_25_2342_0,1.257,82.0,680,25,2342,0,0.0993352776859577
1633,20230720-9PM_680_25_2342_1,1.231,82.0,680,25,2342,1,0.09025805293131633
1634,20230720-9PM_680_25_2342_2,1.517,82.0,680,25,2342,2,0.18098558078673047
1635,20230720-9PM_680_25_2342_3,1.31,82.0,680,25,2342,3,0.11727129565576427
1636,20230720-9PM_680_25_2342_4,0.037,82.0,680,25,2342,4,-1.431798275933005
1637,20230720-9PM_680_25_2342_5,1.158,82.0,680,25,2342,5,0.06370855939141737
1638,20230720-9PM_680_25_2342_6,0.962,82.0,680,25,2342,6,-0.016824927962187056
1639,20230720-9PM_680_25_2342_7,0.906,82.0,680,25,2342,7,-0.042871802323186915
1640,20230720-9PM_750_25_2342_0,0.941,82.0,750,25,2342,0,-0.026410376572743116
1641,20230720-9PM_750_25_2342_1,0.94,82.0,750,25,2342,1,-0.026872146400301365
1642,20230720-9PM_750_25_2342_2,1.015,82.0,750,25,2342,2,0.006466042249231681
1643,20230720-9PM_750_25_2342_3,1.01,82.0,750,25,2342,3,0.004321373782642578
1644,20230720-9PM_750_25_2342_4,0.041,82.0,750,25,2342,4,-1.3872161432802645
1645,20230720-9PM_750_25_2342_5,0.838,82.0,750,25,2342,5,-0.07675598136972352
1646,20230720-9PM_750_25_2342_6,0.738,82.0,750,25,2342,6,-0.13194363817695845
1647,20230720-9PM_750_25_2342_7,0.683,82.0,750,25,2342,7,-0.1655792963184674
1648,20230720-9PM_680_25_4532_0,1.741,82.0,680,25,4532,0,0.24079877111733122
1649,20230720-9PM_680_25_4532_1,1.509,82.0,680,25,4532,1,0.17868923977558981
1650,20230720-9PM_680_25_4532_2,1.629,82.0,680,25,4532,2,0.2119210843085094
1651,20230720-9PM_680_25_4532_3,1.862,82.0,680,25,4532,3,0.26997967664532385
1652,20230720-9PM_680_25_4532_4,1.803,82.0,680,25,4532,4,0.25599572672240195
1653,20230720-9PM_680_25_4532_5,1.855,82.0,680,25,4532,5,0.26834391395106466
1654,20230720-9PM_680_25_4532_6,1.806,82.0,680,25,4532,6,0.256717745977487
1655,20230720-9PM_680_25_4532_7,1.773,82.0,680,25,4532,7,0.24870873560091777
1656,20230720-9PM_750_25_4532_0,0.865,82.0,750,25,4532,0,-0.06298389253518578
1657,20230720-9PM_750_25_4532_1,0.832,82.0,750,25,4532,1,-0.07987667370927608
1658,20230720-9PM_750_25_4532_2,0.861,82.0,750,25,4532,2,-0.06499684854634524
1659,20230720-9PM_750_25_4532_3,1.009,82.0,750,25,4532,3,0.0038911662369104775
1660,20230720-9PM_750_25_4532_4,0.932,82.0,750,25,4532,4,-0.030584087646018613
1661,20230720-9PM_750_25_4532_5,0.982,82.0,750,25,4532,5,-0.00788851221305034
1662,20230720-9PM_750_25_4532_6,0.95,82.0,750,25,4532,6,-0.022276394711152253
1663,20230720-9PM_750_25_4532_7,0.918,82.0,750,25,4532,7,-0.03715731879875755
1664,20230720-9PM_680_25_2344_0,1.511,82.0,680,25,2344,0,0.17926446433902535
1665,20230720-9PM_680_25_2344_1,1.298,82.0,680,25,2344,1,0.11327469246435044
1666,20230720-9PM_680_25_2344_2,1.668,82.0,680,25,2344,2,0.22219604630171988
1667,20230720-9PM_680_25_2344_3,1.461,82.0,680,25,2344,3,0.1646502159342968
1668,20230720-9PM_680_25_2344_4,1.64,82.0,680,25,2344,4,0.21484384804769785
1669,20230720-9PM_680_25_2344_5,1.26,82.0,680,25,2344,5,0.10037054511756291
1670,20230720-9PM_680_25_2344_6,1.519,82.0,680,25,2344,6,0.18155777386278632
1671,20230720-9PM_680_25_2344_7,1.847,82.0,680,25,2344,7,0.2664668954402414
1672,20230720-9PM_750_25_2344_0,0.91,82.0,750,25,2344,0,-0.040958607678906384
1673,20230720-9PM_750_25_2344_1,0.787,82.0,750,25,2344,1,-0.10402526764093542
1674,20230720-9PM_750_25_2344_2,0.976,82.0,750,25,2344,2,-0.010550182333308195
1675,20230720-9PM_750_25_2344_3,0.903,82.0,750,25,2344,3,-0.04431224968649419
1676,20230720-9PM_750_25_2344_4,0.915,82.0,750,25,2344,4,-0.038578905933551705
1677,20230720-9PM_750_25_2344_5,0.768,82.0,750,25,2344,5,-0.114638779968488
1678,20230720-9PM_750_25_2344_6,0.909,82.0,750,25,2344,6,-0.041436116778032536
1679,20230720-9PM_750_25_2344_7,1.172,82.0,750,25,2344,7,0.06892761168207182
1680,20230720-9PM_680_25_2343_0,1.861,82.0,680,25,2343,0,0.269746373130767
1681,20230720-9PM_680_25_2343_1,1.727,82.0,680,25,2343,1,0.2372923375674588
1682,20230720-9PM_680_25_2343_2,1.216,82.0,680,25,2343,2,0.08493357493671612
1683,20230720-9PM_680_25_2343_3,1.327,82.0,680,25,2343,3,0.1228709228644355
1684,20230720-9PM_680_25_2343_4,1.46,82.0,680,25,2343,4,0.1643528557844371
1685,20230720-9PM_680_25_2343_5,1.279,82.0,680,25,2343,5,0.10687054447865389
1686,20230720-9PM_680_25_2343_6,1.341,82.0,680,25,2343,6,0.1274287778515989
1687,20230720-9PM_680_25_2343_7,1.46,82.0,680,25,2343,7,0.1643528557844371
1688,20230720-9PM_750_25_2343_0,1.269,82.0,750,25,2343,0,0.10346162209470475
1689,20230720-9PM_750_25_2343_1,1.22,82.0,750,25,2343,1,0.08635983067474821
1690,20230720-9PM_750_25_2343_2,0.911,82.0,750,25,2343,2,-0.040481623027001735
1691,20230720-9PM_750_25_2343_3,0.93,82.0,750,25,2343,3,-0.03151705144606486
1692,20230720-9PM_750_25_2343_4,1.018,82.0,750,25,2343,4,0.007747778000739948
1693,20230720-9PM_750_25_2343_5,0.889,82.0,750,25,2343,5,-0.0510982390297863
1694,20230720-9PM_750_25_2343_6,0.962,82.0,750,25,2343,6,-0.016824927962187056
1695,20230720-9PM_750_25_2343_7,1.058,82.0,750,25,2343,7,0.024485667699166973
1696,20230720-9PM_680_25_1952_0,1.08,82.0,680,25,1952,0,0.03342375548694973
1697,20230720-9PM_680_25_1952_1,1.962,82.0,680,25,1952,1,0.2926990030439297
1698,20230720-9PM_680_25_1952_2,1.235,82.0,680,25,1952,2,0.09166695759568456
1699,20230720-9PM_680_25_1952_3,0.992,82.0,680,25,1952,3,-0.0034883278458213473
1700,20230720-9PM_680_25_1952_4,0.818,82.0,680,25,1952,4,-0.08724669632867703
1701,20230720-9PM_680_25_1952_5,0.939,82.0,680,25,1952,5,-0.027334407733889104
1702,20230720-9PM_680_25_1952_6,1.105,82.0,680,25,1952,6,0.0433622780211295
1703,20230720-9PM_680_25_1952_7,0.775,82.0,680,25,1952,7,-0.1106982974936897
1704,20230720-9PM_750_25_1952_0,0.824,82.0,750,25,1952,0,-0.08407278830288423
1705,20230720-9PM_750_25_1952_1,1.113,82.0,750,25,1952,1,0.04649516433470831
1706,20230720-9PM_750_25_1952_2,0.818,82.0,750,25,1952,2,-0.08724669632867703
1707,20230720-9PM_750_25_1952_3,0.706,82.0,750,25,1952,3,-0.15119529894819625
1708,20230720-9PM_750_25_1952_4,0.574,82.0,750,25,1952,4,-0.2410881076020265
1709,20230720-9PM_750_25_1952_5,0.45,82.0,750,25,1952,5,-0.3467874862246563
1710,20230720-9PM_750_25_1952_6,0.756,82.0,750,25,1952,6,-0.12147820449879346
1711,20230720-9PM_750_25_1952_7,0.526,82.0,750,25,1952,7,-0.27901425584626094
1712,20230720-9PM_680_25_2931_0,1.33,82.0,680,25,2931,0,0.12385164096708581
1713,20230720-9PM_680_25_2931_1,1.475,82.0,680,25,2931,1,0.16879202031418183
1714,20230720-9PM_680_25_2931_2,1.04,82.0,680,25,2931,2,0.01703333929878037
1715,20230720-9PM_680_25_2931_3,1.341,82.0,680,25,2931,3,0.1274287778515989
1716,20230720-9PM_680_25_2931_4,1.368,82.0,680,25,2931,4,0.13608609738409747
1717,20230720-9PM_680_25_2931_5,1.48,82.0,680,25,2931,5,0.17026171539495738
1718,20230720-9PM_680_25_2931_6,1.28,82.0,680,25,2931,6,0.10720996964786837
1719,20230720-9PM_680_25_2931_7,1.4,82.0,680,25,2931,7,0.146128035678238
1720,20230720-9PM_750_25_2931_0,0.972,82.0,750,25,2931,0,-0.012333735073725434
1721,20230720-9PM_750_25_2931_1,0.975,82.0,750,25,2931,1,-0.010995384301463193
1722,20230720-9PM_750_25_2931_2,0.803,82.0,750,25,2931,2,-0.09528445472131904
1723,20230720-9PM_750_25_2931_3,0.958,82.0,750,25,2931,3,-0.018634490921455603
1724,20230720-9PM_750_25_2931_4,1.021,82.0,750,25,2931,4,0.009025742086910208
1725,20230720-9PM_750_25_2931_5,1.074,82.0,750,25,2931,5,0.031004281363536827
1726,20230720-9PM_750_25_2931_6,0.91,82.0,750,25,2931,6,-0.040958607678906384
1727,20230720-9PM_750_25_2931_7,0.872,82.0,750,25,2931,7,-0.05948351506743278
1728,20230720-9PM_680_25_JG5_0,1.059,82.0,680,25,JG5,0,0.024895960107484977
1729,20230720-9PM_680_25_JG5_1,1.18,82.0,680,25,JG5,1,0.07188200730612536
1730,20230720-9PM_680_25_JG5_2,1.136,82.0,680,25,JG5,2,0.05537833137500003
1731,20230720-9PM_680_25_JG5_3,1.073,82.0,680,25,JG5,3,0.030599721965951066
1732,20230720-9PM_680_25_JG5_4,1.052,82.0,680,25,JG5,4,0.02201573981772028
1733,20230720-9PM_680_25_JG5_5,1.139,82.0,680,25,JG5,5,0.05652372407910037
1734,20230720-9PM_680_25_JG5_6,1.346,82.0,680,25,JG5,6,0.12904505988795806
1735,20230720-9PM_680_25_JG5_7,1.616,82.0,680,25,JG5,7,0.20844135643856737
1736,20230720-9PM_750_25_JG5_0,0.617,82.0,750,25,JG5,0,-0.20971483596675833
1737,20230720-9PM_750_25_JG5_1,0.738,82.0,750,25,JG5,1,-0.13194363817695845
1738,20230720-9PM_750_25_JG5_2,0.684,82.0,750,25,JG5,2,-0.16494389827988373
1739,20230720-9PM_750_25_JG5_3,0.627,82.0,750,25,JG5,3,-0.20273245916928356
1740,20230720-9PM_750_25_JG5_4,0.625,82.0,750,25,JG5,4,-0.2041199826559248
1741,20230720-9PM_750_25_JG5_5,0.678,82.0,750,25,JG5,5,-0.16877030613293661
1742,20230720-9PM_750_25_JG5_6,0.738,82.0,750,25,JG5,6,-0.13194363817695845
1743,20230720-9PM_750_25_JG5_7,0.983,82.0,750,25,JG5,7,-0.007446482167864384
1744,20230720-9PM_680_25_BMS_0,1.013,82.0,680,25,BMS,0,0.005609445360280386
1745,20230720-9PM_680_25_BMS_1,0.998,82.0,680,25,BMS,1,-0.0008694587126288914
1746,20230720-9PM_680_25_BMS_2,1.01,82.0,680,25,BMS,2,0.004321373782642578
1747,20230720-9PM_680_25_BMS_3,1.06,82.0,680,25,BMS,3,0.02530586526477026
1748,20230720-9PM_680_25_BMS_4,0.955,82.0,680,25,BMS,4,-0.019996628416253676
1749,20230720-9PM_680_25_BMS_5,0.983,82.0,680,25,BMS,5,-0.007446482167864384
1750,20230720-9PM_680_25_BMS_6,1.02,82.0,680,25,BMS,6,0.00860017176191757
1751,20230720-9PM_680_25_BMS_7,0.983,82.0,680,25,BMS,7,-0.007446482167864384
1752,20230720-9PM_750_25_BMS_0,0.651,82.0,750,25,BMS,0,-0.18641901143180803
1753,20230720-9PM_750_25_BMS_1,0.663,82.0,750,25,BMS,1,-0.17848647159522685
1754,20230720-9PM_750_25_BMS_2,0.699,82.0,750,25,BMS,2,-0.15552282425431863
1755,20230720-9PM_750_25_BMS_3,0.718,82.0,750,25,BMS,3,-0.14387555575769967
1756,20230720-9PM_750_25_BMS_4,0.675,82.0,750,25,BMS,4,-0.17069622716897506
1757,20230720-9PM_750_25_BMS_5,0.721,82.0,750,25,BMS,5,-0.14206473528057098
1758,20230720-9PM_750_25_BMS_6,0.709,82.0,750,25,BMS,6,-0.1493537648169335
1759,20230720-9PM_750_25_BMS_7,0.668,82.0,750,25,BMS,7,-0.1752235375244543
1760,20230720-9PM_680_32_3059_0,1.887,82.0,680,32,3059,0,0.27577190016493136
1761,20230720-9PM_680_32_3059_1,2.209,82.0,680,32,3059,1,0.34419571587143494
1762,20230720-9PM_680_32_3059_2,1.892,82.0,680,32,3059,2,0.27692113206577396
1763,20230720-9PM_680_32_3059_3,2.042,82.0,680,32,3059,3,0.3100557377508914
1764,20230720-9PM_680_32_3059_4,1.861,82.0,680,32,3059,4,0.269746373130767
1765,20230720-9PM_680_32_3059_5,1.599,82.0,680,32,3059,5,0.2038484637462347
1766,20230720-9PM_680_32_3059_6,2.03,82.0,680,32,3059,6,0.3074960379132129
1767,20230720-9PM_680_32_3059_7,1.677,82.0,680,32,3059,7,0.22453306260608574
1768,20230720-9PM_750_32_3059_0,1.092,82.0,750,32,3059,0,0.03822263836871846
1769,20230720-9PM_750_32_3059_1,1.194,82.0,750,32,3059,1,0.07700432679335026
1770,20230720-9PM_750_32_3059_2,1.021,82.0,750,32,3059,2,0.009025742086910208
1771,20230720-9PM_750_32_3059_3,1.147,82.0,750,32,3059,3,0.059563417901267686
1772,20230720-9PM_750_32_3059_4,1.091,82.0,750,32,3059,4,0.037824750588341866
1773,20230720-9PM_750_32_3059_5,0.991,82.0,750,32,3059,5,-0.0039263455147246756
1774,20230720-9PM_750_32_3059_6,1.149,82.0,750,32,3059,6,0.060320028688285184
1775,20230720-9PM_750_32_3059_7,1.13,82.0,750,32,3059,7,0.05307844348341968
1776,20230720-9PM_680_32_1691_0,2.11,82.0,680,32,1691,0,0.3242824552976926
1777,20230720-9PM_680_32_1691_1,1.407,82.0,680,32,1691,1,0.1482940974347457
1778,20230720-9PM_680_32_1691_2,2.304,82.0,680,32,1691,2,0.3624824747511744
1779,20230720-9PM_680_32_1691_3,1.271,82.0,680,32,1691,3,0.10414555055400815
1780,20230720-9PM_680_32_1691_4,1.704,82.0,680,32,1691,4,0.2314695904306813
1781,20230720-9PM_680_32_1691_5,0.909,82.0,680,32,1691,5,-0.041436116778032536
1782,20230720-9PM_680_32_1691_6,0.697,82.0,680,32,1691,6,-0.1567672219019906
1783,20230720-9PM_680_32_1691_7,1.307,82.0,680,32,1691,7,0.11627558758054428
1784,20230720-9PM_750_32_1691_0,1.038,82.0,750,32,1691,0,0.01619735351243906
1785,20230720-9PM_750_32_1691_1,0.806,82.0,750,32,1691,1,-0.09366495819490933
1786,20230720-9PM_750_32_1691_2,1.085,82.0,750,32,1691,2,0.0354297381845483
1787,20230720-9PM_750_32_1691_3,0.77,82.0,750,32,1691,3,-0.11350927482751812
1788,20230720-9PM_750_32_1691_4,0.981,82.0,750,32,1691,4,-0.008330992620051497
1789,20230720-9PM_750_32_1691_5,0.58,82.0,750,32,1691,5,-0.23657200643706275
1790,20230720-9PM_750_32_1691_6,0.433,82.0,750,32,1691,6,-0.36351210364663455
1791,20230720-9PM_750_32_1691_7,0.79,82.0,750,32,1691,7,-0.10237290870955855
1792,20230720-9PM_680_32_1690_0,2.213,82.0,680,32,1690,0,0.34498141392725795
1793,20230720-9PM_680_32_1690_1,2.374,82.0,680,32,1690,1,0.3754807146185724
1794,20230720-9PM_680_32_1690_2,2.319,82.0,680,32,1690,2,0.36530074863798734
1795,20230720-9PM_680_32_1690_3,2.453,82.0,680,32,1690,3,0.3896975482063857
1796,20230720-9PM_680_32_1690_4,2.478,82.0,680,32,1690,4,0.3941013020400447
1797,20230720-9PM_680_32_1690_5,1.685,82.0,680,32,1690,5,0.22659990520735745
1798,20230720-9PM_680_32_1690_6,1.689,82.0,680,32,1690,6,0.22762964957100867
1799,20230720-9PM_680_32_1690_7,1.94,82.0,680,32,1690,7,0.287801729930226
1800,20230720-9PM_750_32_1690_0,1.079,82.0,750,32,1690,0,0.033021444682910656
1801,20230720-9PM_750_32_1690_1,1.225,82.0,750,32,1690,1,0.0881360887005513
1802,20230720-9PM_750_32_1690_2,1.175,82.0,750,32,1690,2,0.07003786660775509
1803,20230720-9PM_750_32_1690_3,1.264,82.0,750,32,1690,3,0.10174707394636621
1804,20230720-9PM_750_32_1690_4,1.249,82.0,750,32,1690,4,0.09656243837413556
1805,20230720-9PM_750_32_1690_5,0.935,82.0,750,32,1690,5,-0.0291883891274822
1806,20230720-9PM_750_32_1690_6,1.102,82.0,750,32,1690,6,0.04218159451576628
1807,20230720-9PM_750_32_1690_7,1.132,82.0,750,32,1690,7,0.053846426852252584
1808,20230720-9PM_680_32_2342_0,0.919,82.0,680,32,2342,0,-0.03668448861388872
1809,20230720-9PM_680_32_2342_1,1.03,82.0,680,32,2342,1,0.012837224705172217
1810,20230720-9PM_680_32_2342_2,1.017,82.0,680,32,2342,2,0.0073209529227445565
1811,20230720-9PM_680_32_2342_3,1.196,82.0,680,32,2342,3,0.07773117965239203
1812,20230720-9PM_680_32_2342_4,0.036,82.0,680,32,2342,4,-1.4436974992327127
1813,20230720-9PM_680_32_2342_5,0.985,82.0,680,32,2342,5,-0.006563769502388274
1814,20230720-9PM_680_32_2342_6,0.989,82.0,680,32,2342,6,-0.004803708402820599
1815,20230720-9PM_680_32_2342_7,0.93,82.0,680,32,2342,7,-0.03151705144606486
1816,20230720-9PM_750_32_2342_0,0.568,82.0,750,32,2342,0,-0.24565166428898116
1817,20230720-9PM_750_32_2342_1,0.639,82.0,750,32,2342,1,-0.19449914184159983
1818,20230720-9PM_750_32_2342_2,0.635,82.0,750,32,2342,2,-0.1972262747080243
1819,20230720-9PM_750_32_2342_3,0.79,82.0,750,32,2342,3,-0.10237290870955855
1820,20230720-9PM_750_32_2342_4,0.041,82.0,750,32,2342,4,-1.3872161432802645
1821,20230720-9PM_750_32_2342_5,0.601,82.0,750,32,2342,5,-0.22112552799726048
1822,20230720-9PM_750_32_2342_6,0.783,82.0,750,32,2342,6,-0.10623823794205658
1823,20230720-9PM_750_32_2342_7,0.643,82.0,750,32,2342,7,-0.1917890270757779
1824,20230720-9PM_680_32_4532_0,0.856,82.0,680,32,4532,0,-0.06752623532284678
1825,20230720-9PM_680_32_4532_1,1.029,82.0,680,32,4532,1,0.012415374762432893
1826,20230720-9PM_680_32_4532_2,1.734,82.0,680,32,4532,2,0.2390490931401915
1827,20230720-9PM_680_32_4532_3,1.395,82.0,680,32,4532,3,0.14457420760961637
1828,20230720-9PM_680_32_4532_4,1.288,82.0,680,32,4532,4,0.1099158630237933
1829,20230720-9PM_680_32_4532_5,1.213,82.0,680,32,4532,5,0.08386080086657301
1830,20230720-9PM_680_32_4532_6,1.447,82.0,680,32,4532,6,0.1604685311190375
1831,20230720-9PM_680_32_4532_7,1.026,82.0,680,32,4532,7,0.011147360775797479
1832,20230720-9PM_750_32_4532_0,0.516,82.0,750,32,4532,0,-0.28735029837278864
1833,20230720-9PM_750_32_4532_1,0.658,82.0,750,32,4532,1,-0.1817741063860445
1834,20230720-9PM_750_32_4532_2,0.871,82.0,750,32,4532,2,-0.059981844992336796
1835,20230720-9PM_750_32_4532_3,0.787,82.0,750,32,4532,3,-0.10402526764093542
1836,20230720-9PM_750_32_4532_4,0.726,82.0,750,32,4532,4,-0.1390633792999063
1837,20230720-9PM_750_32_4532_5,0.738,82.0,750,32,4532,5,-0.13194363817695845
1838,20230720-9PM_750_32_4532_6,0.688,82.0,750,32,4532,6,-0.16241156176448873
1839,20230720-9PM_750_32_4532_7,0.514,82.0,750,32,4532,7,-0.28903688100472424
1840,20230720-9PM_680_32_2344_0,1.213,82.0,680,32,2344,0,0.08386080086657301
1841,20230720-9PM_680_32_2344_1,1.881,82.0,680,32,2344,1,0.2743887955503789
1842,20230720-9PM_680_32_2344_2,1.962,82.0,680,32,2344,2,0.2926990030439297
1843,20230720-9PM_680_32_2344_3,1.399,82.0,680,32,2344,3,0.14581771449182765
1844,20230720-9PM_680_32_2344_4,1.451,82.0,680,32,2344,4,0.16166741243773589
1845,20230720-9PM_680_32_2344_5,1.744,82.0,680,32,2344,5,0.2415464805965484
1846,20230720-9PM_680_32_2344_6,1.333,82.0,680,32,2344,6,0.1248301494138592
1847,20230720-9PM_680_32_2344_7,1.76,82.0,680,32,2344,7,0.24551266781414982
1848,20230720-9PM_750_32_2344_0,0.797,82.0,750,32,2344,0,-0.09854167860388763
1849,20230720-9PM_750_32_2344_1,1.078,82.0,750,32,2344,1,0.03261876085071993
1850,20230720-9PM_750_32_2344_2,1.122,82.0,750,32,2344,2,0.049992856920142645
1851,20230720-9PM_750_32_2344_3,0.893,82.0,750,32,2344,3,-0.049148541111453566
1852,20230720-9PM_750_32_2344_4,0.874,82.0,750,32,2344,4,-0.05848856736559697
1853,20230720-9PM_750_32_2344_5,1.07,82.0,750,32,2344,5,0.029383777685209667
1854,20230720-9PM_750_32_2344_6,0.869,82.0,750,32,2344,6,-0.060980223551333534
1855,20230720-9PM_750_32_2344_7,1.108,82.0,750,32,2344,7,0.04453976039241098
1856,20230720-9PM_680_32_2343_0,1.731,82.0,680,32,2343,0,0.2382970678753939
1857,20230720-9PM_680_32_2343_1,2.067,82.0,680,32,2343,1,0.3153404766272883
1858,20230720-9PM_680_32_2343_2,1.148,82.0,680,32,2343,2,0.05994188806195468
1859,20230720-9PM_680_32_2343_3,1.59,82.0,680,32,2343,3,0.2013971243204515
1860,20230720-9PM_680_32_2343_4,1.606,82.0,680,32,2343,4,0.20574554094266218
1861,20230720-9PM_680_32_2343_5,1.863,82.0,680,32,2343,5,0.27021285489624264
1862,20230720-9PM_680_32_2343_6,1.204,82.0,680,32,2343,6,0.08062648692180573
1863,20230720-9PM_680_32_2343_7,1.821,82.0,680,32,2343,7,0.26030994579492
1864,20230720-9PM_750_32_2343_0,1.085,82.0,750,32,2343,0,0.0354297381845483
1865,20230720-9PM_750_32_2343_1,1.206,82.0,750,32,2343,1,0.08134730780413249
1866,20230720-9PM_750_32_2343_2,0.695,82.0,750,32,2343,2,-0.15801519540988615
1867,20230720-9PM_750_32_2343_3,1.035,82.0,750,32,2343,3,0.014940349792936524
1868,20230720-9PM_750_32_2343_4,0.963,82.0,750,32,2343,4,-0.0163737128754655
1869,20230720-9PM_750_32_2343_5,1.084,82.0,750,32,2343,5,0.03502928220236815
1870,20230720-9PM_750_32_2343_6,0.81,82.0,750,32,2343,6,-0.09151498112135022
1871,20230720-9PM_750_32_2343_7,1.132,82.0,750,32,2343,7,0.053846426852252584
1872,20230720-9PM_680_32_1952_0,2.118,82.0,680,32,1952,0,0.32592595577146616
1873,20230720-9PM_680_32_1952_1,1.782,82.0,680,32,1952,1,0.25090769970085597
1874,20230720-9PM_680_32_1952_2,1.625,82.0,680,32,1952,2,0.21085336531489318
1875,20230720-9PM_680_32_1952_3,1.526,82.0,680,32,1952,3,0.18355453361886168
1876,20230720-9PM_680_32_1952_4,1.451,82.0,680,32,1952,4,0.16166741243773589
1877,20230720-9PM_680_32_1952_5,1.588,82.0,680,32,1952,5,0.20085049809107747
1878,20230720-9PM_680_32_1952_6,1.585,82.0,680,32,1952,6,0.2000292665537703
1879,20230720-9PM_680_32_1952_7,1.153,82.0,680,32,1952,7,0.06182930729469903
1880,20230720-9PM_750_32_1952_0,1.139,82.0,750,32,1952,0,0.05652372407910037
1881,20230720-9PM_750_32_1952_1,0.972,82.0,750,32,1952,1,-0.012333735073725434
1882,20230720-9PM_750_32_1952_2,1.005,82.0,750,32,1952,2,0.0021660617565076304
1883,20230720-9PM_750_32_1952_3,0.96,82.0,750,32,1952,3,-0.017728766960431602
1884,20230720-9PM_750_32_1952_4,0.894,82.0,750,32,1952,4,-0.04866248120408232
1885,20230720-9PM_750_32_1952_5,1.038,82.0,750,32,1952,5,0.01619735351243906
1886,20230720-9PM_750_32_1952_6,1.088,82.0,750,32,1952,6,0.03662889536216113
1887,20230720-9PM_750_32_1952_7,0.853,82.0,750,32,1952,7,-0.06905096883247698
1888,20230720-9PM_680_32_2931_0,1.688,82.0,680,32,2931,0,0.22737244228963624
1889,20230720-9PM_680_32_2931_1,1.74,82.0,680,32,2931,1,0.24054924828259971
1890,20230720-9PM_680_32_2931_2,1.478,82.0,680,32,2931,2,0.16967443405880692
1891,20230720-9PM_680_32_2931_3,1.71,82.0,680,32,2931,3,0.23299611039215382
1892,20230720-9PM_680_32_2931_4,1.638,82.0,680,32,2931,4,0.21431389742439963
1893,20230720-9PM_680_32_2931_5,2.243,82.0,680,32,2931,5,0.3508292735829677
1894,20230720-9PM_680_32_2931_6,1.834,82.0,680,32,2931,6,0.2633993313340023
1895,20230720-9PM_680_32_2931_7,1.655,82.0,680,32,2931,7,0.21879799811173756
1896,20230720-9PM_750_32_2931_0,1.038,82.0,750,32,2931,0,0.01619735351243906
1897,20230720-9PM_750_32_2931_1,1.089,82.0,750,32,2931,1,0.03702787975577494
1898,20230720-9PM_750_32_2931_2,1.015,82.0,750,32,2931,2,0.006466042249231681
1899,20230720-9PM_750_32_2931_3,1.006,82.0,750,32,2931,3,0.0025979807199085947
1900,20230720-9PM_750_32_2931_4,0.994,82.0,750,32,2931,4,-0.00261361560268669
1901,20230720-9PM_750_32_2931_5,1.309,82.0,750,32,2931,5,0.11693964655075578
1902,20230720-9PM_750_32_2931_6,1.102,82.0,750,32,2931,6,0.04218159451576628
1903,20230720-9PM_750_32_2931_7,1.084,82.0,750,32,2931,7,0.03502928220236815
1904,20230720-9PM_680_32_JG5_0,0.654,82.0,680,32,JG5,0,-0.18442225167573273
1905,20230720-9PM_680_32_JG5_1,1.084,82.0,680,32,JG5,1,0.03502928220236815
1906,20230720-9PM_680_32_JG5_2,0.945,82.0,680,32,JG5,2,-0.024568191490737076
1907,20230720-9PM_680_32_JG5_3,1.554,82.0,680,32,JG5,3,0.19145101446489549
1908,20230720-9PM_680_32_JG5_4,1.075,82.0,680,32,JG5,4,0.03140846425162412
1909,20230720-9PM_680_32_JG5_5,1.032,82.0,680,32,JG5,5,0.01367969729119256
1910,20230720-9PM_680_32_JG5_6,2.057,82.0,680,32,JG5,6,0.313234291694724
1911,20230720-9PM_680_32_JG5_7,1.358,82.0,680,32,JG5,7,0.1328997699444829
1912,20230720-9PM_750_32_JG5_0,0.505,82.0,750,32,JG5,0,-0.2967086218813386
1913,20230720-9PM_750_32_JG5_1,0.727,82.0,750,32,JG5,1,-0.1384655891409622
1914,20230720-9PM_750_32_JG5_2,0.559,82.0,750,32,JG5,2,-0.25258819211357664
1915,20230720-9PM_750_32_JG5_3,0.848,82.0,750,32,JG5,3,-0.07160414774328619
1916,20230720-9PM_750_32_JG5_4,0.642,82.0,750,32,JG5,4,-0.19246497193114673
1917,20230720-9PM_750_32_JG5_5,0.657,82.0,750,32,JG5,5,-0.1824346304402192
1918,20230720-9PM_750_32_JG5_6,0.952,82.0,750,32,JG5,6,-0.021363051615525673
1919,20230720-9PM_750_32_JG5_7,0.871,82.0,750,32,JG5,7,-0.059981844992336796
1920,20230720-9PM_680_32_BMS_0,1.999,82.0,680,32,BMS,0,0.30081279411811696
1921,20230720-9PM_680_32_BMS_1,1.958,82.0,680,32,BMS,1,0.291812687467119
1922,20230720-9PM_680_32_BMS_2,2.013,82.0,680,32,BMS,2,0.3038437748886545
1923,20230720-9PM_680_32_BMS_3,1.934,82.0,680,32,BMS,3,0.28645646974698286
1924,20230720-9PM_680_32_BMS_4,1.88,82.0,680,32,BMS,4,0.2741578492636798
1925,20230720-9PM_680_32_BMS_5,1.872,82.0,680,32,BMS,5,0.27230584440208644
1926,20230720-9PM_680_32_BMS_6,1.81,82.0,680,32,BMS,6,0.2576785748691845
1927,20230720-9PM_680_32_BMS_7,1.946,82.0,680,32,BMS,7,0.2891428359323331
1928,20230720-9PM_750_32_BMS_0,1.161,82.0,750,32,BMS,0,0.06483221973857385
1929,20230720-9PM_750_32_BMS_1,1.161,82.0,750,32,BMS,1,0.06483221973857385
1930,20230720-9PM_750_32_BMS_2,1.155,82.0,750,32,BMS,2,0.06258198422816312
1931,20230720-9PM_750_32_BMS_3,1.145,82.0,750,32,BMS,3,0.05880548667590681
1932,20230720-9PM_750_32_BMS_4,1.141,82.0,750,32,BMS,4,0.05728564441821465
1933,20230720-9PM_750_32_BMS_5,1.145,82.0,750,32,BMS,5,0.05880548667590681
1934,20230720-9PM_750_32_BMS_6,1.102,82.0,750,32,BMS,6,0.04218159451576628
1935,20230720-9PM_750_32_BMS_7,1.155,82.0,750,32,BMS,7,0.06258198422816312
1936,20230720-9PM_680_28_3059_0,1.875,82.0,680,28,3059,0,0.27300127206373764
1937,20230720-9PM_680_28_3059_1,1.93,82.0,680,28,3059,1,0.28555730900777376
1938,20230720-9PM_680_28_3059_2,2.101,82.0,680,28,3059,2,0.32242605240595257
1939,20230720-9PM_680_28_3059_3,1.778,82.0,680,28,3059,3,0.2499317566341949
1940,20230720-9PM_680_28_3059_4,1.901,82.0,680,28,3059,4,0.27898211686544316
1941,20230720-9PM_680_28_3059_5,1.8,82.0,680,28,3059,5,0.25527250510330607
1942,20230720-9PM_680_28_3059_6,1.958,82.0,680,28,3059,6,0.291812687467119
1943,20230720-9PM_680_28_3059_7,1.36,82.0,680,28,3059,7,0.13353890837021754
1944,20230720-9PM_750_28_3059_0,1.206,82.0,750,28,3059,0,0.08134730780413249
1945,20230720-9PM_750_28_3059_1,1.262,82.0,750,28,3059,1,0.10105935490811552
1946,20230720-9PM_750_28_3059_2,1.216,82.0,750,28,3059,2,0.08493357493671612
1947,20230720-9PM_750_28_3059_3,1.231,82.0,750,28,3059,3,0.09025805293131633
1948,20230720-9PM_750_28_3059_4,1.279,82.0,750,28,3059,4,0.10687054447865389
1949,20230720-9PM_750_28_3059_5,1.225,82.0,750,28,3059,5,0.0881360887005513
1950,20230720-9PM_750_28_3059_6,1.259,82.0,750,28,3059,6,0.10002573010786256
1951,20230720-9PM_750_28_3059_7,1.074,82.0,750,28,3059,7,0.031004281363536827
1952,20230720-9PM_680_28_1691_0,1.823,82.0,680,28,1691,0,0.2607866686549763
1953,20230720-9PM_680_28_1691_1,1.583,82.0,680,28,1691,1,0.1994809148623559
1954,20230720-9PM_680_28_1691_2,1.802,82.0,680,28,1691,2,0.2557547866430442
1955,20230720-9PM_680_28_1691_3,1.629,82.0,680,28,1691,3,0.2119210843085094
1956,20230720-9PM_680_28_1691_4,1.585,82.0,680,28,1691,4,0.2000292665537703
1957,20230720-9PM_680_28_1691_5,0.888,82.0,680,28,1691,5,-0.05158703422139897
1958,20230720-9PM_680_28_1691_6,0.979,82.0,680,28,1691,6,-0.009217308196862183
1959,20230720-9PM_680_28_1691_7,1.853,82.0,680,28,1691,7,0.2678754193188976
1960,20230720-9PM_750_28_1691_0,1.047,82.0,750,28,1691,0,0.019946681678842306
1961,20230720-9PM_750_28_1691_1,0.962,82.0,750,28,1691,1,-0.016824927962187056
1962,20230720-9PM_750_28_1691_2,1.07,82.0,750,28,1691,2,0.029383777685209667
1963,20230720-9PM_750_28_1691_3,1.009,82.0,750,28,1691,3,0.0038911662369104775
1964,20230720-9PM_750_28_1691_4,1.01,82.0,750,28,1691,4,0.004321373782642578
1965,20230720-9PM_750_28_1691_5,0.567,82.0,750,28,1691,5,-0.24641694110709345
1966,20230720-9PM_750_28_1691_6,0.634,82.0,750,28,1691,6,-0.1979107421182673
1967,20230720-9PM_750_28_1691_7,1.08,82.0,750,28,1691,7,0.03342375548694973
1968,20230720-9PM_680_28_1690_0,1.803,82.0,680,28,1690,0,0.25599572672240195
1969,20230720-9PM_680_28_1690_1,0.562,82.0,680,28,1690,1,-0.2502636844309389
1970,20230720-9PM_680_28_1690_2,2.097,82.0,680,28,1690,2,0.32159843046534387
1971,20230720-9PM_680_28_1690_3,1.999,82.0,680,28,1690,3,0.30081279411811696
1972,20230720-9PM_680_28_1690_4,1.81,82.0,680,28,1690,4,0.2576785748691845
1973,20230720-9PM_680_28_1690_5,1.46,82.0,680,28,1690,5,0.1643528557844371
1974,20230720-9PM_680_28_1690_6,2.076,82.0,680,28,1690,6,0.31722734917642026
1975,20230720-9PM_680_28_1690_7,1.143,82.0,680,28,1690,7,0.05804623039528174
1976,20230720-9PM_750_28_1690_0,1.021,82.0,750,28,1690,0,0.009025742086910208
1977,20230720-9PM_750_28_1690_1,0.431,82.0,750,28,1690,1,-0.3655227298392684
1978,20230720-9PM_750_28_1690_2,1.267,82.0,750,28,1690,2,0.10277661488344131
1979,20230720-9PM_750_28_1690_3,1.216,82.0,750,28,1690,3,0.08493357493671612
1980,20230720-9PM_750_28_1690_4,1.06,82.0,750,28,1690,4,0.02530586526477026
1981,20230720-9PM_750_28_1690_5,0.941,82.0,750,28,1690,5,-0.026410376572743116
1982,20230720-9PM_750_28_1690_6,1.258,82.0,750,28,1690,6,0.09968064110925012
1983,20230720-9PM_750_28_1690_7,0.82,82.0,750,28,1690,7,-0.08618614761628333
1984,20230720-9PM_680_28_2342_0,1.105,82.0,680,28,2342,0,0.0433622780211295
1985,20230720-9PM_680_28_2342_1,1.18,82.0,680,28,2342,1,0.07188200730612536
1986,20230720-9PM_680_28_2342_2,1.155,82.0,680,28,2342,2,0.06258198422816312
1987,20230720-9PM_680_28_2342_3,1.178,82.0,680,28,2342,3,0.07114529045108281
1988,20230720-9PM_680_28_2342_4,0.037,82.0,680,28,2342,4,-1.431798275933005
1989,20230720-9PM_680_28_2342_5,1.115,82.0,680,28,2342,5,0.04727486738417948
1990,20230720-9PM_680_28_2342_6,1.167,82.0,680,28,2342,6,0.06707085604537019
1991,20230720-9PM_680_28_2342_7,1.01,82.0,680,28,2342,7,0.004321373782642578
1992,20230720-9PM_750_28_2342_0,0.901,82.0,750,28,2342,0,-0.04527520902093701
1993,20230720-9PM_750_28_2342_1,0.95,82.0,750,28,2342,1,-0.022276394711152253
1994,20230720-9PM_750_28_2342_2,0.945,82.0,750,28,2342,2,-0.024568191490737076
1995,20230720-9PM_750_28_2342_3,0.949,82.0,750,28,2342,3,-0.022733787572707352
1996,20230720-9PM_750_28_2342_4,0.041,82.0,750,28,2342,4,-1.3872161432802645
1997,20230720-9PM_750_28_2342_5,0.889,82.0,750,28,2342,5,-0.0510982390297863
1998,20230720-9PM_750_28_2342_6,0.949,82.0,750,28,2342,6,-0.022733787572707352
1999,20230720-9PM_750_28_2342_7,0.796,82.0,750,28,2342,7,-0.09908693226233094
2000,20230720-9PM_680_28_4532_0,1.635,82.0,680,28,4532,0,0.21351775699630487
2001,20230720-9PM_680_28_4532_1,1.2,82.0,680,28,4532,1,0.07918124604762482
2002,20230720-9PM_680_28_4532_2,1.482,82.0,680,28,4532,2,0.17084820364330935
2003,20230720-9PM_680_28_4532_3,1.625,82.0,680,28,4532,3,0.21085336531489318
2004,20230720-9PM_680_28_4532_4,1.401,82.0,680,28,4532,4,0.1464381352857746
2005,20230720-9PM_680_28_4532_5,1.688,82.0,680,28,4532,5,0.22737244228963624
2006,20230720-9PM_680_28_4532_6,1.393,82.0,680,28,4532,6,0.1439511164239635
2007,20230720-9PM_680_28_4532_7,1.341,82.0,680,28,4532,7,0.1274287778515989
2008,20230720-9PM_750_28_4532_0,0.874,82.0,750,28,4532,0,-0.05848856736559697
2009,20230720-9PM_750_28_4532_1,0.762,82.0,750,28,4532,1,-0.1180450286603995
2010,20230720-9PM_750_28_4532_2,0.815,82.0,750,28,4532,2,-0.08884239126002341
2011,20230720-9PM_750_28_4532_3,0.791,82.0,750,28,4532,3,-0.10182351650232342
2012,20230720-9PM_750_28_4532_4,0.779,82.0,750,28,4532,4,-0.10846254232743553
2013,20230720-9PM_750_28_4532_5,0.895,82.0,750,28,4532,5,-0.04817696468408802
2014,20230720-9PM_750_28_4532_6,0.843,82.0,750,28,4532,6,-0.07417242537525769
2015,20230720-9PM_750_28_4532_7,0.768,82.0,750,28,4532,7,-0.114638779968488
2016,20230720-9PM_680_28_2344_0,1.72,82.0,680,28,2344,0,0.2355284469075489
2017,20230720-9PM_680_28_2344_1,1.25,82.0,680,28,2344,1,0.09691001300805642
2018,20230720-9PM_680_28_2344_2,1.425,82.0,680,28,2344,2,0.153814864344529
2019,20230720-9PM_680_28_2344_3,1.63,82.0,680,28,2344,3,0.21218760440395779
2020,20230720-9PM_680_28_2344_4,1.811,82.0,680,28,2344,4,0.2579184503140584
2021,20230720-9PM_680_28_2344_5,1.54,82.0,680,28,2344,5,0.18752072083646307
2022,20230720-9PM_680_28_2344_6,1.421,82.0,680,28,2344,6,0.15259407792746976
2023,20230720-9PM_680_28_2344_7,2.079,82.0,680,28,2344,7,0.3178544893314692
2024,20230720-9PM_750_28_2344_0,0.959,82.0,750,28,2344,0,-0.018181392829336417
2025,20230720-9PM_750_28_2344_1,0.797,82.0,750,28,2344,1,-0.09854167860388763
2026,20230720-9PM_750_28_2344_2,0.851,82.0,750,28,2344,2,-0.07007043991541213
2027,20230720-9PM_750_28_2344_3,0.99,82.0,750,28,2344,3,-0.004364805402450088
2028,20230720-9PM_750_28_2344_4,1.003,82.0,750,28,2344,4,0.001300933020418072
2029,20230720-9PM_750_28_2344_5,0.886,82.0,750,28,2344,5,-0.05256627811294924
2030,20230720-9PM_750_28_2344_6,0.852,82.0,750,28,2344,6,-0.0695604052332999
2031,20230720-9PM_750_28_2344_7,1.248,82.0,750,28,2344,7,0.09621458534640519
2032,20230720-9PM_680_28_2343_0,1.918,82.0,680,28,2343,0,0.2828486028346448
2033,20230720-9PM_680_28_2343_1,2.058,82.0,680,28,2343,1,0.31344537042641407
2034,20230720-9PM_680_28_2343_2,1.147,82.0,680,28,2343,2,0.059563417901267686
2035,20230720-9PM_680_28_2343_3,1.297,82.0,680,28,2343,3,0.11293997608408006
2036,20230720-9PM_680_28_2343_4,1.192,82.0,680,28,2343,4,0.0762762554042176
2037,20230720-9PM_680_28_2343_5,1.594,82.0,680,28,2343,5,0.20248831706009357
2038,20230720-9PM_680_28_2343_6,1.674,82.0,680,28,2343,6,0.22375545365724117
2039,20230720-9PM_680_28_2343_7,1.653,82.0,680,28,2343,7,0.2182728535714475
2040,20230720-9PM_750_28_2343_0,1.274,82.0,750,28,2343,0,0.10516942799933163
2041,20230720-9PM_750_28_2343_1,1.319,82.0,750,28,2343,1,0.12024479554636527
2042,20230720-9PM_750_28_2343_2,0.94,82.0,750,28,2343,2,-0.026872146400301365
2043,20230720-9PM_750_28_2343_3,0.888,82.0,750,28,2343,3,-0.05158703422139897
2044,20230720-9PM_750_28_2343_4,0.823,82.0,750,28,2343,4,-0.08460016478773018
2045,20230720-9PM_750_28_2343_5,1.121,82.0,750,28,2343,5,0.04960561259497315
2046,20230720-9PM_750_28_2343_6,1.162,82.0,750,28,2343,6,0.0652061280543119
2047,20230720-9PM_750_28_2343_7,1.176,82.0,750,28,2343,7,0.07040732174011965
2048,20230720-9PM_680_28_1952_0,1.936,82.0,680,28,1952,0,0.28690535297237485
2049,20230720-9PM_680_28_1952_1,2.366,82.0,680,28,1952,1,0.37401474029191156
2050,20230720-9PM_680_28_1952_2,1.9,82.0,680,28,1952,2,0.2787536009528289
2051,20230720-9PM_680_28_1952_3,0.976,82.0,680,28,1952,3,-0.010550182333308195
2052,20230720-9PM_680_28_1952_4,1.171,82.0,680,28,1952,4,0.06855689507236315
2053,20230720-9PM_680_28_1952_5,0.891,82.0,680,28,1952,5,-0.0501222959631252
2054,20230720-9PM_680_28_1952_6,1.052,82.0,680,28,1952,6,0.02201573981772028
2055,20230720-9PM_680_28_1952_7,1.026,82.0,680,28,1952,7,0.011147360775797479
2056,20230720-9PM_750_28_1952_0,1.177,82.0,750,28,1952,0,0.0707764628434347
2057,20230720-9PM_750_28_1952_1,1.232,82.0,750,28,1952,1,0.09061070782840665
2058,20230720-9PM_750_28_1952_2,1.151,82.0,750,28,1952,2,0.06107532362979181
2059,20230720-9PM_750_28_1952_3,0.665,82.0,750,28,1952,3,-0.17717835469689538
2060,20230720-9PM_750_28_1952_4,0.742,82.0,750,28,1952,4,-0.12959609472097294
2061,20230720-9PM_750_28_1952_5,0.641,82.0,750,28,1952,5,-0.19314197048118256
2062,20230720-9PM_750_28_1952_6,0.735,82.0,750,28,1952,6,-0.1337126609158051
2063,20230720-9PM_750_28_1952_7,0.731,82.0,750,28,1952,7,-0.13608262304213956
2064,20230720-9PM_680_28_2931_0,1.673,82.0,680,28,2931,0,0.22349594096239453
2065,20230720-9PM_680_28_2931_1,1.617,82.0,680,28,2931,1,0.20871001990640115
2066,20230720-9PM_680_28_2931_2,1.352,82.0,680,28,2931,2,0.13097669160561715
2067,20230720-9PM_680_28_2931_3,1.587,82.0,680,28,2931,3,0.20057692675484817
2068,20230720-9PM_680_28_2931_4,1.433,82.0,680,28,2931,4,0.1562461903973445
2069,20230720-9PM_680_28_2931_5,1.703,82.0,680,28,2931,5,0.23121464796260105
2070,20230720-9PM_680_28_2931_6,1.543,82.0,680,28,2931,6,0.18836592606314825
2071,20230720-9PM_680_28_2931_7,1.44,82.0,680,28,2931,7,0.15836249209524964
2072,20230720-9PM_750_28_2931_0,1.275,82.0,750,28,2931,0,0.10551018476997394
2073,20230720-9PM_750_28_2931_1,1.112,82.0,750,28,2931,1,0.046104787246038705
2074,20230720-9PM_750_28_2931_2,1.013,82.0,750,28,2931,2,0.005609445360280386
2075,20230720-9PM_750_28_2931_3,1.214,82.0,750,28,2931,3,0.08421868673923877
2076,20230720-9PM_750_28_2931_4,1.117,82.0,750,28,2931,4,0.048053173115609055
2077,20230720-9PM_750_28_2931_5,1.229,82.0,750,28,2931,5,0.08955188288645412
2078,20230720-9PM_750_28_2931_6,1.108,82.0,750,28,2931,6,0.04453976039241098
2079,20230720-9PM_750_28_2931_7,0.959,82.0,750,28,2931,7,-0.018181392829336417
2080,20230720-9PM_680_28_JG5_0,1.353,82.0,680,28,JG5,0,0.13129779659762297
2081,20230720-9PM_680_28_JG5_1,0.977,82.0,680,28,JG5,1,-0.010105436281226938
2082,20230720-9PM_680_28_JG5_2,1.319,82.0,680,28,JG5,2,0.12024479554636527
2083,20230720-9PM_680_28_JG5_3,1.177,82.0,680,28,JG5,3,0.0707764628434347
2084,20230720-9PM_680_28_JG5_4,0.941,82.0,680,28,JG5,4,-0.026410376572743116
2085,20230720-9PM_680_28_JG5_5,1.222,82.0,680,28,JG5,5,0.08707120590653541
2086,20230720-9PM_680_28_JG5_6,1.206,82.0,680,28,JG5,6,0.08134730780413249
2087,20230720-9PM_680_28_JG5_7,1.444,82.0,680,28,JG5,7,0.15956719323362029
2088,20230720-9PM_750_28_JG5_0,0.929,82.0,750,28,JG5,0,-0.03198428600635821
2089,20230720-9PM_750_28_JG5_1,0.656,82.0,750,28,JG5,1,-0.1830961606243397
2090,20230720-9PM_750_28_JG5_2,0.783,82.0,750,28,JG5,2,-0.10623823794205658
2091,20230720-9PM_750_28_JG5_3,0.751,82.0,750,28,JG5,3,-0.1243600629958316
2092,20230720-9PM_750_28_JG5_4,0.576,82.0,750,28,JG5,4,-0.239577516576788
2093,20230720-9PM_750_28_JG5_5,0.767,82.0,750,28,JG5,5,-0.11520463605101904
2094,20230720-9PM_750_28_JG5_6,0.652,82.0,750,28,JG5,6,-0.1857524042680798
2095,20230720-9PM_750_28_JG5_7,0.965,82.0,750,28,JG5,7,-0.015472686656207449
2096,20230720-9PM_680_28_BMS_0,1.267,82.0,680,28,BMS,0,0.10277661488344131
2097,20230720-9PM_680_28_BMS_1,1.44,82.0,680,28,BMS,1,0.15836249209524964
2098,20230720-9PM_680_28_BMS_2,1.648,82.0,680,28,BMS,2,0.21695720736109697
2099,20230720-9PM_680_28_BMS_3,1.282,82.0,680,28,BMS,3,0.10788802518279862
2100,20230720-9PM_680_28_BMS_4,1.448,82.0,680,28,BMS,4,0.1607685618611281
2101,20230720-9PM_680_28_BMS_5,1.56,82.0,680,28,BMS,5,0.1931245983544616
2102,20230720-9PM_680_28_BMS_6,1.53,82.0,680,28,BMS,6,0.1846914308175988
2103,20230720-9PM_680_28_BMS_7,1.071,82.0,680,28,BMS,7,0.029789470831855614
2104,20230720-9PM_750_28_BMS_0,0.796,82.0,750,28,BMS,0,-0.09908693226233094
2105,20230720-9PM_750_28_BMS_1,0.928,82.0,750,28,BMS,1,-0.032452023781137915
2106,20230720-9PM_750_28_BMS_2,1.046,82.0,750,28,BMS,2,0.01953168453125545
2107,20230720-9PM_750_28_BMS_3,0.745,82.0,750,28,BMS,3,-0.12784372725170717
2108,20230720-9PM_750_28_BMS_4,0.992,82.0,750,28,BMS,4,-0.0034883278458213473
2109,20230720-9PM_750_28_BMS_5,1.007,82.0,750,28,BMS,5,0.003029470553617962
2110,20230720-9PM_750_28_BMS_6,1.012,82.0,750,28,BMS,6,0.005180512503780314
2111,20230720-9PM_750_28_BMS_7,0.642,82.0,750,28,BMS,7,-0.19246497193114673
2112,20230718-9AM_680_25_3059_0,0.34,22.0,680,25,3059,0,-0.46852108295774486
2113,20230718-9AM_680_25_3059_1,0.612,22.0,680,25,3059,1,-0.21324857785443882
2114,20230718-9AM_680_25_3059_2,0.49,22.0,680,25,3059,2,-0.3098039199714863
2115,20230718-9AM_680_25_3059_3,0.543,22.0,680,25,3059,3,-0.265200170411153
2116,20230718-9AM_680_25_3059_4,0.402,22.0,680,25,3059,4,-0.3957739469155299
2117,20230718-9AM_680_25_3059_5,0.528,22.0,680,25,3059,5,-0.27736607746618774
2118,20230718-9AM_680_25_3059_6,0.482,22.0,680,25,3059,6,-0.31695296176115045
2119,20230718-9AM_680_25_3059_7,0.495,22.0,680,25,3059,7,-0.3053948010664313
2120,20230718-9AM_750_25_3059_0,0.18,22.0,750,25,3059,0,-0.744727494896694
2121,20230718-9AM_750_25_3059_1,0.265,22.0,750,25,3059,1,-0.5767541260631921
2122,20230718-9AM_750_25_3059_2,0.22,22.0,750,25,3059,2,-0.6575773191777937
2123,20230718-9AM_750_25_3059_3,0.24,22.0,750,25,3059,3,-0.619788758288394
2124,20230718-9AM_750_25_3059_4,0.206,22.0,750,25,3059,4,-0.6861327796308466
2125,20230718-9AM_750_25_3059_5,0.24,22.0,750,25,3059,5,-0.619788758288394
2126,20230718-9AM_750_25_3059_6,0.241,22.0,750,25,3059,6,-0.6179829574251317
2127,20230718-9AM_750_25_3059_7,0.24,22.0,750,25,3059,7,-0.619788758288394
2128,20230718-9AM_680_25_1691_0,0.53,22.0,680,25,1691,0,-0.27572413039921095
2129,20230718-9AM_680_25_1691_1,0.346,22.0,680,25,1691,1,-0.46092390120722343
2130,20230718-9AM_680_25_1691_2,0.527,22.0,680,25,1691,2,-0.27818938478745336
2131,20230718-9AM_680_25_1691_3,0.295,22.0,680,25,1691,3,-0.530177984021837
2132,20230718-9AM_680_25_1691_4,0.385,22.0,680,25,1691,4,-0.4145392704914993
2133,20230718-9AM_680_25_1691_5,0.37,22.0,680,25,1691,5,-0.431798275933005
2134,20230718-9AM_680_25_1691_6,0.286,22.0,680,25,1691,6,-0.543633966870957
2135,20230718-9AM_680_25_1691_7,0.409,22.0,680,25,1691,7,-0.38827669199265824
2136,20230718-9AM_750_25_1691_0,0.245,22.0,750,25,1691,0,-0.6108339156354675
2137,20230718-9AM_750_25_1691_1,0.17,22.0,750,25,1691,1,-0.769551078621726
2138,20230718-9AM_750_25_1691_2,0.258,22.0,750,25,1691,2,-0.5883802940367698
2139,20230718-9AM_750_25_1691_3,0.199,22.0,750,25,1691,3,-0.7011469235902933
2140,20230718-9AM_750_25_1691_4,0.236,22.0,750,25,1691,4,-0.6270879970298935
2141,20230718-9AM_750_25_1691_5,0.211,22.0,750,25,1691,5,-0.6757175447023074
2142,20230718-9AM_750_25_1691_6,0.174,22.0,750,25,1691,6,-0.7594507517174003
2143,20230718-9AM_750_25_1691_7,0.229,22.0,750,25,1691,7,-0.640164517660112
2144,20230718-9AM_680_25_1690_0,0.417,22.0,680,25,1690,0,-0.3798639450262425
2145,20230718-9AM_680_25_1690_1,0.667,22.0,680,25,1690,1,-0.17587416608345102
2146,20230718-9AM_680_25_1690_2,1.314,22.0,680,25,1690,2,0.11859536522376199
2147,20230718-9AM_680_25_1690_3,0.674,22.0,680,25,1690,3,-0.17134010346468015
2148,20230718-9AM_680_25_1690_4,0.75,22.0,680,25,1690,4,-0.12493873660829995
2149,20230718-9AM_680_25_1690_5,0.722,22.0,680,25,1690,5,-0.14146280243036088
2150,20230718-9AM_680_25_1690_6,0.736,22.0,680,25,1690,6,-0.13312218566250114
2151,20230718-9AM_680_25_1690_7,0.577,22.0,680,25,1690,7,-0.2388241868442686
2152,20230718-9AM_750_25_1690_0,0.23,22.0,750,25,1690,0,-0.638272163982407
2153,20230718-9AM_750_25_1690_1,0.308,22.0,750,25,1690,1,-0.5114492834995558
2154,20230718-9AM_750_25_1690_2,0.658,22.0,750,25,1690,2,-0.1817741063860445
2155,20230718-9AM_750_25_1690_3,0.327,22.0,750,25,1690,3,-0.4854522473397139
2156,20230718-9AM_750_25_1690_4,0.374,22.0,750,25,1690,4,-0.42712839779951983
2157,20230718-9AM_750_25_1690_5,0.351,22.0,750,25,1690,5,-0.4546928835341759
2158,20230718-9AM_750_25_1690_6,0.333,22.0,750,25,1690,6,-0.4775557664936801
2159,20230718-9AM_750_25_1690_7,0.268,22.0,750,25,1690,7,-0.5718652059712112
2160,20230718-9AM_680_25_2342_0,0.348,22.0,680,25,2342,0,-0.4584207560534191
2161,20230718-9AM_680_25_2342_1,0.534,22.0,680,25,2342,1,-0.27245874297144357
2162,20230718-9AM_680_25_2342_2,0.491,22.0,680,25,2342,2,-0.3089185078770315
2163,20230718-9AM_680_25_2342_3,0.414,22.0,680,25,2342,3,-0.3829996588791011
2164,20230718-9AM_680_25_2342_4,0.038,22.0,680,25,2342,4,-1.4202164033831899
2165,20230718-9AM_680_25_2342_5,0.443,22.0,680,25,2342,5,-0.3535962737769304
2166,20230718-9AM_680_25_2342_6,0.494,22.0,680,25,2342,6,-0.30627305107635305
2167,20230718-9AM_680_25_2342_7,0.272,22.0,680,25,2342,7,-0.5654310959658012
2168,20230718-9AM_750_25_2342_0,0.182,22.0,750,25,2342,0,-0.7399286120149252
2169,20230718-9AM_750_25_2342_1,0.245,22.0,750,25,2342,1,-0.6108339156354675
2170,20230718-9AM_750_25_2342_2,0.257,22.0,750,25,2342,2,-0.5900668766687055
2171,20230718-9AM_750_25_2342_3,0.196,22.0,750,25,2342,3,-0.707743928643524
2172,20230718-9AM_750_25_2342_4,0.042,22.0,750,25,2342,4,-1.3767507096020994
2173,20230718-9AM_750_25_2342_5,0.184,22.0,750,25,2342,5,-0.7351821769904635
2174,20230718-9AM_750_25_2342_6,0.227,22.0,750,25,2342,6,-0.6439741428068773
2175,20230718-9AM_750_25_2342_7,0.157,22.0,750,25,2342,7,-0.8041003475907662
2176,20230718-9AM_680_25_4532_0,0.251,22.0,680,25,4532,0,-0.6003262785189618
2177,20230718-9AM_680_25_4532_1,0.522,22.0,680,25,4532,1,-0.28232949699773785
2178,20230718-9AM_680_25_4532_2,0.394,22.0,680,25,4532,2,-0.40450377817442584
2179,20230718-9AM_680_25_4532_3,0.451,22.0,680,25,4532,3,-0.34582345812203946
2180,20230718-9AM_680_25_4532_4,0.355,22.0,680,25,4532,4,-0.44977164694490596
2181,20230718-9AM_680_25_4532_5,0.428,22.0,680,25,4532,5,-0.368556230986828
2182,20230718-9AM_680_25_4532_6,0.703,22.0,680,25,4532,6,-0.15304467498017607
2183,20230718-9AM_680_25_4532_7,0.409,22.0,680,25,4532,7,-0.38827669199265824
2184,20230718-9AM_750_25_4532_0,0.139,22.0,750,25,4532,0,-0.8569851997459049
2185,20230718-9AM_750_25_4532_1,0.239,22.0,750,25,4532,1,-0.6216020990518624
2186,20230718-9AM_750_25_4532_2,0.175,22.0,750,25,4532,2,-0.7569619513137056
2187,20230718-9AM_750_25_4532_3,0.198,22.0,750,25,4532,3,-0.7033348097384688
2188,20230718-9AM_750_25_4532_4,0.201,22.0,750,25,4532,4,-0.6968039425795111
2189,20230718-9AM_750_25_4532_5,0.203,22.0,750,25,4532,5,-0.6925039620867871
2190,20230718-9AM_750_25_4532_6,0.205,22.0,750,25,4532,6,-0.6882461389442457
2191,20230718-9AM_750_25_4532_7,0.188,22.0,750,25,4532,7,-0.7258421507363202
2192,20230718-9AM_680_25_2344_0,0.353,22.0,680,25,2344,0,-0.4522252946121775
2193,20230718-9AM_680_25_2344_1,0.27,22.0,680,25,2344,1,-0.5686362358410126
2194,20230718-9AM_680_25_2344_2,0.34,22.0,680,25,2344,2,-0.46852108295774486
2195,20230718-9AM_680_25_2344_3,0.304,22.0,680,25,2344,3,-0.5171264163912462
2196,20230718-9AM_680_25_2344_4,0.381,22.0,680,25,2344,4,-0.4190750243243807
2197,20230718-9AM_680_25_2344_5,0.292,22.0,680,25,2344,5,-0.5346171485515817
2198,20230718-9AM_680_25_2344_6,0.316,22.0,680,25,2344,6,-0.5003129173815962
2199,20230718-9AM_680_25_2344_7,0.241,22.0,680,25,2344,7,-0.6179829574251317
2200,20230718-9AM_750_25_2344_0,0.223,22.0,750,25,2344,0,-0.6516951369518393
2201,20230718-9AM_750_25_2344_1,0.178,22.0,750,25,2344,1,-0.7495799976911061
2202,20230718-9AM_750_25_2344_2,0.224,22.0,750,25,2344,2,-0.6497519816658371
2203,20230718-9AM_750_25_2344_3,0.194,22.0,750,25,2344,3,-0.712198270069774
2204,20230718-9AM_750_25_2344_4,0.232,22.0,750,25,2344,4,-0.6345120151091003
2205,20230718-9AM_750_25_2344_5,0.199,22.0,750,25,2344,5,-0.7011469235902933
2206,20230718-9AM_750_25_2344_6,0.21,22.0,750,25,2344,6,-0.6777807052660807
2207,20230718-9AM_750_25_2344_7,0.169,22.0,750,25,2344,7,-0.7721132953863264
2208,20230718-9AM_680_25_2343_0,0.589,22.0,680,25,2343,0,-0.2298847052128984
2209,20230718-9AM_680_25_2343_1,0.537,22.0,680,25,2343,1,-0.27002571430044436
2210,20230718-9AM_680_25_2343_2,0.565,22.0,680,25,2343,2,-0.2479515521805615
2211,20230718-9AM_680_25_2343_3,0.526,22.0,680,25,2343,3,-0.27901425584626094
2212,20230718-9AM_680_25_2343_4,0.564,22.0,680,25,2343,4,-0.24872089601665776
2213,20230718-9AM_680_25_2343_5,0.539,22.0,680,25,2343,5,-0.2684112348132613
2214,20230718-9AM_680_25_2343_6,0.544,22.0,680,25,2343,6,-0.26440110030182007
2215,20230718-9AM_680_25_2343_7,0.265,22.0,680,25,2343,7,-0.5767541260631921
2216,20230718-9AM_750_25_2343_0,0.371,22.0,750,25,2343,0,-0.43062609038495414
2217,20230718-9AM_750_25_2343_1,0.36,22.0,750,25,2343,1,-0.44369749923271273
2218,20230718-9AM_750_25_2343_2,0.269,22.0,750,25,2343,2,-0.5702477199975919
2219,20230718-9AM_750_25_2343_3,0.304,22.0,750,25,2343,3,-0.5171264163912462
2220,20230718-9AM_750_25_2343_4,0.213,22.0,750,25,2343,4,-0.6716203965612623
2221,20230718-9AM_750_25_2343_5,0.275,22.0,750,25,2343,5,-0.5606673061697374
2222,20230718-9AM_750_25_2343_6,0.305,22.0,750,25,2343,6,-0.5157001606532142
2223,20230718-9AM_750_25_2343_7,0.181,22.0,750,25,2343,7,-0.7423214251308154
2224,20230718-9AM_680_25_1952_0,0.44,22.0,680,25,1952,0,-0.3565473235138126
2225,20230718-9AM_680_25_1952_1,0.492,22.0,680,25,1952,1,-0.30803489723263966
2226,20230718-9AM_680_25_1952_2,0.424,22.0,680,25,1952,2,-0.37263414340726736
2227,20230718-9AM_680_25_1952_3,0.491,22.0,680,25,1952,3,-0.3089185078770315
2228,20230718-9AM_680_25_1952_4,0.386,22.0,680,25,1952,4,-0.41341269532824504
2229,20230718-9AM_680_25_1952_5,0.434,22.0,680,25,1952,5,-0.3625102704874893
2230,20230718-9AM_680_25_1952_6,0.473,22.0,680,25,1952,6,-0.32513885926218844
2231,20230718-9AM_680_25_1952_7,0.467,22.0,680,25,1952,7,-0.33068311943388784
2232,20230718-9AM_750_25_1952_0,0.26,22.0,750,25,1952,0,-0.585026652029182
2233,20230718-9AM_750_25_1952_1,0.276,22.0,750,25,1952,1,-0.5590909179347823
2234,20230718-9AM_750_25_1952_2,0.252,22.0,750,25,1952,2,-0.5985994592184559
2235,20230718-9AM_750_25_1952_3,0.284,22.0,750,25,1952,3,-0.5466816599529624
2236,20230718-9AM_750_25_1952_4,0.23,22.0,750,25,1952,4,-0.638272163982407
2237,20230718-9AM_750_25_1952_5,0.266,22.0,750,25,1952,5,-0.575118363368933
2238,20230718-9AM_750_25_1952_6,0.277,22.0,750,25,1952,6,-0.5575202309355514
2239,20230718-9AM_750_25_1952_7,0.285,22.0,750,25,1952,7,-0.5451551399914898
2240,20230718-9AM_680_25_2931_0,0.317,22.0,680,25,2931,0,-0.4989407377822485
2241,20230718-9AM_680_25_2931_1,0.376,22.0,680,25,2931,1,-0.42481215507233894
2242,20230718-9AM_680_25_2931_2,0.289,22.0,680,25,2931,2,-0.5391021572434522
2243,20230718-9AM_680_25_2931_3,0.366,22.0,680,25,2931,3,-0.43651891460558934
2244,20230718-9AM_680_25_2931_4,0.328,22.0,680,25,2931,4,-0.4841261562883209
2245,20230718-9AM_680_25_2931_5,0.286,22.0,680,25,2931,5,-0.543633966870957
2246,20230718-9AM_680_25_2931_6,0.203,22.0,680,25,2931,6,-0.6925039620867871
2247,20230718-9AM_680_25_2931_7,0.233,22.0,680,25,2931,7,-0.632644078973981
2248,20230718-9AM_750_25_2931_0,0.206,22.0,750,25,2931,0,-0.6861327796308466
2249,20230718-9AM_750_25_2931_1,0.227,22.0,750,25,2931,1,-0.6439741428068773
2250,20230718-9AM_750_25_2931_2,0.17,22.0,750,25,2931,2,-0.769551078621726
2251,20230718-9AM_750_25_2931_3,0.228,22.0,750,25,2931,3,-0.6420651529995461
2252,20230718-9AM_750_25_2931_4,0.205,22.0,750,25,2931,4,-0.6882461389442457
2253,20230718-9AM_750_25_2931_5,0.163,22.0,750,25,2931,5,-0.7878123955960422
2254,20230718-9AM_750_25_2931_6,0.136,22.0,750,25,2931,6,-0.8664610916297825
2255,20230718-9AM_750_25_2931_7,0.145,22.0,750,25,2931,7,-0.8386319977650252
2256,20230718-9AM_680_25_JG5_0,0.33,22.0,680,25,JG5,0,-0.4814860601221125
2257,20230718-9AM_680_25_JG5_1,0.3,22.0,680,25,JG5,1,-0.5228787452803376
2258,20230718-9AM_680_25_JG5_2,0.18,22.0,680,25,JG5,2,-0.744727494896694
2259,20230718-9AM_680_25_JG5_3,0.175,22.0,680,25,JG5,3,-0.7569619513137056
2260,20230718-9AM_680_25_JG5_4,0.127,22.0,680,25,JG5,4,-0.8961962790440431
2261,20230718-9AM_680_25_JG5_5,0.33,22.0,680,25,JG5,5,-0.4814860601221125
2262,20230718-9AM_680_25_JG5_6,0.257,22.0,680,25,JG5,6,-0.5900668766687055
2263,20230718-9AM_680_25_JG5_7,0.622,22.0,680,25,JG5,7,-0.2062096153091813
2264,20230718-9AM_750_25_JG5_0,0.182,22.0,750,25,JG5,0,-0.7399286120149252
2265,20230718-9AM_750_25_JG5_1,0.174,22.0,750,25,JG5,1,-0.7594507517174003
2266,20230718-9AM_750_25_JG5_2,0.12,22.0,750,25,JG5,2,-0.9208187539523752
2267,20230718-9AM_750_25_JG5_3,0.111,22.0,750,25,JG5,3,-0.9546770212133425
2268,20230718-9AM_750_25_JG5_4,0.092,22.0,750,25,JG5,4,-1.0362121726544447
2269,20230718-9AM_750_25_JG5_5,0.191,22.0,750,25,JG5,5,-0.7189666327522725
2270,20230718-9AM_750_25_JG5_6,0.155,22.0,750,25,JG5,6,-0.8096683018297085
2271,20230718-9AM_750_25_JG5_7,0.322,22.0,750,25,JG5,7,-0.4921441283041691
2272,20230718-9AM_680_25_BMS_0,0.436,22.0,680,25,BMS,0,-0.36051351073141397
2273,20230718-9AM_680_25_BMS_1,0.551,22.0,680,25,BMS,1,-0.2588484011482149
2274,20230718-9AM_680_25_BMS_2,0.535,22.0,680,25,BMS,2,-0.27164621797877153
2275,20230718-9AM_680_25_BMS_3,0.456,22.0,680,25,BMS,3,-0.341035157335565
2276,20230718-9AM_680_25_BMS_4,0.693,22.0,680,25,BMS,4,-0.1592667653881933
2277,20230718-9AM_680_25_BMS_5,0.61,22.0,680,25,BMS,5,-0.21467016498923297
2278,20230718-9AM_680_25_BMS_6,0.538,22.0,680,25,BMS,6,-0.2692177243336108
2279,20230718-9AM_680_25_BMS_7,0.566,22.0,680,25,BMS,7,-0.24718356881172862
2280,20230718-9AM_750_25_BMS_0,0.244,22.0,750,25,BMS,0,-0.6126101736612706
2281,20230718-9AM_750_25_BMS_1,0.301,22.0,750,25,BMS,1,-0.5214335044061567
2282,20230718-9AM_750_25_BMS_2,0.294,22.0,750,25,BMS,2,-0.5316526695878427
2283,20230718-9AM_750_25_BMS_3,0.252,22.0,750,25,BMS,3,-0.5985994592184559
2284,20230718-9AM_750_25_BMS_4,0.38,22.0,750,25,BMS,4,-0.42021640338318983
2285,20230718-9AM_750_25_BMS_5,0.336,22.0,750,25,BMS,5,-0.4736607226101559
2286,20230718-9AM_750_25_BMS_6,0.304,22.0,750,25,BMS,6,-0.5171264163912462
2287,20230718-9AM_750_25_BMS_7,0.319,22.0,750,25,BMS,7,-0.4962093169428189
2288,20230718-9AM_680_32_3059_0,0.58,22.0,680,32,3059,0,-0.23657200643706275
2289,20230718-9AM_680_32_3059_1,0.699,22.0,680,32,3059,1,-0.15552282425431863
2290,20230718-9AM_680_32_3059_2,0.726,22.0,680,32,3059,2,-0.1390633792999063
2291,20230718-9AM_680_32_3059_3,0.801,22.0,680,32,3059,3,-0.09636748391576232
2292,20230718-9AM_680_32_3059_4,0.696,22.0,680,32,3059,4,-0.15739076038943792
2293,20230718-9AM_680_32_3059_5,0.462,22.0,680,32,3059,5,-0.33535802444387447
2294,20230718-9AM_680_32_3059_6,0.72,22.0,680,32,3059,6,-0.14266750356873156
2295,20230718-9AM_680_32_3059_7,0.744,22.0,680,32,3059,7,-0.1284270644541213
2296,20230718-9AM_750_32_3059_0,0.293,22.0,750,32,3059,0,-0.5331323796458906
2297,20230718-9AM_750_32_3059_1,0.315,22.0,750,32,3059,1,-0.5016894462103995
2298,20230718-9AM_750_32_3059_2,0.271,22.0,750,32,3059,2,-0.5670307091255943
2299,20230718-9AM_750_32_3059_3,0.306,22.0,750,32,3059,3,-0.51427857351842
2300,20230718-9AM_750_32_3059_4,0.365,22.0,750,32,3059,4,-0.4377071355435253
2301,20230718-9AM_750_32_3059_5,0.208,22.0,750,32,3059,5,-0.6819366650372385
2302,20230718-9AM_750_32_3059_6,0.345,22.0,750,32,3059,6,-0.4621809049267259
2303,20230718-9AM_750_32_3059_7,0.381,22.0,750,32,3059,7,-0.4190750243243807
2304,20230718-9AM_680_32_1691_0,0.753,22.0,680,32,1691,0,-0.12320502379929942
2305,20230718-9AM_680_32_1691_1,0.988,22.0,680,32,1691,1,-0.005243055412371883
2306,20230718-9AM_680_32_1691_2,0.735,22.0,680,32,1691,2,-0.1337126609158051
2307,20230718-9AM_680_32_1691_3,0.718,22.0,680,32,1691,3,-0.14387555575769967
2308,20230718-9AM_680_32_1691_4,0.876,22.0,680,32,1691,4,-0.05749589383191927
2309,20230718-9AM_680_32_1691_5,0.648,22.0,680,32,1691,5,-0.18842499412940666
2310,20230718-9AM_680_32_1691_6,0.647,22.0,680,32,1691,6,-0.1890957193312996
2311,20230718-9AM_680_32_1691_7,0.526,22.0,680,32,1691,7,-0.27901425584626094
2312,20230718-9AM_750_32_1691_0,0.505,22.0,750,32,1691,0,-0.2967086218813386
2313,20230718-9AM_750_32_1691_1,0.473,22.0,750,32,1691,1,-0.32513885926218844
2314,20230718-9AM_750_32_1691_2,0.418,22.0,750,32,1691,2,-0.3788237182249648
2315,20230718-9AM_750_32_1691_3,0.434,22.0,750,32,1691,3,-0.3625102704874893
2316,20230718-9AM_750_32_1691_4,0.455,22.0,750,32,1691,4,-0.34198860334288755
2317,20230718-9AM_750_32_1691_5,0.486,22.0,750,32,1691,5,-0.3133637307377066
2318,20230718-9AM_750_32_1691_6,0.406,22.0,750,32,1691,6,-0.39147396642280585
2319,20230718-9AM_750_32_1691_7,0.31,22.0,750,32,1691,7,-0.5086383061657274
2320,20230718-9AM_680_32_1690_0,0.739,22.0,680,32,1690,0,-0.13135556160517428
2321,20230718-9AM_680_32_1690_1,0.842,22.0,680,32,1690,1,-0.07468790850035051
2322,20230718-9AM_680_32_1690_2,0.763,22.0,680,32,1690,2,-0.11747546204511952
2323,20230718-9AM_680_32_1690_3,0.79,22.0,680,32,1690,3,-0.10237290870955855
2324,20230718-9AM_680_32_1690_4,1.637,22.0,680,32,1690,4,0.21404867941194144
2325,20230718-9AM_680_32_1690_5,0.875,22.0,680,32,1690,5,-0.057991946977686754
2326,20230718-9AM_680_32_1690_6,0.912,22.0,680,32,1690,6,-0.04000516167158381
2327,20230718-9AM_680_32_1690_7,1.41,22.0,680,32,1690,7,0.14921911265537988
2328,20230718-9AM_750_32_1690_0,0.474,22.0,750,32,1690,0,-0.324221658325915
2329,20230718-9AM_750_32_1690_1,0.514,22.0,750,32,1690,1,-0.28903688100472424
2330,20230718-9AM_750_32_1690_2,0.434,22.0,750,32,1690,2,-0.3625102704874893
2331,20230718-9AM_750_32_1690_3,0.428,22.0,750,32,1690,3,-0.368556230986828
2332,20230718-9AM_750_32_1690_4,0.805,22.0,750,32,1690,4,-0.09420411963213146
2333,20230718-9AM_750_32_1690_5,0.546,22.0,750,32,1690,5,-0.2628073572952627
2334,20230718-9AM_750_32_1690_6,0.521,22.0,750,32,1690,6,-0.2831622767004755
2335,20230718-9AM_750_32_1690_7,0.601,22.0,750,32,1690,7,-0.22112552799726048
2336,20230718-9AM_680_32_2342_0,0.728,22.0,680,32,2342,0,-0.13786862068696282
2337,20230718-9AM_680_32_2342_1,0.825,22.0,680,32,2342,1,-0.08354605145007493
2338,20230718-9AM_680_32_2342_2,0.699,22.0,680,32,2342,2,-0.15552282425431863
2339,20230718-9AM_680_32_2342_3,0.788,22.0,680,32,2342,3,-0.10347378251044466
2340,20230718-9AM_680_32_2342_4,0.036,22.0,680,32,2342,4,-1.4436974992327127
2341,20230718-9AM_680_32_2342_5,0.982,22.0,680,32,2342,5,-0.00788851221305034
2342,20230718-9AM_680_32_2342_6,0.476,22.0,680,32,2342,6,-0.32239304727950685
2343,20230718-9AM_680_32_2342_7,0.534,22.0,680,32,2342,7,-0.27245874297144357
2344,20230718-9AM_750_32_2342_0,0.323,22.0,750,32,2342,0,-0.4907974776688971
2345,20230718-9AM_750_32_2342_1,0.392,22.0,750,32,2342,1,-0.4067139329795427
2346,20230718-9AM_750_32_2342_2,0.362,22.0,750,32,2342,2,-0.4412914294668343
2347,20230718-9AM_750_32_2342_3,0.432,22.0,750,32,2342,3,-0.3645162531850879
2348,20230718-9AM_750_32_2342_4,0.041,22.0,750,32,2342,4,-1.3872161432802645
2349,20230718-9AM_750_32_2342_5,0.462,22.0,750,32,2342,5,-0.33535802444387447
2350,20230718-9AM_750_32_2342_6,0.24,22.0,750,32,2342,6,-0.619788758288394
2351,20230718-9AM_750_32_2342_7,0.257,22.0,750,32,2342,7,-0.5900668766687055
2352,20230718-9AM_680_32_4532_0,0.703,22.0,680,32,4532,0,-0.15304467498017607
2353,20230718-9AM_680_32_4532_1,0.822,22.0,680,32,4532,1,-0.08512818245994963
2354,20230718-9AM_680_32_4532_2,0.776,22.0,680,32,4532,2,-0.11013827874181155
2355,20230718-9AM_680_32_4532_3,0.747,22.0,680,32,4532,3,-0.12667939818460122
2356,20230718-9AM_680_32_4532_4,0.557,22.0,680,32,4532,4,-0.25414480482627105
2357,20230718-9AM_680_32_4532_5,0.725,22.0,680,32,4532,5,-0.13966199342900631
2358,20230718-9AM_680_32_4532_6,0.671,22.0,680,32,4532,6,-0.17327747983100789
2359,20230718-9AM_680_32_4532_7,0.889,22.0,680,32,4532,7,-0.0510982390297863
2360,20230718-9AM_750_32_4532_0,0.36,22.0,750,32,4532,0,-0.44369749923271273
2361,20230718-9AM_750_32_4532_1,0.374,22.0,750,32,4532,1,-0.42712839779951983
2362,20230718-9AM_750_32_4532_2,0.363,22.0,750,32,4532,2,-0.4400933749638875
2363,20230718-9AM_750_32_4532_3,0.612,22.0,750,32,4532,3,-0.21324857785443882
2364,20230718-9AM_750_32_4532_4,0.306,22.0,750,32,4532,4,-0.51427857351842
2365,20230718-9AM_750_32_4532_5,0.377,22.0,750,32,4532,5,-0.42365864979420714
2366,20230718-9AM_750_32_4532_6,0.354,22.0,750,32,4532,6,-0.4509967379742122
2367,20230718-9AM_750_32_4532_7,0.313,22.0,750,32,4532,7,-0.5044556624535516
2368,20230718-9AM_680_32_2344_0,0.553,22.0,680,32,2344,0,-0.2572748686953017
2369,20230718-9AM_680_32_2344_1,0.576,22.0,680,32,2344,1,-0.239577516576788
2370,20230718-9AM_680_32_2344_2,0.478,22.0,680,32,2344,2,-0.3205721033878811
2371,20230718-9AM_680_32_2344_3,0.717,22.0,680,32,2344,3,-0.1444808443321999
2372,20230718-9AM_680_32_2344_4,0.843,22.0,680,32,2344,4,-0.07417242537525769
2373,20230718-9AM_680_32_2344_5,0.662,22.0,680,32,2344,5,-0.17914201056030005
2374,20230718-9AM_680_32_2344_6,0.578,22.0,680,32,2344,6,-0.23807216157947098
2375,20230718-9AM_680_32_2344_7,0.634,22.0,680,32,2344,7,-0.1979107421182673
2376,20230718-9AM_750_32_2344_0,0.395,22.0,750,32,2344,0,-0.40340290437353976
2377,20230718-9AM_750_32_2344_1,0.367,22.0,750,32,2344,1,-0.4353339357479107
2378,20230718-9AM_750_32_2344_2,0.321,22.0,750,32,2344,2,-0.4934949675951279
2379,20230718-9AM_750_32_2344_3,0.461,22.0,750,32,2344,3,-0.33629907461035186
2380,20230718-9AM_750_32_2344_4,0.53,22.0,750,32,2344,4,-0.27572413039921095
2381,20230718-9AM_750_32_2344_5,0.447,22.0,750,32,2344,5,-0.34969247686806354
2382,20230718-9AM_750_32_2344_6,0.381,22.0,750,32,2344,6,-0.4190750243243807
2383,20230718-9AM_750_32_2344_7,0.402,22.0,750,32,2344,7,-0.3957739469155299
2384,20230718-9AM_680_32_2343_0,0.717,22.0,680,32,2343,0,-0.1444808443321999
2385,20230718-9AM_680_32_2343_1,0.522,22.0,680,32,2343,1,-0.28232949699773785
2386,20230718-9AM_680_32_2343_2,0.968,22.0,680,32,2343,2,-0.014124642691606345
2387,20230718-9AM_680_32_2343_3,1.214,22.0,680,32,2343,3,0.08421868673923877
2388,20230718-9AM_680_32_2343_4,0.485,22.0,680,32,2343,4,-0.3142582613977364
2389,20230718-9AM_680_32_2343_5,1.364,22.0,680,32,2343,5,0.13481437032046015
2390,20230718-9AM_680_32_2343_6,1.025,22.0,680,32,2343,6,0.010723865391773066
2391,20230718-9AM_680_32_2343_7,0.774,22.0,680,32,2343,7,-0.11125903931710739
2392,20230718-9AM_750_32_2343_0,0.401,22.0,750,32,2343,0,-0.39685562737981767
2393,20230718-9AM_750_32_2343_1,0.284,22.0,750,32,2343,1,-0.5466816599529624
2394,20230718-9AM_750_32_2343_2,0.47,22.0,750,32,2343,2,-0.3279021420642826
2395,20230718-9AM_750_32_2343_3,0.583,22.0,750,32,2343,3,-0.23433144524098595
2396,20230718-9AM_750_32_2343_4,0.293,22.0,750,32,2343,4,-0.5331323796458906
2397,20230718-9AM_750_32_2343_5,0.751,22.0,750,32,2343,5,-0.1243600629958316
2398,20230718-9AM_750_32_2343_6,0.416,22.0,750,32,2343,6,-0.3809066693732573
2399,20230718-9AM_750_32_2343_7,0.452,22.0,750,32,2343,7,-0.3448615651886179
2400,20230718-9AM_680_32_1952_0,0.8,22.0,680,32,1952,0,-0.09691001300805639
2401,20230718-9AM_680_32_1952_1,0.919,22.0,680,32,1952,1,-0.03668448861388872
2402,20230718-9AM_680_32_1952_2,0.722,22.0,680,32,1952,2,-0.14146280243036088
2403,20230718-9AM_680_32_1952_3,0.827,22.0,680,32,1952,3,-0.08249449044745336
2404,20230718-9AM_680_32_1952_4,0.752,22.0,680,32,1952,4,-0.12378215940835775
2405,20230718-9AM_680_32_1952_5,0.705,22.0,680,32,1952,5,-0.15181088300860132
2406,20230718-9AM_680_32_1952_6,1.079,22.0,680,32,1952,6,0.033021444682910656
2407,20230718-9AM_680_32_1952_7,0.678,22.0,680,32,1952,7,-0.16877030613293661
2408,20230718-9AM_750_32_1952_0,0.474,22.0,750,32,1952,0,-0.324221658325915
2409,20230718-9AM_750_32_1952_1,0.517,22.0,750,32,1952,1,-0.2865094569060575
2410,20230718-9AM_750_32_1952_2,0.438,22.0,750,32,1952,2,-0.3585258894959005
2411,20230718-9AM_750_32_1952_3,0.459,22.0,750,32,1952,3,-0.33818731446273875
2412,20230718-9AM_750_32_1952_4,0.425,22.0,750,32,1952,4,-0.37161106994968846
2413,20230718-9AM_750_32_1952_5,0.454,22.0,750,32,1952,5,-0.34294414714289606
2414,20230718-9AM_750_32_1952_6,0.562,22.0,750,32,1952,6,-0.2502636844309389
2415,20230718-9AM_750_32_1952_7,0.402,22.0,750,32,1952,7,-0.3957739469155299
2416,20230718-9AM_680_32_2931_0,0.676,22.0,680,32,2931,0,-0.17005330405836405
2417,20230718-9AM_680_32_2931_1,0.588,22.0,680,32,2931,1,-0.23062267392386154
2418,20230718-9AM_680_32_2931_2,0.755,22.0,680,32,2931,2,-0.12205304837081175
2419,20230718-9AM_680_32_2931_3,0.622,22.0,680,32,2931,3,-0.2062096153091813
2420,20230718-9AM_680_32_2931_4,0.39,22.0,680,32,2931,4,-0.4089353929735008
2421,20230718-9AM_680_32_2931_5,0.767,22.0,680,32,2931,5,-0.11520463605101904
2422,20230718-9AM_680_32_2931_6,0.432,22.0,680,32,2931,6,-0.3645162531850879
2423,20230718-9AM_680_32_2931_7,0.487,22.0,680,32,2931,7,-0.3124710387853657
2424,20230718-9AM_750_32_2931_0,0.406,22.0,750,32,2931,0,-0.39147396642280585
2425,20230718-9AM_750_32_2931_1,0.351,22.0,750,32,2931,1,-0.4546928835341759
2426,20230718-9AM_750_32_2931_2,0.411,22.0,750,32,2931,2,-0.38615817812393083
2427,20230718-9AM_750_32_2931_3,0.427,22.0,750,32,2931,3,-0.36957212497497616
2428,20230718-9AM_750_32_2931_4,0.303,22.0,750,32,2931,4,-0.518557371497695
2429,20230718-9AM_750_32_2931_5,0.463,22.0,750,32,2931,5,-0.33441900898204685
2430,20230718-9AM_750_32_2931_6,0.244,22.0,750,32,2931,6,-0.6126101736612706
2431,20230718-9AM_750_32_2931_7,0.31,22.0,750,32,2931,7,-0.5086383061657274
2432,20230718-9AM_680_32_JG5_0,0.35,22.0,680,32,JG5,0,-0.4559319556497244
2433,20230718-9AM_680_32_JG5_1,0.396,22.0,680,32,JG5,1,-0.40230481407448765
2434,20230718-9AM_680_32_JG5_2,0.666,22.0,680,32,JG5,2,-0.17652577082969892
2435,20230718-9AM_680_32_JG5_3,1.024,22.0,680,32,JG5,3,0.010299956639811961
2436,20230718-9AM_680_32_JG5_4,0.65,22.0,680,32,JG5,4,-0.18708664335714442
2437,20230718-9AM_680_32_JG5_5,0.459,22.0,680,32,JG5,5,-0.33818731446273875
2438,20230718-9AM_680_32_JG5_6,1.467,22.0,680,32,JG5,6,0.1664301138432827
2439,20230718-9AM_680_32_JG5_7,0.785,22.0,680,32,JG5,7,-0.10513034325474745
2440,20230718-9AM_750_32_JG5_0,0.206,22.0,750,32,JG5,0,-0.6861327796308466
2441,20230718-9AM_750_32_JG5_1,0.218,22.0,750,32,JG5,1,-0.6615435063953952
2442,20230718-9AM_750_32_JG5_2,0.334,22.0,750,32,JG5,2,-0.4762535331884355
2443,20230718-9AM_750_32_JG5_3,0.452,22.0,750,32,JG5,3,-0.3448615651886179
2444,20230718-9AM_750_32_JG5_4,0.308,22.0,750,32,JG5,4,-0.5114492834995558
2445,20230718-9AM_750_32_JG5_5,0.261,22.0,750,32,JG5,5,-0.583359492661719
2446,20230718-9AM_750_32_JG5_6,0.579,22.0,750,32,JG5,6,-0.23732143627256383
2447,20230718-9AM_750_32_JG5_7,0.386,22.0,750,32,JG5,7,-0.41341269532824504
2448,20230718-9AM_680_32_BMS_0,0.643,22.0,680,32,BMS,0,-0.1917890270757779
2449,20230718-9AM_680_32_BMS_1,0.535,22.0,680,32,BMS,1,-0.27164621797877153
2450,20230718-9AM_680_32_BMS_2,0.652,22.0,680,32,BMS,2,-0.1857524042680798
2451,20230718-9AM_680_32_BMS_3,0.534,22.0,680,32,BMS,3,-0.27245874297144357
2452,20230718-9AM_680_32_BMS_4,0.549,22.0,680,32,BMS,4,-0.26042765554990804
2453,20230718-9AM_680_32_BMS_5,0.553,22.0,680,32,BMS,5,-0.2572748686953017
2454,20230718-9AM_680_32_BMS_6,0.725,22.0,680,32,BMS,6,-0.13966199342900631
2455,20230718-9AM_680_32_BMS_7,0.806,22.0,680,32,BMS,7,-0.09366495819490933
2456,20230718-9AM_750_32_BMS_0,0.381,22.0,750,32,BMS,0,-0.4190750243243807
2457,20230718-9AM_750_32_BMS_1,0.319,22.0,750,32,BMS,1,-0.4962093169428189
2458,20230718-9AM_750_32_BMS_2,0.371,22.0,750,32,BMS,2,-0.43062609038495414
2459,20230718-9AM_750_32_BMS_3,0.32,22.0,750,32,BMS,3,-0.494850021680094
2460,20230718-9AM_750_32_BMS_4,0.322,22.0,750,32,BMS,4,-0.4921441283041691
2461,20230718-9AM_750_32_BMS_5,0.337,22.0,750,32,BMS,5,-0.47237009912866135
2462,20230718-9AM_750_32_BMS_6,0.409,22.0,750,32,BMS,6,-0.38827669199265824
2463,20230718-9AM_750_32_BMS_7,0.459,22.0,750,32,BMS,7,-0.33818731446273875
2464,20230718-9AM_680_28_3059_0,0.488,22.0,680,28,3059,0,-0.3115801779972894
2465,20230718-9AM_680_28_3059_1,0.589,22.0,680,28,3059,1,-0.2298847052128984
2466,20230718-9AM_680_28_3059_2,0.812,22.0,680,28,3059,2,-0.09044397075882467
2467,20230718-9AM_680_28_3059_3,0.86,22.0,680,28,3059,3,-0.06550154875643228
2468,20230718-9AM_680_28_3059_4,0.493,22.0,680,28,3059,4,-0.30715308072277
2469,20230718-9AM_680_28_3059_5,0.682,22.0,680,28,3059,5,-0.16621562534352105
2470,20230718-9AM_680_28_3059_6,0.61,22.0,680,28,3059,6,-0.21467016498923297
2471,20230718-9AM_680_28_3059_7,0.598,22.0,680,28,3059,7,-0.22329881601158919
2472,20230718-9AM_750_28_3059_0,0.234,22.0,750,28,3059,0,-0.6307841425898572
2473,20230718-9AM_750_28_3059_1,0.242,22.0,750,28,3059,1,-0.6161846340195687
2474,20230718-9AM_750_28_3059_2,0.33,22.0,750,28,3059,2,-0.4814860601221125
2475,20230718-9AM_750_28_3059_3,0.331,22.0,750,28,3059,3,-0.48017200622428124
2476,20230718-9AM_750_28_3059_4,0.239,22.0,750,28,3059,4,-0.6216020990518624
2477,20230718-9AM_750_28_3059_5,0.294,22.0,750,28,3059,5,-0.5316526695878427
2478,20230718-9AM_750_28_3059_6,0.277,22.0,750,28,3059,6,-0.5575202309355514
2479,20230718-9AM_750_28_3059_7,0.27,22.0,750,28,3059,7,-0.5686362358410126
2480,20230718-9AM_680_28_1691_0,0.469,22.0,680,28,1691,0,-0.32882715728491674
2481,20230718-9AM_680_28_1691_1,0.524,22.0,680,28,1691,1,-0.28066871301627333
2482,20230718-9AM_680_28_1691_2,0.63,22.0,680,28,1691,2,-0.2006594505464183
2483,20230718-9AM_680_28_1691_3,0.348,22.0,680,28,1691,3,-0.4584207560534191
2484,20230718-9AM_680_28_1691_4,0.509,22.0,680,28,1691,4,-0.29328221766324125
2485,20230718-9AM_680_28_1691_5,0.334,22.0,680,28,1691,5,-0.4762535331884355
2486,20230718-9AM_680_28_1691_6,0.487,22.0,680,28,1691,6,-0.3124710387853657
2487,20230718-9AM_680_28_1691_7,0.391,22.0,680,28,1691,7,-0.40782324260413316
2488,20230718-9AM_750_28_1691_0,0.223,22.0,750,28,1691,0,-0.6516951369518393
2489,20230718-9AM_750_28_1691_1,0.239,22.0,750,28,1691,1,-0.6216020990518624
2490,20230718-9AM_750_28_1691_2,0.328,22.0,750,28,1691,2,-0.4841261562883209
2491,20230718-9AM_750_28_1691_3,0.255,22.0,750,28,1691,3,-0.5934598195660448
2492,20230718-9AM_750_28_1691_4,0.326,22.0,750,28,1691,4,-0.48678239993206096
2493,20230718-9AM_750_28_1691_5,0.234,22.0,750,28,1691,5,-0.6307841425898572
2494,20230718-9AM_750_28_1691_6,0.284,22.0,750,28,1691,6,-0.5466816599529624
2495,20230718-9AM_750_28_1691_7,0.248,22.0,750,28,1691,7,-0.6055483191737837
2496,20230718-9AM_680_28_1690_0,0.721,22.0,680,28,1690,0,-0.14206473528057098
2497,20230718-9AM_680_28_1690_1,0.84,22.0,680,28,1690,1,-0.07572071393811836
2498,20230718-9AM_680_28_1690_2,1.19,22.0,680,28,1690,2,0.07554696139253074
2499,20230718-9AM_680_28_1690_3,0.86,22.0,680,28,1690,3,-0.06550154875643228
2500,20230718-9AM_680_28_1690_4,1.007,22.0,680,28,1690,4,0.003029470553617962
2501,20230718-9AM_680_28_1690_5,0.521,22.0,680,28,1690,5,-0.2831622767004755
2502,20230718-9AM_680_28_1690_6,1.303,22.0,680,28,1690,6,0.11494441571258467
2503,20230718-9AM_680_28_1690_7,0.523,22.0,680,28,1690,7,-0.2814983111327257
2504,20230718-9AM_750_28_1690_0,0.368,22.0,750,28,1690,0,-0.43415218132648237
2505,20230718-9AM_750_28_1690_1,0.378,22.0,750,28,1690,1,-0.4225082001627747
2506,20230718-9AM_750_28_1690_2,0.7,22.0,750,28,1690,2,-0.1549019599857432
2507,20230718-9AM_750_28_1690_3,0.425,22.0,750,28,1690,3,-0.37161106994968846
2508,20230718-9AM_750_28_1690_4,0.552,22.0,750,28,1690,4,-0.2580609222708011
2509,20230718-9AM_750_28_1690_5,0.31,22.0,750,28,1690,5,-0.5086383061657274
2510,20230718-9AM_750_28_1690_6,0.614,22.0,750,28,1690,6,-0.21183162885883233
2511,20230718-9AM_750_28_1690_7,0.257,22.0,750,28,1690,7,-0.5900668766687055
2512,20230718-9AM_680_28_2342_0,0.455,22.0,680,28,2342,0,-0.34198860334288755
2513,20230718-9AM_680_28_2342_1,0.617,22.0,680,28,2342,1,-0.20971483596675833
2514,20230718-9AM_680_28_2342_2,0.718,22.0,680,28,2342,2,-0.14387555575769967
2515,20230718-9AM_680_28_2342_3,0.52,22.0,680,28,2342,3,-0.28399665636520083
2516,20230718-9AM_680_28_2342_4,0.037,22.0,680,28,2342,4,-1.431798275933005
2517,20230718-9AM_680_28_2342_5,0.668,22.0,680,28,2342,5,-0.1752235375244543
2518,20230718-9AM_680_28_2342_6,0.497,22.0,680,28,2342,6,-0.3036436112666679
2519,20230718-9AM_680_28_2342_7,0.379,22.0,680,28,2342,7,-0.42136079003192767
2520,20230718-9AM_750_28_2342_0,0.212,22.0,750,28,2342,0,-0.6736641390712486
2521,20230718-9AM_750_28_2342_1,0.286,22.0,750,28,2342,1,-0.543633966870957
2522,20230718-9AM_750_28_2342_2,0.31,22.0,750,28,2342,2,-0.5086383061657274
2523,20230718-9AM_750_28_2342_3,0.291,22.0,750,28,2342,3,-0.5361070110140927
2524,20230718-9AM_750_28_2342_4,0.041,22.0,750,28,2342,4,-1.3872161432802645
2525,20230718-9AM_750_28_2342_5,0.282,22.0,750,28,2342,5,-0.549750891680639
2526,20230718-9AM_750_28_2342_6,0.25,22.0,750,28,2342,6,-0.6020599913279624
2527,20230718-9AM_750_28_2342_7,0.195,22.0,750,28,2342,7,-0.7099653886374819
2528,20230718-9AM_680_28_4532_0,0.598,22.0,680,28,4532,0,-0.22329881601158919
2529,20230718-9AM_680_28_4532_1,0.525,22.0,680,28,4532,1,-0.2798406965940431
2530,20230718-9AM_680_28_4532_2,0.691,22.0,680,28,4532,2,-0.16052195262580163
2531,20230718-9AM_680_28_4532_3,0.46,22.0,680,28,4532,3,-0.3372421683184259
2532,20230718-9AM_680_28_4532_4,0.572,22.0,680,28,4532,4,-0.24260397120697583
2533,20230718-9AM_680_28_4532_5,0.57,22.0,680,28,4532,5,-0.24412514432750865
2534,20230718-9AM_680_28_4532_6,0.681,22.0,680,28,4532,6,-0.16685288808721482
2535,20230718-9AM_680_28_4532_7,0.517,22.0,680,28,4532,7,-0.2865094569060575
2536,20230718-9AM_750_28_4532_0,0.308,22.0,750,28,4532,0,-0.5114492834995558
2537,20230718-9AM_750_28_4532_1,0.266,22.0,750,28,4532,1,-0.575118363368933
2538,20230718-9AM_750_28_4532_2,0.302,22.0,750,28,4532,2,-0.5199930570428494
2539,20230718-9AM_750_28_4532_3,0.212,22.0,750,28,4532,3,-0.6736641390712486
2540,20230718-9AM_750_28_4532_4,0.275,22.0,750,28,4532,4,-0.5606673061697374
2541,20230718-9AM_750_28_4532_5,0.292,22.0,750,28,4532,5,-0.5346171485515817
2542,20230718-9AM_750_28_4532_6,0.293,22.0,750,28,4532,6,-0.5331323796458906
2543,20230718-9AM_750_28_4532_7,0.253,22.0,750,28,4532,7,-0.5968794788241821
2544,20230718-9AM_680_28_2344_0,0.49,22.0,680,28,2344,0,-0.3098039199714863
2545,20230718-9AM_680_28_2344_1,0.272,22.0,680,28,2344,1,-0.5654310959658012
2546,20230718-9AM_680_28_2344_2,0.287,22.0,680,28,2344,2,-0.5421181032660077
2547,20230718-9AM_680_28_2344_3,0.505,22.0,680,28,2344,3,-0.2967086218813386
2548,20230718-9AM_680_28_2344_4,0.385,22.0,680,28,2344,4,-0.4145392704914993
2549,20230718-9AM_680_28_2344_5,0.344,22.0,680,28,2344,5,-0.46344155742846993
2550,20230718-9AM_680_28_2344_6,0.419,22.0,680,28,2344,6,-0.3777859770337047
2551,20230718-9AM_680_28_2344_7,0.368,22.0,680,28,2344,7,-0.43415218132648237
2552,20230718-9AM_750_28_2344_0,0.296,22.0,750,28,2344,0,-0.5287082889410615
2553,20230718-9AM_750_28_2344_1,0.18,22.0,750,28,2344,1,-0.744727494896694
2554,20230718-9AM_750_28_2344_2,0.191,22.0,750,28,2344,2,-0.7189666327522725
2555,20230718-9AM_750_28_2344_3,0.306,22.0,750,28,2344,3,-0.51427857351842
2556,20230718-9AM_750_28_2344_4,0.235,22.0,750,28,2344,4,-0.6289321377282637
2557,20230718-9AM_750_28_2344_5,0.232,22.0,750,28,2344,5,-0.6345120151091003
2558,20230718-9AM_750_28_2344_6,0.264,22.0,750,28,2344,6,-0.5783960731301689
2559,20230718-9AM_750_28_2344_7,0.233,22.0,750,28,2344,7,-0.632644078973981
2560,20230718-9AM_680_28_2343_0,0.744,22.0,680,28,2343,0,-0.1284270644541213
2561,20230718-9AM_680_28_2343_1,0.82,22.0,680,28,2343,1,-0.08618614761628333
2562,20230718-9AM_680_28_2343_2,0.593,22.0,680,28,2343,2,-0.22694530663573742
2563,20230718-9AM_680_28_2343_3,1.365,22.0,680,28,2343,3,0.13513265137677483
2564,20230718-9AM_680_28_2343_4,0.443,22.0,680,28,2343,4,-0.3535962737769304
2565,20230718-9AM_680_28_2343_5,1.489,22.0,680,28,2343,5,0.17289469775217617
2566,20230718-9AM_680_28_2343_6,0.543,22.0,680,28,2343,6,-0.265200170411153
2567,20230718-9AM_680_28_2343_7,0.277,22.0,680,28,2343,7,-0.5575202309355514
2568,20230718-9AM_750_28_2343_0,0.433,22.0,750,28,2343,0,-0.36351210364663455
2569,20230718-9AM_750_28_2343_1,0.496,22.0,750,28,2343,1,-0.30451832350980257
2570,20230718-9AM_750_28_2343_2,0.328,22.0,750,28,2343,2,-0.4841261562883209
2571,20230718-9AM_750_28_2343_3,0.658,22.0,750,28,2343,3,-0.1817741063860445
2572,20230718-9AM_750_28_2343_4,0.25,22.0,750,28,2343,4,-0.6020599913279624
2573,20230718-9AM_750_28_2343_5,0.763,22.0,750,28,2343,5,-0.11747546204511952
2574,20230718-9AM_750_28_2343_6,0.316,22.0,750,28,2343,6,-0.5003129173815962
2575,20230718-9AM_750_28_2343_7,0.18,22.0,750,28,2343,7,-0.744727494896694
2576,20230718-9AM_680_28_1952_0,0.409,22.0,680,28,1952,0,-0.38827669199265824
2577,20230718-9AM_680_28_1952_1,0.703,22.0,680,28,1952,1,-0.15304467498017607
2578,20230718-9AM_680_28_1952_2,0.319,22.0,680,28,1952,2,-0.4962093169428189
2579,20230718-9AM_680_28_1952_3,0.513,22.0,680,28,1952,3,-0.2898826348881837
2580,20230718-9AM_680_28_1952_4,0.489,22.0,680,28,1952,4,-0.3106911408763798
2581,20230718-9AM_680_28_1952_5,0.434,22.0,680,28,1952,5,-0.3625102704874893
2582,20230718-9AM_680_28_1952_6,0.649,22.0,680,28,1952,6,-0.18775530319963074
2583,20230718-9AM_680_28_1952_7,0.661,22.0,680,28,1952,7,-0.17979854051435976
2584,20230718-9AM_750_28_1952_0,0.245,22.0,750,28,1952,0,-0.6108339156354675
2585,20230718-9AM_750_28_1952_1,0.381,22.0,750,28,1952,1,-0.4190750243243807
2586,20230718-9AM_750_28_1952_2,0.193,22.0,750,28,1952,2,-0.7144426909922262
2587,20230718-9AM_750_28_1952_3,0.289,22.0,750,28,1952,3,-0.5391021572434522
2588,20230718-9AM_750_28_1952_4,0.28,22.0,750,28,1952,4,-0.5528419686577808
2589,20230718-9AM_750_28_1952_5,0.258,22.0,750,28,1952,5,-0.5883802940367698
2590,20230718-9AM_750_28_1952_6,0.374,22.0,750,28,1952,6,-0.42712839779951983
2591,20230718-9AM_750_28_1952_7,0.384,22.0,750,28,1952,7,-0.4156687756324692
2592,20230718-9AM_680_28_2931_0,0.572,22.0,680,28,2931,0,-0.24260397120697583
2593,20230718-9AM_680_28_2931_1,0.465,22.0,680,28,2931,1,-0.33254704711004607
2594,20230718-9AM_680_28_2931_2,0.318,22.0,680,28,2931,2,-0.4975728800155673
2595,20230718-9AM_680_28_2931_3,0.566,22.0,680,28,2931,3,-0.24718356881172862
2596,20230718-9AM_680_28_2931_4,0.557,22.0,680,28,2931,4,-0.25414480482627105
2597,20230718-9AM_680_28_2931_5,0.418,22.0,680,28,2931,5,-0.3788237182249648
2598,20230718-9AM_680_28_2931_6,0.361,22.0,680,28,2931,6,-0.4424927980943421
2599,20230718-9AM_680_28_2931_7,0.375,22.0,680,28,2931,7,-0.42596873227228116
2600,20230718-9AM_750_28_2931_0,0.351,22.0,750,28,2931,0,-0.4546928835341759
2601,20230718-9AM_750_28_2931_1,0.291,22.0,750,28,2931,1,-0.5361070110140927
2602,20230718-9AM_750_28_2931_2,0.197,22.0,750,28,2931,2,-0.7055337738384071
2603,20230718-9AM_750_28_2931_3,0.364,22.0,750,28,2931,3,-0.438898616350944
2604,20230718-9AM_750_28_2931_4,0.335,22.0,750,28,2931,4,-0.47495519296315475
2605,20230718-9AM_750_28_2931_5,0.256,22.0,750,28,2931,5,-0.5917600346881504
2606,20230718-9AM_750_28_2931_6,0.231,22.0,750,28,2931,6,-0.6363880201078557
2607,20230718-9AM_750_28_2931_7,0.229,22.0,750,28,2931,7,-0.640164517660112
2608,20230718-9AM_680_28_JG5_0,0.346,22.0,680,28,JG5,0,-0.46092390120722343
2609,20230718-9AM_680_28_JG5_1,0.662,22.0,680,28,JG5,1,-0.17914201056030005
2610,20230718-9AM_680_28_JG5_2,0.484,22.0,680,28,JG5,2,-0.31515463835558755
2611,20230718-9AM_680_28_JG5_3,0.24,22.0,680,28,JG5,3,-0.619788758288394
2612,20230718-9AM_680_28_JG5_4,0.405,22.0,680,28,JG5,4,-0.3925449767853314
2613,20230718-9AM_680_28_JG5_5,0.512,22.0,680,28,JG5,5,-0.2907300390241692
2614,20230718-9AM_680_28_JG5_6,0.204,22.0,680,28,JG5,6,-0.6903698325741012
2615,20230718-9AM_680_28_JG5_7,0.328,22.0,680,28,JG5,7,-0.4841261562883209
2616,20230718-9AM_750_28_JG5_0,0.203,22.0,750,28,JG5,0,-0.6925039620867871
2617,20230718-9AM_750_28_JG5_1,0.332,22.0,750,28,JG5,1,-0.4788619162959637
2618,20230718-9AM_750_28_JG5_2,0.25,22.0,750,28,JG5,2,-0.6020599913279624
2619,20230718-9AM_750_28_JG5_3,0.144,22.0,750,28,JG5,3,-0.8416375079047503
2620,20230718-9AM_750_28_JG5_4,0.222,22.0,750,28,JG5,4,-0.6536470255493614
2621,20230718-9AM_750_28_JG5_5,0.274,22.0,750,28,JG5,5,-0.562249437179612
2622,20230718-9AM_750_28_JG5_6,0.126,22.0,750,28,JG5,6,-0.8996294548824371
2623,20230718-9AM_750_28_JG5_7,0.186,22.0,750,28,JG5,7,-0.7304870557820837
2624,20230718-9AM_680_28_BMS_0,0.47,22.0,680,28,BMS,0,-0.3279021420642826
2625,20230718-9AM_680_28_BMS_1,0.555,22.0,680,28,BMS,1,-0.2557070168773237
2626,20230718-9AM_680_28_BMS_2,0.667,22.0,680,28,BMS,2,-0.17587416608345102
2627,20230718-9AM_680_28_BMS_3,0.579,22.0,680,28,BMS,3,-0.23732143627256383
2628,20230718-9AM_680_28_BMS_4,0.803,22.0,680,28,BMS,4,-0.09528445472131904
2629,20230718-9AM_680_28_BMS_5,0.583,22.0,680,28,BMS,5,-0.23433144524098595
2630,20230718-9AM_680_28_BMS_6,0.709,22.0,680,28,BMS,6,-0.1493537648169335
2631,20230718-9AM_680_28_BMS_7,0.679,22.0,680,28,BMS,7,-0.1681302257194983
2632,20230718-9AM_750_28_BMS_0,0.259,22.0,750,28,BMS,0,-0.5867002359187482
2633,20230718-9AM_750_28_BMS_1,0.301,22.0,750,28,BMS,1,-0.5214335044061567
2634,20230718-9AM_750_28_BMS_2,0.368,22.0,750,28,BMS,2,-0.43415218132648237
2635,20230718-9AM_750_28_BMS_3,0.32,22.0,750,28,BMS,3,-0.494850021680094
2636,20230718-9AM_750_28_BMS_4,0.433,22.0,750,28,BMS,4,-0.36351210364663455
2637,20230718-9AM_750_28_BMS_5,0.325,22.0,750,28,BMS,5,-0.4881166390211256
2638,20230718-9AM_750_28_BMS_6,0.397,22.0,750,28,BMS,6,-0.40120949323688493
2639,20230718-9AM_750_28_BMS_7,0.38,22.0,750,28,BMS,7,-0.42021640338318983
2640,20230717-11AM_680_25_3059_0,0.171,0.0,680,25,3059,0,-0.7670038896078462
2641,20230717-11AM_680_25_3059_1,0.199,0.0,680,25,3059,1,-0.7011469235902933
2642,20230717-11AM_680_25_3059_2,0.209,0.0,680,25,3059,2,-0.679853713888946
2643,20230717-11AM_680_25_3059_3,0.252,0.0,680,25,3059,3,-0.5985994592184559
2644,20230717-11AM_680_25_3059_4,0.153,0.0,680,25,3059,4,-0.8153085691824012
2645,20230717-11AM_680_25_3059_5,0.159,0.0,680,25,3059,5,-0.7986028756795485
2646,20230717-11AM_680_25_3059_6,0.199,0.0,680,25,3059,6,-0.7011469235902933
2647,20230717-11AM_680_25_3059_7,0.187,0.0,680,25,3059,7,-0.7281583934635011
2648,20230717-11AM_750_25_3059_0,0.112,0.0,750,25,3059,0,-0.9507819773298184
2649,20230717-11AM_750_25_3059_1,0.13,0.0,750,25,3059,1,-0.8860566476931632
2650,20230717-11AM_750_25_3059_2,0.137,0.0,750,25,3059,2,-0.8632794328435932
2651,20230717-11AM_750_25_3059_3,0.172,0.0,750,25,3059,3,-0.7644715530924511
2652,20230717-11AM_750_25_3059_4,0.106,0.0,750,25,3059,4,-0.9746941347352298
2653,20230717-11AM_750_25_3059_5,0.109,0.0,750,25,3059,5,-0.9625735020593764
2654,20230717-11AM_750_25_3059_6,0.123,0.0,750,25,3059,6,-0.9100948885606021
2655,20230717-11AM_750_25_3059_7,0.13,0.0,750,25,3059,7,-0.8860566476931632
2656,20230717-11AM_680_25_1691_0,0.159,0.0,680,25,1691,0,-0.7986028756795485
2657,20230717-11AM_680_25_1691_1,0.138,0.0,680,25,1691,1,-0.8601209135987634
2658,20230717-11AM_680_25_1691_2,0.138,0.0,680,25,1691,2,-0.8601209135987634
2659,20230717-11AM_680_25_1691_3,0.118,0.0,680,25,1691,3,-0.9281179926938746
2660,20230717-11AM_680_25_1691_4,0.133,0.0,680,25,1691,4,-0.8761483590329142
2661,20230717-11AM_680_25_1691_5,0.173,0.0,680,25,1691,5,-0.7619538968712046
2662,20230717-11AM_680_25_1691_6,0.1,0.0,680,25,1691,6,-1.0
2663,20230717-11AM_680_25_1691_7,0.179,0.0,680,25,1691,7,-0.7471469690201068
2664,20230717-11AM_750_25_1691_0,0.11,0.0,750,25,1691,0,-0.958607314841775
2665,20230717-11AM_750_25_1691_1,0.097,0.0,750,25,1691,1,-1.0132282657337552
2666,20230717-11AM_750_25_1691_2,0.098,0.0,750,25,1691,2,-1.0087739243075051
2667,20230717-11AM_750_25_1691_3,0.09,0.0,750,25,1691,3,-1.0457574905606752
2668,20230717-11AM_750_25_1691_4,0.092,0.0,750,25,1691,4,-1.0362121726544447
2669,20230717-11AM_750_25_1691_5,0.12,0.0,750,25,1691,5,-0.9208187539523752
2670,20230717-11AM_750_25_1691_6,0.075,0.0,750,25,1691,6,-1.1249387366083
2671,20230717-11AM_750_25_1691_7,0.118,0.0,750,25,1691,7,-0.9281179926938746
2672,20230717-11AM_680_25_1690_0,0.083,0.0,680,25,1690,0,-1.080921907623926
2673,20230717-11AM_680_25_1690_1,0.168,0.0,680,25,1690,1,-0.7746907182741372
2674,20230717-11AM_680_25_1690_2,0.436,0.0,680,25,1690,2,-0.36051351073141397
2675,20230717-11AM_680_25_1690_3,0.225,0.0,680,25,1690,3,-0.6478174818886375
2676,20230717-11AM_680_25_1690_4,0.145,0.0,680,25,1690,4,-0.8386319977650252
2677,20230717-11AM_680_25_1690_5,0.223,0.0,680,25,1690,5,-0.6516951369518393
2678,20230717-11AM_680_25_1690_6,0.181,0.0,680,25,1690,6,-0.7423214251308154
2679,20230717-11AM_680_25_1690_7,0.135,0.0,680,25,1690,7,-0.8696662315049939
2680,20230717-11AM_750_25_1690_0,0.078,0.0,750,25,1690,0,-1.1079053973095196
2681,20230717-11AM_750_25_1690_1,0.126,0.0,750,25,1690,1,-0.8996294548824371
2682,20230717-11AM_750_25_1690_2,0.318,0.0,750,25,1690,2,-0.4975728800155673
2683,20230717-11AM_750_25_1690_3,0.171,0.0,750,25,1690,3,-0.7670038896078462
2684,20230717-11AM_750_25_1690_4,0.162,0.0,750,25,1690,4,-0.790484985457369
2685,20230717-11AM_750_25_1690_5,0.163,0.0,750,25,1690,5,-0.7878123955960422
2686,20230717-11AM_750_25_1690_6,0.148,0.0,750,25,1690,6,-0.8297382846050426
2687,20230717-11AM_750_25_1690_7,0.124,0.0,750,25,1690,7,-0.906578314837765
2688,20230717-11AM_680_25_2342_0,0.179,0.0,680,25,2342,0,-0.7471469690201068
2689,20230717-11AM_680_25_2342_1,0.128,0.0,680,25,2342,1,-0.8927900303521317
2690,20230717-11AM_680_25_2342_2,0.092,0.0,680,25,2342,2,-1.0362121726544447
2691,20230717-11AM_680_25_2342_3,0.176,0.0,680,25,2342,3,-0.7544873321858502
2692,20230717-11AM_680_25_2342_4,0.036,0.0,680,25,2342,4,-1.4436974992327127
2693,20230717-11AM_680_25_2342_5,0.195,0.0,680,25,2342,5,-0.7099653886374819
2694,20230717-11AM_680_25_2342_6,0.143,0.0,680,25,2342,6,-0.8446639625349383
2695,20230717-11AM_680_25_2342_7,0.223,0.0,680,25,2342,7,-0.6516951369518393
2696,20230717-11AM_750_25_2342_0,0.099,0.0,750,25,2342,0,-1.00436480540245
2697,20230717-11AM_750_25_2342_1,0.097,0.0,750,25,2342,1,-1.0132282657337552
2698,20230717-11AM_750_25_2342_2,0.091,0.0,750,25,2342,2,-1.0409586076789064
2699,20230717-11AM_750_25_2342_3,0.111,0.0,750,25,2342,3,-0.9546770212133425
2700,20230717-11AM_750_25_2342_4,0.041,0.0,750,25,2342,4,-1.3872161432802645
2701,20230717-11AM_750_25_2342_5,0.081,0.0,750,25,2342,5,-1.0915149811213503
2702,20230717-11AM_750_25_2342_6,0.088,0.0,750,25,2342,6,-1.0555173278498313
2703,20230717-11AM_750_25_2342_7,0.11,0.0,750,25,2342,7,-0.958607314841775
2704,20230717-11AM_680_25_4532_0,0.076,0.0,680,25,4532,0,-1.1191864077192086
2705,20230717-11AM_680_25_4532_1,0.312,0.0,680,25,4532,1,-0.5058454059815573
2706,20230717-11AM_680_25_4532_2,0.138,0.0,680,25,4532,2,-0.8601209135987634
2707,20230717-11AM_680_25_4532_3,0.131,0.0,680,25,4532,3,-0.8827287043442357
2708,20230717-11AM_680_25_4532_4,0.096,0.0,680,25,4532,4,-1.0177287669604316
2709,20230717-11AM_680_25_4532_5,0.166,0.0,680,25,4532,5,-0.7798919119599449
2710,20230717-11AM_680_25_4532_6,0.149,0.0,680,25,4532,6,-0.826813731587726
2711,20230717-11AM_680_25_4532_7,0.35,0.0,680,25,4532,7,-0.4559319556497244
2712,20230717-11AM_750_25_4532_0,0.07,0.0,750,25,4532,0,-1.154901959985743
2713,20230717-11AM_750_25_4532_1,0.123,0.0,750,25,4532,1,-0.9100948885606021
2714,20230717-11AM_750_25_4532_2,0.071,0.0,750,25,4532,2,-1.1487416512809248
2715,20230717-11AM_750_25_4532_3,0.069,0.0,750,25,4532,3,-1.1611509092627446
2716,20230717-11AM_750_25_4532_4,0.06,0.0,750,25,4532,4,-1.2218487496163564
2717,20230717-11AM_750_25_4532_5,0.077,0.0,750,25,4532,5,-1.1135092748275182
2718,20230717-11AM_750_25_4532_6,0.09,0.0,750,25,4532,6,-1.0457574905606752
2719,20230717-11AM_750_25_4532_7,0.205,0.0,750,25,4532,7,-0.6882461389442457
2720,20230717-11AM_680_25_2344_0,0.133,0.0,680,25,2344,0,-0.8761483590329142
2721,20230717-11AM_680_25_2344_1,0.104,0.0,680,25,2344,1,-0.9829666607012196
2722,20230717-11AM_680_25_2344_2,0.139,0.0,680,25,2344,2,-0.8569851997459049
2723,20230717-11AM_680_25_2344_3,0.135,0.0,680,25,2344,3,-0.8696662315049939
2724,20230717-11AM_680_25_2344_4,0.143,0.0,680,25,2344,4,-0.8446639625349383
2725,20230717-11AM_680_25_2344_5,0.134,0.0,680,25,2344,5,-0.8728952016351923
2726,20230717-11AM_680_25_2344_6,0.135,0.0,680,25,2344,6,-0.8696662315049939
2727,20230717-11AM_680_25_2344_7,0.101,0.0,680,25,2344,7,-0.9956786262173574
2728,20230717-11AM_750_25_2344_0,0.097,0.0,750,25,2344,0,-1.0132282657337552
2729,20230717-11AM_750_25_2344_1,0.08,0.0,750,25,2344,1,-1.0969100130080565
2730,20230717-11AM_750_25_2344_2,0.097,0.0,750,25,2344,2,-1.0132282657337552
2731,20230717-11AM_750_25_2344_3,0.092,0.0,750,25,2344,3,-1.0362121726544447
2732,20230717-11AM_750_25_2344_4,0.097,0.0,750,25,2344,4,-1.0132282657337552
2733,20230717-11AM_750_25_2344_5,0.095,0.0,750,25,2344,5,-1.0222763947111522
2734,20230717-11AM_750_25_2344_6,0.097,0.0,750,25,2344,6,-1.0132282657337552
2735,20230717-11AM_750_25_2344_7,0.078,0.0,750,25,2344,7,-1.1079053973095196
2736,20230717-11AM_680_25_2343_0,0.205,0.0,680,25,2343,0,-0.6882461389442457
2737,20230717-11AM_680_25_2343_1,0.109,0.0,680,25,2343,1,-0.9625735020593764
2738,20230717-11AM_680_25_2343_2,0.098,0.0,680,25,2343,2,-1.0087739243075051
2739,20230717-11AM_680_25_2343_3,0.125,0.0,680,25,2343,3,-0.9030899869919435
2740,20230717-11AM_680_25_2343_4,0.098,0.0,680,25,2343,4,-1.0087739243075051
2741,20230717-11AM_680_25_2343_5,0.321,0.0,680,25,2343,5,-0.4934949675951279
2742,20230717-11AM_680_25_2343_6,0.143,0.0,680,25,2343,6,-0.8446639625349383
2743,20230717-11AM_680_25_2343_7,0.085,0.0,680,25,2343,7,-1.0705810742857071
2744,20230717-11AM_750_25_2343_0,0.128,0.0,750,25,2343,0,-0.8927900303521317
2745,20230717-11AM_750_25_2343_1,0.074,0.0,750,25,2343,1,-1.1307682802690238
2746,20230717-11AM_750_25_2343_2,0.107,0.0,750,25,2343,2,-0.9706162223147904
2747,20230717-11AM_750_25_2343_3,0.102,0.0,750,25,2343,3,-0.9913998282380825
2748,20230717-11AM_750_25_2343_4,0.068,0.0,750,25,2343,4,-1.1674910872937636
2749,20230717-11AM_750_25_2343_5,0.245,0.0,750,25,2343,5,-0.6108339156354675
2750,20230717-11AM_750_25_2343_6,0.117,0.0,750,25,2343,6,-0.9318141382538383
2751,20230717-11AM_750_25_2343_7,0.066,0.0,750,25,2343,7,-1.1804560644581312
2752,20230717-11AM_680_25_1952_0,0.164,0.0,680,25,1952,0,-0.7851561519523022
2753,20230717-11AM_680_25_1952_1,0.174,0.0,680,25,1952,1,-0.7594507517174003
2754,20230717-11AM_680_25_1952_2,0.179,0.0,680,25,1952,2,-0.7471469690201068
2755,20230717-11AM_680_25_1952_3,0.159,0.0,680,25,1952,3,-0.7986028756795485
2756,20230717-11AM_680_25_1952_4,0.152,0.0,680,25,1952,4,-0.8181564120552275
2757,20230717-11AM_680_25_1952_5,0.229,0.0,680,25,1952,5,-0.640164517660112
2758,20230717-11AM_680_25_1952_6,0.178,0.0,680,25,1952,6,-0.7495799976911061
2759,20230717-11AM_680_25_1952_7,0.179,0.0,680,25,1952,7,-0.7471469690201068
2760,20230717-11AM_750_25_1952_0,0.109,0.0,750,25,1952,0,-0.9625735020593764
2761,20230717-11AM_750_25_1952_1,0.115,0.0,750,25,1952,1,-0.9393021596463883
2762,20230717-11AM_750_25_1952_2,0.121,0.0,750,25,1952,2,-0.9172146296835499
2763,20230717-11AM_750_25_1952_3,0.104,0.0,750,25,1952,3,-0.9829666607012196
2764,20230717-11AM_750_25_1952_4,0.105,0.0,750,25,1952,4,-0.978810700930062
2765,20230717-11AM_750_25_1952_5,0.154,0.0,750,25,1952,5,-0.8124792791635369
2766,20230717-11AM_750_25_1952_6,0.124,0.0,750,25,1952,6,-0.906578314837765
2767,20230717-11AM_750_25_1952_7,0.112,0.0,750,25,1952,7,-0.9507819773298184
2768,20230717-11AM_680_25_2931_0,0.111,0.0,680,25,2931,0,-0.9546770212133425
2769,20230717-11AM_680_25_2931_1,0.174,0.0,680,25,2931,1,-0.7594507517174003
2770,20230717-11AM_680_25_2931_2,0.248,0.0,680,25,2931,2,-0.6055483191737837
2771,20230717-11AM_680_25_2931_3,0.133,0.0,680,25,2931,3,-0.8761483590329142
2772,20230717-11AM_680_25_2931_4,0.14,0.0,680,25,2931,4,-0.8538719643217619
2773,20230717-11AM_680_25_2931_5,0.319,0.0,680,25,2931,5,-0.4962093169428189
2774,20230717-11AM_680_25_2931_6,0.095,0.0,680,25,2931,6,-1.0222763947111522
2775,20230717-11AM_680_25_2931_7,0.125,0.0,680,25,2931,7,-0.9030899869919435
2776,20230717-11AM_750_25_2931_0,0.084,0.0,750,25,2931,0,-1.0757207139381184
2777,20230717-11AM_750_25_2931_1,0.114,0.0,750,25,2931,1,-0.9430951486635274
2778,20230717-11AM_750_25_2931_2,0.167,0.0,750,25,2931,2,-0.7772835288524167
2779,20230717-11AM_750_25_2931_3,0.104,0.0,750,25,2931,3,-0.9829666607012196
2780,20230717-11AM_750_25_2931_4,0.113,0.0,750,25,2931,4,-0.9469215565165803
2781,20230717-11AM_750_25_2931_5,0.18,0.0,750,25,2931,5,-0.744727494896694
2782,20230717-11AM_750_25_2931_6,0.068,0.0,750,25,2931,6,-1.1674910872937636
2783,20230717-11AM_750_25_2931_7,0.087,0.0,750,25,2931,7,-1.0604807473813815
2784,20230717-11AM_680_25_JG5_0,0.091,0.0,680,25,JG5,0,-1.0409586076789064
2785,20230717-11AM_680_25_JG5_1,0.099,0.0,680,25,JG5,1,-1.00436480540245
2786,20230717-11AM_680_25_JG5_2,0.081,0.0,680,25,JG5,2,-1.0915149811213503
2787,20230717-11AM_680_25_JG5_3,0.078,0.0,680,25,JG5,3,-1.1079053973095196
2788,20230717-11AM_680_25_JG5_4,0.059,0.0,680,25,JG5,4,-1.2291479883578558
2789,20230717-11AM_680_25_JG5_5,0.138,0.0,680,25,JG5,5,-0.8601209135987634
2790,20230717-11AM_680_25_JG5_6,0.103,0.0,680,25,JG5,6,-0.9871627752948278
2791,20230717-11AM_680_25_JG5_7,0.22,0.0,680,25,JG5,7,-0.6575773191777937
2792,20230717-11AM_750_25_JG5_0,0.073,0.0,750,25,JG5,0,-1.136677139879544
2793,20230717-11AM_750_25_JG5_1,0.079,0.0,750,25,JG5,1,-1.1023729087095586
2794,20230717-11AM_750_25_JG5_2,0.066,0.0,750,25,JG5,2,-1.1804560644581312
2795,20230717-11AM_750_25_JG5_3,0.067,0.0,750,25,JG5,3,-1.1739251972991736
2796,20230717-11AM_750_25_JG5_4,0.053,0.0,750,25,JG5,4,-1.275724130399211
2797,20230717-11AM_750_25_JG5_5,0.093,0.0,750,25,JG5,5,-1.031517051446065
2798,20230717-11AM_750_25_JG5_6,0.078,0.0,750,25,JG5,6,-1.1079053973095196
2799,20230717-11AM_750_25_JG5_7,0.148,0.0,750,25,JG5,7,-0.8297382846050426
2800,20230717-11AM_680_25_BMS_0,0.124,0.0,680,25,BMS,0,-0.906578314837765
2801,20230717-11AM_680_25_BMS_1,0.149,0.0,680,25,BMS,1,-0.826813731587726
2802,20230717-11AM_680_25_BMS_2,0.213,0.0,680,25,BMS,2,-0.6716203965612623
2803,20230717-11AM_680_25_BMS_3,0.132,0.0,680,25,BMS,3,-0.8794260687941501
2804,20230717-11AM_680_25_BMS_4,0.254,0.0,680,25,BMS,4,-0.595166283380062
2805,20230717-11AM_680_25_BMS_5,0.208,0.0,680,25,BMS,5,-0.6819366650372385
2806,20230717-11AM_680_25_BMS_6,0.193,0.0,680,25,BMS,6,-0.7144426909922262
2807,20230717-11AM_680_25_BMS_7,0.168,0.0,680,25,BMS,7,-0.7746907182741372
2808,20230717-11AM_750_25_BMS_0,0.087,0.0,750,25,BMS,0,-1.0604807473813815
2809,20230717-11AM_750_25_BMS_1,0.102,0.0,750,25,BMS,1,-0.9913998282380825
2810,20230717-11AM_750_25_BMS_2,0.139,0.0,750,25,BMS,2,-0.8569851997459049
2811,20230717-11AM_750_25_BMS_3,0.092,0.0,750,25,BMS,3,-1.0362121726544447
2812,20230717-11AM_750_25_BMS_4,0.157,0.0,750,25,BMS,4,-0.8041003475907662
2813,20230717-11AM_750_25_BMS_5,0.132,0.0,750,25,BMS,5,-0.8794260687941501
2814,20230717-11AM_750_25_BMS_6,0.123,0.0,750,25,BMS,6,-0.9100948885606021
2815,20230717-11AM_750_25_BMS_7,0.114,0.0,750,25,BMS,7,-0.9430951486635274
2816,20230717-11AM_680_32_3059_0,0.311,0.0,680,32,3059,0,-0.5072396109731625
2817,20230717-11AM_680_32_3059_1,0.241,0.0,680,32,3059,1,-0.6179829574251317
2818,20230717-11AM_680_32_3059_2,0.134,0.0,680,32,3059,2,-0.8728952016351923
2819,20230717-11AM_680_32_3059_3,0.209,0.0,680,32,3059,3,-0.679853713888946
2820,20230717-11AM_680_32_3059_4,0.194,0.0,680,32,3059,4,-0.712198270069774
2821,20230717-11AM_680_32_3059_5,0.184,0.0,680,32,3059,5,-0.7351821769904635
2822,20230717-11AM_680_32_3059_6,0.175,0.0,680,32,3059,6,-0.7569619513137056
2823,20230717-11AM_680_32_3059_7,0.186,0.0,680,32,3059,7,-0.7304870557820837
2824,20230717-11AM_750_32_3059_0,0.196,0.0,750,32,3059,0,-0.707743928643524
2825,20230717-11AM_750_32_3059_1,0.155,0.0,750,32,3059,1,-0.8096683018297085
2826,20230717-11AM_750_32_3059_2,0.095,0.0,750,32,3059,2,-1.0222763947111522
2827,20230717-11AM_750_32_3059_3,0.151,0.0,750,32,3059,3,-0.8210230527068306
2828,20230717-11AM_750_32_3059_4,0.127,0.0,750,32,3059,4,-0.8961962790440431
2829,20230717-11AM_750_32_3059_5,0.123,0.0,750,32,3059,5,-0.9100948885606021
2830,20230717-11AM_750_32_3059_6,0.114,0.0,750,32,3059,6,-0.9430951486635274
2831,20230717-11AM_750_32_3059_7,0.13,0.0,750,32,3059,7,-0.8860566476931632
2832,20230717-11AM_680_32_1691_0,0.166,0.0,680,32,1691,0,-0.7798919119599449
2833,20230717-11AM_680_32_1691_1,0.085,0.0,680,32,1691,1,-1.0705810742857071
2834,20230717-11AM_680_32_1691_2,0.192,0.0,680,32,1691,2,-0.7166987712964504
2835,20230717-11AM_680_32_1691_3,0.184,0.0,680,32,1691,3,-0.7351821769904635
2836,20230717-11AM_680_32_1691_4,0.118,0.0,680,32,1691,4,-0.9281179926938746
2837,20230717-11AM_680_32_1691_5,0.192,0.0,680,32,1691,5,-0.7166987712964504
2838,20230717-11AM_680_32_1691_6,0.136,0.0,680,32,1691,6,-0.8664610916297825
2839,20230717-11AM_680_32_1691_7,0.119,0.0,680,32,1691,7,-0.9244530386074693
2840,20230717-11AM_750_32_1691_0,0.112,0.0,750,32,1691,0,-0.9507819773298184
2841,20230717-11AM_750_32_1691_1,0.066,0.0,750,32,1691,1,-1.1804560644581312
2842,20230717-11AM_750_32_1691_2,0.13,0.0,750,32,1691,2,-0.8860566476931632
2843,20230717-11AM_750_32_1691_3,0.123,0.0,750,32,1691,3,-0.9100948885606021
2844,20230717-11AM_750_32_1691_4,0.082,0.0,750,32,1691,4,-1.0861861476162833
2845,20230717-11AM_750_32_1691_5,0.128,0.0,750,32,1691,5,-0.8927900303521317
2846,20230717-11AM_750_32_1691_6,0.1,0.0,750,32,1691,6,-1.0
2847,20230717-11AM_750_32_1691_7,0.086,0.0,750,32,1691,7,-1.0655015487564323
2848,20230717-11AM_680_32_1690_0,0.164,0.0,680,32,1690,0,-0.7851561519523022
2849,20230717-11AM_680_32_1690_1,0.148,0.0,680,32,1690,1,-0.8297382846050426
2850,20230717-11AM_680_32_1690_2,0.144,0.0,680,32,1690,2,-0.8416375079047503
2851,20230717-11AM_680_32_1690_3,0.131,0.0,680,32,1690,3,-0.8827287043442357
2852,20230717-11AM_680_32_1690_4,0.32,0.0,680,32,1690,4,-0.494850021680094
2853,20230717-11AM_680_32_1690_5,0.3,0.0,680,32,1690,5,-0.5228787452803376
2854,20230717-11AM_680_32_1690_6,0.187,0.0,680,32,1690,6,-0.7281583934635011
2855,20230717-11AM_680_32_1690_7,0.244,0.0,680,32,1690,7,-0.6126101736612706
2856,20230717-11AM_750_32_1690_0,0.132,0.0,750,32,1690,0,-0.8794260687941501
2857,20230717-11AM_750_32_1690_1,0.115,0.0,750,32,1690,1,-0.9393021596463883
2858,20230717-11AM_750_32_1690_2,0.106,0.0,750,32,1690,2,-0.9746941347352298
2859,20230717-11AM_750_32_1690_3,0.107,0.0,750,32,1690,3,-0.9706162223147904
2860,20230717-11AM_750_32_1690_4,0.231,0.0,750,32,1690,4,-0.6363880201078557
2861,20230717-11AM_750_32_1690_5,0.209,0.0,750,32,1690,5,-0.679853713888946
2862,20230717-11AM_750_32_1690_6,0.15,0.0,750,32,1690,6,-0.8239087409443188
2863,20230717-11AM_750_32_1690_7,0.163,0.0,750,32,1690,7,-0.7878123955960422
2864,20230717-11AM_680_32_2342_0,0.215,0.0,680,32,2342,0,-0.6675615400843947
2865,20230717-11AM_680_32_2342_1,0.234,0.0,680,32,2342,1,-0.6307841425898572
2866,20230717-11AM_680_32_2342_2,0.188,0.0,680,32,2342,2,-0.7258421507363202
2867,20230717-11AM_680_32_2342_3,0.15,0.0,680,32,2342,3,-0.8239087409443188
2868,20230717-11AM_680_32_2342_4,0.036,0.0,680,32,2342,4,-1.4436974992327127
2869,20230717-11AM_680_32_2342_5,0.187,0.0,680,32,2342,5,-0.7281583934635011
2870,20230717-11AM_680_32_2342_6,0.14,0.0,680,32,2342,6,-0.8538719643217619
2871,20230717-11AM_680_32_2342_7,0.175,0.0,680,32,2342,7,-0.7569619513137056
2872,20230717-11AM_750_32_2342_0,0.132,0.0,750,32,2342,0,-0.8794260687941501
2873,20230717-11AM_750_32_2342_1,0.108,0.0,750,32,2342,1,-0.9665762445130504
2874,20230717-11AM_750_32_2342_2,0.102,0.0,750,32,2342,2,-0.9913998282380825
2875,20230717-11AM_750_32_2342_3,0.103,0.0,750,32,2342,3,-0.9871627752948278
2876,20230717-11AM_750_32_2342_4,0.041,0.0,750,32,2342,4,-1.3872161432802645
2877,20230717-11AM_750_32_2342_5,0.097,0.0,750,32,2342,5,-1.0132282657337552
2878,20230717-11AM_750_32_2342_6,0.094,0.0,750,32,2342,6,-1.0268721464003014
2879,20230717-11AM_750_32_2342_7,0.096,0.0,750,32,2342,7,-1.0177287669604316
2880,20230717-11AM_680_32_4532_0,0.265,0.0,680,32,4532,0,-0.5767541260631921
2881,20230717-11AM_680_32_4532_1,0.121,0.0,680,32,4532,1,-0.9172146296835499
2882,20230717-11AM_680_32_4532_2,0.159,0.0,680,32,4532,2,-0.7986028756795485
2883,20230717-11AM_680_32_4532_3,0.149,0.0,680,32,4532,3,-0.826813731587726
2884,20230717-11AM_680_32_4532_4,0.1,0.0,680,32,4532,4,-1.0
2885,20230717-11AM_680_32_4532_5,0.493,0.0,680,32,4532,5,-0.30715308072277
2886,20230717-11AM_680_32_4532_6,0.329,0.0,680,32,4532,6,-0.48280410205002566
2887,20230717-11AM_680_32_4532_7,0.338,0.0,680,32,4532,7,-0.47108329972234525
2888,20230717-11AM_750_32_4532_0,0.184,0.0,750,32,4532,0,-0.7351821769904635
2889,20230717-11AM_750_32_4532_1,0.091,0.0,750,32,4532,1,-1.0409586076789064
2890,20230717-11AM_750_32_4532_2,0.096,0.0,750,32,4532,2,-1.0177287669604316
2891,20230717-11AM_750_32_4532_3,0.09,0.0,750,32,4532,3,-1.0457574905606752
2892,20230717-11AM_750_32_4532_4,0.066,0.0,750,32,4532,4,-1.1804560644581312
2893,20230717-11AM_750_32_4532_5,0.225,0.0,750,32,4532,5,-0.6478174818886375
2894,20230717-11AM_750_32_4532_6,0.205,0.0,750,32,4532,6,-0.6882461389442457
2895,20230717-11AM_750_32_4532_7,0.209,0.0,750,32,4532,7,-0.679853713888946
2896,20230717-11AM_680_32_2344_0,0.109,0.0,680,32,2344,0,-0.9625735020593764
2897,20230717-11AM_680_32_2344_1,0.115,0.0,680,32,2344,1,-0.9393021596463883
2898,20230717-11AM_680_32_2344_2,0.111,0.0,680,32,2344,2,-0.9546770212133425
2899,20230717-11AM_680_32_2344_3,0.128,0.0,680,32,2344,3,-0.8927900303521317
2900,20230717-11AM_680_32_2344_4,0.2,0.0,680,32,2344,4,-0.6989700043360187
2901,20230717-11AM_680_32_2344_5,0.132,0.0,680,32,2344,5,-0.8794260687941501
2902,20230717-11AM_680_32_2344_6,0.125,0.0,680,32,2344,6,-0.9030899869919435
2903,20230717-11AM_680_32_2344_7,0.118,0.0,680,32,2344,7,-0.9281179926938746
2904,20230717-11AM_750_32_2344_0,0.081,0.0,750,32,2344,0,-1.0915149811213503
2905,20230717-11AM_750_32_2344_1,0.083,0.0,750,32,2344,1,-1.080921907623926
2906,20230717-11AM_750_32_2344_2,0.081,0.0,750,32,2344,2,-1.0915149811213503
2907,20230717-11AM_750_32_2344_3,0.096,0.0,750,32,2344,3,-1.0177287669604316
2908,20230717-11AM_750_32_2344_4,0.133,0.0,750,32,2344,4,-0.8761483590329142
2909,20230717-11AM_750_32_2344_5,0.099,0.0,750,32,2344,5,-1.00436480540245
2910,20230717-11AM_750_32_2344_6,0.091,0.0,750,32,2344,6,-1.0409586076789064
2911,20230717-11AM_750_32_2344_7,0.084,0.0,750,32,2344,7,-1.0757207139381184
2912,20230717-11AM_680_32_2343_0,0.264,0.0,680,32,2343,0,-0.5783960731301689
2913,20230717-11AM_680_32_2343_1,0.147,0.0,680,32,2343,1,-0.8326826652518239
2914,20230717-11AM_680_32_2343_2,0.191,0.0,680,32,2343,2,-0.7189666327522725
2915,20230717-11AM_680_32_2343_3,0.112,0.0,680,32,2343,3,-0.9507819773298184
2916,20230717-11AM_680_32_2343_4,0.082,0.0,680,32,2343,4,-1.0861861476162833
2917,20230717-11AM_680_32_2343_5,0.272,0.0,680,32,2343,5,-0.5654310959658012
2918,20230717-11AM_680_32_2343_6,0.203,0.0,680,32,2343,6,-0.6925039620867871
2919,20230717-11AM_680_32_2343_7,0.087,0.0,680,32,2343,7,-1.0604807473813815
2920,20230717-11AM_750_32_2343_0,0.156,0.0,750,32,2343,0,-0.8068754016455384
2921,20230717-11AM_750_32_2343_1,0.097,0.0,750,32,2343,1,-1.0132282657337552
2922,20230717-11AM_750_32_2343_2,0.128,0.0,750,32,2343,2,-0.8927900303521317
2923,20230717-11AM_750_32_2343_3,0.088,0.0,750,32,2343,3,-1.0555173278498313
2924,20230717-11AM_750_32_2343_4,0.07,0.0,750,32,2343,4,-1.154901959985743
2925,20230717-11AM_750_32_2343_5,0.2,0.0,750,32,2343,5,-0.6989700043360187
2926,20230717-11AM_750_32_2343_6,0.15,0.0,750,32,2343,6,-0.8239087409443188
2927,20230717-11AM_750_32_2343_7,0.067,0.0,750,32,2343,7,-1.1739251972991736
2928,20230717-11AM_680_32_1952_0,0.168,0.0,680,32,1952,0,-0.7746907182741372
2929,20230717-11AM_680_32_1952_1,0.175,0.0,680,32,1952,1,-0.7569619513137056
2930,20230717-11AM_680_32_1952_2,0.174,0.0,680,32,1952,2,-0.7594507517174003
2931,20230717-11AM_680_32_1952_3,0.154,0.0,680,32,1952,3,-0.8124792791635369
2932,20230717-11AM_680_32_1952_4,0.155,0.0,680,32,1952,4,-0.8096683018297085
2933,20230717-11AM_680_32_1952_5,0.21,0.0,680,32,1952,5,-0.6777807052660807
2934,20230717-11AM_680_32_1952_6,0.297,0.0,680,32,1952,6,-0.5272435506827877
2935,20230717-11AM_680_32_1952_7,0.146,0.0,680,32,1952,7,-0.835647144215563
2936,20230717-11AM_750_32_1952_0,0.112,0.0,750,32,1952,0,-0.9507819773298184
2937,20230717-11AM_750_32_1952_1,0.115,0.0,750,32,1952,1,-0.9393021596463883
2938,20230717-11AM_750_32_1952_2,0.117,0.0,750,32,1952,2,-0.9318141382538383
2939,20230717-11AM_750_32_1952_3,0.108,0.0,750,32,1952,3,-0.9665762445130504
2940,20230717-11AM_750_32_1952_4,0.105,0.0,750,32,1952,4,-0.978810700930062
2941,20230717-11AM_750_32_1952_5,0.142,0.0,750,32,1952,5,-0.8477116556169435
2942,20230717-11AM_750_32_1952_6,0.204,0.0,750,32,1952,6,-0.6903698325741012
2943,20230717-11AM_750_32_1952_7,0.094,0.0,750,32,1952,7,-1.0268721464003014
2944,20230717-11AM_680_32_2931_0,0.105,0.0,680,32,2931,0,-0.978810700930062
2945,20230717-11AM_680_32_2931_1,0.132,0.0,680,32,2931,1,-0.8794260687941501
2946,20230717-11AM_680_32_2931_2,0.262,0.0,680,32,2931,2,-0.5816987086802545
2947,20230717-11AM_680_32_2931_3,0.124,0.0,680,32,2931,3,-0.906578314837765
2948,20230717-11AM_680_32_2931_4,0.1,0.0,680,32,2931,4,-1.0
2949,20230717-11AM_680_32_2931_5,0.306,0.0,680,32,2931,5,-0.51427857351842
2950,20230717-11AM_680_32_2931_6,0.088,0.0,680,32,2931,6,-1.0555173278498313
2951,20230717-11AM_680_32_2931_7,0.126,0.0,680,32,2931,7,-0.8996294548824371
2952,20230717-11AM_750_32_2931_0,0.082,0.0,750,32,2931,0,-1.0861861476162833
2953,20230717-11AM_750_32_2931_1,0.093,0.0,750,32,2931,1,-1.031517051446065
2954,20230717-11AM_750_32_2931_2,0.174,0.0,750,32,2931,2,-0.7594507517174003
2955,20230717-11AM_750_32_2931_3,0.098,0.0,750,32,2931,3,-1.0087739243075051
2956,20230717-11AM_750_32_2931_4,0.085,0.0,750,32,2931,4,-1.0705810742857071
2957,20230717-11AM_750_32_2931_5,0.187,0.0,750,32,2931,5,-0.7281583934635011
2958,20230717-11AM_750_32_2931_6,0.071,0.0,750,32,2931,6,-1.1487416512809248
2959,20230717-11AM_750_32_2931_7,0.085,0.0,750,32,2931,7,-1.0705810742857071
2960,20230717-11AM_680_32_JG5_0,0.094,0.0,680,32,JG5,0,-1.0268721464003014
2961,20230717-11AM_680_32_JG5_1,0.057,0.0,680,32,JG5,1,-1.2441251443275085
2962,20230717-11AM_680_32_JG5_2,0.1,0.0,680,32,JG5,2,-1.0
2963,20230717-11AM_680_32_JG5_3,0.167,0.0,680,32,JG5,3,-0.7772835288524167
2964,20230717-11AM_680_32_JG5_4,0.161,0.0,680,32,JG5,4,-0.7931741239681502
2965,20230717-11AM_680_32_JG5_5,0.089,0.0,680,32,JG5,5,-1.0506099933550872
2966,20230717-11AM_680_32_JG5_6,0.309,0.0,680,32,JG5,6,-0.5100415205751654
2967,20230717-11AM_680_32_JG5_7,0.152,0.0,680,32,JG5,7,-0.8181564120552275
2968,20230717-11AM_750_32_JG5_0,0.074,0.0,750,32,JG5,0,-1.1307682802690238
2969,20230717-11AM_750_32_JG5_1,0.053,0.0,750,32,JG5,1,-1.275724130399211
2970,20230717-11AM_750_32_JG5_2,0.075,0.0,750,32,JG5,2,-1.1249387366083
2971,20230717-11AM_750_32_JG5_3,0.112,0.0,750,32,JG5,3,-0.9507819773298184
2972,20230717-11AM_750_32_JG5_4,0.101,0.0,750,32,JG5,4,-0.9956786262173574
2973,20230717-11AM_750_32_JG5_5,0.071,0.0,750,32,JG5,5,-1.1487416512809248
2974,20230717-11AM_750_32_JG5_6,0.18,0.0,750,32,JG5,6,-0.744727494896694
2975,20230717-11AM_750_32_JG5_7,0.113,0.0,750,32,JG5,7,-0.9469215565165803
2976,20230717-11AM_680_32_BMS_0,0.177,0.0,680,32,BMS,0,-0.7520267336381934
2977,20230717-11AM_680_32_BMS_1,0.209,0.0,680,32,BMS,1,-0.679853713888946
2978,20230717-11AM_680_32_BMS_2,0.162,0.0,680,32,BMS,2,-0.790484985457369
2979,20230717-11AM_680_32_BMS_3,0.136,0.0,680,32,BMS,3,-0.8664610916297825
2980,20230717-11AM_680_32_BMS_4,0.223,0.0,680,32,BMS,4,-0.6516951369518393
2981,20230717-11AM_680_32_BMS_5,0.269,0.0,680,32,BMS,5,-0.5702477199975919
2982,20230717-11AM_680_32_BMS_6,0.19,0.0,680,32,BMS,6,-0.721246399047171
2983,20230717-11AM_680_32_BMS_7,0.179,0.0,680,32,BMS,7,-0.7471469690201068
2984,20230717-11AM_750_32_BMS_0,0.114,0.0,750,32,BMS,0,-0.9430951486635274
2985,20230717-11AM_750_32_BMS_1,0.135,0.0,750,32,BMS,1,-0.8696662315049939
2986,20230717-11AM_750_32_BMS_2,0.111,0.0,750,32,BMS,2,-0.9546770212133425
2987,20230717-11AM_750_32_BMS_3,0.095,0.0,750,32,BMS,3,-1.0222763947111522
2988,20230717-11AM_750_32_BMS_4,0.142,0.0,750,32,BMS,4,-0.8477116556169435
2989,20230717-11AM_750_32_BMS_5,0.175,0.0,750,32,BMS,5,-0.7569619513137056
2990,20230717-11AM_750_32_BMS_6,0.13,0.0,750,32,BMS,6,-0.8860566476931632
2991,20230717-11AM_750_32_BMS_7,0.115,0.0,750,32,BMS,7,-0.9393021596463883
2992,20230717-11AM_680_28_3059_0,0.139,0.0,680,28,3059,0,-0.8569851997459049
2993,20230717-11AM_680_28_3059_1,0.144,0.0,680,28,3059,1,-0.8416375079047503
2994,20230717-11AM_680_28_3059_2,0.247,0.0,680,28,3059,2,-0.6073030467403343
2995,20230717-11AM_680_28_3059_3,0.165,0.0,680,28,3059,3,-0.7825160557860937
2996,20230717-11AM_680_28_3059_4,0.196,0.0,680,28,3059,4,-0.707743928643524
2997,20230717-11AM_680_28_3059_5,0.203,0.0,680,28,3059,5,-0.6925039620867871
2998,20230717-11AM_680_28_3059_6,0.186,0.0,680,28,3059,6,-0.7304870557820837
2999,20230717-11AM_680_28_3059_7,0.229,0.0,680,28,3059,7,-0.640164517660112
3000,20230717-11AM_750_28_3059_0,0.095,0.0,750,28,3059,0,-1.0222763947111522
3001,20230717-11AM_750_28_3059_1,0.102,0.0,750,28,3059,1,-0.9913998282380825
3002,20230717-11AM_750_28_3059_2,0.16,0.0,750,28,3059,2,-0.7958800173440752
3003,20230717-11AM_750_28_3059_3,0.121,0.0,750,28,3059,3,-0.9172146296835499
3004,20230717-11AM_750_28_3059_4,0.112,0.0,750,28,3059,4,-0.9507819773298184
3005,20230717-11AM_750_28_3059_5,0.133,0.0,750,28,3059,5,-0.8761483590329142
3006,20230717-11AM_750_28_3059_6,0.117,0.0,750,28,3059,6,-0.9318141382538383
3007,20230717-11AM_750_28_3059_7,0.151,0.0,750,28,3059,7,-0.8210230527068306
3008,20230717-11AM_680_28_1691_0,0.155,0.0,680,28,1691,0,-0.8096683018297085
3009,20230717-11AM_680_28_1691_1,0.141,0.0,680,28,1691,1,-0.8507808873446201
3010,20230717-11AM_680_28_1691_2,0.117,0.0,680,28,1691,2,-0.9318141382538383
3011,20230717-11AM_680_28_1691_3,0.065,0.0,680,28,1691,3,-1.1870866433571443
3012,20230717-11AM_680_28_1691_4,0.162,0.0,680,28,1691,4,-0.790484985457369
3013,20230717-11AM_680_28_1691_5,0.151,0.0,680,28,1691,5,-0.8210230527068306
3014,20230717-11AM_680_28_1691_6,0.124,0.0,680,28,1691,6,-0.906578314837765
3015,20230717-11AM_680_28_1691_7,0.139,0.0,680,28,1691,7,-0.8569851997459049
3016,20230717-11AM_750_28_1691_0,0.09,0.0,750,28,1691,0,-1.0457574905606752
3017,20230717-11AM_750_28_1691_1,0.098,0.0,750,28,1691,1,-1.0087739243075051
3018,20230717-11AM_750_28_1691_2,0.088,0.0,750,28,1691,2,-1.0555173278498313
3019,20230717-11AM_750_28_1691_3,0.058,0.0,750,28,1691,3,-1.2365720064370627
3020,20230717-11AM_750_28_1691_4,0.101,0.0,750,28,1691,4,-0.9956786262173574
3021,20230717-11AM_750_28_1691_5,0.095,0.0,750,28,1691,5,-1.0222763947111522
3022,20230717-11AM_750_28_1691_6,0.088,0.0,750,28,1691,6,-1.0555173278498313
3023,20230717-11AM_750_28_1691_7,0.098,0.0,750,28,1691,7,-1.0087739243075051
3024,20230717-11AM_680_28_1690_0,0.159,0.0,680,28,1690,0,-0.7986028756795485
3025,20230717-11AM_680_28_1690_1,0.231,0.0,680,28,1690,1,-0.6363880201078557
3026,20230717-11AM_680_28_1690_2,0.254,0.0,680,28,1690,2,-0.595166283380062
3027,20230717-11AM_680_28_1690_3,0.174,0.0,680,28,1690,3,-0.7594507517174003
3028,20230717-11AM_680_28_1690_4,0.167,0.0,680,28,1690,4,-0.7772835288524167
3029,20230717-11AM_680_28_1690_5,0.172,0.0,680,28,1690,5,-0.7644715530924511
3030,20230717-11AM_680_28_1690_6,0.31,0.0,680,28,1690,6,-0.5086383061657274
3031,20230717-11AM_680_28_1690_7,0.168,0.0,680,28,1690,7,-0.7746907182741372
3032,20230717-11AM_750_28_1690_0,0.13,0.0,750,28,1690,0,-0.8860566476931632
3033,20230717-11AM_750_28_1690_1,0.148,0.0,750,28,1690,1,-0.8297382846050426
3034,20230717-11AM_750_28_1690_2,0.226,0.0,750,28,1690,2,-0.645891560852599
3035,20230717-11AM_750_28_1690_3,0.136,0.0,750,28,1690,3,-0.8664610916297825
3036,20230717-11AM_750_28_1690_4,0.128,0.0,750,28,1690,4,-0.8927900303521317
3037,20230717-11AM_750_28_1690_5,0.126,0.0,750,28,1690,5,-0.8996294548824371
3038,20230717-11AM_750_28_1690_6,0.24,0.0,750,28,1690,6,-0.619788758288394
3039,20230717-11AM_750_28_1690_7,0.136,0.0,750,28,1690,7,-0.8664610916297825
3040,20230717-11AM_680_28_2342_0,0.194,0.0,680,28,2342,0,-0.712198270069774
3041,20230717-11AM_680_28_2342_1,0.111,0.0,680,28,2342,1,-0.9546770212133425
3042,20230717-11AM_680_28_2342_2,0.187,0.0,680,28,2342,2,-0.7281583934635011
3043,20230717-11AM_680_28_2342_3,0.107,0.0,680,28,2342,3,-0.9706162223147904
3044,20230717-11AM_680_28_2342_4,0.037,0.0,680,28,2342,4,-1.431798275933005
3045,20230717-11AM_680_28_2342_5,0.146,0.0,680,28,2342,5,-0.835647144215563
3046,20230717-11AM_680_28_2342_6,0.147,0.0,680,28,2342,6,-0.8326826652518239
3047,20230717-11AM_680_28_2342_7,0.268,0.0,680,28,2342,7,-0.5718652059712112
3048,20230717-11AM_750_28_2342_0,0.121,0.0,750,28,2342,0,-0.9172146296835499
3049,20230717-11AM_750_28_2342_1,0.069,0.0,750,28,2342,1,-1.1611509092627446
3050,20230717-11AM_750_28_2342_2,0.113,0.0,750,28,2342,2,-0.9469215565165803
3051,20230717-11AM_750_28_2342_3,0.08,0.0,750,28,2342,3,-1.0969100130080565
3052,20230717-11AM_750_28_2342_4,0.041,0.0,750,28,2342,4,-1.3872161432802645
3053,20230717-11AM_750_28_2342_5,0.086,0.0,750,28,2342,5,-1.0655015487564323
3054,20230717-11AM_750_28_2342_6,0.079,0.0,750,28,2342,6,-1.1023729087095586
3055,20230717-11AM_750_28_2342_7,0.15,0.0,750,28,2342,7,-0.8239087409443188
3056,20230717-11AM_680_28_4532_0,0.215,0.0,680,28,4532,0,-0.6675615400843947
3057,20230717-11AM_680_28_4532_1,0.206,0.0,680,28,4532,1,-0.6861327796308466
3058,20230717-11AM_680_28_4532_2,0.345,0.0,680,28,4532,2,-0.4621809049267259
3059,20230717-11AM_680_28_4532_3,0.294,0.0,680,28,4532,3,-0.5316526695878427
3060,20230717-11AM_680_28_4532_4,0.185,0.0,680,28,4532,4,-0.7328282715969862
3061,20230717-11AM_680_28_4532_5,0.166,0.0,680,28,4532,5,-0.7798919119599449
3062,20230717-11AM_680_28_4532_6,0.235,0.0,680,28,4532,6,-0.6289321377282637
3063,20230717-11AM_680_28_4532_7,0.239,0.0,680,28,4532,7,-0.6216020990518624
3064,20230717-11AM_750_28_4532_0,0.187,0.0,750,28,4532,0,-0.7281583934635011
3065,20230717-11AM_750_28_4532_1,0.149,0.0,750,28,4532,1,-0.826813731587726
3066,20230717-11AM_750_28_4532_2,0.215,0.0,750,28,4532,2,-0.6675615400843947
3067,20230717-11AM_750_28_4532_3,0.174,0.0,750,28,4532,3,-0.7594507517174003
3068,20230717-11AM_750_28_4532_4,0.104,0.0,750,28,4532,4,-0.9829666607012196
3069,20230717-11AM_750_28_4532_5,0.12,0.0,750,28,4532,5,-0.9208187539523752
3070,20230717-11AM_750_28_4532_6,0.156,0.0,750,28,4532,6,-0.8068754016455384
3071,20230717-11AM_750_28_4532_7,0.155,0.0,750,28,4532,7,-0.8096683018297085
3072,20230717-11AM_680_28_2344_0,0.145,0.0,680,28,2344,0,-0.8386319977650252
3073,20230717-11AM_680_28_2344_1,0.089,0.0,680,28,2344,1,-1.0506099933550872
3074,20230717-11AM_680_28_2344_2,0.117,0.0,680,28,2344,2,-0.9318141382538383
3075,20230717-11AM_680_28_2344_3,0.167,0.0,680,28,2344,3,-0.7772835288524167
3076,20230717-11AM_680_28_2344_4,0.131,0.0,680,28,2344,4,-0.8827287043442357
3077,20230717-11AM_680_28_2344_5,0.092,0.0,680,28,2344,5,-1.0362121726544447
3078,20230717-11AM_680_28_2344_6,0.135,0.0,680,28,2344,6,-0.8696662315049939
3079,20230717-11AM_680_28_2344_7,0.081,0.0,680,28,2344,7,-1.0915149811213503
3080,20230717-11AM_750_28_2344_0,0.095,0.0,750,28,2344,0,-1.0222763947111522
3081,20230717-11AM_750_28_2344_1,0.067,0.0,750,28,2344,1,-1.1739251972991736
3082,20230717-11AM_750_28_2344_2,0.081,0.0,750,28,2344,2,-1.0915149811213503
3083,20230717-11AM_750_28_2344_3,0.119,0.0,750,28,2344,3,-0.9244530386074693
3084,20230717-11AM_750_28_2344_4,0.085,0.0,750,28,2344,4,-1.0705810742857071
3085,20230717-11AM_750_28_2344_5,0.072,0.0,750,28,2344,5,-1.1426675035687315
3086,20230717-11AM_750_28_2344_6,0.095,0.0,750,28,2344,6,-1.0222763947111522
3087,20230717-11AM_750_28_2344_7,0.07,0.0,750,28,2344,7,-1.154901959985743
3088,20230717-11AM_680_28_2343_0,0.137,0.0,680,28,2343,0,-0.8632794328435932
3089,20230717-11AM_680_28_2343_1,0.077,0.0,680,28,2343,1,-1.1135092748275182
3090,20230717-11AM_680_28_2343_2,0.171,0.0,680,28,2343,2,-0.7670038896078462
3091,20230717-11AM_680_28_2343_3,0.277,0.0,680,28,2343,3,-0.5575202309355514
3092,20230717-11AM_680_28_2343_4,0.155,0.0,680,28,2343,4,-0.8096683018297085
3093,20230717-11AM_680_28_2343_5,0.243,0.0,680,28,2343,5,-0.6143937264016879
3094,20230717-11AM_680_28_2343_6,0.244,0.0,680,28,2343,6,-0.6126101736612706
3095,20230717-11AM_680_28_2343_7,0.07,0.0,680,28,2343,7,-1.154901959985743
3096,20230717-11AM_750_28_2343_0,0.094,0.0,750,28,2343,0,-1.0268721464003014
3097,20230717-11AM_750_28_2343_1,0.063,0.0,750,28,2343,1,-1.2006594505464183
3098,20230717-11AM_750_28_2343_2,0.077,0.0,750,28,2343,2,-1.1135092748275182
3099,20230717-11AM_750_28_2343_3,0.172,0.0,750,28,2343,3,-0.7644715530924511
3100,20230717-11AM_750_28_2343_4,0.096,0.0,750,28,2343,4,-1.0177287669604316
3101,20230717-11AM_750_28_2343_5,0.175,0.0,750,28,2343,5,-0.7569619513137056
3102,20230717-11AM_750_28_2343_6,0.158,0.0,750,28,2343,6,-0.8013429130455774
3103,20230717-11AM_750_28_2343_7,0.057,0.0,750,28,2343,7,-1.2441251443275085
3104,20230717-11AM_680_28_1952_0,0.124,0.0,680,28,1952,0,-0.906578314837765
3105,20230717-11AM_680_28_1952_1,0.203,0.0,680,28,1952,1,-0.6925039620867871
3106,20230717-11AM_680_28_1952_2,0.093,0.0,680,28,1952,2,-1.031517051446065
3107,20230717-11AM_680_28_1952_3,0.144,0.0,680,28,1952,3,-0.8416375079047503
3108,20230717-11AM_680_28_1952_4,0.137,0.0,680,28,1952,4,-0.8632794328435932
3109,20230717-11AM_680_28_1952_5,0.138,0.0,680,28,1952,5,-0.8601209135987634
3110,20230717-11AM_680_28_1952_6,0.22,0.0,680,28,1952,6,-0.6575773191777937
3111,20230717-11AM_680_28_1952_7,0.184,0.0,680,28,1952,7,-0.7351821769904635
3112,20230717-11AM_750_28_1952_0,0.086,0.0,750,28,1952,0,-1.0655015487564323
3113,20230717-11AM_750_28_1952_1,0.128,0.0,750,28,1952,1,-0.8927900303521317
3114,20230717-11AM_750_28_1952_2,0.065,0.0,750,28,1952,2,-1.1870866433571443
3115,20230717-11AM_750_28_1952_3,0.096,0.0,750,28,1952,3,-1.0177287669604316
3116,20230717-11AM_750_28_1952_4,0.099,0.0,750,28,1952,4,-1.00436480540245
3117,20230717-11AM_750_28_1952_5,0.095,0.0,750,28,1952,5,-1.0222763947111522
3118,20230717-11AM_750_28_1952_6,0.152,0.0,750,28,1952,6,-0.8181564120552275
3119,20230717-11AM_750_28_1952_7,0.113,0.0,750,28,1952,7,-0.9469215565165803
3120,20230717-11AM_680_28_2931_0,0.139,0.0,680,28,2931,0,-0.8569851997459049
3121,20230717-11AM_680_28_2931_1,0.147,0.0,680,28,2931,1,-0.8326826652518239
3122,20230717-11AM_680_28_2931_2,0.25,0.0,680,28,2931,2,-0.6020599913279624
3123,20230717-11AM_680_28_2931_3,0.212,0.0,680,28,2931,3,-0.6736641390712486
3124,20230717-11AM_680_28_2931_4,0.142,0.0,680,28,2931,4,-0.8477116556169435
3125,20230717-11AM_680_28_2931_5,0.289,0.0,680,28,2931,5,-0.5391021572434522
3126,20230717-11AM_680_28_2931_6,0.1,0.0,680,28,2931,6,-1.0
3127,20230717-11AM_680_28_2931_7,0.121,0.0,680,28,2931,7,-0.9172146296835499
3128,20230717-11AM_750_28_2931_0,0.093,0.0,750,28,2931,0,-1.031517051446065
3129,20230717-11AM_750_28_2931_1,0.106,0.0,750,28,2931,1,-0.9746941347352298
3130,20230717-11AM_750_28_2931_2,0.167,0.0,750,28,2931,2,-0.7772835288524167
3131,20230717-11AM_750_28_2931_3,0.153,0.0,750,28,2931,3,-0.8153085691824012
3132,20230717-11AM_750_28_2931_4,0.116,0.0,750,28,2931,4,-0.9355420107730815
3133,20230717-11AM_750_28_2931_5,0.176,0.0,750,28,2931,5,-0.7544873321858502
3134,20230717-11AM_750_28_2931_6,0.076,0.0,750,28,2931,6,-1.1191864077192086
3135,20230717-11AM_750_28_2931_7,0.088,0.0,750,28,2931,7,-1.0555173278498313
3136,20230717-11AM_680_28_JG5_0,0.11,0.0,680,28,JG5,0,-0.958607314841775
3137,20230717-11AM_680_28_JG5_1,0.121,0.0,680,28,JG5,1,-0.9172146296835499
3138,20230717-11AM_680_28_JG5_2,0.095,0.0,680,28,JG5,2,-1.0222763947111522
3139,20230717-11AM_680_28_JG5_3,0.1,0.0,680,28,JG5,3,-1.0
3140,20230717-11AM_680_28_JG5_4,0.075,0.0,680,28,JG5,4,-1.1249387366083
3141,20230717-11AM_680_28_JG5_5,0.116,0.0,680,28,JG5,5,-0.9355420107730815
3142,20230717-11AM_680_28_JG5_6,0.104,0.0,680,28,JG5,6,-0.9829666607012196
3143,20230717-11AM_680_28_JG5_7,0.146,0.0,680,28,JG5,7,-0.835647144215563
3144,20230717-11AM_750_28_JG5_0,0.08,0.0,750,28,JG5,0,-1.0969100130080565
3145,20230717-11AM_750_28_JG5_1,0.092,0.0,750,28,JG5,1,-1.0362121726544447
3146,20230717-11AM_750_28_JG5_2,0.074,0.0,750,28,JG5,2,-1.1307682802690238
3147,20230717-11AM_750_28_JG5_3,0.072,0.0,750,28,JG5,3,-1.1426675035687315
3148,20230717-11AM_750_28_JG5_4,0.062,0.0,750,28,JG5,4,-1.207608310501746
3149,20230717-11AM_750_28_JG5_5,0.09,0.0,750,28,JG5,5,-1.0457574905606752
3150,20230717-11AM_750_28_JG5_6,0.062,0.0,750,28,JG5,6,-1.207608310501746
3151,20230717-11AM_750_28_JG5_7,0.108,0.0,750,28,JG5,7,-0.9665762445130504
3152,20230717-11AM_680_28_BMS_0,0.103,0.0,680,28,BMS,0,-0.9871627752948278
3153,20230717-11AM_680_28_BMS_1,0.131,0.0,680,28,BMS,1,-0.8827287043442357
3154,20230717-11AM_680_28_BMS_2,0.225,0.0,680,28,BMS,2,-0.6478174818886375
3155,20230717-11AM_680_28_BMS_3,0.14,0.0,680,28,BMS,3,-0.8538719643217619
3156,20230717-11AM_680_28_BMS_4,0.135,0.0,680,28,BMS,4,-0.8696662315049939
3157,20230717-11AM_680_28_BMS_5,0.136,0.0,680,28,BMS,5,-0.8664610916297825
3158,20230717-11AM_680_28_BMS_6,0.215,0.0,680,28,BMS,6,-0.6675615400843947
3159,20230717-11AM_680_28_BMS_7,0.173,0.0,680,28,BMS,7,-0.7619538968712046
3160,20230717-11AM_750_28_BMS_0,0.077,0.0,750,28,BMS,0,-1.1135092748275182
3161,20230717-11AM_750_28_BMS_1,0.092,0.0,750,28,BMS,1,-1.0362121726544447
3162,20230717-11AM_750_28_BMS_2,0.143,0.0,750,28,BMS,2,-0.8446639625349383
3163,20230717-11AM_750_28_BMS_3,0.097,0.0,750,28,BMS,3,-1.0132282657337552
3164,20230717-11AM_750_28_BMS_4,0.09,0.0,750,28,BMS,4,-1.0457574905606752
3165,20230717-11AM_750_28_BMS_5,0.087,0.0,750,28,BMS,5,-1.0604807473813815
3166,20230717-11AM_750_28_BMS_6,0.138,0.0,750,28,BMS,6,-0.8601209135987634
3167,20230717-11AM_750_28_BMS_7,0.112,0.0,750,28,BMS,7,-0.9507819773298184
3168,20230719-3PM_680_25_3059_0,1.652,52.0,680,25,3059,0,0.21801004298436338
3169,20230719-3PM_680_25_3059_1,1.758,52.0,680,25,3059,1,0.24501887073775308
3170,20230719-3PM_680_25_3059_2,1.848,52.0,680,25,3059,2,0.2667019668840879
3171,20230719-3PM_680_25_3059_3,1.712,52.0,680,25,3059,3,0.2335037603411344
3172,20230719-3PM_680_25_3059_4,1.106,52.0,680,25,3059,4,0.04375512696867949
3173,20230719-3PM_680_25_3059_5,1.9,52.0,680,25,3059,5,0.2787536009528289
3174,20230719-3PM_680_25_3059_6,1.89,52.0,680,25,3059,6,0.2764618041732441
3175,20230719-3PM_680_25_3059_7,1.411,52.0,680,25,3059,7,0.14952701375434785
3176,20230719-3PM_750_25_3059_0,0.968,52.0,750,25,3059,0,-0.014124642691606345
3177,20230719-3PM_750_25_3059_1,1.046,52.0,750,25,3059,1,0.01953168453125545
3178,20230719-3PM_750_25_3059_2,1.026,52.0,750,25,3059,2,0.011147360775797479
3179,20230719-3PM_750_25_3059_3,1.078,52.0,750,25,3059,3,0.03261876085071993
3180,20230719-3PM_750_25_3059_4,0.703,52.0,750,25,3059,4,-0.15304467498017607
3181,20230719-3PM_750_25_3059_5,1.149,52.0,750,25,3059,5,0.060320028688285184
3182,20230719-3PM_750_25_3059_6,1.077,52.0,750,25,3059,6,0.03221570329798157
3183,20230719-3PM_750_25_3059_7,0.926,52.0,750,25,3059,7,-0.033389013318065645
3184,20230719-3PM_680_25_1691_0,1.357,52.0,680,25,1691,0,0.13257984765973707
3185,20230719-3PM_680_25_1691_1,1.629,52.0,680,25,1691,1,0.2119210843085094
3186,20230719-3PM_680_25_1691_2,1.555,52.0,680,25,1691,2,0.1917303933628563
3187,20230719-3PM_680_25_1691_3,1.495,52.0,680,25,1691,3,0.17464119266044847
3188,20230719-3PM_680_25_1691_4,1.376,52.0,680,25,1691,4,0.13861843389949247
3189,20230719-3PM_680_25_1691_5,1.607,52.0,680,25,1691,5,0.20601587676334454
3190,20230719-3PM_680_25_1691_6,1.532,52.0,680,25,1691,6,0.18525876529658514
3191,20230719-3PM_680_25_1691_7,1.087,52.0,680,25,1691,7,0.03622954408629453
3192,20230719-3PM_750_25_1691_0,0.682,52.0,750,25,1691,0,-0.16621562534352105
3193,20230719-3PM_750_25_1691_1,0.861,52.0,750,25,1691,1,-0.06499684854634524
3194,20230719-3PM_750_25_1691_2,0.808,52.0,750,25,1691,2,-0.09258863922541381
3195,20230719-3PM_750_25_1691_3,0.814,52.0,750,25,1691,3,-0.0893755951107988
3196,20230719-3PM_750_25_1691_4,0.782,52.0,750,25,1691,4,-0.10679324694015198
3197,20230719-3PM_750_25_1691_5,0.865,52.0,750,25,1691,5,-0.06298389253518578
3198,20230719-3PM_750_25_1691_6,0.833,52.0,750,25,1691,6,-0.07935499859321243
3199,20230719-3PM_750_25_1691_7,0.651,52.0,750,25,1691,7,-0.18641901143180803
3200,20230719-3PM_680_25_1690_0,1.635,52.0,680,25,1690,0,0.21351775699630487
3201,20230719-3PM_680_25_1690_1,1.033,52.0,680,25,1690,1,0.014100321519620545
3202,20230719-3PM_680_25_1690_2,1.932,52.0,680,25,1690,2,0.28600712207947454
3203,20230719-3PM_680_25_1690_3,1.969,52.0,680,25,1690,3,0.29424571613811823
3204,20230719-3PM_680_25_1690_4,1.585,52.0,680,25,1690,4,0.2000292665537703
3205,20230719-3PM_680_25_1690_5,2.261,52.0,680,25,1690,5,0.3543005623453597
3206,20230719-3PM_680_25_1690_6,1.573,52.0,680,25,1690,6,0.19672872262328683
3207,20230719-3PM_680_25_1690_7,1.321,52.0,680,25,1690,7,0.12090281761452719
3208,20230719-3PM_750_25_1690_0,0.878,52.0,750,25,1690,0,-0.05650548409389743
3209,20230719-3PM_750_25_1690_1,0.793,52.0,750,25,1690,1,-0.10072681268239618
3210,20230719-3PM_750_25_1690_2,1.156,52.0,750,25,1690,2,0.06295783408451022
3211,20230719-3PM_750_25_1690_3,1.099,52.0,750,25,1690,3,0.04099769242349056
3212,20230719-3PM_750_25_1690_4,1.032,52.0,750,25,1690,4,0.01367969729119256
3213,20230719-3PM_750_25_1690_5,1.138,52.0,750,25,1690,5,0.05614226205905233
3214,20230719-3PM_750_25_1690_6,1.033,52.0,750,25,1690,6,0.014100321519620545
3215,20230719-3PM_750_25_1690_7,0.779,52.0,750,25,1690,7,-0.10846254232743553
3216,20230719-3PM_680_25_2342_0,0.946,52.0,680,25,2342,0,-0.02410886359820726
3217,20230719-3PM_680_25_2342_1,0.805,52.0,680,25,2342,1,-0.09420411963213146
3218,20230719-3PM_680_25_2342_2,0.936,52.0,680,25,2342,2,-0.028724151261894745
3219,20230719-3PM_680_25_2342_3,0.746,52.0,680,25,2342,3,-0.1272611725273312
3220,20230719-3PM_680_25_2342_4,0.038,52.0,680,25,2342,4,-1.4202164033831899
3221,20230719-3PM_680_25_2342_5,1.197,52.0,680,25,2342,5,0.07809415040641068
3222,20230719-3PM_680_25_2342_6,1.047,52.0,680,25,2342,6,0.019946681678842306
3223,20230719-3PM_680_25_2342_7,0.989,52.0,680,25,2342,7,-0.004803708402820599
3224,20230719-3PM_750_25_2342_0,0.546,52.0,750,25,2342,0,-0.2628073572952627
3225,20230719-3PM_750_25_2342_1,0.462,52.0,750,25,2342,1,-0.33535802444387447
3226,20230719-3PM_750_25_2342_2,0.518,52.0,750,25,2342,2,-0.28567024025476695
3227,20230719-3PM_750_25_2342_3,0.377,52.0,750,25,2342,3,-0.42365864979420714
3228,20230719-3PM_750_25_2342_4,0.042,52.0,750,25,2342,4,-1.3767507096020994
3229,20230719-3PM_750_25_2342_5,0.629,52.0,750,25,2342,5,-0.20134935455473107
3230,20230719-3PM_750_25_2342_6,0.596,52.0,750,25,2342,6,-0.22475374025976358
3231,20230719-3PM_750_25_2342_7,0.522,52.0,750,25,2342,7,-0.28232949699773785
3232,20230719-3PM_680_25_4532_0,1.654,52.0,680,25,4532,0,0.21853550521652784
3233,20230719-3PM_680_25_4532_1,1.566,52.0,680,25,4532,1,0.1947917577219246
3234,20230719-3PM_680_25_4532_2,1.715,52.0,680,25,4532,2,0.23426412437878932
3235,20230719-3PM_680_25_4532_3,1.762,52.0,680,25,4532,3,0.2460059040760291
3236,20230719-3PM_680_25_4532_4,1.716,52.0,680,25,4532,4,0.23451728351268664
3237,20230719-3PM_680_25_4532_5,1.723,52.0,680,25,4532,5,0.23628527744802852
3238,20230719-3PM_680_25_4532_6,1.698,52.0,680,25,4532,6,0.22993768590793387
3239,20230719-3PM_680_25_4532_7,1.801,52.0,680,25,4532,7,0.25551371281953333
3240,20230719-3PM_750_25_4532_0,0.942,52.0,750,25,4532,0,-0.025949097207122653
3241,20230719-3PM_750_25_4532_1,0.787,52.0,750,25,4532,1,-0.10402526764093542
3242,20230719-3PM_750_25_4532_2,0.908,52.0,750,25,4532,2,-0.04191415147891488
3243,20230719-3PM_750_25_4532_3,0.932,52.0,750,25,4532,3,-0.030584087646018613
3244,20230719-3PM_750_25_4532_4,0.935,52.0,750,25,4532,4,-0.0291883891274822
3245,20230719-3PM_750_25_4532_5,0.962,52.0,750,25,4532,5,-0.016824927962187056
3246,20230719-3PM_750_25_4532_6,0.94,52.0,750,25,4532,6,-0.026872146400301365
3247,20230719-3PM_750_25_4532_7,0.961,52.0,750,25,4532,7,-0.017276612331454656
3248,20230719-3PM_680_25_2344_0,1.238,52.0,680,25,2344,0,0.09272064468409917
3249,20230719-3PM_680_25_2344_1,1.072,52.0,680,25,2344,1,0.03019478535675124
3250,20230719-3PM_680_25_2344_2,1.331,52.0,680,25,2344,2,0.12417805547467511
3251,20230719-3PM_680_25_2344_3,1.06,52.0,680,25,2344,3,0.02530586526477026
3252,20230719-3PM_680_25_2344_4,1.5,52.0,680,25,2344,4,0.17609125905568124
3253,20230719-3PM_680_25_2344_5,0.988,52.0,680,25,2344,5,-0.005243055412371883
3254,20230719-3PM_680_25_2344_6,1.197,52.0,680,25,2344,6,0.07809415040641068
3255,20230719-3PM_680_25_2344_7,1.286,52.0,680,25,2344,7,0.10924096858820327
3256,20230719-3PM_750_25_2344_0,0.704,52.0,750,25,2344,0,-0.1524273408578878
3257,20230719-3PM_750_25_2344_1,0.603,52.0,750,25,2344,1,-0.2196826878598487
3258,20230719-3PM_750_25_2344_2,0.727,52.0,750,25,2344,2,-0.1384655891409622
3259,20230719-3PM_750_25_2344_3,0.599,52.0,750,25,2344,3,-0.22257317761068865
3260,20230719-3PM_750_25_2344_4,0.83,52.0,750,25,2344,4,-0.08092190762392612
3261,20230719-3PM_750_25_2344_5,0.59,52.0,750,25,2344,5,-0.22914798835785583
3262,20230719-3PM_750_25_2344_6,0.669,52.0,750,25,2344,6,-0.17457388223217687
3263,20230719-3PM_750_25_2344_7,0.752,52.0,750,25,2344,7,-0.12378215940835775
3264,20230719-3PM_680_25_2343_0,1.288,52.0,680,25,2343,0,0.1099158630237933
3265,20230719-3PM_680_25_2343_1,1.593,52.0,680,25,2343,1,0.20221577580113148
3266,20230719-3PM_680_25_2343_2,0.888,52.0,680,25,2343,2,-0.05158703422139897
3267,20230719-3PM_680_25_2343_3,1.436,52.0,680,25,2343,3,0.15715443990628153
3268,20230719-3PM_680_25_2343_4,1.352,52.0,680,25,2343,4,0.13097669160561715
3269,20230719-3PM_680_25_2343_5,1.297,52.0,680,25,2343,5,0.11293997608408006
3270,20230719-3PM_680_25_2343_6,1.27,52.0,680,25,2343,6,0.10380372095595687
3271,20230719-3PM_680_25_2343_7,1.051,52.0,680,25,2343,7,0.021602716028242194
3272,20230719-3PM_750_25_2343_0,0.877,52.0,750,25,2343,0,-0.05700040663395948
3273,20230719-3PM_750_25_2343_1,1.024,52.0,750,25,2343,1,0.010299956639811961
3274,20230719-3PM_750_25_2343_2,0.511,52.0,750,25,2343,2,-0.29157909986528724
3275,20230719-3PM_750_25_2343_3,0.856,52.0,750,25,2343,3,-0.06752623532284678
3276,20230719-3PM_750_25_2343_4,0.831,52.0,750,25,2343,4,-0.08039897621588903
3277,20230719-3PM_750_25_2343_5,0.818,52.0,750,25,2343,5,-0.08724669632867703
3278,20230719-3PM_750_25_2343_6,0.845,52.0,750,25,2343,6,-0.07314329105030767
3279,20230719-3PM_750_25_2343_7,0.736,52.0,750,25,2343,7,-0.13312218566250114
3280,20230719-3PM_680_25_1952_0,1.596,52.0,680,25,1952,0,0.20303288701471064
3281,20230719-3PM_680_25_1952_1,1.782,52.0,680,25,1952,1,0.25090769970085597
3282,20230719-3PM_680_25_1952_2,1.107,52.0,680,25,1952,2,0.0441476208787228
3283,20230719-3PM_680_25_1952_3,1.506,52.0,680,25,1952,3,0.17782497186468177
3284,20230719-3PM_680_25_1952_4,1.481,52.0,680,25,1952,4,0.1705550585212085
3285,20230719-3PM_680_25_1952_5,1.27,52.0,680,25,1952,5,0.10380372095595687
3286,20230719-3PM_680_25_1952_6,1.754,52.0,680,25,1952,6,0.24402958903002173
3287,20230719-3PM_680_25_1952_7,1.537,52.0,680,25,1952,7,0.1866738674997451
3288,20230719-3PM_750_25_1952_0,0.882,52.0,750,25,1952,0,-0.054531414868180264
3289,20230719-3PM_750_25_1952_1,0.94,52.0,750,25,1952,1,-0.026872146400301365
3290,20230719-3PM_750_25_1952_2,0.652,52.0,750,25,1952,2,-0.1857524042680798
3291,20230719-3PM_750_25_1952_3,0.863,52.0,750,25,1952,3,-0.06398920428479041
3292,20230719-3PM_750_25_1952_4,0.821,52.0,750,25,1952,4,-0.08565684288055925
3293,20230719-3PM_750_25_1952_5,0.756,52.0,750,25,1952,5,-0.12147820449879346
3294,20230719-3PM_750_25_1952_6,0.944,52.0,750,25,1952,6,-0.02502800570193105
3295,20230719-3PM_750_25_1952_7,0.877,52.0,750,25,1952,7,-0.05700040663395948
3296,20230719-3PM_680_25_2931_0,1.177,52.0,680,25,2931,0,0.0707764628434347
3297,20230719-3PM_680_25_2931_1,1.542,52.0,680,25,2931,1,0.1880843737149382
3298,20230719-3PM_680_25_2931_2,1.225,52.0,680,25,2931,2,0.0881360887005513
3299,20230719-3PM_680_25_2931_3,1.277,52.0,680,25,2931,3,0.10619089726341525
3300,20230719-3PM_680_25_2931_4,1.462,52.0,680,25,2931,4,0.16494737262184164
3301,20230719-3PM_680_25_2931_5,1.238,52.0,680,25,2931,5,0.09272064468409917
3302,20230719-3PM_680_25_2931_6,1.082,52.0,680,25,2931,6,0.03422726077055066
3303,20230719-3PM_680_25_2931_7,1.06,52.0,680,25,2931,7,0.02530586526477026
3304,20230719-3PM_750_25_2931_0,0.716,52.0,750,25,2931,0,-0.14508697769214446
3305,20230719-3PM_750_25_2931_1,0.877,52.0,750,25,2931,1,-0.05700040663395948
3306,20230719-3PM_750_25_2931_2,0.728,52.0,750,25,2931,2,-0.13786862068696282
3307,20230719-3PM_750_25_2931_3,0.758,52.0,750,25,2931,3,-0.12033079436794646
3308,20230719-3PM_750_25_2931_4,0.85,52.0,750,25,2931,4,-0.07058107428570728
3309,20230719-3PM_750_25_2931_5,0.732,52.0,750,25,2931,5,-0.13548891894160814
3310,20230719-3PM_750_25_2931_6,0.636,52.0,750,25,2931,6,-0.19654288435158612
3311,20230719-3PM_750_25_2931_7,0.616,52.0,750,25,2931,7,-0.21041928783557454
3312,20230719-3PM_680_25_JG5_0,1.19,52.0,680,25,JG5,0,0.07554696139253074
3313,20230719-3PM_680_25_JG5_1,1.055,52.0,680,25,JG5,1,0.023252459633711444
3314,20230719-3PM_680_25_JG5_2,0.929,52.0,680,25,JG5,2,-0.03198428600635821
3315,20230719-3PM_680_25_JG5_3,1.079,52.0,680,25,JG5,3,0.033021444682910656
3316,20230719-3PM_680_25_JG5_4,1.039,52.0,680,25,JG5,4,0.016615547557177382
3317,20230719-3PM_680_25_JG5_5,0.955,52.0,680,25,JG5,5,-0.019996628416253676
3318,20230719-3PM_680_25_JG5_6,1.126,52.0,680,25,JG5,6,0.05153839051532738
3319,20230719-3PM_680_25_JG5_7,1.629,52.0,680,25,JG5,7,0.2119210843085094
3320,20230719-3PM_750_25_JG5_0,0.66,52.0,750,25,JG5,0,-0.1804560644581313
3321,20230719-3PM_750_25_JG5_1,0.568,52.0,750,25,JG5,1,-0.24565166428898116
3322,20230719-3PM_750_25_JG5_2,0.501,52.0,750,25,JG5,2,-0.30016227413275426
3323,20230719-3PM_750_25_JG5_3,0.557,52.0,750,25,JG5,3,-0.25414480482627105
3324,20230719-3PM_750_25_JG5_4,0.545,52.0,750,25,JG5,4,-0.2636034977233575
3325,20230719-3PM_750_25_JG5_5,0.54,52.0,750,25,JG5,5,-0.26760624017703144
3326,20230719-3PM_750_25_JG5_6,0.552,52.0,750,25,JG5,6,-0.2580609222708011
3327,20230719-3PM_750_25_JG5_7,0.831,52.0,750,25,JG5,7,-0.08039897621588903
3328,20230719-3PM_680_25_BMS_0,1.527,52.0,680,25,BMS,0,0.18383903705642116
3329,20230719-3PM_680_25_BMS_1,1.607,52.0,680,25,BMS,1,0.20601587676334454
3330,20230719-3PM_680_25_BMS_2,1.672,52.0,680,25,BMS,2,0.22323627310299757
3331,20230719-3PM_680_25_BMS_3,1.602,52.0,680,25,BMS,3,0.20466251174821887
3332,20230719-3PM_680_25_BMS_4,1.686,52.0,680,25,BMS,4,0.2268575702887235
3333,20230719-3PM_680_25_BMS_5,1.702,52.0,680,25,BMS,5,0.23095955574856905
3334,20230719-3PM_680_25_BMS_6,1.648,52.0,680,25,BMS,6,0.21695720736109697
3335,20230719-3PM_680_25_BMS_7,1.557,52.0,680,25,BMS,7,0.19228861256812027
3336,20230719-3PM_750_25_BMS_0,0.807,52.0,750,25,BMS,0,-0.09312646527792956
3337,20230719-3PM_750_25_BMS_1,0.898,52.0,750,25,BMS,1,-0.04672366333269562
3338,20230719-3PM_750_25_BMS_2,0.906,52.0,750,25,BMS,2,-0.042871802323186915
3339,20230719-3PM_750_25_BMS_3,0.851,52.0,750,25,BMS,3,-0.07007043991541213
3340,20230719-3PM_750_25_BMS_4,0.914,52.0,750,25,BMS,4,-0.039053804266168564
3341,20230719-3PM_750_25_BMS_5,0.877,52.0,750,25,BMS,5,-0.05700040663395948
3342,20230719-3PM_750_25_BMS_6,0.887,52.0,750,25,BMS,6,-0.0520763801682736
3343,20230719-3PM_750_25_BMS_7,0.846,52.0,750,25,BMS,7,-0.07262963696097648
3344,20230719-3PM_680_32_3059_0,1.729,52.0,680,32,3059,0,0.2377949932739226
3345,20230719-3PM_680_32_3059_1,1.557,52.0,680,32,3059,1,0.19228861256812027
3346,20230719-3PM_680_32_3059_2,1.29,52.0,680,32,3059,2,0.11058971029924898
3347,20230719-3PM_680_32_3059_3,1.181,52.0,680,32,3059,3,0.07224989761351482
3348,20230719-3PM_680_32_3059_4,1.068,52.0,680,32,3059,4,0.028571252692537637
3349,20230719-3PM_680_32_3059_5,0.889,52.0,680,32,3059,5,-0.0510982390297863
3350,20230719-3PM_680_32_3059_6,1.674,52.0,680,32,3059,6,0.22375545365724117
3351,20230719-3PM_680_32_3059_7,0.935,52.0,680,32,3059,7,-0.0291883891274822
3352,20230719-3PM_750_32_3059_0,0.958,52.0,750,32,3059,0,-0.018634490921455603
3353,20230719-3PM_750_32_3059_1,0.86,52.0,750,32,3059,1,-0.06550154875643228
3354,20230719-3PM_750_32_3059_2,0.675,52.0,750,32,3059,2,-0.17069622716897506
3355,20230719-3PM_750_32_3059_3,0.656,52.0,750,32,3059,3,-0.1830961606243397
3356,20230719-3PM_750_32_3059_4,0.649,52.0,750,32,3059,4,-0.18775530319963074
3357,20230719-3PM_750_32_3059_5,0.465,52.0,750,32,3059,5,-0.33254704711004607
3358,20230719-3PM_750_32_3059_6,0.948,52.0,750,32,3059,6,-0.023191662661933767
3359,20230719-3PM_750_32_3059_7,0.629,52.0,750,32,3059,7,-0.20134935455473107
3360,20230719-3PM_680_32_1691_0,1.338,52.0,680,32,1691,0,0.12645611343180432
3361,20230719-3PM_680_32_1691_1,1.366,52.0,680,32,1691,1,0.1354506993455138
3362,20230719-3PM_680_32_1691_2,1.458,52.0,680,32,1691,2,0.1637575239819558
3363,20230719-3PM_680_32_1691_3,1.07,52.0,680,32,1691,3,0.029383777685209667
3364,20230719-3PM_680_32_1691_4,1.365,52.0,680,32,1691,4,0.13513265137677483
3365,20230719-3PM_680_32_1691_5,0.989,52.0,680,32,1691,5,-0.004803708402820599
3366,20230719-3PM_680_32_1691_6,0.857,52.0,680,32,1691,6,-0.06701917807680184
3367,20230719-3PM_680_32_1691_7,1.12,52.0,680,32,1691,7,0.04921802267018165
3368,20230719-3PM_750_32_1691_0,0.677,52.0,750,32,1691,0,-0.16941133131485567
3369,20230719-3PM_750_32_1691_1,0.7,52.0,750,32,1691,1,-0.1549019599857432
3370,20230719-3PM_750_32_1691_2,0.698,52.0,750,32,1691,2,-0.15614457737683893
3371,20230719-3PM_750_32_1691_3,0.565,52.0,750,32,1691,3,-0.2479515521805615
3372,20230719-3PM_750_32_1691_4,0.755,52.0,750,32,1691,4,-0.12205304837081175
3373,20230719-3PM_750_32_1691_5,0.496,52.0,750,32,1691,5,-0.30451832350980257
3374,20230719-3PM_750_32_1691_6,0.448,52.0,750,32,1691,6,-0.348721986001856
3375,20230719-3PM_750_32_1691_7,0.619,52.0,750,32,1691,7,-0.208309350979882
3376,20230719-3PM_680_32_1690_0,2.199,52.0,680,32,1690,0,0.34222522936079036
3377,20230719-3PM_680_32_1690_1,1.227,52.0,680,32,1690,1,0.08884456272700428
3378,20230719-3PM_680_32_1690_2,1.87,52.0,680,32,1690,2,0.27184160653649897
3379,20230719-3PM_680_32_1690_3,1.54,52.0,680,32,1690,3,0.18752072083646307
3380,20230719-3PM_680_32_1690_4,2.255,52.0,680,32,1690,4,0.35314654621397934
3381,20230719-3PM_680_32_1690_5,1.559,52.0,680,32,1690,5,0.19284611518884168
3382,20230719-3PM_680_32_1690_6,1.17,52.0,680,32,1690,6,0.06818586174616162
3383,20230719-3PM_680_32_1690_7,2.005,52.0,680,32,1690,7,0.3021143769562011
3384,20230719-3PM_750_32_1690_0,1.027,52.0,750,32,1690,0,0.01157044359727816
3385,20230719-3PM_750_32_1690_1,0.609,52.0,750,32,1690,1,-0.21538270736712464
3386,20230719-3PM_750_32_1690_2,1.017,52.0,750,32,1690,2,0.0073209529227445565
3387,20230719-3PM_750_32_1690_3,1.008,52.0,750,32,1690,3,0.003460532109506489
3388,20230719-3PM_750_32_1690_4,1.186,52.0,750,32,1690,4,0.07408468902824378
3389,20230719-3PM_750_32_1690_5,0.827,52.0,750,32,1690,5,-0.08249449044745336
3390,20230719-3PM_750_32_1690_6,0.734,52.0,750,32,1690,6,-0.13430394008392949
3391,20230719-3PM_750_32_1690_7,1.073,52.0,750,32,1690,7,0.030599721965951066
3392,20230719-3PM_680_32_2342_0,1.267,52.0,680,32,2342,0,0.10277661488344131
3393,20230719-3PM_680_32_2342_1,1.21,52.0,680,32,2342,1,0.08278537031645007
3394,20230719-3PM_680_32_2342_2,0.955,52.0,680,32,2342,2,-0.019996628416253676
3395,20230719-3PM_680_32_2342_3,1.236,52.0,680,32,2342,3,0.09201847075279702
3396,20230719-3PM_680_32_2342_4,0.036,52.0,680,32,2342,4,-1.4436974992327127
3397,20230719-3PM_680_32_2342_5,1.371,52.0,680,32,2342,5,0.13703745478951265
3398,20230719-3PM_680_32_2342_6,0.786,52.0,680,32,2342,6,-0.10457745396059209
3399,20230719-3PM_680_32_2342_7,0.856,52.0,680,32,2342,7,-0.06752623532284678
3400,20230719-3PM_750_32_2342_0,0.589,52.0,750,32,2342,0,-0.2298847052128984
3401,20230719-3PM_750_32_2342_1,0.604,52.0,750,32,2342,1,-0.21896306137886817
3402,20230719-3PM_750_32_2342_2,0.512,52.0,750,32,2342,2,-0.2907300390241692
3403,20230719-3PM_750_32_2342_3,0.704,52.0,750,32,2342,3,-0.1524273408578878
3404,20230719-3PM_750_32_2342_4,0.041,52.0,750,32,2342,4,-1.3872161432802645
3405,20230719-3PM_750_32_2342_5,0.672,52.0,750,32,2342,5,-0.17263072694617473
3406,20230719-3PM_750_32_2342_6,0.398,52.0,750,32,2342,6,-0.40011692792631215
3407,20230719-3PM_750_32_2342_7,0.443,52.0,750,32,2342,7,-0.3535962737769304
3408,20230719-3PM_680_32_4532_0,0.897,52.0,680,32,4532,0,-0.047207556955907906
3409,20230719-3PM_680_32_4532_1,1.145,52.0,680,32,4532,1,0.05880548667590681
3410,20230719-3PM_680_32_4532_2,1.122,52.0,680,32,4532,2,0.049992856920142645
3411,20230719-3PM_680_32_4532_3,1.287,52.0,680,32,4532,3,0.10957854690438666
3412,20230719-3PM_680_32_4532_4,1.203,52.0,680,32,4532,4,0.08026562733984477
3413,20230719-3PM_680_32_4532_5,1.116,52.0,680,32,4532,5,0.04766419460155998
3414,20230719-3PM_680_32_4532_6,1.171,52.0,680,32,4532,6,0.06855689507236315
3415,20230719-3PM_680_32_4532_7,0.964,52.0,680,32,4532,7,-0.01592296609716924
3416,20230719-3PM_750_32_4532_0,0.662,52.0,750,32,4532,0,-0.17914201056030005
3417,20230719-3PM_750_32_4532_1,0.672,52.0,750,32,4532,1,-0.17263072694617473
3418,20230719-3PM_750_32_4532_2,0.678,52.0,750,32,4532,2,-0.16877030613293661
3419,20230719-3PM_750_32_4532_3,0.729,52.0,750,32,4532,3,-0.1372724716820254
3420,20230719-3PM_750_32_4532_4,0.641,52.0,750,32,4532,4,-0.19314197048118256
3421,20230719-3PM_750_32_4532_5,0.662,52.0,750,32,4532,5,-0.17914201056030005
3422,20230719-3PM_750_32_4532_6,0.645,52.0,750,32,4532,6,-0.19044028536473223
3423,20230719-3PM_750_32_4532_7,0.57,52.0,750,32,4532,7,-0.24412514432750865
3424,20230719-3PM_680_32_2344_0,1.452,52.0,680,32,2344,0,0.1619666163640749
3425,20230719-3PM_680_32_2344_1,1.161,52.0,680,32,2344,1,0.06483221973857385
3426,20230719-3PM_680_32_2344_2,0.914,52.0,680,32,2344,2,-0.039053804266168564
3427,20230719-3PM_680_32_2344_3,0.827,52.0,680,32,2344,3,-0.08249449044745336
3428,20230719-3PM_680_32_2344_4,1.222,52.0,680,32,2344,4,0.08707120590653541
3429,20230719-3PM_680_32_2344_5,0.971,52.0,680,32,2344,5,-0.012780770091995148
3430,20230719-3PM_680_32_2344_6,1.046,52.0,680,32,2344,6,0.01953168453125545
3431,20230719-3PM_680_32_2344_7,1.003,52.0,680,32,2344,7,0.001300933020418072
3432,20230719-3PM_750_32_2344_0,0.87,52.0,750,32,2344,0,-0.060480747381381476
3433,20230719-3PM_750_32_2344_1,0.746,52.0,750,32,2344,1,-0.1272611725273312
3434,20230719-3PM_750_32_2344_2,0.688,52.0,750,32,2344,2,-0.16241156176448873
3435,20230719-3PM_750_32_2344_3,0.549,52.0,750,32,2344,3,-0.26042765554990804
3436,20230719-3PM_750_32_2344_4,0.806,52.0,750,32,2344,4,-0.09366495819490933
3437,20230719-3PM_750_32_2344_5,0.674,52.0,750,32,2344,5,-0.17134010346468015
3438,20230719-3PM_750_32_2344_6,0.646,52.0,750,32,2344,6,-0.1897674820049159
3439,20230719-3PM_750_32_2344_7,0.715,52.0,750,32,2344,7,-0.1456939581989194
3440,20230719-3PM_680_32_2343_0,2.056,52.0,680,32,2343,0,0.31302311032323815
3441,20230719-3PM_680_32_2343_1,1.516,52.0,680,32,2343,1,0.18069920129603473
3442,20230719-3PM_680_32_2343_2,1.264,52.0,680,32,2343,2,0.10174707394636621
3443,20230719-3PM_680_32_2343_3,1.347,52.0,680,32,2343,3,0.12936759572298562
3444,20230719-3PM_680_32_2343_4,1.044,52.0,680,32,2343,4,0.01870049866624337
3445,20230719-3PM_680_32_2343_5,1.535,52.0,680,32,2343,5,0.18610837981320527
3446,20230719-3PM_680_32_2343_6,1.288,52.0,680,32,2343,6,0.1099158630237933
3447,20230719-3PM_680_32_2343_7,1.281,52.0,680,32,2343,7,0.10754912974468628
3448,20230719-3PM_750_32_2343_0,1.081,52.0,750,32,2343,0,0.03382569395331033
3449,20230719-3PM_750_32_2343_1,0.888,52.0,750,32,2343,1,-0.05158703422139897
3450,20230719-3PM_750_32_2343_2,0.63,52.0,750,32,2343,2,-0.2006594505464183
3451,20230719-3PM_750_32_2343_3,0.671,52.0,750,32,2343,3,-0.17327747983100789
3452,20230719-3PM_750_32_2343_4,0.662,52.0,750,32,2343,4,-0.17914201056030005
3453,20230719-3PM_750_32_2343_5,0.896,52.0,750,32,2343,5,-0.047691990337874794
3454,20230719-3PM_750_32_2343_6,0.8,52.0,750,32,2343,6,-0.09691001300805639
3455,20230719-3PM_750_32_2343_7,0.846,52.0,750,32,2343,7,-0.07262963696097648
3456,20230719-3PM_680_32_1952_0,1.905,52.0,680,32,1952,0,0.2798949800116381
3457,20230719-3PM_680_32_1952_1,1.683,52.0,680,32,1952,1,0.22608411597582387
3458,20230719-3PM_680_32_1952_2,1.408,52.0,680,32,1952,2,0.1486026548060934
3459,20230719-3PM_680_32_1952_3,1.318,52.0,680,32,1952,3,0.11991541025799107
3460,20230719-3PM_680_32_1952_4,1.32,52.0,680,32,1952,4,0.12057393120584989
3461,20230719-3PM_680_32_1952_5,0.476,52.0,680,32,1952,5,-0.32239304727950685
3462,20230719-3PM_680_32_1952_6,1.194,52.0,680,32,1952,6,0.07700432679335026
3463,20230719-3PM_680_32_1952_7,0.434,52.0,680,32,1952,7,-0.3625102704874893
3464,20230719-3PM_750_32_1952_0,0.978,52.0,750,32,1952,0,-0.009661145212398569
3465,20230719-3PM_750_32_1952_1,0.896,52.0,750,32,1952,1,-0.047691990337874794
3466,20230719-3PM_750_32_1952_2,0.831,52.0,750,32,1952,2,-0.08039897621588903
3467,20230719-3PM_750_32_1952_3,0.78,52.0,750,32,1952,3,-0.10790539730951958
3468,20230719-3PM_750_32_1952_4,0.758,52.0,750,32,1952,4,-0.12033079436794646
3469,20230719-3PM_750_32_1952_5,0.236,52.0,750,32,1952,5,-0.6270879970298935
3470,20230719-3PM_750_32_1952_6,0.733,52.0,750,32,1952,6,-0.13489602535887207
3471,20230719-3PM_750_32_1952_7,0.214,52.0,750,32,1952,7,-0.6695862266508091
3472,20230719-3PM_680_32_2931_0,1.612,52.0,680,32,2931,0,0.20736503746907187
3473,20230719-3PM_680_32_2931_1,1.787,52.0,680,32,2931,1,0.2521245525056442
3474,20230719-3PM_680_32_2931_2,1.894,52.0,680,32,2931,2,0.2773799746672546
3475,20230719-3PM_680_32_2931_3,1.738,52.0,680,32,2931,3,0.24004977211264766
3476,20230719-3PM_680_32_2931_4,1.537,52.0,680,32,2931,4,0.1866738674997451
3477,20230719-3PM_680_32_2931_5,2.043,52.0,680,32,2931,5,0.3102683666324476
3478,20230719-3PM_680_32_2931_6,1.739,52.0,680,32,2931,6,0.24029958200271248
3479,20230719-3PM_680_32_2931_7,1.41,52.0,680,32,2931,7,0.14921911265537988
3480,20230719-3PM_750_32_2931_0,0.946,52.0,750,32,2931,0,-0.02410886359820726
3481,20230719-3PM_750_32_2931_1,1.031,52.0,750,32,2931,1,0.013258665283516512
3482,20230719-3PM_750_32_2931_2,1.087,52.0,750,32,2931,2,0.03622954408629453
3483,20230719-3PM_750_32_2931_3,0.956,52.0,750,32,2931,3,-0.019542107723899943
3484,20230719-3PM_750_32_2931_4,0.936,52.0,750,32,2931,4,-0.028724151261894745
3485,20230719-3PM_750_32_2931_5,1.12,52.0,750,32,2931,5,0.04921802267018165
3486,20230719-3PM_750_32_2931_6,1.005,52.0,750,32,2931,6,0.0021660617565076304
3487,20230719-3PM_750_32_2931_7,0.857,52.0,750,32,2931,7,-0.06701917807680184
3488,20230719-3PM_680_32_JG5_0,0.845,52.0,680,32,JG5,0,-0.07314329105030767
3489,20230719-3PM_680_32_JG5_1,1.023,52.0,680,32,JG5,1,0.009875633712160119
3490,20230719-3PM_680_32_JG5_2,1.353,52.0,680,32,JG5,2,0.13129779659762297
3491,20230719-3PM_680_32_JG5_3,1.868,52.0,680,32,JG5,3,0.27137687189407456
3492,20230719-3PM_680_32_JG5_4,1.437,52.0,680,32,JG5,4,0.15745676813422568
3493,20230719-3PM_680_32_JG5_5,1.486,52.0,680,32,JG5,5,0.1720188094245565
3494,20230719-3PM_680_32_JG5_6,2.393,52.0,680,32,JG5,6,0.3789426986134373
3495,20230719-3PM_680_32_JG5_7,1.546,52.0,680,32,JG5,7,0.18920948958230613
3496,20230719-3PM_750_32_JG5_0,0.471,52.0,750,32,JG5,0,-0.3269790928711038
3497,20230719-3PM_750_32_JG5_1,0.546,52.0,750,32,JG5,1,-0.2628073572952627
3498,20230719-3PM_750_32_JG5_2,0.643,52.0,750,32,JG5,2,-0.1917890270757779
3499,20230719-3PM_750_32_JG5_3,0.859,52.0,750,32,JG5,3,-0.0660068361687577
3500,20230719-3PM_750_32_JG5_4,0.672,52.0,750,32,JG5,4,-0.17263072694617473
3501,20230719-3PM_750_32_JG5_5,0.74,52.0,750,32,JG5,5,-0.13076828026902382
3502,20230719-3PM_750_32_JG5_6,0.957,52.0,750,32,JG5,6,-0.01908806222315645
3503,20230719-3PM_750_32_JG5_7,0.766,52.0,750,32,JG5,7,-0.11577123036739606
3504,20230719-3PM_680_32_BMS_0,1.722,52.0,680,32,BMS,0,0.23603314711763596
3505,20230719-3PM_680_32_BMS_1,1.698,52.0,680,32,BMS,1,0.22993768590793387
3506,20230719-3PM_680_32_BMS_2,1.364,52.0,680,32,BMS,2,0.13481437032046015
3507,20230719-3PM_680_32_BMS_3,1.595,52.0,680,32,BMS,3,0.2027606873931999
3508,20230719-3PM_680_32_BMS_4,1.524,52.0,680,32,BMS,4,0.1829849670035817
3509,20230719-3PM_680_32_BMS_5,1.565,52.0,680,32,BMS,5,0.19451434188246727
3510,20230719-3PM_680_32_BMS_6,1.253,52.0,680,32,BMS,6,0.09795107099414996
3511,20230719-3PM_680_32_BMS_7,1.202,52.0,680,32,BMS,7,0.0799044676667207
3512,20230719-3PM_750_32_BMS_0,0.971,52.0,750,32,BMS,0,-0.012780770091995148
3513,20230719-3PM_750_32_BMS_1,0.964,52.0,750,32,BMS,1,-0.01592296609716924
3514,20230719-3PM_750_32_BMS_2,0.833,52.0,750,32,BMS,2,-0.07935499859321243
3515,20230719-3PM_750_32_BMS_3,0.907,52.0,750,32,BMS,3,-0.04239271293990473
3516,20230719-3PM_750_32_BMS_4,0.905,52.0,750,32,BMS,4,-0.043351420794796675
3517,20230719-3PM_750_32_BMS_5,0.916,52.0,750,32,BMS,5,-0.0381045263321496
3518,20230719-3PM_750_32_BMS_6,0.762,52.0,750,32,BMS,6,-0.1180450286603995
3519,20230719-3PM_750_32_BMS_7,0.774,52.0,750,32,BMS,7,-0.11125903931710739
3520,20230719-3PM_680_28_3059_0,1.737,52.0,680,28,3059,0,0.23979981844709866
3521,20230719-3PM_680_28_3059_1,2.038,52.0,680,28,3059,1,0.30920417967040753
3522,20230719-3PM_680_28_3059_2,1.969,52.0,680,28,3059,2,0.29424571613811823
3523,20230719-3PM_680_28_3059_3,1.966,52.0,680,28,3059,3,0.29358351349611683
3524,20230719-3PM_680_28_3059_4,2.235,52.0,680,28,3059,4,0.34927752746795526
3525,20230719-3PM_680_28_3059_5,1.651,52.0,680,28,3059,5,0.21774707326279363
3526,20230719-3PM_680_28_3059_6,1.817,52.0,680,28,3059,6,0.2593549273080343
3527,20230719-3PM_680_28_3059_7,1.291,52.0,680,28,3059,7,0.11092624226642028
3528,20230719-3PM_750_28_3059_0,0.998,52.0,750,28,3059,0,-0.0008694587126288914
3529,20230719-3PM_750_28_3059_1,1.222,52.0,750,28,3059,1,0.08707120590653541
3530,20230719-3PM_750_28_3059_2,1.094,52.0,750,28,3059,2,0.039017321997412
3531,20230719-3PM_750_28_3059_3,1.227,52.0,750,28,3059,3,0.08884456272700428
3532,20230719-3PM_750_28_3059_4,1.314,52.0,750,28,3059,4,0.11859536522376199
3533,20230719-3PM_750_28_3059_5,1.347,52.0,750,28,3059,5,0.12936759572298562
3534,20230719-3PM_750_28_3059_6,1.141,52.0,750,28,3059,6,0.05728564441821465
3535,20230719-3PM_750_28_3059_7,0.914,52.0,750,28,3059,7,-0.039053804266168564
3536,20230719-3PM_680_28_1691_0,1.749,52.0,680,28,1691,0,0.24278980947867654
3537,20230719-3PM_680_28_1691_1,1.541,52.0,680,28,1691,1,0.1878026387184193
3538,20230719-3PM_680_28_1691_2,1.389,52.0,680,28,1691,2,0.14270224573761559
3539,20230719-3PM_680_28_1691_3,1.301,52.0,680,28,1691,3,0.11427729656158624
3540,20230719-3PM_680_28_1691_4,1.28,52.0,680,28,1691,4,0.10720996964786837
3541,20230719-3PM_680_28_1691_5,1.154,52.0,680,28,1691,5,0.06220580881971259
3542,20230719-3PM_680_28_1691_6,1.306,52.0,680,28,1691,6,0.11594317693905513
3543,20230719-3PM_680_28_1691_7,0.753,52.0,680,28,1691,7,-0.12320502379929942
3544,20230719-3PM_750_28_1691_0,0.928,52.0,750,28,1691,0,-0.032452023781137915
3545,20230719-3PM_750_28_1691_1,0.821,52.0,750,28,1691,1,-0.08565684288055925
3546,20230719-3PM_750_28_1691_2,0.75,52.0,750,28,1691,2,-0.12493873660829995
3547,20230719-3PM_750_28_1691_3,0.731,52.0,750,28,1691,3,-0.13608262304213956
3548,20230719-3PM_750_28_1691_4,0.732,52.0,750,28,1691,4,-0.13548891894160814
3549,20230719-3PM_750_28_1691_5,0.651,52.0,750,28,1691,5,-0.18641901143180803
3550,20230719-3PM_750_28_1691_6,0.72,52.0,750,28,1691,6,-0.14266750356873156
3551,20230719-3PM_750_28_1691_7,0.403,52.0,750,28,1691,7,-0.39469495385889053
3552,20230719-3PM_680_28_1690_0,1.721,52.0,680,28,1690,0,0.2357808703275603
3553,20230719-3PM_680_28_1690_1,0.806,52.0,680,28,1690,1,-0.09366495819490933
3554,20230719-3PM_680_28_1690_2,2.047,52.0,680,28,1690,2,0.3111178426625057
3555,20230719-3PM_680_28_1690_3,1.859,52.0,680,28,1690,3,0.2692793897718986
3556,20230719-3PM_680_28_1690_4,1.815,52.0,680,28,1690,4,0.2588766293721313
3557,20230719-3PM_680_28_1690_5,1.411,52.0,680,28,1690,5,0.14952701375434785
3558,20230719-3PM_680_28_1690_6,2.045,52.0,680,28,1690,6,0.3106933123433606
3559,20230719-3PM_680_28_1690_7,0.919,52.0,680,28,1690,7,-0.03668448861388872
3560,20230719-3PM_750_28_1690_0,0.941,52.0,750,28,1690,0,-0.026410376572743116
3561,20230719-3PM_750_28_1690_1,0.563,52.0,750,28,1690,1,-0.24949160514865382
3562,20230719-3PM_750_28_1690_2,1.171,52.0,750,28,1690,2,0.06855689507236315
3563,20230719-3PM_750_28_1690_3,1.084,52.0,750,28,1690,3,0.03502928220236815
3564,20230719-3PM_750_28_1690_4,1.028,52.0,750,28,1690,4,0.011993114659256938
3565,20230719-3PM_750_28_1690_5,0.846,52.0,750,28,1690,5,-0.07262963696097648
3566,20230719-3PM_750_28_1690_6,1.189,52.0,750,28,1690,6,0.0751818546186916
3567,20230719-3PM_750_28_1690_7,0.571,52.0,750,28,1690,7,-0.243363891754152
3568,20230719-3PM_680_28_2342_0,0.649,52.0,680,28,2342,0,-0.18775530319963074
3569,20230719-3PM_680_28_2342_1,0.848,52.0,680,28,2342,1,-0.07160414774328619
3570,20230719-3PM_680_28_2342_2,0.668,52.0,680,28,2342,2,-0.1752235375244543
3571,20230719-3PM_680_28_2342_3,1.223,52.0,680,28,2342,3,0.08742645703628549
3572,20230719-3PM_680_28_2342_4,0.037,52.0,680,28,2342,4,-1.431798275933005
3573,20230719-3PM_680_28_2342_5,0.648,52.0,680,28,2342,5,-0.18842499412940666
3574,20230719-3PM_680_28_2342_6,0.663,52.0,680,28,2342,6,-0.17848647159522685
3575,20230719-3PM_680_28_2342_7,0.933,52.0,680,28,2342,7,-0.030118356253500032
3576,20230719-3PM_750_28_2342_0,0.419,52.0,750,28,2342,0,-0.3777859770337047
3577,20230719-3PM_750_28_2342_1,0.469,52.0,750,28,2342,1,-0.32882715728491674
3578,20230719-3PM_750_28_2342_2,0.346,52.0,750,28,2342,2,-0.46092390120722343
3579,20230719-3PM_750_28_2342_3,0.679,52.0,750,28,2342,3,-0.1681302257194983
3580,20230719-3PM_750_28_2342_4,0.04,52.0,750,28,2342,4,-1.3979400086720375
3581,20230719-3PM_750_28_2342_5,0.415,52.0,750,28,2342,5,-0.3819519032879073
3582,20230719-3PM_750_28_2342_6,0.4,52.0,750,28,2342,6,-0.3979400086720376
3583,20230719-3PM_750_28_2342_7,0.558,52.0,750,28,2342,7,-0.25336580106242124
3584,20230719-3PM_680_28_4532_0,1.538,52.0,680,28,4532,0,0.18695633546541224
3585,20230719-3PM_680_28_4532_1,1.424,52.0,680,28,4532,1,0.15350998930083753
3586,20230719-3PM_680_28_4532_2,1.404,52.0,680,28,4532,2,0.14736710779378645
3587,20230719-3PM_680_28_4532_3,1.634,52.0,680,28,4532,3,0.21325205219639665
3588,20230719-3PM_680_28_4532_4,1.51,52.0,680,28,4532,4,0.17897694729316943
3589,20230719-3PM_680_28_4532_5,1.553,52.0,680,28,4532,5,0.1911714557285585
3590,20230719-3PM_680_28_4532_6,1.366,52.0,680,28,4532,6,0.1354506993455138
3591,20230719-3PM_680_28_4532_7,1.417,52.0,680,28,4532,7,0.1513698502474604
3592,20230719-3PM_750_28_4532_0,0.901,52.0,750,28,4532,0,-0.04527520902093701
3593,20230719-3PM_750_28_4532_1,0.806,52.0,750,28,4532,1,-0.09366495819490933
3594,20230719-3PM_750_28_4532_2,0.837,52.0,750,28,4532,2,-0.07727454200674003
3595,20230719-3PM_750_28_4532_3,0.908,52.0,750,28,4532,3,-0.04191415147891488
3596,20230719-3PM_750_28_4532_4,0.842,52.0,750,28,4532,4,-0.07468790850035051
3597,20230719-3PM_750_28_4532_5,0.932,52.0,750,28,4532,5,-0.030584087646018613
3598,20230719-3PM_750_28_4532_6,0.865,52.0,750,28,4532,6,-0.06298389253518578
3599,20230719-3PM_750_28_4532_7,0.818,52.0,750,28,4532,7,-0.08724669632867703
3600,20230719-3PM_680_28_2344_0,1.51,52.0,680,28,2344,0,0.17897694729316943
3601,20230719-3PM_680_28_2344_1,0.997,52.0,680,28,2344,1,-0.0013048416883442813
3602,20230719-3PM_680_28_2344_2,1.182,52.0,680,28,2344,2,0.07261747654523654
3603,20230719-3PM_680_28_2344_3,1.441,52.0,680,28,2344,3,0.15866398081398933
3604,20230719-3PM_680_28_2344_4,1.605,52.0,680,28,2344,4,0.20547503674089088
3605,20230719-3PM_680_28_2344_5,1.379,52.0,680,28,2344,5,0.13956426617584977
3606,20230719-3PM_680_28_2344_6,1.179,52.0,680,28,2344,6,0.07151380509508916
3607,20230719-3PM_680_28_2344_7,1.615,52.0,680,28,2344,7,0.2081725266671217
3608,20230719-3PM_750_28_2344_0,0.834,52.0,750,28,2344,0,-0.0788339493622613
3609,20230719-3PM_750_28_2344_1,0.585,52.0,750,28,2344,1,-0.23284413391781958
3610,20230719-3PM_750_28_2344_2,0.662,52.0,750,28,2344,2,-0.17914201056030005
3611,20230719-3PM_750_28_2344_3,0.825,52.0,750,28,2344,3,-0.08354605145007493
3612,20230719-3PM_750_28_2344_4,0.881,52.0,750,28,2344,4,-0.05502409158795209
3613,20230719-3PM_750_28_2344_5,0.776,52.0,750,28,2344,5,-0.11013827874181155
3614,20230719-3PM_750_28_2344_6,0.682,52.0,750,28,2344,6,-0.16621562534352105
3615,20230719-3PM_750_28_2344_7,1.008,52.0,750,28,2344,7,0.003460532109506489
3616,20230719-3PM_680_28_2343_0,1.723,52.0,680,28,2343,0,0.23628527744802852
3617,20230719-3PM_680_28_2343_1,1.871,52.0,680,28,2343,1,0.27207378750000993
3618,20230719-3PM_680_28_2343_2,0.931,52.0,680,28,2343,2,-0.031050319018657353
3619,20230719-3PM_680_28_2343_3,1.461,52.0,680,28,2343,3,0.1646502159342968
3620,20230719-3PM_680_28_2343_4,1.279,52.0,680,28,2343,4,0.10687054447865389
3621,20230719-3PM_680_28_2343_5,1.295,52.0,680,28,2343,5,0.11226976841727061
3622,20230719-3PM_680_28_2343_6,1.478,52.0,680,28,2343,6,0.16967443405880692
3623,20230719-3PM_680_28_2343_7,1.253,52.0,680,28,2343,7,0.09795107099414996
3624,20230719-3PM_750_28_2343_0,1.048,52.0,750,28,2343,0,0.020361282647707864
3625,20230719-3PM_750_28_2343_1,1.148,52.0,750,28,2343,1,0.05994188806195468
3626,20230719-3PM_750_28_2343_2,0.561,52.0,750,28,2343,2,-0.25103713874383854
3627,20230719-3PM_750_28_2343_3,0.864,52.0,750,28,2343,3,-0.06348625752110672
3628,20230719-3PM_750_28_2343_4,0.789,52.0,750,28,2343,4,-0.10292299679057967
3629,20230719-3PM_750_28_2343_5,0.815,52.0,750,28,2343,5,-0.08884239126002341
3630,20230719-3PM_750_28_2343_6,0.955,52.0,750,28,2343,6,-0.019996628416253676
3631,20230719-3PM_750_28_2343_7,0.846,52.0,750,28,2343,7,-0.07262963696097648
3632,20230719-3PM_680_28_1952_0,1.795,52.0,680,28,1952,0,0.25406445291433793
3633,20230719-3PM_680_28_1952_1,1.915,52.0,680,28,1952,1,0.28216877830464154
3634,20230719-3PM_680_28_1952_2,0.913,52.0,680,28,1952,2,-0.039529222465701036
3635,20230719-3PM_680_28_1952_3,1.795,52.0,680,28,1952,3,0.25406445291433793
3636,20230719-3PM_680_28_1952_4,1.649,52.0,680,28,1952,4,0.21722065564451878
3637,20230719-3PM_680_28_1952_5,1.12,52.0,680,28,1952,5,0.04921802267018165
3638,20230719-3PM_680_28_1952_6,1.791,52.0,680,28,1952,6,0.2530955858490315
3639,20230719-3PM_680_28_1952_7,1.564,52.0,680,28,1952,7,0.1942367487238292
3640,20230719-3PM_750_28_1952_0,0.962,52.0,750,28,1952,0,-0.016824927962187056
3641,20230719-3PM_750_28_1952_1,0.998,52.0,750,28,1952,1,-0.0008694587126288914
3642,20230719-3PM_750_28_1952_2,0.614,52.0,750,28,1952,2,-0.21183162885883233
3643,20230719-3PM_750_28_1952_3,1.01,52.0,750,28,1952,3,0.004321373782642578
3644,20230719-3PM_750_28_1952_4,0.89,52.0,750,28,1952,4,-0.05060999335508721
3645,20230719-3PM_750_28_1952_5,0.671,52.0,750,28,1952,5,-0.17327747983100789
3646,20230719-3PM_750_28_1952_6,0.989,52.0,750,28,1952,6,-0.004803708402820599
3647,20230719-3PM_750_28_1952_7,0.887,52.0,750,28,1952,7,-0.0520763801682736
3648,20230719-3PM_680_28_2931_0,1.589,52.0,680,28,2931,0,0.20112389720737955
3649,20230719-3PM_680_28_2931_1,1.575,52.0,680,28,2931,1,0.19728055812561932
3650,20230719-3PM_680_28_2931_2,1.049,52.0,680,28,2931,2,0.02077548819355783
3651,20230719-3PM_680_28_2931_3,1.452,52.0,680,28,2931,3,0.1619666163640749
3652,20230719-3PM_680_28_2931_4,1.446,52.0,680,28,2931,4,0.160168292958512
3653,20230719-3PM_680_28_2931_5,1.395,52.0,680,28,2931,5,0.14457420760961637
3654,20230719-3PM_680_28_2931_6,1.268,52.0,680,28,2931,6,0.10311925354571388
3655,20230719-3PM_680_28_2931_7,1.281,52.0,680,28,2931,7,0.10754912974468628
3656,20230719-3PM_750_28_2931_0,1.0,52.0,750,28,2931,0,0.0
3657,20230719-3PM_750_28_2931_1,0.907,52.0,750,28,2931,1,-0.04239271293990473
3658,20230719-3PM_750_28_2931_2,0.626,52.0,750,28,2931,2,-0.20342566678957033
3659,20230719-3PM_750_28_2931_3,0.968,52.0,750,28,2931,3,-0.014124642691606345
3660,20230719-3PM_750_28_2931_4,0.932,52.0,750,28,2931,4,-0.030584087646018613
3661,20230719-3PM_750_28_2931_5,0.883,52.0,750,28,2931,5,-0.05403929642243141
3662,20230719-3PM_750_28_2931_6,0.787,52.0,750,28,2931,6,-0.10402526764093542
3663,20230719-3PM_750_28_2931_7,0.77,52.0,750,28,2931,7,-0.11350927482751812
3664,20230719-3PM_680_28_JG5_0,1.228,52.0,680,28,JG5,0,0.08919836680514887
3665,20230719-3PM_680_28_JG5_1,1.188,52.0,680,28,JG5,1,0.07481644064517472
3666,20230719-3PM_680_28_JG5_2,1.163,52.0,680,28,JG5,2,0.06557971472844842
3667,20230719-3PM_680_28_JG5_3,1.125,52.0,680,28,JG5,3,0.05115252244738129
3668,20230719-3PM_680_28_JG5_4,1.031,52.0,680,28,JG5,4,0.013258665283516512
3669,20230719-3PM_680_28_JG5_5,1.347,52.0,680,28,JG5,5,0.12936759572298562
3670,20230719-3PM_680_28_JG5_6,1.135,52.0,680,28,JG5,6,0.05499586152914153
3671,20230719-3PM_680_28_JG5_7,1.341,52.0,680,28,JG5,7,0.1274287778515989
3672,20230719-3PM_750_28_JG5_0,0.724,52.0,750,28,JG5,0,-0.1402614338028531
3673,20230719-3PM_750_28_JG5_1,0.678,52.0,750,28,JG5,1,-0.16877030613293661
3674,20230719-3PM_750_28_JG5_2,0.643,52.0,750,28,JG5,2,-0.1917890270757779
3675,20230719-3PM_750_28_JG5_3,0.624,52.0,750,28,JG5,3,-0.20481541031757602
3676,20230719-3PM_750_28_JG5_4,0.495,52.0,750,28,JG5,4,-0.3053948010664313
3677,20230719-3PM_750_28_JG5_5,0.705,52.0,750,28,JG5,5,-0.15181088300860132
3678,20230719-3PM_750_28_JG5_6,0.545,52.0,750,28,JG5,6,-0.2636034977233575
3679,20230719-3PM_750_28_JG5_7,0.691,52.0,750,28,JG5,7,-0.16052195262580163
3680,20230719-3PM_680_28_BMS_0,1.4,52.0,680,28,BMS,0,0.146128035678238
3681,20230719-3PM_680_28_BMS_1,1.366,52.0,680,28,BMS,1,0.1354506993455138
3682,20230719-3PM_680_28_BMS_2,1.583,52.0,680,28,BMS,2,0.1994809148623559
3683,20230719-3PM_680_28_BMS_3,1.466,52.0,680,28,BMS,3,0.16613397030510912
3684,20230719-3PM_680_28_BMS_4,1.515,52.0,680,28,BMS,4,0.1804126328383238
3685,20230719-3PM_680_28_BMS_5,1.485,52.0,680,28,BMS,5,0.1717264536532312
3686,20230719-3PM_680_28_BMS_6,1.392,52.0,680,28,BMS,6,0.14363923527454328
3687,20230719-3PM_680_28_BMS_7,1.374,52.0,680,28,BMS,7,0.13798673272353165
3688,20230719-3PM_750_28_BMS_0,0.811,52.0,750,28,BMS,0,-0.09097914578884395
3689,20230719-3PM_750_28_BMS_1,0.801,52.0,750,28,BMS,1,-0.09636748391576232
3690,20230719-3PM_750_28_BMS_2,0.892,52.0,750,28,BMS,2,-0.04963514562387693
3691,20230719-3PM_750_28_BMS_3,0.817,52.0,750,28,BMS,3,-0.08777794346758454
3692,20230719-3PM_750_28_BMS_4,0.882,52.0,750,28,BMS,4,-0.054531414868180264
3693,20230719-3PM_750_28_BMS_5,0.851,52.0,750,28,BMS,5,-0.07007043991541213
3694,20230719-3PM_750_28_BMS_6,0.803,52.0,750,28,BMS,6,-0.09528445472131904
3695,20230719-3PM_750_28_BMS_7,0.769,52.0,750,28,BMS,7,-0.11407366019856895
3696,20230718-3PM_680_25_3059_0,0.518,28.0,680,25,3059,0,-0.28567024025476695
3697,20230718-3PM_680_25_3059_1,0.636,28.0,680,25,3059,1,-0.19654288435158612
3698,20230718-3PM_680_25_3059_2,0.74,28.0,680,25,3059,2,-0.13076828026902382
3699,20230718-3PM_680_25_3059_3,0.803,28.0,680,25,3059,3,-0.09528445472131904
3700,20230718-3PM_680_25_3059_4,0.584,28.0,680,25,3059,4,-0.23358715288760054
3701,20230718-3PM_680_25_3059_5,0.845,28.0,680,25,3059,5,-0.07314329105030767
3702,20230718-3PM_680_25_3059_6,0.769,28.0,680,25,3059,6,-0.11407366019856895
3703,20230718-3PM_680_25_3059_7,0.82,28.0,680,25,3059,7,-0.08618614761628333
3704,20230718-3PM_750_25_3059_0,0.244,28.0,750,25,3059,0,-0.6126101736612706
3705,20230718-3PM_750_25_3059_1,0.236,28.0,750,25,3059,1,-0.6270879970298935
3706,20230718-3PM_750_25_3059_2,0.298,28.0,750,25,3059,2,-0.5257837359237448
3707,20230718-3PM_750_25_3059_3,0.33,28.0,750,25,3059,3,-0.4814860601221125
3708,20230718-3PM_750_25_3059_4,0.268,28.0,750,25,3059,4,-0.5718652059712112
3709,20230718-3PM_750_25_3059_5,0.338,28.0,750,25,3059,5,-0.47108329972234525
3710,20230718-3PM_750_25_3059_6,0.331,28.0,750,25,3059,6,-0.48017200622428124
3711,20230718-3PM_750_25_3059_7,0.344,28.0,750,25,3059,7,-0.46344155742846993
3712,20230718-3PM_680_25_1691_0,0.825,28.0,680,25,1691,0,-0.08354605145007493
3713,20230718-3PM_680_25_1691_1,0.624,28.0,680,25,1691,1,-0.20481541031757602
3714,20230718-3PM_680_25_1691_2,0.753,28.0,680,25,1691,2,-0.12320502379929942
3715,20230718-3PM_680_25_1691_3,0.472,28.0,680,25,1691,3,-0.32605800136591223
3716,20230718-3PM_680_25_1691_4,0.509,28.0,680,25,1691,4,-0.29328221766324125
3717,20230718-3PM_680_25_1691_5,0.508,28.0,680,25,1691,5,-0.29413628771608075
3718,20230718-3PM_680_25_1691_6,0.354,28.0,680,25,1691,6,-0.4509967379742122
3719,20230718-3PM_680_25_1691_7,0.521,28.0,680,25,1691,7,-0.2831622767004755
3720,20230718-3PM_750_25_1691_0,0.344,28.0,750,25,1691,0,-0.46344155742846993
3721,20230718-3PM_750_25_1691_1,0.292,28.0,750,25,1691,1,-0.5346171485515817
3722,20230718-3PM_750_25_1691_2,0.363,28.0,750,25,1691,2,-0.4400933749638875
3723,20230718-3PM_750_25_1691_3,0.21,28.0,750,25,1691,3,-0.6777807052660807
3724,20230718-3PM_750_25_1691_4,0.297,28.0,750,25,1691,4,-0.5272435506827877
3725,20230718-3PM_750_25_1691_5,0.234,28.0,750,25,1691,5,-0.6307841425898572
3726,20230718-3PM_750_25_1691_6,0.194,28.0,750,25,1691,6,-0.712198270069774
3727,20230718-3PM_750_25_1691_7,0.284,28.0,750,25,1691,7,-0.5466816599529624
3728,20230718-3PM_680_25_1690_0,0.666,28.0,680,25,1690,0,-0.17652577082969892
3729,20230718-3PM_680_25_1690_1,0.862,28.0,680,25,1690,1,-0.06449273417528721
3730,20230718-3PM_680_25_1690_2,1.682,28.0,680,25,1690,2,0.22582599146189336
3731,20230718-3PM_680_25_1690_3,1.049,28.0,680,25,1690,3,0.02077548819355783
3732,20230718-3PM_680_25_1690_4,1.241,28.0,680,25,1690,4,0.09377178149872986
3733,20230718-3PM_680_25_1690_5,1.155,28.0,680,25,1690,5,0.06258198422816312
3734,20230718-3PM_680_25_1690_6,1.289,28.0,680,25,1690,6,0.110252917353403
3735,20230718-3PM_680_25_1690_7,1.214,28.0,680,25,1690,7,0.08421868673923877
3736,20230718-3PM_750_25_1690_0,0.324,28.0,750,25,1690,0,-0.48945498979338786
3737,20230718-3PM_750_25_1690_1,0.415,28.0,750,25,1690,1,-0.3819519032879073
3738,20230718-3PM_750_25_1690_2,0.894,28.0,750,25,1690,2,-0.04866248120408232
3739,20230718-3PM_750_25_1690_3,0.52,28.0,750,25,1690,3,-0.28399665636520083
3740,20230718-3PM_750_25_1690_4,0.645,28.0,750,25,1690,4,-0.19044028536473223
3741,20230718-3PM_750_25_1690_5,0.501,28.0,750,25,1690,5,-0.30016227413275426
3742,20230718-3PM_750_25_1690_6,0.673,28.0,750,25,1690,6,-0.1719849357760231
3743,20230718-3PM_750_25_1690_7,0.576,28.0,750,25,1690,7,-0.239577516576788
3744,20230718-3PM_680_25_2342_0,0.634,28.0,680,25,2342,0,-0.1979107421182673
3745,20230718-3PM_680_25_2342_1,1.054,28.0,680,25,2342,1,0.022840610876527823
3746,20230718-3PM_680_25_2342_2,0.61,28.0,680,25,2342,2,-0.21467016498923297
3747,20230718-3PM_680_25_2342_3,0.873,28.0,680,25,2342,3,-0.05898575629443027
3748,20230718-3PM_680_25_2342_4,0.038,28.0,680,25,2342,4,-1.4202164033831899
3749,20230718-3PM_680_25_2342_5,0.702,28.0,680,25,2342,5,-0.15366288787019475
3750,20230718-3PM_680_25_2342_6,0.635,28.0,680,25,2342,6,-0.1972262747080243
3751,20230718-3PM_680_25_2342_7,0.75,28.0,680,25,2342,7,-0.12493873660829995
3752,20230718-3PM_750_25_2342_0,0.261,28.0,750,25,2342,0,-0.583359492661719
3753,20230718-3PM_750_25_2342_1,0.426,28.0,750,25,2342,1,-0.37059040089728107
3754,20230718-3PM_750_25_2342_2,0.212,28.0,750,25,2342,2,-0.6736641390712486
3755,20230718-3PM_750_25_2342_3,0.46,28.0,750,25,2342,3,-0.3372421683184259
3756,20230718-3PM_750_25_2342_4,0.042,28.0,750,25,2342,4,-1.3767507096020994
3757,20230718-3PM_750_25_2342_5,0.273,28.0,750,25,2342,5,-0.563837352959244
3758,20230718-3PM_750_25_2342_6,0.234,28.0,750,25,2342,6,-0.6307841425898572
3759,20230718-3PM_750_25_2342_7,0.297,28.0,750,25,2342,7,-0.5272435506827877
3760,20230718-3PM_680_25_4532_0,0.618,28.0,680,25,4532,0,-0.20901152491118416
3761,20230718-3PM_680_25_4532_1,0.946,28.0,680,25,4532,1,-0.02410886359820726
3762,20230718-3PM_680_25_4532_2,0.464,28.0,680,25,4532,2,-0.3334820194451191
3763,20230718-3PM_680_25_4532_3,0.609,28.0,680,25,4532,3,-0.21538270736712464
3764,20230718-3PM_680_25_4532_4,0.687,28.0,680,25,4532,4,-0.16304326294044955
3765,20230718-3PM_680_25_4532_5,0.595,28.0,680,25,4532,5,-0.22548303427145044
3766,20230718-3PM_680_25_4532_6,0.794,28.0,680,25,4532,6,-0.10017949757290372
3767,20230718-3PM_680_25_4532_7,0.925,28.0,680,25,4532,7,-0.03385826726096737
3768,20230718-3PM_750_25_4532_0,0.218,28.0,750,25,4532,0,-0.6615435063953952
3769,20230718-3PM_750_25_4532_1,0.434,28.0,750,25,4532,1,-0.3625102704874893
3770,20230718-3PM_750_25_4532_2,0.199,28.0,750,25,4532,2,-0.7011469235902933
3771,20230718-3PM_750_25_4532_3,0.322,28.0,750,25,4532,3,-0.4921441283041691
3772,20230718-3PM_750_25_4532_4,0.288,28.0,750,25,4532,4,-0.5406075122407692
3773,20230718-3PM_750_25_4532_5,0.257,28.0,750,25,4532,5,-0.5900668766687055
3774,20230718-3PM_750_25_4532_6,0.273,28.0,750,25,4532,6,-0.563837352959244
3775,20230718-3PM_750_25_4532_7,0.4,28.0,750,25,4532,7,-0.3979400086720376
3776,20230718-3PM_680_25_2344_0,0.476,28.0,680,25,2344,0,-0.32239304727950685
3777,20230718-3PM_680_25_2344_1,0.362,28.0,680,25,2344,1,-0.4412914294668343
3778,20230718-3PM_680_25_2344_2,0.473,28.0,680,25,2344,2,-0.32513885926218844
3779,20230718-3PM_680_25_2344_3,0.405,28.0,680,25,2344,3,-0.3925449767853314
3780,20230718-3PM_680_25_2344_4,0.554,28.0,680,25,2344,4,-0.2564902352715702
3781,20230718-3PM_680_25_2344_5,0.367,28.0,680,25,2344,5,-0.4353339357479107
3782,20230718-3PM_680_25_2344_6,0.422,28.0,680,25,2344,6,-0.37468754903832613
3783,20230718-3PM_680_25_2344_7,0.337,28.0,680,25,2344,7,-0.47237009912866135
3784,20230718-3PM_750_25_2344_0,0.287,28.0,750,25,2344,0,-0.5421181032660077
3785,20230718-3PM_750_25_2344_1,0.225,28.0,750,25,2344,1,-0.6478174818886375
3786,20230718-3PM_750_25_2344_2,0.292,28.0,750,25,2344,2,-0.5346171485515817
3787,20230718-3PM_750_25_2344_3,0.243,28.0,750,25,2344,3,-0.6143937264016879
3788,20230718-3PM_750_25_2344_4,0.325,28.0,750,25,2344,4,-0.4881166390211256
3789,20230718-3PM_750_25_2344_5,0.243,28.0,750,25,2344,5,-0.6143937264016879
3790,20230718-3PM_750_25_2344_6,0.268,28.0,750,25,2344,6,-0.5718652059712112
3791,20230718-3PM_750_25_2344_7,0.219,28.0,750,25,2344,7,-0.6595558851598816
3792,20230718-3PM_680_25_2343_0,0.675,28.0,680,25,2343,0,-0.17069622716897506
3793,20230718-3PM_680_25_2343_1,0.727,28.0,680,25,2343,1,-0.1384655891409622
3794,20230718-3PM_680_25_2343_2,1.054,28.0,680,25,2343,2,0.022840610876527823
3795,20230718-3PM_680_25_2343_3,1.09,28.0,680,25,2343,3,0.037426497940623665
3796,20230718-3PM_680_25_2343_4,0.609,28.0,680,25,2343,4,-0.21538270736712464
3797,20230718-3PM_680_25_2343_5,0.977,28.0,680,25,2343,5,-0.010105436281226938
3798,20230718-3PM_680_25_2343_6,0.882,28.0,680,25,2343,6,-0.054531414868180264
3799,20230718-3PM_680_25_2343_7,0.351,28.0,680,25,2343,7,-0.4546928835341759
3800,20230718-3PM_750_25_2343_0,0.432,28.0,750,25,2343,0,-0.3645162531850879
3801,20230718-3PM_750_25_2343_1,0.45,28.0,750,25,2343,1,-0.3467874862246563
3802,20230718-3PM_750_25_2343_2,0.423,28.0,750,25,2343,2,-0.37365963262495766
3803,20230718-3PM_750_25_2343_3,0.568,28.0,750,25,2343,3,-0.24565166428898116
3804,20230718-3PM_750_25_2343_4,0.291,28.0,750,25,2343,4,-0.5361070110140927
3805,20230718-3PM_750_25_2343_5,0.465,28.0,750,25,2343,5,-0.33254704711004607
3806,20230718-3PM_750_25_2343_6,0.455,28.0,750,25,2343,6,-0.34198860334288755
3807,20230718-3PM_750_25_2343_7,0.228,28.0,750,25,2343,7,-0.6420651529995461
3808,20230718-3PM_680_25_1952_0,0.63,28.0,680,25,1952,0,-0.2006594505464183
3809,20230718-3PM_680_25_1952_1,0.671,28.0,680,25,1952,1,-0.17327747983100789
3810,20230718-3PM_680_25_1952_2,0.611,28.0,680,25,1952,2,-0.21395878975744578
3811,20230718-3PM_680_25_1952_3,0.692,28.0,680,25,1952,3,-0.15989390554324223
3812,20230718-3PM_680_25_1952_4,0.564,28.0,680,25,1952,4,-0.24872089601665776
3813,20230718-3PM_680_25_1952_5,0.617,28.0,680,25,1952,5,-0.20971483596675833
3814,20230718-3PM_680_25_1952_6,0.703,28.0,680,25,1952,6,-0.15304467498017607
3815,20230718-3PM_680_25_1952_7,0.651,28.0,680,25,1952,7,-0.18641901143180803
3816,20230718-3PM_750_25_1952_0,0.37,28.0,750,25,1952,0,-0.431798275933005
3817,20230718-3PM_750_25_1952_1,0.377,28.0,750,25,1952,1,-0.42365864979420714
3818,20230718-3PM_750_25_1952_2,0.359,28.0,750,25,1952,2,-0.44490555142168087
3819,20230718-3PM_750_25_1952_3,0.391,28.0,750,25,1952,3,-0.40782324260413316
3820,20230718-3PM_750_25_1952_4,0.323,28.0,750,25,1952,4,-0.4907974776688971
3821,20230718-3PM_750_25_1952_5,0.368,28.0,750,25,1952,5,-0.43415218132648237
3822,20230718-3PM_750_25_1952_6,0.399,28.0,750,25,1952,6,-0.3990271043132517
3823,20230718-3PM_750_25_1952_7,0.386,28.0,750,25,1952,7,-0.41341269532824504
3824,20230718-3PM_680_25_2931_0,0.515,28.0,680,25,2931,0,-0.28819277095880896
3825,20230718-3PM_680_25_2931_1,0.52,28.0,680,25,2931,1,-0.28399665636520083
3826,20230718-3PM_680_25_2931_2,0.468,28.0,680,25,2931,2,-0.32975414692587596
3827,20230718-3PM_680_25_2931_3,0.474,28.0,680,25,2931,3,-0.324221658325915
3828,20230718-3PM_680_25_2931_4,0.586,28.0,680,25,2931,4,-0.23210238398190938
3829,20230718-3PM_680_25_2931_5,0.416,28.0,680,25,2931,5,-0.3809066693732573
3830,20230718-3PM_680_25_2931_6,0.294,28.0,680,25,2931,6,-0.5316526695878427
3831,20230718-3PM_680_25_2931_7,0.31,28.0,680,25,2931,7,-0.5086383061657274
3832,20230718-3PM_750_25_2931_0,0.312,28.0,750,25,2931,0,-0.5058454059815573
3833,20230718-3PM_750_25_2931_1,0.311,28.0,750,25,2931,1,-0.5072396109731625
3834,20230718-3PM_750_25_2931_2,0.275,28.0,750,25,2931,2,-0.5606673061697374
3835,20230718-3PM_750_25_2931_3,0.289,28.0,750,25,2931,3,-0.5391021572434522
3836,20230718-3PM_750_25_2931_4,0.359,28.0,750,25,2931,4,-0.44490555142168087
3837,20230718-3PM_750_25_2931_5,0.243,28.0,750,25,2931,5,-0.6143937264016879
3838,20230718-3PM_750_25_2931_6,0.188,28.0,750,25,2931,6,-0.7258421507363202
3839,20230718-3PM_750_25_2931_7,0.182,28.0,750,25,2931,7,-0.7399286120149252
3840,20230718-3PM_680_25_JG5_0,0.507,28.0,680,25,JG5,0,-0.294992040666664
3841,20230718-3PM_680_25_JG5_1,0.426,28.0,680,25,JG5,1,-0.37059040089728107
3842,20230718-3PM_680_25_JG5_2,0.242,28.0,680,25,JG5,2,-0.6161846340195687
3843,20230718-3PM_680_25_JG5_3,0.269,28.0,680,25,JG5,3,-0.5702477199975919
3844,20230718-3PM_680_25_JG5_4,0.225,28.0,680,25,JG5,4,-0.6478174818886375
3845,20230718-3PM_680_25_JG5_5,0.469,28.0,680,25,JG5,5,-0.32882715728491674
3846,20230718-3PM_680_25_JG5_6,0.378,28.0,680,25,JG5,6,-0.4225082001627747
3847,20230718-3PM_680_25_JG5_7,0.871,28.0,680,25,JG5,7,-0.059981844992336796
3848,20230718-3PM_750_25_JG5_0,0.259,28.0,750,25,JG5,0,-0.5867002359187482
3849,20230718-3PM_750_25_JG5_1,0.236,28.0,750,25,JG5,1,-0.6270879970298935
3850,20230718-3PM_750_25_JG5_2,0.15,28.0,750,25,JG5,2,-0.8239087409443188
3851,20230718-3PM_750_25_JG5_3,0.154,28.0,750,25,JG5,3,-0.8124792791635369
3852,20230718-3PM_750_25_JG5_4,0.139,28.0,750,25,JG5,4,-0.8569851997459049
3853,20230718-3PM_750_25_JG5_5,0.255,28.0,750,25,JG5,5,-0.5934598195660448
3854,20230718-3PM_750_25_JG5_6,0.211,28.0,750,25,JG5,6,-0.6757175447023074
3855,20230718-3PM_750_25_JG5_7,0.43,28.0,750,25,JG5,7,-0.36653154442041347
3856,20230718-3PM_680_25_BMS_0,0.607,28.0,680,25,BMS,0,-0.21681130892474243
3857,20230718-3PM_680_25_BMS_1,0.81,28.0,680,25,BMS,1,-0.09151498112135022
3858,20230718-3PM_680_25_BMS_2,0.792,28.0,680,25,BMS,2,-0.10127481841050648
3859,20230718-3PM_680_25_BMS_3,0.679,28.0,680,25,BMS,3,-0.1681302257194983
3860,20230718-3PM_680_25_BMS_4,1.024,28.0,680,25,BMS,4,0.010299956639811961
3861,20230718-3PM_680_25_BMS_5,0.866,28.0,680,25,BMS,5,-0.06248210798265336
3862,20230718-3PM_680_25_BMS_6,0.801,28.0,680,25,BMS,6,-0.09636748391576232
3863,20230718-3PM_680_25_BMS_7,0.832,28.0,680,25,BMS,7,-0.07987667370927608
3864,20230718-3PM_750_25_BMS_0,0.336,28.0,750,25,BMS,0,-0.4736607226101559
3865,20230718-3PM_750_25_BMS_1,0.436,28.0,750,25,BMS,1,-0.36051351073141397
3866,20230718-3PM_750_25_BMS_2,0.43,28.0,750,25,BMS,2,-0.36653154442041347
3867,20230718-3PM_750_25_BMS_3,0.368,28.0,750,25,BMS,3,-0.43415218132648237
3868,20230718-3PM_750_25_BMS_4,0.548,28.0,750,25,BMS,4,-0.2612194415156308
3869,20230718-3PM_750_25_BMS_5,0.469,28.0,750,25,BMS,5,-0.32882715728491674
3870,20230718-3PM_750_25_BMS_6,0.443,28.0,750,25,BMS,6,-0.3535962737769304
3871,20230718-3PM_750_25_BMS_7,0.454,28.0,750,25,BMS,7,-0.34294414714289606
3872,20230718-3PM_680_32_3059_0,0.772,28.0,680,32,3059,0,-0.11238269966426384
3873,20230718-3PM_680_32_3059_1,1.457,28.0,680,32,3059,1,0.16345955176999016
3874,20230718-3PM_680_32_3059_2,1.414,28.0,680,32,3059,2,0.1504494094608806
3875,20230718-3PM_680_32_3059_3,1.329,28.0,680,32,3059,3,0.12352498094273198
3876,20230718-3PM_680_32_3059_4,1.013,28.0,680,32,3059,4,0.005609445360280386
3877,20230718-3PM_680_32_3059_5,1.098,28.0,680,32,3059,5,0.04060234011407314
3878,20230718-3PM_680_32_3059_6,0.79,28.0,680,32,3059,6,-0.10237290870955855
3879,20230718-3PM_680_32_3059_7,0.641,28.0,680,32,3059,7,-0.19314197048118256
3880,20230718-3PM_750_32_3059_0,0.391,28.0,750,32,3059,0,-0.40782324260413316
3881,20230718-3PM_750_32_3059_1,0.642,28.0,750,32,3059,1,-0.19246497193114673
3882,20230718-3PM_750_32_3059_2,0.642,28.0,750,32,3059,2,-0.19246497193114673
3883,20230718-3PM_750_32_3059_3,0.685,28.0,750,32,3059,3,-0.1643094285075744
3884,20230718-3PM_750_32_3059_4,0.57,28.0,750,32,3059,4,-0.24412514432750865
3885,20230718-3PM_750_32_3059_5,0.596,28.0,750,32,3059,5,-0.22475374025976358
3886,20230718-3PM_750_32_3059_6,0.419,28.0,750,32,3059,6,-0.3777859770337047
3887,20230718-3PM_750_32_3059_7,0.308,28.0,750,32,3059,7,-0.5114492834995558
3888,20230718-3PM_680_32_1691_0,1.13,28.0,680,32,1691,0,0.05307844348341968
3889,20230718-3PM_680_32_1691_1,0.813,28.0,680,32,1691,1,-0.08990945440593186
3890,20230718-3PM_680_32_1691_2,1.433,28.0,680,32,1691,2,0.1562461903973445
3891,20230718-3PM_680_32_1691_3,0.855,28.0,680,32,1691,3,-0.06803388527182737
3892,20230718-3PM_680_32_1691_4,1.112,28.0,680,32,1691,4,0.046104787246038705
3893,20230718-3PM_680_32_1691_5,0.776,28.0,680,32,1691,5,-0.11013827874181155
3894,20230718-3PM_680_32_1691_6,0.666,28.0,680,32,1691,6,-0.17652577082969892
3895,20230718-3PM_680_32_1691_7,0.826,28.0,680,32,1691,7,-0.0830199526796178
3896,20230718-3PM_750_32_1691_0,0.433,28.0,750,32,1691,0,-0.36351210364663455
3897,20230718-3PM_750_32_1691_1,0.487,28.0,750,32,1691,1,-0.3124710387853657
3898,20230718-3PM_750_32_1691_2,0.448,28.0,750,32,1691,2,-0.348721986001856
3899,20230718-3PM_750_32_1691_3,0.36,28.0,750,32,1691,3,-0.44369749923271273
3900,20230718-3PM_750_32_1691_4,0.545,28.0,750,32,1691,4,-0.2636034977233575
3901,20230718-3PM_750_32_1691_5,0.437,28.0,750,32,1691,5,-0.3595185630295782
3902,20230718-3PM_750_32_1691_6,0.427,28.0,750,32,1691,6,-0.36957212497497616
3903,20230718-3PM_750_32_1691_7,0.363,28.0,750,32,1691,7,-0.4400933749638875
3904,20230718-3PM_680_32_1690_0,1.218,28.0,680,32,1690,0,0.08564728829685654
3905,20230718-3PM_680_32_1690_1,1.599,28.0,680,32,1690,1,0.2038484637462347
3906,20230718-3PM_680_32_1690_2,1.464,28.0,680,32,1690,2,0.16554107672237306
3907,20230718-3PM_680_32_1690_3,1.147,28.0,680,32,1690,3,0.059563417901267686
3908,20230718-3PM_680_32_1690_4,1.652,28.0,680,32,1690,4,0.21801004298436338
3909,20230718-3PM_680_32_1690_5,1.094,28.0,680,32,1690,5,0.039017321997412
3910,20230718-3PM_680_32_1690_6,1.408,28.0,680,32,1690,6,0.1486026548060934
3911,20230718-3PM_680_32_1690_7,1.747,28.0,680,32,1690,7,0.24229290498293096
3912,20230718-3PM_750_32_1690_0,0.644,28.0,750,32,1690,0,-0.1911141326401879
3913,20230718-3PM_750_32_1690_1,0.761,28.0,750,32,1690,1,-0.11861534322942717
3914,20230718-3PM_750_32_1690_2,0.704,28.0,750,32,1690,2,-0.1524273408578878
3915,20230718-3PM_750_32_1690_3,0.547,28.0,750,32,1690,3,-0.2620126736665692
3916,20230718-3PM_750_32_1690_4,0.821,28.0,750,32,1690,4,-0.08565684288055925
3917,20230718-3PM_750_32_1690_5,0.624,28.0,750,32,1690,5,-0.20481541031757602
3918,20230718-3PM_750_32_1690_6,0.703,28.0,750,32,1690,6,-0.15304467498017607
3919,20230718-3PM_750_32_1690_7,0.864,28.0,750,32,1690,7,-0.06348625752110672
3920,20230718-3PM_680_32_2342_0,0.821,28.0,680,32,2342,0,-0.08565684288055925
3921,20230718-3PM_680_32_2342_1,0.866,28.0,680,32,2342,1,-0.06248210798265336
3922,20230718-3PM_680_32_2342_2,0.832,28.0,680,32,2342,2,-0.07987667370927608
3923,20230718-3PM_680_32_2342_3,0.96,28.0,680,32,2342,3,-0.017728766960431602
3924,20230718-3PM_680_32_2342_4,0.036,28.0,680,32,2342,4,-1.4436974992327127
3925,20230718-3PM_680_32_2342_5,1.121,28.0,680,32,2342,5,0.04960561259497315
3926,20230718-3PM_680_32_2342_6,0.635,28.0,680,32,2342,6,-0.1972262747080243
3927,20230718-3PM_680_32_2342_7,0.682,28.0,680,32,2342,7,-0.16621562534352105
3928,20230718-3PM_750_32_2342_0,0.345,28.0,750,32,2342,0,-0.4621809049267259
3929,20230718-3PM_750_32_2342_1,0.431,28.0,750,32,2342,1,-0.3655227298392684
3930,20230718-3PM_750_32_2342_2,0.428,28.0,750,32,2342,2,-0.368556230986828
3931,20230718-3PM_750_32_2342_3,0.378,28.0,750,32,2342,3,-0.4225082001627747
3932,20230718-3PM_750_32_2342_4,0.041,28.0,750,32,2342,4,-1.3872161432802645
3933,20230718-3PM_750_32_2342_5,0.435,28.0,750,32,2342,5,-0.3615107430453627
3934,20230718-3PM_750_32_2342_6,0.31,28.0,750,32,2342,6,-0.5086383061657274
3935,20230718-3PM_750_32_2342_7,0.241,28.0,750,32,2342,7,-0.6179829574251317
3936,20230718-3PM_680_32_4532_0,1.105,28.0,680,32,4532,0,0.0433622780211295
3937,20230718-3PM_680_32_4532_1,1.004,28.0,680,32,4532,1,0.0017337128090005314
3938,20230718-3PM_680_32_4532_2,0.917,28.0,680,32,4532,2,-0.03763066432997889
3939,20230718-3PM_680_32_4532_3,1.231,28.0,680,32,4532,3,0.09025805293131633
3940,20230718-3PM_680_32_4532_4,0.82,28.0,680,32,4532,4,-0.08618614761628333
3941,20230718-3PM_680_32_4532_5,1.248,28.0,680,32,4532,5,0.09621458534640519
3942,20230718-3PM_680_32_4532_6,1.019,28.0,680,32,4532,6,0.008174184006426355
3943,20230718-3PM_680_32_4532_7,1.199,28.0,680,32,4532,7,0.0788191830988487
3944,20230718-3PM_750_32_4532_0,0.431,28.0,750,32,4532,0,-0.3655227298392684
3945,20230718-3PM_750_32_4532_1,0.46,28.0,750,32,4532,1,-0.3372421683184259
3946,20230718-3PM_750_32_4532_2,0.46,28.0,750,32,4532,2,-0.3372421683184259
3947,20230718-3PM_750_32_4532_3,0.613,28.0,750,32,4532,3,-0.21253952548158497
3948,20230718-3PM_750_32_4532_4,0.453,28.0,750,32,4532,4,-0.34390179798716813
3949,20230718-3PM_750_32_4532_5,0.489,28.0,750,32,4532,5,-0.3106911408763798
3950,20230718-3PM_750_32_4532_6,0.614,28.0,750,32,4532,6,-0.21183162885883233
3951,20230718-3PM_750_32_4532_7,0.411,28.0,750,32,4532,7,-0.38615817812393083
3952,20230718-3PM_680_32_2344_0,0.633,28.0,680,32,2344,0,-0.1985962899826449
3953,20230718-3PM_680_32_2344_1,0.807,28.0,680,32,2344,1,-0.09312646527792956
3954,20230718-3PM_680_32_2344_2,0.595,28.0,680,32,2344,2,-0.22548303427145044
3955,20230718-3PM_680_32_2344_3,0.571,28.0,680,32,2344,3,-0.243363891754152
3956,20230718-3PM_680_32_2344_4,0.984,28.0,680,32,2344,4,-0.007004901568658489
3957,20230718-3PM_680_32_2344_5,0.242,28.0,680,32,2344,5,-0.6161846340195687
3958,20230718-3PM_680_32_2344_6,0.738,28.0,680,32,2344,6,-0.13194363817695845
3959,20230718-3PM_680_32_2344_7,0.936,28.0,680,32,2344,7,-0.028724151261894745
3960,20230718-3PM_750_32_2344_0,0.439,28.0,750,32,2344,0,-0.35753547975787864
3961,20230718-3PM_750_32_2344_1,0.499,28.0,750,32,2344,1,-0.3018994543766101
3962,20230718-3PM_750_32_2344_2,0.385,28.0,750,32,2344,2,-0.4145392704914993
3963,20230718-3PM_750_32_2344_3,0.351,28.0,750,32,2344,3,-0.4546928835341759
3964,20230718-3PM_750_32_2344_4,0.552,28.0,750,32,2344,4,-0.2580609222708011
3965,20230718-3PM_750_32_2344_5,0.179,28.0,750,32,2344,5,-0.7471469690201068
3966,20230718-3PM_750_32_2344_6,0.454,28.0,750,32,2344,6,-0.34294414714289606
3967,20230718-3PM_750_32_2344_7,0.478,28.0,750,32,2344,7,-0.3205721033878811
3968,20230718-3PM_680_32_2343_0,0.861,28.0,680,32,2343,0,-0.06499684854634524
3969,20230718-3PM_680_32_2343_1,0.768,28.0,680,32,2343,1,-0.114638779968488
3970,20230718-3PM_680_32_2343_2,0.982,28.0,680,32,2343,2,-0.00788851221305034
3971,20230718-3PM_680_32_2343_3,1.381,28.0,680,32,2343,3,0.1401936785786313
3972,20230718-3PM_680_32_2343_4,1.181,28.0,680,32,2343,4,0.07224989761351482
3973,20230718-3PM_680_32_2343_5,1.253,28.0,680,32,2343,5,0.09795107099414996
3974,20230718-3PM_680_32_2343_6,1.136,28.0,680,32,2343,6,0.05537833137500003
3975,20230718-3PM_680_32_2343_7,0.764,28.0,680,32,2343,7,-0.11690664142431006
3976,20230718-3PM_750_32_2343_0,0.508,28.0,750,32,2343,0,-0.29413628771608075
3977,20230718-3PM_750_32_2343_1,0.503,28.0,750,32,2343,1,-0.2984320149440726
3978,20230718-3PM_750_32_2343_2,0.406,28.0,750,32,2343,2,-0.39147396642280585
3979,20230718-3PM_750_32_2343_3,0.73,28.0,750,32,2343,3,-0.1366771398795441
3980,20230718-3PM_750_32_2343_4,0.39,28.0,750,32,2343,4,-0.4089353929735008
3981,20230718-3PM_750_32_2343_5,0.681,28.0,750,32,2343,5,-0.16685288808721482
3982,20230718-3PM_750_32_2343_6,0.587,28.0,750,32,2343,6,-0.23136189875238555
3983,20230718-3PM_750_32_2343_7,0.405,28.0,750,32,2343,7,-0.3925449767853314
3984,20230718-3PM_680_32_1952_0,0.763,28.0,680,32,1952,0,-0.11747546204511952
3985,20230718-3PM_680_32_1952_1,1.176,28.0,680,32,1952,1,0.07040732174011965
3986,20230718-3PM_680_32_1952_2,0.895,28.0,680,32,1952,2,-0.04817696468408802
3987,20230718-3PM_680_32_1952_3,1.06,28.0,680,32,1952,3,0.02530586526477026
3988,20230718-3PM_680_32_1952_4,1.056,28.0,680,32,1952,4,0.023663918197793475
3989,20230718-3PM_680_32_1952_5,0.658,28.0,680,32,1952,5,-0.1817741063860445
3990,20230718-3PM_680_32_1952_6,1.043,28.0,680,32,1952,6,0.018284308426530838
3991,20230718-3PM_680_32_1952_7,0.632,28.0,680,32,1952,7,-0.19928292171761497
3992,20230718-3PM_750_32_1952_0,0.334,28.0,750,32,1952,0,-0.4762535331884355
3993,20230718-3PM_750_32_1952_1,0.604,28.0,750,32,1952,1,-0.21896306137886817
3994,20230718-3PM_750_32_1952_2,0.512,28.0,750,32,1952,2,-0.2907300390241692
3995,20230718-3PM_750_32_1952_3,0.583,28.0,750,32,1952,3,-0.23433144524098595
3996,20230718-3PM_750_32_1952_4,0.554,28.0,750,32,1952,4,-0.2564902352715702
3997,20230718-3PM_750_32_1952_5,0.379,28.0,750,32,1952,5,-0.42136079003192767
3998,20230718-3PM_750_32_1952_6,0.583,28.0,750,32,1952,6,-0.23433144524098595
3999,20230718-3PM_750_32_1952_7,0.288,28.0,750,32,1952,7,-0.5406075122407692
4000,20230718-3PM_680_32_2931_0,0.933,28.0,680,32,2931,0,-0.030118356253500032
4001,20230718-3PM_680_32_2931_1,1.079,28.0,680,32,2931,1,0.033021444682910656
4002,20230718-3PM_680_32_2931_2,1.021,28.0,680,32,2931,2,0.009025742086910208
4003,20230718-3PM_680_32_2931_3,1.121,28.0,680,32,2931,3,0.04960561259497315
4004,20230718-3PM_680_32_2931_4,1.161,28.0,680,32,2931,4,0.06483221973857385
4005,20230718-3PM_680_32_2931_5,1.202,28.0,680,32,2931,5,0.0799044676667207
4006,20230718-3PM_680_32_2931_6,0.638,28.0,680,32,2931,6,-0.19517932127883766
4007,20230718-3PM_680_32_2931_7,0.781,28.0,680,32,2931,7,-0.10734896612269966
4008,20230718-3PM_750_32_2931_0,0.508,28.0,750,32,2931,0,-0.29413628771608075
4009,20230718-3PM_750_32_2931_1,0.509,28.0,750,32,2931,1,-0.29328221766324125
4010,20230718-3PM_750_32_2931_2,0.503,28.0,750,32,2931,2,-0.2984320149440726
4011,20230718-3PM_750_32_2931_3,0.501,28.0,750,32,2931,3,-0.30016227413275426
4012,20230718-3PM_750_32_2931_4,0.543,28.0,750,32,2931,4,-0.265200170411153
4013,20230718-3PM_750_32_2931_5,0.557,28.0,750,32,2931,5,-0.25414480482627105
4014,20230718-3PM_750_32_2931_6,0.402,28.0,750,32,2931,6,-0.3957739469155299
4015,20230718-3PM_750_32_2931_7,0.472,28.0,750,32,2931,7,-0.32605800136591223
4016,20230718-3PM_680_32_JG5_0,0.597,28.0,680,32,JG5,0,-0.22402566887063094
4017,20230718-3PM_680_32_JG5_1,0.66,28.0,680,32,JG5,1,-0.1804560644581313
4018,20230718-3PM_680_32_JG5_2,1.047,28.0,680,32,JG5,2,0.019946681678842306
4019,20230718-3PM_680_32_JG5_3,1.585,28.0,680,32,JG5,3,0.2000292665537703
4020,20230718-3PM_680_32_JG5_4,0.918,28.0,680,32,JG5,4,-0.03715731879875755
4021,20230718-3PM_680_32_JG5_5,0.728,28.0,680,32,JG5,5,-0.13786862068696282
4022,20230718-3PM_680_32_JG5_6,2.16,28.0,680,32,JG5,6,0.3344537511509309
4023,20230718-3PM_680_32_JG5_7,1.351,28.0,680,32,JG5,7,0.13065534902203058
4024,20230718-3PM_750_32_JG5_0,0.332,28.0,750,32,JG5,0,-0.4788619162959637
4025,20230718-3PM_750_32_JG5_1,0.34,28.0,750,32,JG5,1,-0.46852108295774486
4026,20230718-3PM_750_32_JG5_2,0.481,28.0,750,32,JG5,2,-0.31785492362616824
4027,20230718-3PM_750_32_JG5_3,0.652,28.0,750,32,JG5,3,-0.1857524042680798
4028,20230718-3PM_750_32_JG5_4,0.407,28.0,750,32,JG5,4,-0.39040559077478
4029,20230718-3PM_750_32_JG5_5,0.398,28.0,750,32,JG5,5,-0.40011692792631215
4030,20230718-3PM_750_32_JG5_6,0.793,28.0,750,32,JG5,6,-0.10072681268239618
4031,20230718-3PM_750_32_JG5_7,0.582,28.0,750,32,JG5,7,-0.23507701535011155
4032,20230718-3PM_680_32_BMS_0,0.964,28.0,680,32,BMS,0,-0.01592296609716924
4033,20230718-3PM_680_32_BMS_1,0.953,28.0,680,32,BMS,1,-0.02090709936167361
4034,20230718-3PM_680_32_BMS_2,1.03,28.0,680,32,BMS,2,0.012837224705172217
4035,20230718-3PM_680_32_BMS_3,0.685,28.0,680,32,BMS,3,-0.1643094285075744
4036,20230718-3PM_680_32_BMS_4,0.86,28.0,680,32,BMS,4,-0.06550154875643228
4037,20230718-3PM_680_32_BMS_5,0.96,28.0,680,32,BMS,5,-0.017728766960431602
4038,20230718-3PM_680_32_BMS_6,1.0,28.0,680,32,BMS,6,0.0
4039,20230718-3PM_680_32_BMS_7,0.971,28.0,680,32,BMS,7,-0.012780770091995148
4040,20230718-3PM_750_32_BMS_0,0.52,28.0,750,32,BMS,0,-0.28399665636520083
4041,20230718-3PM_750_32_BMS_1,0.548,28.0,750,32,BMS,1,-0.2612194415156308
4042,20230718-3PM_750_32_BMS_2,0.558,28.0,750,32,BMS,2,-0.25336580106242124
4043,20230718-3PM_750_32_BMS_3,0.377,28.0,750,32,BMS,3,-0.42365864979420714
4044,20230718-3PM_750_32_BMS_4,0.485,28.0,750,32,BMS,4,-0.3142582613977364
4045,20230718-3PM_750_32_BMS_5,0.54,28.0,750,32,BMS,5,-0.26760624017703144
4046,20230718-3PM_750_32_BMS_6,0.542,28.0,750,32,BMS,6,-0.266000713461613
4047,20230718-3PM_750_32_BMS_7,0.566,28.0,750,32,BMS,7,-0.24718356881172862
4048,20230718-3PM_680_28_3059_0,0.816,28.0,680,28,3059,0,-0.08830984124613889
4049,20230718-3PM_680_28_3059_1,1.08,28.0,680,28,3059,1,0.03342375548694973
4050,20230718-3PM_680_28_3059_2,1.246,28.0,680,28,3059,2,0.09551804232315081
4051,20230718-3PM_680_28_3059_3,1.454,28.0,680,28,3059,3,0.162564406523019
4052,20230718-3PM_680_28_3059_4,0.865,28.0,680,28,3059,4,-0.06298389253518578
4053,20230718-3PM_680_28_3059_5,1.081,28.0,680,28,3059,5,0.03382569395331033
4054,20230718-3PM_680_28_3059_6,1.008,28.0,680,28,3059,6,0.003460532109506489
4055,20230718-3PM_680_28_3059_7,0.922,28.0,680,28,3059,7,-0.03526907894637064
4056,20230718-3PM_750_28_3059_0,0.352,28.0,750,28,3059,0,-0.453457336521869
4057,20230718-3PM_750_28_3059_1,0.453,28.0,750,28,3059,1,-0.34390179798716813
4058,20230718-3PM_750_28_3059_2,0.58,28.0,750,28,3059,2,-0.23657200643706275
4059,20230718-3PM_750_28_3059_3,0.703,28.0,750,28,3059,3,-0.15304467498017607
4060,20230718-3PM_750_28_3059_4,0.371,28.0,750,28,3059,4,-0.43062609038495414
4061,20230718-3PM_750_28_3059_5,0.497,28.0,750,28,3059,5,-0.3036436112666679
4062,20230718-3PM_750_28_3059_6,0.416,28.0,750,28,3059,6,-0.3809066693732573
4063,20230718-3PM_750_28_3059_7,0.446,28.0,750,28,3059,7,-0.35066514128785814
4064,20230718-3PM_680_28_1691_0,1.097,28.0,680,28,1691,0,0.04020662757471112
4065,20230718-3PM_680_28_1691_1,1.104,28.0,680,28,1691,1,0.04296907339318013
4066,20230718-3PM_680_28_1691_2,1.243,28.0,680,28,1691,2,0.0944711286416448
4067,20230718-3PM_680_28_1691_3,0.973,28.0,680,28,1691,3,-0.0118871597316481
4068,20230718-3PM_680_28_1691_4,1.038,28.0,680,28,1691,4,0.01619735351243906
4069,20230718-3PM_680_28_1691_5,0.897,28.0,680,28,1691,5,-0.047207556955907906
4070,20230718-3PM_680_28_1691_6,0.867,28.0,680,28,1691,6,-0.06198090252378971
4071,20230718-3PM_680_28_1691_7,0.553,28.0,680,28,1691,7,-0.2572748686953017
4072,20230718-3PM_750_28_1691_0,0.438,28.0,750,28,1691,0,-0.3585258894959005
4073,20230718-3PM_750_28_1691_1,0.493,28.0,750,28,1691,1,-0.30715308072277
4074,20230718-3PM_750_28_1691_2,0.541,28.0,750,28,1691,2,-0.26680273489343054
4075,20230718-3PM_750_28_1691_3,0.434,28.0,750,28,1691,3,-0.3625102704874893
4076,20230718-3PM_750_28_1691_4,0.467,28.0,750,28,1691,4,-0.33068311943388784
4077,20230718-3PM_750_28_1691_5,0.462,28.0,750,28,1691,5,-0.33535802444387447
4078,20230718-3PM_750_28_1691_6,0.358,28.0,750,28,1691,6,-0.44611697335612566
4079,20230718-3PM_750_28_1691_7,0.341,28.0,750,28,1691,7,-0.4672456210075022
4080,20230718-3PM_680_28_1690_0,1.069,28.0,680,28,1690,0,0.028977705208777998
4081,20230718-3PM_680_28_1690_1,1.254,28.0,680,28,1690,1,0.09829753649469763
4082,20230718-3PM_680_28_1690_2,1.618,28.0,680,28,1690,2,0.20897851727625352
4083,20230718-3PM_680_28_1690_3,1.294,28.0,680,28,1690,3,0.11193427633268159
4084,20230718-3PM_680_28_1690_4,1.496,28.0,680,28,1690,4,0.17493159352844256
4085,20230718-3PM_680_28_1690_5,0.869,28.0,680,28,1690,5,-0.060980223551333534
4086,20230718-3PM_680_28_1690_6,1.728,28.0,680,28,1690,6,0.23754373814287447
4087,20230718-3PM_680_28_1690_7,1.209,28.0,680,28,1690,7,0.0824263008607719
4088,20230718-3PM_750_28_1690_0,0.622,28.0,750,28,1690,0,-0.2062096153091813
4089,20230718-3PM_750_28_1690_1,0.623,28.0,750,28,1690,1,-0.2055119533408304
4090,20230718-3PM_750_28_1690_2,0.89,28.0,750,28,1690,2,-0.05060999335508721
4091,20230718-3PM_750_28_1690_3,0.752,28.0,750,28,1690,3,-0.12378215940835775
4092,20230718-3PM_750_28_1690_4,0.78,28.0,750,28,1690,4,-0.10790539730951958
4093,20230718-3PM_750_28_1690_5,0.468,28.0,750,28,1690,5,-0.32975414692587596
4094,20230718-3PM_750_28_1690_6,0.895,28.0,750,28,1690,6,-0.04817696468408802
4095,20230718-3PM_750_28_1690_7,0.63,28.0,750,28,1690,7,-0.2006594505464183
4096,20230718-3PM_680_28_2342_0,0.944,28.0,680,28,2342,0,-0.02502800570193105
4097,20230718-3PM_680_28_2342_1,0.86,28.0,680,28,2342,1,-0.06550154875643228
4098,20230718-3PM_680_28_2342_2,0.895,28.0,680,28,2342,2,-0.04817696468408802
4099,20230718-3PM_680_28_2342_3,0.855,28.0,680,28,2342,3,-0.06803388527182737
4100,20230718-3PM_680_28_2342_4,0.037,28.0,680,28,2342,4,-1.431798275933005
4101,20230718-3PM_680_28_2342_5,1.011,28.0,680,28,2342,5,0.00475115559100102
4102,20230718-3PM_680_28_2342_6,0.681,28.0,680,28,2342,6,-0.16685288808721482
4103,20230718-3PM_680_28_2342_7,0.665,28.0,680,28,2342,7,-0.17717835469689538
4104,20230718-3PM_750_28_2342_0,0.445,28.0,750,28,2342,0,-0.3516399890190684
4105,20230718-3PM_750_28_2342_1,0.413,28.0,750,28,2342,1,-0.384049948343599
4106,20230718-3PM_750_28_2342_2,0.403,28.0,750,28,2342,2,-0.39469495385889053
4107,20230718-3PM_750_28_2342_3,0.372,28.0,750,28,2342,3,-0.4294570601181025
4108,20230718-3PM_750_28_2342_4,0.04,28.0,750,28,2342,4,-1.3979400086720375
4109,20230718-3PM_750_28_2342_5,0.513,28.0,750,28,2342,5,-0.2898826348881837
4110,20230718-3PM_750_28_2342_6,0.264,28.0,750,28,2342,6,-0.5783960731301689
4111,20230718-3PM_750_28_2342_7,0.37,28.0,750,28,2342,7,-0.431798275933005
4112,20230718-3PM_680_28_4532_0,1.131,28.0,680,28,4532,0,0.05346260492545529
4113,20230718-3PM_680_28_4532_1,0.919,28.0,680,28,4532,1,-0.03668448861388872
4114,20230718-3PM_680_28_4532_2,0.92,28.0,680,28,4532,2,-0.036212172654444715
4115,20230718-3PM_680_28_4532_3,1.147,28.0,680,28,4532,3,0.059563417901267686
4116,20230718-3PM_680_28_4532_4,1.086,28.0,680,28,4532,4,0.03582982525282817
4117,20230718-3PM_680_28_4532_5,1.116,28.0,680,28,4532,5,0.04766419460155998
4118,20230718-3PM_680_28_4532_6,1.123,28.0,680,28,4532,6,0.050379756261457784
4119,20230718-3PM_680_28_4532_7,0.88,28.0,680,28,4532,7,-0.05551732784983137
4120,20230718-3PM_750_28_4532_0,0.639,28.0,750,28,4532,0,-0.19449914184159983
4121,20230718-3PM_750_28_4532_1,0.52,28.0,750,28,4532,1,-0.28399665636520083
4122,20230718-3PM_750_28_4532_2,0.534,28.0,750,28,4532,2,-0.27245874297144357
4123,20230718-3PM_750_28_4532_3,0.562,28.0,750,28,4532,3,-0.2502636844309389
4124,20230718-3PM_750_28_4532_4,0.581,28.0,750,28,4532,4,-0.2358238676096693
4125,20230718-3PM_750_28_4532_5,0.565,28.0,750,28,4532,5,-0.2479515521805615
4126,20230718-3PM_750_28_4532_6,0.483,28.0,750,28,4532,6,-0.31605286924848786
4127,20230718-3PM_750_28_4532_7,0.447,28.0,750,28,4532,7,-0.34969247686806354
4128,20230718-3PM_680_28_2344_0,0.719,28.0,680,28,2344,0,-0.14327110961711742
4129,20230718-3PM_680_28_2344_1,0.395,28.0,680,28,2344,1,-0.40340290437353976
4130,20230718-3PM_680_28_2344_2,0.419,28.0,680,28,2344,2,-0.3777859770337047
4131,20230718-3PM_680_28_2344_3,0.724,28.0,680,28,2344,3,-0.1402614338028531
4132,20230718-3PM_680_28_2344_4,0.612,28.0,680,28,2344,4,-0.21324857785443882
4133,20230718-3PM_680_28_2344_5,0.493,28.0,680,28,2344,5,-0.30715308072277
4134,20230718-3PM_680_28_2344_6,0.604,28.0,680,28,2344,6,-0.21896306137886817
4135,20230718-3PM_680_28_2344_7,0.628,28.0,680,28,2344,7,-0.20204035626280387
4136,20230718-3PM_750_28_2344_0,0.408,28.0,750,28,2344,0,-0.3893398369101201
4137,20230718-3PM_750_28_2344_1,0.24,28.0,750,28,2344,1,-0.619788758288394
4138,20230718-3PM_750_28_2344_2,0.257,28.0,750,28,2344,2,-0.5900668766687055
4139,20230718-3PM_750_28_2344_3,0.415,28.0,750,28,2344,3,-0.3819519032879073
4140,20230718-3PM_750_28_2344_4,0.353,28.0,750,28,2344,4,-0.4522252946121775
4141,20230718-3PM_750_28_2344_5,0.31,28.0,750,28,2344,5,-0.5086383061657274
4142,20230718-3PM_750_28_2344_6,0.356,28.0,750,28,2344,6,-0.44855000202712486
4143,20230718-3PM_750_28_2344_7,0.355,28.0,750,28,2344,7,-0.44977164694490596
4144,20230718-3PM_680_28_2343_0,0.989,28.0,680,28,2343,0,-0.004803708402820599
4145,20230718-3PM_680_28_2343_1,0.766,28.0,680,28,2343,1,-0.11577123036739606
4146,20230718-3PM_680_28_2343_2,0.908,28.0,680,28,2343,2,-0.04191415147891488
4147,20230718-3PM_680_28_2343_3,1.437,28.0,680,28,2343,3,0.15745676813422568
4148,20230718-3PM_680_28_2343_4,0.901,28.0,680,28,2343,4,-0.04527520902093701
4149,20230718-3PM_680_28_2343_5,1.471,28.0,680,28,2343,5,0.16761267272753014
4150,20230718-3PM_680_28_2343_6,1.293,28.0,680,28,2343,6,0.11159852488039401
4151,20230718-3PM_680_28_2343_7,0.688,28.0,680,28,2343,7,-0.16241156176448873
4152,20230718-3PM_750_28_2343_0,0.561,28.0,750,28,2343,0,-0.25103713874383854
4153,20230718-3PM_750_28_2343_1,0.424,28.0,750,28,2343,1,-0.37263414340726736
4154,20230718-3PM_750_28_2343_2,0.437,28.0,750,28,2343,2,-0.3595185630295782
4155,20230718-3PM_750_28_2343_3,0.776,28.0,750,28,2343,3,-0.11013827874181155
4156,20230718-3PM_750_28_2343_4,0.495,28.0,750,28,2343,4,-0.3053948010664313
4157,20230718-3PM_750_28_2343_5,0.808,28.0,750,28,2343,5,-0.09258863922541381
4158,20230718-3PM_750_28_2343_6,0.71,28.0,750,28,2343,6,-0.14874165128092473
4159,20230718-3PM_750_28_2343_7,0.404,28.0,750,28,2343,7,-0.393618634889395
4160,20230718-3PM_680_28_1952_0,0.639,28.0,680,28,1952,0,-0.19449914184159983
4161,20230718-3PM_680_28_1952_1,1.003,28.0,680,28,1952,1,0.001300933020418072
4162,20230718-3PM_680_28_1952_2,0.529,28.0,680,28,1952,2,-0.2765443279648142
4163,20230718-3PM_680_28_1952_3,0.804,28.0,680,28,1952,3,-0.0947439512515487
4164,20230718-3PM_680_28_1952_4,0.758,28.0,680,28,1952,4,-0.12033079436794646
4165,20230718-3PM_680_28_1952_5,0.687,28.0,680,28,1952,5,-0.16304326294044955
4166,20230718-3PM_680_28_1952_6,1.007,28.0,680,28,1952,6,0.003029470553617962
4167,20230718-3PM_680_28_1952_7,0.965,28.0,680,28,1952,7,-0.015472686656207449
4168,20230718-3PM_750_28_1952_0,0.374,28.0,750,28,1952,0,-0.42712839779951983
4169,20230718-3PM_750_28_1952_1,0.539,28.0,750,28,1952,1,-0.2684112348132613
4170,20230718-3PM_750_28_1952_2,0.304,28.0,750,28,1952,2,-0.5171264163912462
4171,20230718-3PM_750_28_1952_3,0.444,28.0,750,28,1952,3,-0.3526170298853802
4172,20230718-3PM_750_28_1952_4,0.424,28.0,750,28,1952,4,-0.37263414340726736
4173,20230718-3PM_750_28_1952_5,0.393,28.0,750,28,1952,5,-0.4056074496245733
4174,20230718-3PM_750_28_1952_6,0.553,28.0,750,28,1952,6,-0.2572748686953017
4175,20230718-3PM_750_28_1952_7,0.543,28.0,750,28,1952,7,-0.265200170411153
4176,20230718-3PM_680_28_2931_0,0.648,28.0,680,28,2931,0,-0.18842499412940666
4177,20230718-3PM_680_28_2931_1,0.681,28.0,680,28,2931,1,-0.16685288808721482
4178,20230718-3PM_680_28_2931_2,0.884,28.0,680,28,2931,2,-0.05354773498692691
4179,20230718-3PM_680_28_2931_3,0.608,28.0,680,28,2931,3,-0.21609642072726507
4180,20230718-3PM_680_28_2931_4,0.61,28.0,680,28,2931,4,-0.21467016498923297
4181,20230718-3PM_680_28_2931_5,1.024,28.0,680,28,2931,5,0.010299956639811961
4182,20230718-3PM_680_28_2931_6,0.515,28.0,680,28,2931,6,-0.28819277095880896
4183,20230718-3PM_680_28_2931_7,0.463,28.0,680,28,2931,7,-0.33441900898204685
4184,20230718-3PM_750_28_2931_0,0.432,28.0,750,28,2931,0,-0.3645162531850879
4185,20230718-3PM_750_28_2931_1,0.402,28.0,750,28,2931,1,-0.3957739469155299
4186,20230718-3PM_750_28_2931_2,0.505,28.0,750,28,2931,2,-0.2967086218813386
4187,20230718-3PM_750_28_2931_3,0.406,28.0,750,28,2931,3,-0.39147396642280585
4188,20230718-3PM_750_28_2931_4,0.375,28.0,750,28,2931,4,-0.42596873227228116
4189,20230718-3PM_750_28_2931_5,0.584,28.0,750,28,2931,5,-0.23358715288760054
4190,20230718-3PM_750_28_2931_6,0.271,28.0,750,28,2931,6,-0.5670307091255943
4191,20230718-3PM_750_28_2931_7,0.274,28.0,750,28,2931,7,-0.562249437179612
4192,20230718-3PM_680_28_JG5_0,0.52,28.0,680,28,JG5,0,-0.28399665636520083
4193,20230718-3PM_680_28_JG5_1,1.012,28.0,680,28,JG5,1,0.005180512503780314
4194,20230718-3PM_680_28_JG5_2,0.725,28.0,680,28,JG5,2,-0.13966199342900631
4195,20230718-3PM_680_28_JG5_3,0.367,28.0,680,28,JG5,3,-0.4353339357479107
4196,20230718-3PM_680_28_JG5_4,0.566,28.0,680,28,JG5,4,-0.24718356881172862
4197,20230718-3PM_680_28_JG5_5,0.792,28.0,680,28,JG5,5,-0.10127481841050648
4198,20230718-3PM_680_28_JG5_6,0.303,28.0,680,28,JG5,6,-0.518557371497695
4199,20230718-3PM_680_28_JG5_7,0.501,28.0,680,28,JG5,7,-0.30016227413275426
4200,20230718-3PM_750_28_JG5_0,0.293,28.0,750,28,JG5,0,-0.5331323796458906
4201,20230718-3PM_750_28_JG5_1,0.483,28.0,750,28,JG5,1,-0.31605286924848786
4202,20230718-3PM_750_28_JG5_2,0.357,28.0,750,28,JG5,2,-0.4473317838878068
4203,20230718-3PM_750_28_JG5_3,0.208,28.0,750,28,JG5,3,-0.6819366650372385
4204,20230718-3PM_750_28_JG5_4,0.304,28.0,750,28,JG5,4,-0.5171264163912462
4205,20230718-3PM_750_28_JG5_5,0.403,28.0,750,28,JG5,5,-0.39469495385889053
4206,20230718-3PM_750_28_JG5_6,0.175,28.0,750,28,JG5,6,-0.7569619513137056
4207,20230718-3PM_750_28_JG5_7,0.271,28.0,750,28,JG5,7,-0.5670307091255943
4208,20230718-3PM_680_28_BMS_0,0.719,28.0,680,28,BMS,0,-0.14327110961711742
4209,20230718-3PM_680_28_BMS_1,0.819,28.0,680,28,BMS,1,-0.08671609823958155
4210,20230718-3PM_680_28_BMS_2,0.955,28.0,680,28,BMS,2,-0.019996628416253676
4211,20230718-3PM_680_28_BMS_3,0.869,28.0,680,28,BMS,3,-0.060980223551333534
4212,20230718-3PM_680_28_BMS_4,1.122,28.0,680,28,BMS,4,0.049992856920142645
4213,20230718-3PM_680_28_BMS_5,0.899,28.0,680,28,BMS,5,-0.046240308266771224
4214,20230718-3PM_680_28_BMS_6,1.062,28.0,680,28,BMS,6,0.026124516745450282
4215,20230718-3PM_680_28_BMS_7,1.012,28.0,680,28,BMS,7,0.005180512503780314
4216,20230718-3PM_750_28_BMS_0,0.386,28.0,750,28,BMS,0,-0.41341269532824504
4217,20230718-3PM_750_28_BMS_1,0.445,28.0,750,28,BMS,1,-0.3516399890190684
4218,20230718-3PM_750_28_BMS_2,0.504,28.0,750,28,BMS,2,-0.2975694635544747
4219,20230718-3PM_750_28_BMS_3,0.465,28.0,750,28,BMS,3,-0.33254704711004607
4220,20230718-3PM_750_28_BMS_4,0.579,28.0,750,28,BMS,4,-0.23732143627256383
4221,20230718-3PM_750_28_BMS_5,0.48,28.0,750,28,BMS,5,-0.3187587626244128
4222,20230718-3PM_750_28_BMS_6,0.544,28.0,750,28,BMS,6,-0.26440110030182007
4223,20230718-3PM_750_28_BMS_7,0.518,28.0,750,28,BMS,7,-0.28567024025476695
4224,20230721-9AM_680_25_3059_0,1.912,94.0,680,25,3059,0,0.2814878879400812
4225,20230721-9AM_680_25_3059_1,1.996,94.0,680,25,3059,1,0.3001605369513523
4226,20230721-9AM_680_25_3059_2,2.006,94.0,680,25,3059,2,0.30233092868439926
4227,20230721-9AM_680_25_3059_3,1.956,94.0,680,25,3059,3,0.2913688504515826
4228,20230721-9AM_680_25_3059_4,1.908,94.0,680,25,3059,4,0.2805783703680763
4229,20230721-9AM_680_25_3059_5,1.825,94.0,680,25,3059,5,0.2612628687924935
4230,20230721-9AM_680_25_3059_6,1.855,94.0,680,25,3059,6,0.26834391395106466
4231,20230721-9AM_680_25_3059_7,1.44,94.0,680,25,3059,7,0.15836249209524964
4232,20230721-9AM_750_25_3059_0,1.241,94.0,750,25,3059,0,0.09377178149872986
4233,20230721-9AM_750_25_3059_1,1.289,94.0,750,25,3059,1,0.110252917353403
4234,20230721-9AM_750_25_3059_2,1.246,94.0,750,25,3059,2,0.09551804232315081
4235,20230721-9AM_750_25_3059_3,1.271,94.0,750,25,3059,3,0.10414555055400815
4236,20230721-9AM_750_25_3059_4,1.256,94.0,750,25,3059,4,0.09898963940117732
4237,20230721-9AM_750_25_3059_5,1.257,94.0,750,25,3059,5,0.0993352776859577
4238,20230721-9AM_750_25_3059_6,1.261,94.0,750,25,3059,6,0.10071508657308159
4239,20230721-9AM_750_25_3059_7,1.09,94.0,750,25,3059,7,0.037426497940623665
4240,20230721-9AM_680_25_1691_0,1.874,94.0,680,25,1691,0,0.2727695865517595
4241,20230721-9AM_680_25_1691_1,1.728,94.0,680,25,1691,1,0.23754373814287447
4242,20230721-9AM_680_25_1691_2,1.453,94.0,680,25,1691,2,0.16226561429802155
4243,20230721-9AM_680_25_1691_3,1.387,94.0,680,25,1691,3,0.14207646107328487
4244,20230721-9AM_680_25_1691_4,1.514,94.0,680,25,1691,4,0.18012587516405396
4245,20230721-9AM_680_25_1691_5,0.772,94.0,680,25,1691,5,-0.11238269966426384
4246,20230721-9AM_680_25_1691_6,0.855,94.0,680,25,1691,6,-0.06803388527182737
4247,20230721-9AM_680_25_1691_7,1.841,94.0,680,25,1691,7,0.2650537885040147
4248,20230721-9AM_750_25_1691_0,1.093,94.0,750,25,1691,0,0.03862016194970278
4249,20230721-9AM_750_25_1691_1,1.029,94.0,750,25,1691,1,0.012415374762432893
4250,20230721-9AM_750_25_1691_2,0.928,94.0,750,25,1691,2,-0.032452023781137915
4251,20230721-9AM_750_25_1691_3,0.919,94.0,750,25,1691,3,-0.03668448861388872
4252,20230721-9AM_750_25_1691_4,1.027,94.0,750,25,1691,4,0.01157044359727816
4253,20230721-9AM_750_25_1691_5,0.544,94.0,750,25,1691,5,-0.26440110030182007
4254,20230721-9AM_750_25_1691_6,0.547,94.0,750,25,1691,6,-0.2620126736665692
4255,20230721-9AM_750_25_1691_7,1.106,94.0,750,25,1691,7,0.04375512696867949
4256,20230721-9AM_680_25_1690_0,1.768,94.0,680,25,1690,0,0.24748226067705428
4257,20230721-9AM_680_25_1690_1,0.532,94.0,680,25,1690,1,-0.2740883677049518
4258,20230721-9AM_680_25_1690_2,1.887,94.0,680,25,1690,2,0.27577190016493136
4259,20230721-9AM_680_25_1690_3,1.975,94.0,680,25,1690,3,0.29556709996247904
4260,20230721-9AM_680_25_1690_4,1.588,94.0,680,25,1690,4,0.20085049809107747
4261,20230721-9AM_680_25_1690_5,2.348,94.0,680,25,1690,5,0.37069809257557684
4262,20230721-9AM_680_25_1690_6,1.575,94.0,680,25,1690,6,0.19728055812561932
4263,20230721-9AM_680_25_1690_7,1.362,94.0,680,25,1690,7,0.13417710757676637
4264,20230721-9AM_750_25_1690_0,1.004,94.0,750,25,1690,0,0.0017337128090005314
4265,20230721-9AM_750_25_1690_1,0.431,94.0,750,25,1690,1,-0.3655227298392684
4266,20230721-9AM_750_25_1690_2,1.243,94.0,750,25,1690,2,0.0944711286416448
4267,20230721-9AM_750_25_1690_3,1.287,94.0,750,25,1690,3,0.10957854690438666
4268,20230721-9AM_750_25_1690_4,1.147,94.0,750,25,1690,4,0.059563417901267686
4269,20230721-9AM_750_25_1690_5,1.21,94.0,750,25,1690,5,0.08278537031645007
4270,20230721-9AM_750_25_1690_6,1.14,94.0,750,25,1690,6,0.05690485133647256
4271,20230721-9AM_750_25_1690_7,1.076,94.0,750,25,1690,7,0.0318122713303704
4272,20230721-9AM_680_25_2342_0,1.219,94.0,680,25,2342,0,0.08600370561838196
4273,20230721-9AM_680_25_2342_1,1.173,94.0,680,25,2342,1,0.06929801211552926
4274,20230721-9AM_680_25_2342_2,1.458,94.0,680,25,2342,2,0.1637575239819558
4275,20230721-9AM_680_25_2342_3,1.308,94.0,680,25,2342,3,0.11660774398824848
4276,20230721-9AM_680_25_2342_4,0.037,94.0,680,25,2342,4,-1.431798275933005
4277,20230721-9AM_680_25_2342_5,1.11,94.0,680,25,2342,5,0.045322978786657475
4278,20230721-9AM_680_25_2342_6,0.962,94.0,680,25,2342,6,-0.016824927962187056
4279,20230721-9AM_680_25_2342_7,0.906,94.0,680,25,2342,7,-0.042871802323186915
4280,20230721-9AM_750_25_2342_0,0.991,94.0,750,25,2342,0,-0.0039263455147246756
4281,20230721-9AM_750_25_2342_1,0.939,94.0,750,25,2342,1,-0.027334407733889104
4282,20230721-9AM_750_25_2342_2,1.037,94.0,750,25,2342,2,0.01577875638904093
4283,20230721-9AM_750_25_2342_3,1.056,94.0,750,25,2342,3,0.023663918197793475
4284,20230721-9AM_750_25_2342_4,0.041,94.0,750,25,2342,4,-1.3872161432802645
4285,20230721-9AM_750_25_2342_5,0.852,94.0,750,25,2342,5,-0.0695604052332999
4286,20230721-9AM_750_25_2342_6,0.73,94.0,750,25,2342,6,-0.1366771398795441
4287,20230721-9AM_750_25_2342_7,0.701,94.0,750,25,2342,7,-0.15428198203334137
4288,20230721-9AM_680_25_4532_0,1.822,94.0,680,25,4532,0,0.26054837263697944
4289,20230721-9AM_680_25_4532_1,1.55,94.0,680,25,4532,1,0.1903316981702915
4290,20230721-9AM_680_25_4532_2,1.849,94.0,680,25,4532,2,0.26693691115917306
4291,20230721-9AM_680_25_4532_3,1.935,94.0,680,25,4532,3,0.2866809693549302
4292,20230721-9AM_680_25_4532_4,1.779,94.0,680,25,4532,4,0.250175948083925
4293,20230721-9AM_680_25_4532_5,1.886,94.0,680,25,4532,5,0.27554168840130955
4294,20230721-9AM_680_25_4532_6,1.894,94.0,680,25,4532,6,0.2773799746672546
4295,20230721-9AM_680_25_4532_7,1.787,94.0,680,25,4532,7,0.2521245525056442
4296,20230721-9AM_750_25_4532_0,1.078,94.0,750,25,4532,0,0.03261876085071993
4297,20230721-9AM_750_25_4532_1,0.995,94.0,750,25,4532,1,-0.002176919254274547
4298,20230721-9AM_750_25_4532_2,1.05,94.0,750,25,4532,2,0.021189299069938092
4299,20230721-9AM_750_25_4532_3,1.055,94.0,750,25,4532,3,0.023252459633711444
4300,20230721-9AM_750_25_4532_4,1.038,94.0,750,25,4532,4,0.01619735351243906
4301,20230721-9AM_750_25_4532_5,1.051,94.0,750,25,4532,5,0.021602716028242194
4302,20230721-9AM_750_25_4532_6,1.047,94.0,750,25,4532,6,0.019946681678842306
4303,20230721-9AM_750_25_4532_7,1.013,94.0,750,25,4532,7,0.005609445360280386
4304,20230721-9AM_680_25_2344_0,1.528,94.0,680,25,2344,0,0.18412335423967113
4305,20230721-9AM_680_25_2344_1,1.341,94.0,680,25,2344,1,0.1274287778515989
4306,20230721-9AM_680_25_2344_2,1.665,94.0,680,25,2344,2,0.22141423784233868
4307,20230721-9AM_680_25_2344_3,1.476,94.0,680,25,2344,3,0.16908635748702275
4308,20230721-9AM_680_25_2344_4,1.646,94.0,680,25,2344,4,0.216429830876251
4309,20230721-9AM_680_25_2344_5,1.35,94.0,680,25,2344,5,0.13033376849500614
4310,20230721-9AM_680_25_2344_6,1.552,94.0,680,25,2344,6,0.19089171692216964
4311,20230721-9AM_680_25_2344_7,1.81,94.0,680,25,2344,7,0.2576785748691845
4312,20230721-9AM_750_25_2344_0,0.953,94.0,750,25,2344,0,-0.02090709936167361
4313,20230721-9AM_750_25_2344_1,0.841,94.0,750,25,2344,1,-0.07520400420208784
4314,20230721-9AM_750_25_2344_2,0.995,94.0,750,25,2344,2,-0.002176919254274547
4315,20230721-9AM_750_25_2344_3,0.93,94.0,750,25,2344,3,-0.03151705144606486
4316,20230721-9AM_750_25_2344_4,0.946,94.0,750,25,2344,4,-0.02410886359820726
4317,20230721-9AM_750_25_2344_5,0.837,94.0,750,25,2344,5,-0.07727454200674003
4318,20230721-9AM_750_25_2344_6,0.946,94.0,750,25,2344,6,-0.02410886359820726
4319,20230721-9AM_750_25_2344_7,1.183,94.0,750,25,2344,7,0.07298474462793039
4320,20230721-9AM_680_25_2343_0,1.781,94.0,680,25,2343,0,0.2506639194632435
4321,20230721-9AM_680_25_2343_1,1.43,94.0,680,25,2343,1,0.1553360374650618
4322,20230721-9AM_680_25_2343_2,1.099,94.0,680,25,2343,2,0.04099769242349056
4323,20230721-9AM_680_25_2343_3,1.279,94.0,680,25,2343,3,0.10687054447865389
4324,20230721-9AM_680_25_2343_4,1.266,94.0,680,25,2343,4,0.1024337056813363
4325,20230721-9AM_680_25_2343_5,1.499,94.0,680,25,2343,5,0.1758016328482795
4326,20230721-9AM_680_25_2343_6,1.301,94.0,680,25,2343,6,0.11427729656158624
4327,20230721-9AM_680_25_2343_7,1.498,94.0,680,25,2343,7,0.17551181336344768
4328,20230721-9AM_750_25_2343_0,1.258,94.0,750,25,2343,0,0.09968064110925012
4329,20230721-9AM_750_25_2343_1,1.058,94.0,750,25,2343,1,0.024485667699166973
4330,20230721-9AM_750_25_2343_2,0.875,94.0,750,25,2343,2,-0.057991946977686754
4331,20230721-9AM_750_25_2343_3,0.895,94.0,750,25,2343,3,-0.04817696468408802
4332,20230721-9AM_750_25_2343_4,0.829,94.0,750,25,2343,4,-0.08144546944972647
4333,20230721-9AM_750_25_2343_5,1.103,94.0,750,25,2343,5,0.04257551244019059
4334,20230721-9AM_750_25_2343_6,0.97,94.0,750,25,2343,6,-0.01322826573375516
4335,20230721-9AM_750_25_2343_7,1.068,94.0,750,25,2343,7,0.028571252692537637
4336,20230721-9AM_680_25_1952_0,0.86,94.0,680,25,1952,0,-0.06550154875643228
4337,20230721-9AM_680_25_1952_1,2.016,94.0,680,25,1952,1,0.3044905277734877
4338,20230721-9AM_680_25_1952_2,1.207,94.0,680,25,1952,2,0.08170727009734924
4339,20230721-9AM_680_25_1952_3,0.831,94.0,680,25,1952,3,-0.08039897621588903
4340,20230721-9AM_680_25_1952_4,0.817,94.0,680,25,1952,4,-0.08777794346758454
4341,20230721-9AM_680_25_1952_5,0.725,94.0,680,25,1952,5,-0.13966199342900631
4342,20230721-9AM_680_25_1952_6,1.111,94.0,680,25,1952,6,0.04571405894086761
4343,20230721-9AM_680_25_1952_7,0.792,94.0,680,25,1952,7,-0.10127481841050648
4344,20230721-9AM_750_25_1952_0,0.615,94.0,750,25,1952,0,-0.21112488422458328
4345,20230721-9AM_750_25_1952_1,1.184,94.0,750,25,1952,1,0.07335170238690095
4346,20230721-9AM_750_25_1952_2,0.819,94.0,750,25,1952,2,-0.08671609823958155
4347,20230721-9AM_750_25_1952_3,0.623,94.0,750,25,1952,3,-0.2055119533408304
4348,20230721-9AM_750_25_1952_4,0.595,94.0,750,25,1952,4,-0.22548303427145044
4349,20230721-9AM_750_25_1952_5,0.506,94.0,750,25,1952,5,-0.2958494831602009
4350,20230721-9AM_750_25_1952_6,0.786,94.0,750,25,1952,6,-0.10457745396059209
4351,20230721-9AM_750_25_1952_7,0.558,94.0,750,25,1952,7,-0.25336580106242124
4352,20230721-9AM_680_25_2931_0,1.29,94.0,680,25,2931,0,0.11058971029924898
4353,20230721-9AM_680_25_2931_1,1.421,94.0,680,25,2931,1,0.15259407792746976
4354,20230721-9AM_680_25_2931_2,1.181,94.0,680,25,2931,2,0.07224989761351482
4355,20230721-9AM_680_25_2931_3,1.291,94.0,680,25,2931,3,0.11092624226642028
4356,20230721-9AM_680_25_2931_4,1.311,94.0,680,25,2931,4,0.11760269169008426
4357,20230721-9AM_680_25_2931_5,1.542,94.0,680,25,2931,5,0.1880843737149382
4358,20230721-9AM_680_25_2931_6,1.221,94.0,680,25,2931,6,0.0867156639448825
4359,20230721-9AM_680_25_2931_7,1.384,94.0,680,25,2931,7,0.14113609012073897
4360,20230721-9AM_750_25_2931_0,1.017,94.0,750,25,2931,0,0.0073209529227445565
4361,20230721-9AM_750_25_2931_1,0.989,94.0,750,25,2931,1,-0.004803708402820599
4362,20230721-9AM_750_25_2931_2,0.97,94.0,750,25,2931,2,-0.01322826573375516
4363,20230721-9AM_750_25_2931_3,0.989,94.0,750,25,2931,3,-0.004803708402820599
4364,20230721-9AM_750_25_2931_4,1.054,94.0,750,25,2931,4,0.022840610876527823
4365,20230721-9AM_750_25_2931_5,1.158,94.0,750,25,2931,5,0.06370855939141737
4366,20230721-9AM_750_25_2931_6,0.949,94.0,750,25,2931,6,-0.022733787572707352
4367,20230721-9AM_750_25_2931_7,0.901,94.0,750,25,2931,7,-0.04527520902093701
4368,20230721-9AM_680_25_JG5_0,0.886,94.0,680,25,JG5,0,-0.05256627811294924
4369,20230721-9AM_680_25_JG5_1,1.089,94.0,680,25,JG5,1,0.03702787975577494
4370,20230721-9AM_680_25_JG5_2,1.096,94.0,680,25,JG5,2,0.039810554148350386
4371,20230721-9AM_680_25_JG5_3,1.001,94.0,680,25,JG5,3,0.0004340774793185929
4372,20230721-9AM_680_25_JG5_4,1.005,94.0,680,25,JG5,4,0.0021660617565076304
4373,20230721-9AM_680_25_JG5_5,1.09,94.0,680,25,JG5,5,0.037426497940623665
4374,20230721-9AM_680_25_JG5_6,1.375,94.0,680,25,JG5,6,0.13830269816628146
4375,20230721-9AM_680_25_JG5_7,1.659,94.0,680,25,JG5,7,0.2198463860243607
4376,20230721-9AM_750_25_JG5_0,0.603,94.0,750,25,JG5,0,-0.2196826878598487
4377,20230721-9AM_750_25_JG5_1,0.713,94.0,750,25,JG5,1,-0.14691047014813446
4378,20230721-9AM_750_25_JG5_2,0.685,94.0,750,25,JG5,2,-0.1643094285075744
4379,20230721-9AM_750_25_JG5_3,0.606,94.0,750,25,JG5,3,-0.21752737583371382
4380,20230721-9AM_750_25_JG5_4,0.62,94.0,750,25,JG5,4,-0.20760831050174613
4381,20230721-9AM_750_25_JG5_5,0.718,94.0,750,25,JG5,5,-0.14387555575769967
4382,20230721-9AM_750_25_JG5_6,0.785,94.0,750,25,JG5,6,-0.10513034325474745
4383,20230721-9AM_750_25_JG5_7,1.052,94.0,750,25,JG5,7,0.02201573981772028
4384,20230721-9AM_680_25_BMS_0,1.091,94.0,680,25,BMS,0,0.037824750588341866
4385,20230721-9AM_680_25_BMS_1,1.179,94.0,680,25,BMS,1,0.07151380509508916
4386,20230721-9AM_680_25_BMS_2,1.046,94.0,680,25,BMS,2,0.01953168453125545
4387,20230721-9AM_680_25_BMS_3,1.124,94.0,680,25,BMS,3,0.05076631123304232
4388,20230721-9AM_680_25_BMS_4,1.144,94.0,680,25,BMS,4,0.05842602445700536
4389,20230721-9AM_680_25_BMS_5,1.122,94.0,680,25,BMS,5,0.049992856920142645
4390,20230721-9AM_680_25_BMS_6,1.018,94.0,680,25,BMS,6,0.007747778000739948
4391,20230721-9AM_680_25_BMS_7,1.015,94.0,680,25,BMS,7,0.006466042249231681
4392,20230721-9AM_750_25_BMS_0,0.75,94.0,750,25,BMS,0,-0.12493873660829995
4393,20230721-9AM_750_25_BMS_1,0.86,94.0,750,25,BMS,1,-0.06550154875643228
4394,20230721-9AM_750_25_BMS_2,0.768,94.0,750,25,BMS,2,-0.114638779968488
4395,20230721-9AM_750_25_BMS_3,0.823,94.0,750,25,BMS,3,-0.08460016478773018
4396,20230721-9AM_750_25_BMS_4,0.855,94.0,750,25,BMS,4,-0.06803388527182737
4397,20230721-9AM_750_25_BMS_5,0.844,94.0,750,25,BMS,5,-0.07365755337434496
4398,20230721-9AM_750_25_BMS_6,0.771,94.0,750,25,BMS,6,-0.11294562194904302
4399,20230721-9AM_750_25_BMS_7,0.792,94.0,750,25,BMS,7,-0.10127481841050648
4400,20230721-9AM_680_32_3059_0,2.2,94.0,680,32,3059,0,0.3424226808222063
4401,20230721-9AM_680_32_3059_1,2.198,94.0,680,32,3059,1,0.34202768808747175
4402,20230721-9AM_680_32_3059_2,2.131,94.0,680,32,3059,2,0.32858344971420195
4403,20230721-9AM_680_32_3059_3,2.114,94.0,680,32,3059,3,0.32510498297140744
4404,20230721-9AM_680_32_3059_4,1.913,94.0,680,32,3059,4,0.28171497002729584
4405,20230721-9AM_680_32_3059_5,1.849,94.0,680,32,3059,5,0.26693691115917306
4406,20230721-9AM_680_32_3059_6,2.185,94.0,680,32,3059,6,0.33945144130644067
4407,20230721-9AM_680_32_3059_7,1.515,94.0,680,32,3059,7,0.1804126328383238
4408,20230721-9AM_750_32_3059_0,1.218,94.0,750,32,3059,0,0.08564728829685654
4409,20230721-9AM_750_32_3059_1,1.227,94.0,750,32,3059,1,0.08884456272700428
4410,20230721-9AM_750_32_3059_2,1.187,94.0,750,32,3059,2,0.07445071895459124
4411,20230721-9AM_750_32_3059_3,1.194,94.0,750,32,3059,3,0.07700432679335026
4412,20230721-9AM_750_32_3059_4,1.153,94.0,750,32,3059,4,0.06182930729469903
4413,20230721-9AM_750_32_3059_5,1.106,94.0,750,32,3059,5,0.04375512696867949
4414,20230721-9AM_750_32_3059_6,1.216,94.0,750,32,3059,6,0.08493357493671612
4415,20230721-9AM_750_32_3059_7,1.053,94.0,750,32,3059,7,0.022428371185486493
4416,20230721-9AM_680_32_1691_0,2.269,94.0,680,32,1691,0,0.355834495884936
4417,20230721-9AM_680_32_1691_1,1.594,94.0,680,32,1691,1,0.20248831706009357
4418,20230721-9AM_680_32_1691_2,2.464,94.0,680,32,1691,2,0.39164070349238783
4419,20230721-9AM_680_32_1691_3,1.323,94.0,680,32,1691,3,0.12155984418750096
4420,20230721-9AM_680_32_1691_4,2.096,94.0,680,32,1691,4,0.32139127831168907
4421,20230721-9AM_680_32_1691_5,0.801,94.0,680,32,1691,5,-0.09636748391576232
4422,20230721-9AM_680_32_1691_6,1.35,94.0,680,32,1691,6,0.13033376849500614
4423,20230721-9AM_680_32_1691_7,1.177,94.0,680,32,1691,7,0.0707764628434347
4424,20230721-9AM_750_32_1691_0,1.107,94.0,750,32,1691,0,0.0441476208787228
4425,20230721-9AM_750_32_1691_1,0.916,94.0,750,32,1691,1,-0.0381045263321496
4426,20230721-9AM_750_32_1691_2,1.139,94.0,750,32,1691,2,0.05652372407910037
4427,20230721-9AM_750_32_1691_3,0.826,94.0,750,32,1691,3,-0.0830199526796178
4428,20230721-9AM_750_32_1691_4,1.135,94.0,750,32,1691,4,0.05499586152914153
4429,20230721-9AM_750_32_1691_5,0.529,94.0,750,32,1691,5,-0.2765443279648142
4430,20230721-9AM_750_32_1691_6,0.83,94.0,750,32,1691,6,-0.08092190762392612
4431,20230721-9AM_750_32_1691_7,0.735,94.0,750,32,1691,7,-0.1337126609158051
4432,20230721-9AM_680_32_1690_0,2.544,94.0,680,32,1690,0,0.4055171069763763
4433,20230721-9AM_680_32_1690_1,2.33,94.0,680,32,1690,1,0.367355921026019
4434,20230721-9AM_680_32_1690_2,2.318,94.0,680,32,1690,2,0.3651134316275772
4435,20230721-9AM_680_32_1690_3,2.451,94.0,680,32,1690,3,0.38934331125207794
4436,20230721-9AM_680_32_1690_4,2.468,94.0,680,32,1690,4,0.39234515536120407
4437,20230721-9AM_680_32_1690_5,1.773,94.0,680,32,1690,5,0.24870873560091777
4438,20230721-9AM_680_32_1690_6,1.692,94.0,680,32,1690,6,0.2284003587030047
4439,20230721-9AM_680_32_1690_7,1.968,94.0,680,32,1690,7,0.2940250940953227
4440,20230721-9AM_750_32_1690_0,1.192,94.0,750,32,1690,0,0.0762762554042176
4441,20230721-9AM_750_32_1690_1,1.22,94.0,750,32,1690,1,0.08635983067474821
4442,20230721-9AM_750_32_1690_2,1.177,94.0,750,32,1690,2,0.0707764628434347
4443,20230721-9AM_750_32_1690_3,1.266,94.0,750,32,1690,3,0.1024337056813363
4444,20230721-9AM_750_32_1690_4,1.241,94.0,750,32,1690,4,0.09377178149872986
4445,20230721-9AM_750_32_1690_5,1.004,94.0,750,32,1690,5,0.0017337128090005314
4446,20230721-9AM_750_32_1690_6,1.117,94.0,750,32,1690,6,0.048053173115609055
4447,20230721-9AM_750_32_1690_7,1.149,94.0,750,32,1690,7,0.060320028688285184
4448,20230721-9AM_680_32_2342_0,0.995,94.0,680,32,2342,0,-0.002176919254274547
4449,20230721-9AM_680_32_2342_1,1.067,94.0,680,32,2342,1,0.028164419424469872
4450,20230721-9AM_680_32_2342_2,0.984,94.0,680,32,2342,2,-0.007004901568658489
4451,20230721-9AM_680_32_2342_3,1.171,94.0,680,32,2342,3,0.06855689507236315
4452,20230721-9AM_680_32_2342_4,0.036,94.0,680,32,2342,4,-1.4436974992327127
4453,20230721-9AM_680_32_2342_5,0.905,94.0,680,32,2342,5,-0.043351420794796675
4454,20230721-9AM_680_32_2342_6,1.07,94.0,680,32,2342,6,0.029383777685209667
4455,20230721-9AM_680_32_2342_7,0.73,94.0,680,32,2342,7,-0.1366771398795441
4456,20230721-9AM_750_32_2342_0,0.67,94.0,750,32,2342,0,-0.17392519729917355
4457,20230721-9AM_750_32_2342_1,0.77,94.0,750,32,2342,1,-0.11350927482751812
4458,20230721-9AM_750_32_2342_2,0.719,94.0,750,32,2342,2,-0.14327110961711742
4459,20230721-9AM_750_32_2342_3,0.855,94.0,750,32,2342,3,-0.06803388527182737
4460,20230721-9AM_750_32_2342_4,0.041,94.0,750,32,2342,4,-1.3872161432802645
4461,20230721-9AM_750_32_2342_5,0.624,94.0,750,32,2342,5,-0.20481541031757602
4462,20230721-9AM_750_32_2342_6,0.866,94.0,750,32,2342,6,-0.06248210798265336
4463,20230721-9AM_750_32_2342_7,0.562,94.0,750,32,2342,7,-0.2502636844309389
4464,20230721-9AM_680_32_4532_0,0.906,94.0,680,32,4532,0,-0.042871802323186915
4465,20230721-9AM_680_32_4532_1,1.163,94.0,680,32,4532,1,0.06557971472844842
4466,20230721-9AM_680_32_4532_2,1.333,94.0,680,32,4532,2,0.1248301494138592
4467,20230721-9AM_680_32_4532_3,1.275,94.0,680,32,4532,3,0.10551018476997394
4468,20230721-9AM_680_32_4532_4,1.442,94.0,680,32,4532,4,0.15896526038341022
4469,20230721-9AM_680_32_4532_5,1.324,94.0,680,32,4532,5,0.12188798510368115
4470,20230721-9AM_680_32_4532_6,1.323,94.0,680,32,4532,6,0.12155984418750096
4471,20230721-9AM_680_32_4532_7,0.948,94.0,680,32,4532,7,-0.023191662661933767
4472,20230721-9AM_750_32_4532_0,0.448,94.0,750,32,4532,0,-0.348721986001856
4473,20230721-9AM_750_32_4532_1,0.646,94.0,750,32,4532,1,-0.1897674820049159
4474,20230721-9AM_750_32_4532_2,0.727,94.0,750,32,4532,2,-0.1384655891409622
4475,20230721-9AM_750_32_4532_3,0.705,94.0,750,32,4532,3,-0.15181088300860132
4476,20230721-9AM_750_32_4532_4,0.685,94.0,750,32,4532,4,-0.1643094285075744
4477,20230721-9AM_750_32_4532_5,0.751,94.0,750,32,4532,5,-0.1243600629958316
4478,20230721-9AM_750_32_4532_6,0.633,94.0,750,32,4532,6,-0.1985962899826449
4479,20230721-9AM_750_32_4532_7,0.501,94.0,750,32,4532,7,-0.30016227413275426
4480,20230721-9AM_680_32_2344_0,1.373,94.0,680,32,2344,0,0.1376705372367551
4481,20230721-9AM_680_32_2344_1,1.837,94.0,680,32,2344,1,0.26410915630580833
4482,20230721-9AM_680_32_2344_2,1.884,94.0,680,32,2344,2,0.2750808984568585
4483,20230721-9AM_680_32_2344_3,1.437,94.0,680,32,2344,3,0.15745676813422568
4484,20230721-9AM_680_32_2344_4,1.572,94.0,680,32,2344,4,0.1964525417033891
4485,20230721-9AM_680_32_2344_5,1.86,94.0,680,32,2344,5,0.26951294421791633
4486,20230721-9AM_680_32_2344_6,1.505,94.0,680,32,2344,6,0.17753649992986212
4487,20230721-9AM_680_32_2344_7,1.765,94.0,680,32,2344,7,0.24674470972384135
4488,20230721-9AM_750_32_2344_0,0.9,94.0,750,32,2344,0,-0.045757490560675115
4489,20230721-9AM_750_32_2344_1,1.081,94.0,750,32,2344,1,0.03382569395331033
4490,20230721-9AM_750_32_2344_2,1.117,94.0,750,32,2344,2,0.048053173115609055
4491,20230721-9AM_750_32_2344_3,0.924,94.0,750,32,2344,3,-0.03432802877989328
4492,20230721-9AM_750_32_2344_4,0.929,94.0,750,32,2344,4,-0.03198428600635821
4493,20230721-9AM_750_32_2344_5,1.133,94.0,750,32,2344,5,0.05422990986339725
4494,20230721-9AM_750_32_2344_6,0.957,94.0,750,32,2344,6,-0.01908806222315645
4495,20230721-9AM_750_32_2344_7,1.116,94.0,750,32,2344,7,0.04766419460155998
4496,20230721-9AM_680_32_2343_0,1.608,94.0,680,32,2343,0,0.20628604441243248
4497,20230721-9AM_680_32_2343_1,2.005,94.0,680,32,2343,1,0.3021143769562011
4498,20230721-9AM_680_32_2343_2,1.056,94.0,680,32,2343,2,0.023663918197793475
4499,20230721-9AM_680_32_2343_3,1.973,94.0,680,32,2343,3,0.2951270852521912
4500,20230721-9AM_680_32_2343_4,1.788,94.0,680,32,2343,4,0.25236751445989886
4501,20230721-9AM_680_32_2343_5,2.148,94.0,680,32,2343,5,0.33203427702751803
4502,20230721-9AM_680_32_2343_6,1.522,94.0,680,32,2343,6,0.18241465243455401
4503,20230721-9AM_680_32_2343_7,1.693,94.0,680,32,2343,7,0.22865695810893527
4504,20230721-9AM_750_32_2343_0,1.057,94.0,750,32,2343,0,0.024074987307426243
4505,20230721-9AM_750_32_2343_1,1.21,94.0,750,32,2343,1,0.08278537031645007
4506,20230721-9AM_750_32_2343_2,0.774,94.0,750,32,2343,2,-0.11125903931710739
4507,20230721-9AM_750_32_2343_3,1.148,94.0,750,32,2343,3,0.05994188806195468
4508,20230721-9AM_750_32_2343_4,1.053,94.0,750,32,2343,4,0.022428371185486493
4509,20230721-9AM_750_32_2343_5,1.227,94.0,750,32,2343,5,0.08884456272700428
4510,20230721-9AM_750_32_2343_6,0.982,94.0,750,32,2343,6,-0.00788851221305034
4511,20230721-9AM_750_32_2343_7,1.134,94.0,750,32,2343,7,0.05461305455688774
4512,20230721-9AM_680_32_1952_0,2.305,94.0,680,32,1952,0,0.362670929725667
4513,20230721-9AM_680_32_1952_1,1.774,94.0,680,32,1952,1,0.2489536154957076
4514,20230721-9AM_680_32_1952_2,1.772,94.0,680,32,1952,2,0.24846371755103194
4515,20230721-9AM_680_32_1952_3,1.499,94.0,680,32,1952,3,0.1758016328482795
4516,20230721-9AM_680_32_1952_4,1.485,94.0,680,32,1952,4,0.1717264536532312
4517,20230721-9AM_680_32_1952_5,1.87,94.0,680,32,1952,5,0.27184160653649897
4518,20230721-9AM_680_32_1952_6,1.605,94.0,680,32,1952,6,0.20547503674089088
4519,20230721-9AM_680_32_1952_7,1.283,94.0,680,32,1952,7,0.10822665637492848
4520,20230721-9AM_750_32_1952_0,1.224,94.0,750,32,1952,0,0.08778141780954238
4521,20230721-9AM_750_32_1952_1,0.98,94.0,750,32,1952,1,-0.00877392430750515
4522,20230721-9AM_750_32_1952_2,1.095,94.0,750,32,1952,2,0.03941411917613713
4523,20230721-9AM_750_32_1952_3,0.984,94.0,750,32,1952,3,-0.007004901568658489
4524,20230721-9AM_750_32_1952_4,0.922,94.0,750,32,1952,4,-0.03526907894637064
4525,20230721-9AM_750_32_1952_5,1.182,94.0,750,32,1952,5,0.07261747654523654
4526,20230721-9AM_750_32_1952_6,1.114,94.0,750,32,1952,6,0.04688519083771014
4527,20230721-9AM_750_32_1952_7,0.952,94.0,750,32,1952,7,-0.021363051615525673
4528,20230721-9AM_680_32_2931_0,2.242,94.0,680,32,2931,0,0.35063560825895435
4529,20230721-9AM_680_32_2931_1,1.74,94.0,680,32,2931,1,0.24054924828259971
4530,20230721-9AM_680_32_2931_2,1.883,94.0,680,32,2931,2,0.2748503200166648
4531,20230721-9AM_680_32_2931_3,2.176,94.0,680,32,2931,3,0.3376588910261423
4532,20230721-9AM_680_32_2931_4,1.619,94.0,680,32,2931,4,0.20924684875337374
4533,20230721-9AM_680_32_2931_5,2.244,94.0,680,32,2931,5,0.35102285258412386
4534,20230721-9AM_680_32_2931_6,1.702,94.0,680,32,2931,6,0.23095955574856905
4535,20230721-9AM_680_32_2931_7,1.395,94.0,680,32,2931,7,0.14457420760961637
4536,20230721-9AM_750_32_2931_0,1.251,94.0,750,32,2931,0,0.09725730969341992
4537,20230721-9AM_750_32_2931_1,1.113,94.0,750,32,2931,1,0.04649516433470831
4538,20230721-9AM_750_32_2931_2,1.206,94.0,750,32,2931,2,0.08134730780413249
4539,20230721-9AM_750_32_2931_3,1.207,94.0,750,32,2931,3,0.08170727009734924
4540,20230721-9AM_750_32_2931_4,1.009,94.0,750,32,2931,4,0.0038911662369104775
4541,20230721-9AM_750_32_2931_5,1.328,94.0,750,32,2931,5,0.12319807503199871
4542,20230721-9AM_750_32_2931_6,1.073,94.0,750,32,2931,6,0.030599721965951066
4543,20230721-9AM_750_32_2931_7,0.98,94.0,750,32,2931,7,-0.00877392430750515
4544,20230721-9AM_680_32_JG5_0,1.006,94.0,680,32,JG5,0,0.0025979807199085947
4545,20230721-9AM_680_32_JG5_1,1.423,94.0,680,32,JG5,1,0.15320490008428433
4546,20230721-9AM_680_32_JG5_2,0.917,94.0,680,32,JG5,2,-0.03763066432997889
4547,20230721-9AM_680_32_JG5_3,1.764,94.0,680,32,JG5,3,0.24649858079580092
4548,20230721-9AM_680_32_JG5_4,1.354,94.0,680,32,JG5,4,0.13161866434912553
4549,20230721-9AM_680_32_JG5_5,1.025,94.0,680,32,JG5,5,0.010723865391773066
4550,20230721-9AM_680_32_JG5_6,1.997,94.0,680,32,JG5,6,0.30037806487070257
4551,20230721-9AM_680_32_JG5_7,1.294,94.0,680,32,JG5,7,0.11193427633268159
4552,20230721-9AM_750_32_JG5_0,0.747,94.0,750,32,JG5,0,-0.12667939818460122
4553,20230721-9AM_750_32_JG5_1,0.941,94.0,750,32,JG5,1,-0.026410376572743116
4554,20230721-9AM_750_32_JG5_2,0.613,94.0,750,32,JG5,2,-0.21253952548158497
4555,20230721-9AM_750_32_JG5_3,0.999,94.0,750,32,JG5,3,-0.0004345117740176917
4556,20230721-9AM_750_32_JG5_4,0.85,94.0,750,32,JG5,4,-0.07058107428570728
4557,20230721-9AM_750_32_JG5_5,0.687,94.0,750,32,JG5,5,-0.16304326294044955
4558,20230721-9AM_750_32_JG5_6,0.985,94.0,750,32,JG5,6,-0.006563769502388274
4559,20230721-9AM_750_32_JG5_7,0.878,94.0,750,32,JG5,7,-0.05650548409389743
4560,20230721-9AM_680_32_BMS_0,2.049,94.0,680,32,BMS,0,0.311541958401195
4561,20230721-9AM_680_32_BMS_1,2.077,94.0,680,32,BMS,1,0.3174364965350991
4562,20230721-9AM_680_32_BMS_2,2.113,94.0,680,32,BMS,2,0.32489949705231336
4563,20230721-9AM_680_32_BMS_3,1.928,94.0,680,32,BMS,3,0.28510702956681194
4564,20230721-9AM_680_32_BMS_4,1.972,94.0,680,32,BMS,4,0.2949069106051924
4565,20230721-9AM_680_32_BMS_5,1.929,94.0,680,32,BMS,5,0.2853322276438845
4566,20230721-9AM_680_32_BMS_6,1.811,94.0,680,32,BMS,6,0.2579184503140584
4567,20230721-9AM_680_32_BMS_7,1.997,94.0,680,32,BMS,7,0.30037806487070257
4568,20230721-9AM_750_32_BMS_0,1.22,94.0,750,32,BMS,0,0.08635983067474821
4569,20230721-9AM_750_32_BMS_1,1.222,94.0,750,32,BMS,1,0.08707120590653541
4570,20230721-9AM_750_32_BMS_2,1.205,94.0,750,32,BMS,2,0.08098704691088722
4571,20230721-9AM_750_32_BMS_3,1.18,94.0,750,32,BMS,3,0.07188200730612536
4572,20230721-9AM_750_32_BMS_4,1.201,94.0,750,32,BMS,4,0.07954300740290607
4573,20230721-9AM_750_32_BMS_5,1.17,94.0,750,32,BMS,5,0.06818586174616162
4574,20230721-9AM_750_32_BMS_6,1.114,94.0,750,32,BMS,6,0.04688519083771014
4575,20230721-9AM_750_32_BMS_7,1.174,94.0,750,32,BMS,7,0.06966809691159564
4576,20230721-9AM_680_28_3059_0,1.829,94.0,680,28,3059,0,0.26221370547641687
4577,20230721-9AM_680_28_3059_1,1.932,94.0,680,28,3059,1,0.28600712207947454
4578,20230721-9AM_680_28_3059_2,2.063,94.0,680,28,3059,2,0.3144992279731516
4579,20230721-9AM_680_28_3059_3,1.761,94.0,680,28,3059,3,0.24575935596727688
4580,20230721-9AM_680_28_3059_4,1.882,94.0,680,28,3059,4,0.27461961909123805
4581,20230721-9AM_680_28_3059_5,1.684,94.0,680,28,3059,5,0.2263420871636307
4582,20230721-9AM_680_28_3059_6,1.887,94.0,680,28,3059,6,0.27577190016493136
4583,20230721-9AM_680_28_3059_7,1.181,94.0,680,28,3059,7,0.07224989761351482
4584,20230721-9AM_750_28_3059_0,1.242,94.0,750,28,3059,0,0.09412159584056139
4585,20230721-9AM_750_28_3059_1,1.299,94.0,750,28,3059,1,0.11360915107302785
4586,20230721-9AM_750_28_3059_2,1.237,94.0,750,28,3059,2,0.09236969962912069
4587,20230721-9AM_750_28_3059_3,1.248,94.0,750,28,3059,3,0.09621458534640519
4588,20230721-9AM_750_28_3059_4,1.299,94.0,750,28,3059,4,0.11360915107302785
4589,20230721-9AM_750_28_3059_5,1.19,94.0,750,28,3059,5,0.07554696139253074
4590,20230721-9AM_750_28_3059_6,1.28,94.0,750,28,3059,6,0.10720996964786837
4591,20230721-9AM_750_28_3059_7,0.934,94.0,750,28,3059,7,-0.029653123769906618
4592,20230721-9AM_680_28_1691_0,1.948,94.0,680,28,1691,0,0.2895889525425967
4593,20230721-9AM_680_28_1691_1,1.647,94.0,680,28,1691,1,0.21669359916975436
4594,20230721-9AM_680_28_1691_2,2.027,94.0,680,28,1691,2,0.30685374869300874
4595,20230721-9AM_680_28_1691_3,1.841,94.0,680,28,1691,3,0.2650537885040147
4596,20230721-9AM_680_28_1691_4,1.782,94.0,680,28,1691,4,0.25090769970085597
4597,20230721-9AM_680_28_1691_5,0.838,94.0,680,28,1691,5,-0.07675598136972352
4598,20230721-9AM_680_28_1691_6,0.859,94.0,680,28,1691,6,-0.0660068361687577
4599,20230721-9AM_680_28_1691_7,2.27,94.0,680,28,1691,7,0.35602585719312274
4600,20230721-9AM_750_28_1691_0,1.108,94.0,750,28,1691,0,0.04453976039241098
4601,20230721-9AM_750_28_1691_1,1.016,94.0,750,28,1691,1,0.006893707947900456
4602,20230721-9AM_750_28_1691_2,1.168,94.0,750,28,1691,2,0.06744284277638066
4603,20230721-9AM_750_28_1691_3,1.135,94.0,750,28,1691,3,0.05499586152914153
4604,20230721-9AM_750_28_1691_4,1.122,94.0,750,28,1691,4,0.049992856920142645
4605,20230721-9AM_750_28_1691_5,0.576,94.0,750,28,1691,5,-0.239577516576788
4606,20230721-9AM_750_28_1691_6,0.597,94.0,750,28,1691,6,-0.22402566887063094
4607,20230721-9AM_750_28_1691_7,1.208,94.0,750,28,1691,7,0.08206693428511301
4608,20230721-9AM_680_28_1690_0,1.806,94.0,680,28,1690,0,0.256717745977487
4609,20230721-9AM_680_28_1690_1,0.385,94.0,680,28,1690,1,-0.4145392704914993
4610,20230721-9AM_680_28_1690_2,2.048,94.0,680,28,1690,2,0.3113299523037932
4611,20230721-9AM_680_28_1690_3,1.95,94.0,680,28,1690,3,0.290034611362518
4612,20230721-9AM_680_28_1690_4,1.796,94.0,680,28,1690,4,0.2543063323312856
4613,20230721-9AM_680_28_1690_5,1.497,94.0,680,28,1690,5,0.17522180034305238
4614,20230721-9AM_680_28_1690_6,2.03,94.0,680,28,1690,6,0.3074960379132129
4615,20230721-9AM_680_28_1690_7,1.074,94.0,680,28,1690,7,0.031004281363536827
4616,20230721-9AM_750_28_1690_0,1.042,94.0,750,28,1690,0,0.017867718963505686
4617,20230721-9AM_750_28_1690_1,0.248,94.0,750,28,1690,1,-0.6055483191737837
4618,20230721-9AM_750_28_1690_2,1.274,94.0,750,28,1690,2,0.10516942799933163
4619,20230721-9AM_750_28_1690_3,1.222,94.0,750,28,1690,3,0.08707120590653541
4620,20230721-9AM_750_28_1690_4,1.07,94.0,750,28,1690,4,0.029383777685209667
4621,20230721-9AM_750_28_1690_5,0.986,94.0,750,28,1690,5,-0.0061230850587887945
4622,20230721-9AM_750_28_1690_6,1.26,94.0,750,28,1690,6,0.10037054511756291
4623,20230721-9AM_750_28_1690_7,0.895,94.0,750,28,1690,7,-0.04817696468408802
4624,20230721-9AM_680_28_2342_0,1.118,94.0,680,28,2342,0,0.04844180355040453
4625,20230721-9AM_680_28_2342_1,1.152,94.0,680,28,2342,1,0.06145247908719321
4626,20230721-9AM_680_28_2342_2,1.161,94.0,680,28,2342,2,0.06483221973857385
4627,20230721-9AM_680_28_2342_3,1.172,94.0,680,28,2342,3,0.06892761168207182
4628,20230721-9AM_680_28_2342_4,0.037,94.0,680,28,2342,4,-1.431798275933005
4629,20230721-9AM_680_28_2342_5,1.045,94.0,680,28,2342,5,0.01911629044707278
4630,20230721-9AM_680_28_2342_6,1.198,94.0,680,28,2342,6,0.07845681805329256
4631,20230721-9AM_680_28_2342_7,1.119,94.0,680,28,2342,7,0.04883008652835004
4632,20230721-9AM_750_28_2342_0,0.941,94.0,750,28,2342,0,-0.026410376572743116
4633,20230721-9AM_750_28_2342_1,0.962,94.0,750,28,2342,1,-0.016824927962187056
4634,20230721-9AM_750_28_2342_2,0.975,94.0,750,28,2342,2,-0.010995384301463193
4635,20230721-9AM_750_28_2342_3,0.977,94.0,750,28,2342,3,-0.010105436281226938
4636,20230721-9AM_750_28_2342_4,0.04,94.0,750,28,2342,4,-1.3979400086720375
4637,20230721-9AM_750_28_2342_5,0.871,94.0,750,28,2342,5,-0.059981844992336796
4638,20230721-9AM_750_28_2342_6,0.991,94.0,750,28,2342,6,-0.0039263455147246756
4639,20230721-9AM_750_28_2342_7,0.934,94.0,750,28,2342,7,-0.029653123769906618
4640,20230721-9AM_680_28_4532_0,1.606,94.0,680,28,4532,0,0.20574554094266218
4641,20230721-9AM_680_28_4532_1,1.158,94.0,680,28,4532,1,0.06370855939141737
4642,20230721-9AM_680_28_4532_2,1.495,94.0,680,28,4532,2,0.17464119266044847
4643,20230721-9AM_680_28_4532_3,1.552,94.0,680,28,4532,3,0.19089171692216964
4644,20230721-9AM_680_28_4532_4,1.393,94.0,680,28,4532,4,0.1439511164239635
4645,20230721-9AM_680_28_4532_5,1.74,94.0,680,28,4532,5,0.24054924828259971
4646,20230721-9AM_680_28_4532_6,1.429,94.0,680,28,4532,6,0.15503222879097026
4647,20230721-9AM_680_28_4532_7,1.379,94.0,680,28,4532,7,0.13956426617584977
4648,20230721-9AM_750_28_4532_0,0.95,94.0,750,28,4532,0,-0.022276394711152253
4649,20230721-9AM_750_28_4532_1,0.655,94.0,750,28,4532,1,-0.18375870000821692
4650,20230721-9AM_750_28_4532_2,0.813,94.0,750,28,4532,2,-0.08990945440593186
4651,20230721-9AM_750_28_4532_3,0.86,94.0,750,28,4532,3,-0.06550154875643228
4652,20230721-9AM_750_28_4532_4,0.722,94.0,750,28,4532,4,-0.14146280243036088
4653,20230721-9AM_750_28_4532_5,0.909,94.0,750,28,4532,5,-0.041436116778032536
4654,20230721-9AM_750_28_4532_6,0.734,94.0,750,28,4532,6,-0.13430394008392949
4655,20230721-9AM_750_28_4532_7,0.794,94.0,750,28,4532,7,-0.10017949757290372
4656,20230721-9AM_680_28_2344_0,1.743,94.0,680,28,2344,0,0.2412973871099932
4657,20230721-9AM_680_28_2344_1,1.262,94.0,680,28,2344,1,0.10105935490811552
4658,20230721-9AM_680_28_2344_2,1.422,94.0,680,28,2344,2,0.15289959639374748
4659,20230721-9AM_680_28_2344_3,1.624,94.0,680,28,2344,3,0.21058602490515654
4660,20230721-9AM_680_28_2344_4,1.806,94.0,680,28,2344,4,0.256717745977487
4661,20230721-9AM_680_28_2344_5,1.524,94.0,680,28,2344,5,0.1829849670035817
4662,20230721-9AM_680_28_2344_6,1.458,94.0,680,28,2344,6,0.1637575239819558
4663,20230721-9AM_680_28_2344_7,2.084,94.0,680,28,2344,7,0.3188977146274869
4664,20230721-9AM_750_28_2344_0,0.988,94.0,750,28,2344,0,-0.005243055412371883
4665,20230721-9AM_750_28_2344_1,0.81,94.0,750,28,2344,1,-0.09151498112135022
4666,20230721-9AM_750_28_2344_2,0.868,94.0,750,28,2344,2,-0.0614802748235081
4667,20230721-9AM_750_28_2344_3,1.009,94.0,750,28,2344,3,0.0038911662369104775
4668,20230721-9AM_750_28_2344_4,1.021,94.0,750,28,2344,4,0.009025742086910208
4669,20230721-9AM_750_28_2344_5,0.897,94.0,750,28,2344,5,-0.047207556955907906
4670,20230721-9AM_750_28_2344_6,0.889,94.0,750,28,2344,6,-0.0510982390297863
4671,20230721-9AM_750_28_2344_7,1.281,94.0,750,28,2344,7,0.10754912974468628
4672,20230721-9AM_680_28_2343_0,1.8,94.0,680,28,2343,0,0.25527250510330607
4673,20230721-9AM_680_28_2343_1,2.056,94.0,680,28,2343,1,0.31302311032323815
4674,20230721-9AM_680_28_2343_2,1.121,94.0,680,28,2343,2,0.04960561259497315
4675,20230721-9AM_680_28_2343_3,1.601,94.0,680,28,2343,3,0.20439133191929973
4676,20230721-9AM_680_28_2343_4,1.365,94.0,680,28,2343,4,0.13513265137677483
4677,20230721-9AM_680_28_2343_5,1.71,94.0,680,28,2343,5,0.23299611039215382
4678,20230721-9AM_680_28_2343_6,1.728,94.0,680,28,2343,6,0.23754373814287447
4679,20230721-9AM_680_28_2343_7,1.401,94.0,680,28,2343,7,0.1464381352857746
4680,20230721-9AM_750_28_2343_0,1.24,94.0,750,28,2343,0,0.09342168516223506
4681,20230721-9AM_750_28_2343_1,1.329,94.0,750,28,2343,1,0.12352498094273198
4682,20230721-9AM_750_28_2343_2,0.941,94.0,750,28,2343,2,-0.026410376572743116
4683,20230721-9AM_750_28_2343_3,1.093,94.0,750,28,2343,3,0.03862016194970278
4684,20230721-9AM_750_28_2343_4,1.011,94.0,750,28,2343,4,0.00475115559100102
4685,20230721-9AM_750_28_2343_5,1.213,94.0,750,28,2343,5,0.08386080086657301
4686,20230721-9AM_750_28_2343_6,1.206,94.0,750,28,2343,6,0.08134730780413249
4687,20230721-9AM_750_28_2343_7,1.002,94.0,750,28,2343,7,0.0008677215312269133
4688,20230721-9AM_680_28_1952_0,1.872,94.0,680,28,1952,0,0.27230584440208644
4689,20230721-9AM_680_28_1952_1,2.349,94.0,680,28,1952,1,0.3708830167776059
4690,20230721-9AM_680_28_1952_2,1.735,94.0,680,28,1952,2,0.23929947912689256
4691,20230721-9AM_680_28_1952_3,0.75,94.0,680,28,1952,3,-0.12493873660829995
4692,20230721-9AM_680_28_1952_4,0.747,94.0,680,28,1952,4,-0.12667939818460122
4693,20230721-9AM_680_28_1952_5,0.777,94.0,680,28,1952,5,-0.10957898119908573
4694,20230721-9AM_680_28_1952_6,0.949,94.0,680,28,1952,6,-0.022733787572707352
4695,20230721-9AM_680_28_1952_7,0.842,94.0,680,28,1952,7,-0.07468790850035051
4696,20230721-9AM_750_28_1952_0,1.189,94.0,750,28,1952,0,0.0751818546186916
4697,20230721-9AM_750_28_1952_1,1.269,94.0,750,28,1952,1,0.10346162209470475
4698,20230721-9AM_750_28_1952_2,1.259,94.0,750,28,1952,2,0.10002573010786256
4699,20230721-9AM_750_28_1952_3,0.665,94.0,750,28,1952,3,-0.17717835469689538
4700,20230721-9AM_750_28_1952_4,0.484,94.0,750,28,1952,4,-0.31515463835558755
4701,20230721-9AM_750_28_1952_5,0.511,94.0,750,28,1952,5,-0.29157909986528724
4702,20230721-9AM_750_28_1952_6,0.679,94.0,750,28,1952,6,-0.1681302257194983
4703,20230721-9AM_750_28_1952_7,0.562,94.0,750,28,1952,7,-0.2502636844309389
4704,20230721-9AM_680_28_2931_0,1.597,94.0,680,28,2931,0,0.20330491613848292
4705,20230721-9AM_680_28_2931_1,1.601,94.0,680,28,2931,1,0.20439133191929973
4706,20230721-9AM_680_28_2931_2,1.692,94.0,680,28,2931,2,0.2284003587030047
4707,20230721-9AM_680_28_2931_3,1.576,94.0,680,28,2931,3,0.19755621315353653
4708,20230721-9AM_680_28_2931_4,1.429,94.0,680,28,2931,4,0.15503222879097026
4709,20230721-9AM_680_28_2931_5,1.74,94.0,680,28,2931,5,0.24054924828259971
4710,20230721-9AM_680_28_2931_6,1.569,94.0,680,28,2931,6,0.19562294358693666
4711,20230721-9AM_680_28_2931_7,1.422,94.0,680,28,2931,7,0.15289959639374748
4712,20230721-9AM_750_28_2931_0,1.286,94.0,750,28,2931,0,0.10924096858820327
4713,20230721-9AM_750_28_2931_1,1.149,94.0,750,28,2931,1,0.060320028688285184
4714,20230721-9AM_750_28_2931_2,1.261,94.0,750,28,2931,2,0.10071508657308159
4715,20230721-9AM_750_28_2931_3,1.246,94.0,750,28,2931,3,0.09551804232315081
4716,20230721-9AM_750_28_2931_4,1.155,94.0,750,28,2931,4,0.06258198422816312
4717,20230721-9AM_750_28_2931_5,1.31,94.0,750,28,2931,5,0.11727129565576427
4718,20230721-9AM_750_28_2931_6,1.161,94.0,750,28,2931,6,0.06483221973857385
4719,20230721-9AM_750_28_2931_7,0.978,94.0,750,28,2931,7,-0.009661145212398569
4720,20230721-9AM_680_28_JG5_0,1.444,94.0,680,28,JG5,0,0.15956719323362029
4721,20230721-9AM_680_28_JG5_1,1.211,94.0,680,28,JG5,1,0.08314414314305227
4722,20230721-9AM_680_28_JG5_2,1.249,94.0,680,28,JG5,2,0.09656243837413556
4723,20230721-9AM_680_28_JG5_3,1.298,94.0,680,28,JG5,3,0.11327469246435044
4724,20230721-9AM_680_28_JG5_4,0.938,94.0,680,28,JG5,4,-0.027797161620935564
4725,20230721-9AM_680_28_JG5_5,1.357,94.0,680,28,JG5,5,0.13257984765973707
4726,20230721-9AM_680_28_JG5_6,1.092,94.0,680,28,JG5,6,0.03822263836871846
4727,20230721-9AM_680_28_JG5_7,1.442,94.0,680,28,JG5,7,0.15896526038341022
4728,20230721-9AM_750_28_JG5_0,1.084,94.0,750,28,JG5,0,0.03502928220236815
4729,20230721-9AM_750_28_JG5_1,0.851,94.0,750,28,JG5,1,-0.07007043991541213
4730,20230721-9AM_750_28_JG5_2,0.803,94.0,750,28,JG5,2,-0.09528445472131904
4731,20230721-9AM_750_28_JG5_3,0.869,94.0,750,28,JG5,3,-0.060980223551333534
4732,20230721-9AM_750_28_JG5_4,0.683,94.0,750,28,JG5,4,-0.1655792963184674
4733,20230721-9AM_750_28_JG5_5,0.976,94.0,750,28,JG5,5,-0.010550182333308195
4734,20230721-9AM_750_28_JG5_6,0.685,94.0,750,28,JG5,6,-0.1643094285075744
4735,20230721-9AM_750_28_JG5_7,1.036,94.0,750,28,JG5,7,0.015359755409214231
4736,20230721-9AM_680_28_BMS_0,1.469,94.0,680,28,BMS,0,0.16702179579025653
4737,20230721-9AM_680_28_BMS_1,1.669,94.0,680,28,BMS,1,0.22245633667924672
4738,20230721-9AM_680_28_BMS_2,1.698,94.0,680,28,BMS,2,0.22993768590793387
4739,20230721-9AM_680_28_BMS_3,1.258,94.0,680,28,BMS,3,0.09968064110925012
4740,20230721-9AM_680_28_BMS_4,1.674,94.0,680,28,BMS,4,0.22375545365724117
4741,20230721-9AM_680_28_BMS_5,1.588,94.0,680,28,BMS,5,0.20085049809107747
4742,20230721-9AM_680_28_BMS_6,1.648,94.0,680,28,BMS,6,0.21695720736109697
4743,20230721-9AM_680_28_BMS_7,1.54,94.0,680,28,BMS,7,0.18752072083646307
4744,20230721-9AM_750_28_BMS_0,1.045,94.0,750,28,BMS,0,0.01911629044707278
4745,20230721-9AM_750_28_BMS_1,1.115,94.0,750,28,BMS,1,0.04727486738417948
4746,20230721-9AM_750_28_BMS_2,1.099,94.0,750,28,BMS,2,0.04099769242349056
4747,20230721-9AM_750_28_BMS_3,0.893,94.0,750,28,BMS,3,-0.049148541111453566
4748,20230721-9AM_750_28_BMS_4,1.141,94.0,750,28,BMS,4,0.05728564441821465
4749,20230721-9AM_750_28_BMS_5,1.089,94.0,750,28,BMS,5,0.03702787975577494
4750,20230721-9AM_750_28_BMS_6,1.119,94.0,750,28,BMS,6,0.04883008652835004
4751,20230721-9AM_750_28_BMS_7,1.059,94.0,750,28,BMS,7,0.024895960107484977
4752,20230719-9PM_680_25_3059_0,1.676,58.0,680,25,3059,0,0.2242740142942577
4753,20230719-9PM_680_25_3059_1,1.801,58.0,680,25,3059,1,0.25551371281953333
4754,20230719-9PM_680_25_3059_2,1.949,58.0,680,25,3059,2,0.28981183911762143
4755,20230719-9PM_680_25_3059_3,1.928,58.0,680,25,3059,3,0.28510702956681194
4756,20230719-9PM_680_25_3059_4,1.313,58.0,680,25,3059,4,0.11826472608947933
4757,20230719-9PM_680_25_3059_5,2.189,58.0,680,25,3059,5,0.3402457615679317
4758,20230719-9PM_680_25_3059_6,2.035,58.0,680,25,3059,6,0.30856441356123887
4759,20230719-9PM_680_25_3059_7,1.791,58.0,680,25,3059,7,0.2530955858490315
4760,20230719-9PM_750_25_3059_0,0.993,58.0,750,25,3059,0,-0.0030507515046188267
4761,20230719-9PM_750_25_3059_1,1.087,58.0,750,25,3059,1,0.03622954408629453
4762,20230719-9PM_750_25_3059_2,1.093,58.0,750,25,3059,2,0.03862016194970278
4763,20230719-9PM_750_25_3059_3,1.155,58.0,750,25,3059,3,0.06258198422816312
4764,20230719-9PM_750_25_3059_4,0.848,58.0,750,25,3059,4,-0.07160414774328619
4765,20230719-9PM_750_25_3059_5,1.208,58.0,750,25,3059,5,0.08206693428511301
4766,20230719-9PM_750_25_3059_6,1.081,58.0,750,25,3059,6,0.03382569395331033
4767,20230719-9PM_750_25_3059_7,1.065,58.0,750,25,3059,7,0.027349607774756507
4768,20230719-9PM_680_25_1691_0,1.307,58.0,680,25,1691,0,0.11627558758054428
4769,20230719-9PM_680_25_1691_1,1.605,58.0,680,25,1691,1,0.20547503674089088
4770,20230719-9PM_680_25_1691_2,1.392,58.0,680,25,1691,2,0.14363923527454328
4771,20230719-9PM_680_25_1691_3,1.229,58.0,680,25,1691,3,0.08955188288645412
4772,20230719-9PM_680_25_1691_4,1.213,58.0,680,25,1691,4,0.08386080086657301
4773,20230719-9PM_680_25_1691_5,1.465,58.0,680,25,1691,5,0.16583762469012828
4774,20230719-9PM_680_25_1691_6,1.593,58.0,680,25,1691,6,0.20221577580113148
4775,20230719-9PM_680_25_1691_7,0.954,58.0,680,25,1691,7,-0.020451625295904902
4776,20230719-9PM_750_25_1691_0,0.681,58.0,750,25,1691,0,-0.16685288808721482
4777,20230719-9PM_750_25_1691_1,0.845,58.0,750,25,1691,1,-0.07314329105030767
4778,20230719-9PM_750_25_1691_2,0.773,58.0,750,25,1691,2,-0.11182050608167508
4779,20230719-9PM_750_25_1691_3,0.689,58.0,750,25,1691,3,-0.1617807780923742
4780,20230719-9PM_750_25_1691_4,0.71,58.0,750,25,1691,4,-0.14874165128092473
4781,20230719-9PM_750_25_1691_5,0.824,58.0,750,25,1691,5,-0.08407278830288423
4782,20230719-9PM_750_25_1691_6,0.885,58.0,750,25,1691,6,-0.05305672930217456
4783,20230719-9PM_750_25_1691_7,0.587,58.0,750,25,1691,7,-0.23136189875238555
4784,20230719-9PM_680_25_1690_0,1.674,58.0,680,25,1690,0,0.22375545365724117
4785,20230719-9PM_680_25_1690_1,1.125,58.0,680,25,1690,1,0.05115252244738129
4786,20230719-9PM_680_25_1690_2,1.94,58.0,680,25,1690,2,0.287801729930226
4787,20230719-9PM_680_25_1690_3,2.086,58.0,680,25,1690,3,0.31931430409051204
4788,20230719-9PM_680_25_1690_4,1.656,58.0,680,25,1690,4,0.2190603324488613
4789,20230719-9PM_680_25_1690_5,2.301,58.0,680,25,1690,5,0.36191661866864344
4790,20230719-9PM_680_25_1690_6,1.621,58.0,680,25,1690,6,0.20978301484851494
4791,20230719-9PM_680_25_1690_7,1.367,58.0,680,25,1690,7,0.13576851456782227
4792,20230719-9PM_750_25_1690_0,0.902,58.0,750,25,1690,0,-0.04479346245805826
4793,20230719-9PM_750_25_1690_1,0.619,58.0,750,25,1690,1,-0.208309350979882
4794,20230719-9PM_750_25_1690_2,1.192,58.0,750,25,1690,2,0.0762762554042176
4795,20230719-9PM_750_25_1690_3,1.169,58.0,750,25,1690,3,0.06781451116184012
4796,20230719-9PM_750_25_1690_4,1.071,58.0,750,25,1690,4,0.029789470831855614
4797,20230719-9PM_750_25_1690_5,1.156,58.0,750,25,1690,5,0.06295783408451022
4798,20230719-9PM_750_25_1690_6,1.071,58.0,750,25,1690,6,0.029789470831855614
4799,20230719-9PM_750_25_1690_7,0.808,58.0,750,25,1690,7,-0.09258863922541381
4800,20230719-9PM_680_25_2342_0,1.128,58.0,680,25,2342,0,0.05230909964732344
4801,20230719-9PM_680_25_2342_1,1.084,58.0,680,25,2342,1,0.03502928220236815
4802,20230719-9PM_680_25_2342_2,1.004,58.0,680,25,2342,2,0.0017337128090005314
4803,20230719-9PM_680_25_2342_3,1.121,58.0,680,25,2342,3,0.04960561259497315
4804,20230719-9PM_680_25_2342_4,0.038,58.0,680,25,2342,4,-1.4202164033831899
4805,20230719-9PM_680_25_2342_5,1.074,58.0,680,25,2342,5,0.031004281363536827
4806,20230719-9PM_680_25_2342_6,0.906,58.0,680,25,2342,6,-0.042871802323186915
4807,20230719-9PM_680_25_2342_7,0.956,58.0,680,25,2342,7,-0.019542107723899943
4808,20230719-9PM_750_25_2342_0,0.667,58.0,750,25,2342,0,-0.17587416608345102
4809,20230719-9PM_750_25_2342_1,0.654,58.0,750,25,2342,1,-0.18442225167573273
4810,20230719-9PM_750_25_2342_2,0.589,58.0,750,25,2342,2,-0.2298847052128984
4811,20230719-9PM_750_25_2342_3,0.71,58.0,750,25,2342,3,-0.14874165128092473
4812,20230719-9PM_750_25_2342_4,0.042,58.0,750,25,2342,4,-1.3767507096020994
4813,20230719-9PM_750_25_2342_5,0.599,58.0,750,25,2342,5,-0.22257317761068865
4814,20230719-9PM_750_25_2342_6,0.475,58.0,750,25,2342,6,-0.3233063903751334
4815,20230719-9PM_750_25_2342_7,0.576,58.0,750,25,2342,7,-0.239577516576788
4816,20230719-9PM_680_25_4532_0,1.668,58.0,680,25,4532,0,0.22219604630171988
4817,20230719-9PM_680_25_4532_1,1.508,58.0,680,25,4532,1,0.17840134153375525
4818,20230719-9PM_680_25_4532_2,1.614,58.0,680,25,4532,2,0.20790353038605164
4819,20230719-9PM_680_25_4532_3,1.857,58.0,680,25,4532,3,0.2688119037397804
4820,20230719-9PM_680_25_4532_4,1.756,58.0,680,25,4532,4,0.24452451157008376
4821,20230719-9PM_680_25_4532_5,1.821,58.0,680,25,4532,5,0.26030994579492
4822,20230719-9PM_680_25_4532_6,1.796,58.0,680,25,4532,6,0.2543063323312856
4823,20230719-9PM_680_25_4532_7,1.788,58.0,680,25,4532,7,0.25236751445989886
4824,20230719-9PM_750_25_4532_0,0.856,58.0,750,25,4532,0,-0.06752623532284678
4825,20230719-9PM_750_25_4532_1,0.829,58.0,750,25,4532,1,-0.08144546944972647
4826,20230719-9PM_750_25_4532_2,0.851,58.0,750,25,4532,2,-0.07007043991541213
4827,20230719-9PM_750_25_4532_3,0.942,58.0,750,25,4532,3,-0.025949097207122653
4828,20230719-9PM_750_25_4532_4,0.924,58.0,750,25,4532,4,-0.03432802877989328
4829,20230719-9PM_750_25_4532_5,0.942,58.0,750,25,4532,5,-0.025949097207122653
4830,20230719-9PM_750_25_4532_6,0.93,58.0,750,25,4532,6,-0.03151705144606486
4831,20230719-9PM_750_25_4532_7,0.898,58.0,750,25,4532,7,-0.04672366333269562
4832,20230719-9PM_680_25_2344_0,1.302,58.0,680,25,2344,0,0.11461098423217315
4833,20230719-9PM_680_25_2344_1,1.151,58.0,680,25,2344,1,0.06107532362979181
4834,20230719-9PM_680_25_2344_2,1.365,58.0,680,25,2344,2,0.13513265137677483
4835,20230719-9PM_680_25_2344_3,1.136,58.0,680,25,2344,3,0.05537833137500003
4836,20230719-9PM_680_25_2344_4,1.555,58.0,680,25,2344,4,0.1917303933628563
4837,20230719-9PM_680_25_2344_5,1.063,58.0,680,25,2344,5,0.026533264523296733
4838,20230719-9PM_680_25_2344_6,1.277,58.0,680,25,2344,6,0.10619089726341525
4839,20230719-9PM_680_25_2344_7,1.421,58.0,680,25,2344,7,0.15259407792746976
4840,20230719-9PM_750_25_2344_0,0.767,58.0,750,25,2344,0,-0.11520463605101904
4841,20230719-9PM_750_25_2344_1,0.647,58.0,750,25,2344,1,-0.1890957193312996
4842,20230719-9PM_750_25_2344_2,0.756,58.0,750,25,2344,2,-0.12147820449879346
4843,20230719-9PM_750_25_2344_3,0.643,58.0,750,25,2344,3,-0.1917890270757779
4844,20230719-9PM_750_25_2344_4,0.844,58.0,750,25,2344,4,-0.07365755337434496
4845,20230719-9PM_750_25_2344_5,0.634,58.0,750,25,2344,5,-0.1979107421182673
4846,20230719-9PM_750_25_2344_6,0.726,58.0,750,25,2344,6,-0.1390633792999063
4847,20230719-9PM_750_25_2344_7,0.842,58.0,750,25,2344,7,-0.07468790850035051
4848,20230719-9PM_680_25_2343_0,1.7,58.0,680,25,2343,0,0.2304489213782739
4849,20230719-9PM_680_25_2343_1,1.691,58.0,680,25,2343,1,0.22814360759774177
4850,20230719-9PM_680_25_2343_2,0.99,58.0,680,25,2343,2,-0.004364805402450088
4851,20230719-9PM_680_25_2343_3,1.42,58.0,680,25,2343,3,0.15228834438305647
4852,20230719-9PM_680_25_2343_4,1.412,58.0,680,25,2343,4,0.14983469671578492
4853,20230719-9PM_680_25_2343_5,1.278,58.0,680,25,2343,5,0.10653085382238137
4854,20230719-9PM_680_25_2343_6,1.307,58.0,680,25,2343,6,0.11627558758054428
4855,20230719-9PM_680_25_2343_7,1.348,58.0,680,25,2343,7,0.12968989219930105
4856,20230719-9PM_750_25_2343_0,1.059,58.0,750,25,2343,0,0.024895960107484977
4857,20230719-9PM_750_25_2343_1,1.102,58.0,750,25,2343,1,0.04218159451576628
4858,20230719-9PM_750_25_2343_2,0.578,58.0,750,25,2343,2,-0.23807216157947098
4859,20230719-9PM_750_25_2343_3,0.881,58.0,750,25,2343,3,-0.05502409158795209
4860,20230719-9PM_750_25_2343_4,0.843,58.0,750,25,2343,4,-0.07417242537525769
4861,20230719-9PM_750_25_2343_5,0.8,58.0,750,25,2343,5,-0.09691001300805639
4862,20230719-9PM_750_25_2343_6,0.865,58.0,750,25,2343,6,-0.06298389253518578
4863,20230719-9PM_750_25_2343_7,0.893,58.0,750,25,2343,7,-0.049148541111453566
4864,20230719-9PM_680_25_1952_0,1.029,58.0,680,25,1952,0,0.012415374762432893
4865,20230719-9PM_680_25_1952_1,1.7,58.0,680,25,1952,1,0.2304489213782739
4866,20230719-9PM_680_25_1952_2,0.672,58.0,680,25,1952,2,-0.17263072694617473
4867,20230719-9PM_680_25_1952_3,0.978,58.0,680,25,1952,3,-0.009661145212398569
4868,20230719-9PM_680_25_1952_4,0.708,58.0,680,25,1952,4,-0.149966742310231
4869,20230719-9PM_680_25_1952_5,0.826,58.0,680,25,1952,5,-0.0830199526796178
4870,20230719-9PM_680_25_1952_6,0.72,58.0,680,25,1952,6,-0.14266750356873156
4871,20230719-9PM_680_25_1952_7,1.146,58.0,680,25,1952,7,0.05918461763137114
4872,20230719-9PM_750_25_1952_0,0.641,58.0,750,25,1952,0,-0.19314197048118256
4873,20230719-9PM_750_25_1952_1,0.925,58.0,750,25,1952,1,-0.03385826726096737
4874,20230719-9PM_750_25_1952_2,0.419,58.0,750,25,1952,2,-0.3777859770337047
4875,20230719-9PM_750_25_1952_3,0.602,58.0,750,25,1952,3,-0.22040350874217546
4876,20230719-9PM_750_25_1952_4,0.352,58.0,750,25,1952,4,-0.453457336521869
4877,20230719-9PM_750_25_1952_5,0.519,58.0,750,25,1952,5,-0.28483264215154214
4878,20230719-9PM_750_25_1952_6,0.423,58.0,750,25,1952,6,-0.37365963262495766
4879,20230719-9PM_750_25_1952_7,0.61,58.0,750,25,1952,7,-0.21467016498923297
4880,20230719-9PM_680_25_2931_0,1.1,58.0,680,25,2931,0,0.04139268515822508
4881,20230719-9PM_680_25_2931_1,1.565,58.0,680,25,2931,1,0.19451434188246727
4882,20230719-9PM_680_25_2931_2,1.22,58.0,680,25,2931,2,0.08635983067474821
4883,20230719-9PM_680_25_2931_3,1.303,58.0,680,25,2931,3,0.11494441571258467
4884,20230719-9PM_680_25_2931_4,1.285,58.0,680,25,2931,4,0.10890312766731332
4885,20230719-9PM_680_25_2931_5,1.187,58.0,680,25,2931,5,0.07445071895459124
4886,20230719-9PM_680_25_2931_6,1.026,58.0,680,25,2931,6,0.011147360775797479
4887,20230719-9PM_680_25_2931_7,1.275,58.0,680,25,2931,7,0.10551018476997394
4888,20230719-9PM_750_25_2931_0,0.717,58.0,750,25,2931,0,-0.1444808443321999
4889,20230719-9PM_750_25_2931_1,0.906,58.0,750,25,2931,1,-0.042871802323186915
4890,20230719-9PM_750_25_2931_2,0.767,58.0,750,25,2931,2,-0.11520463605101904
4891,20230719-9PM_750_25_2931_3,0.801,58.0,750,25,2931,3,-0.09636748391576232
4892,20230719-9PM_750_25_2931_4,0.806,58.0,750,25,2931,4,-0.09366495819490933
4893,20230719-9PM_750_25_2931_5,0.741,58.0,750,25,2931,5,-0.13018179202067184
4894,20230719-9PM_750_25_2931_6,0.636,58.0,750,25,2931,6,-0.19654288435158612
4895,20230719-9PM_750_25_2931_7,0.719,58.0,750,25,2931,7,-0.14327110961711742
4896,20230719-9PM_680_25_JG5_0,1.174,58.0,680,25,JG5,0,0.06966809691159564
4897,20230719-9PM_680_25_JG5_1,1.072,58.0,680,25,JG5,1,0.03019478535675124
4898,20230719-9PM_680_25_JG5_2,1.06,58.0,680,25,JG5,2,0.02530586526477026
4899,20230719-9PM_680_25_JG5_3,1.169,58.0,680,25,JG5,3,0.06781451116184012
4900,20230719-9PM_680_25_JG5_4,0.828,58.0,680,25,JG5,4,-0.08196966321511988
4901,20230719-9PM_680_25_JG5_5,0.901,58.0,680,25,JG5,5,-0.04527520902093701
4902,20230719-9PM_680_25_JG5_6,1.268,58.0,680,25,JG5,6,0.10311925354571388
4903,20230719-9PM_680_25_JG5_7,1.589,58.0,680,25,JG5,7,0.20112389720737955
4904,20230719-9PM_750_25_JG5_0,0.648,58.0,750,25,JG5,0,-0.18842499412940666
4905,20230719-9PM_750_25_JG5_1,0.607,58.0,750,25,JG5,1,-0.21681130892474243
4906,20230719-9PM_750_25_JG5_2,0.577,58.0,750,25,JG5,2,-0.2388241868442686
4907,20230719-9PM_750_25_JG5_3,0.617,58.0,750,25,JG5,3,-0.20971483596675833
4908,20230719-9PM_750_25_JG5_4,0.418,58.0,750,25,JG5,4,-0.3788237182249648
4909,20230719-9PM_750_25_JG5_5,0.544,58.0,750,25,JG5,5,-0.26440110030182007
4910,20230719-9PM_750_25_JG5_6,0.655,58.0,750,25,JG5,6,-0.18375870000821692
4911,20230719-9PM_750_25_JG5_7,0.849,58.0,750,25,JG5,7,-0.07109230975604734
4912,20230719-9PM_680_25_BMS_0,1.481,58.0,680,25,BMS,0,0.1705550585212085
4913,20230719-9PM_680_25_BMS_1,1.502,58.0,680,25,BMS,1,0.1766699326681496
4914,20230719-9PM_680_25_BMS_2,1.58,58.0,680,25,BMS,2,0.19865708695442263
4915,20230719-9PM_680_25_BMS_3,1.502,58.0,680,25,BMS,3,0.1766699326681496
4916,20230719-9PM_680_25_BMS_4,1.594,58.0,680,25,BMS,4,0.20248831706009357
4917,20230719-9PM_680_25_BMS_5,1.676,58.0,680,25,BMS,5,0.2242740142942577
4918,20230719-9PM_680_25_BMS_6,1.534,58.0,680,25,BMS,6,0.18582535961296218
4919,20230719-9PM_680_25_BMS_7,1.456,58.0,680,25,BMS,7,0.16316137497701838
4920,20230719-9PM_750_25_BMS_0,0.808,58.0,750,25,BMS,0,-0.09258863922541381
4921,20230719-9PM_750_25_BMS_1,0.876,58.0,750,25,BMS,1,-0.05749589383191927
4922,20230719-9PM_750_25_BMS_2,0.894,58.0,750,25,BMS,2,-0.04866248120408232
4923,20230719-9PM_750_25_BMS_3,0.834,58.0,750,25,BMS,3,-0.0788339493622613
4924,20230719-9PM_750_25_BMS_4,0.909,58.0,750,25,BMS,4,-0.041436116778032536
4925,20230719-9PM_750_25_BMS_5,0.902,58.0,750,25,BMS,5,-0.04479346245805826
4926,20230719-9PM_750_25_BMS_6,0.868,58.0,750,25,BMS,6,-0.0614802748235081
4927,20230719-9PM_750_25_BMS_7,0.832,58.0,750,25,BMS,7,-0.07987667370927608
4928,20230719-9PM_680_32_3059_0,1.757,58.0,680,32,3059,0,0.24477176149529495
4929,20230719-9PM_680_32_3059_1,1.608,58.0,680,32,3059,1,0.20628604441243248
4930,20230719-9PM_680_32_3059_2,1.342,58.0,680,32,3059,2,0.12775251583297328
4931,20230719-9PM_680_32_3059_3,1.368,58.0,680,32,3059,3,0.13608609738409747
4932,20230719-9PM_680_32_3059_4,1.212,58.0,680,32,3059,4,0.0835026198302674
4933,20230719-9PM_680_32_3059_5,0.896,58.0,680,32,3059,5,-0.047691990337874794
4934,20230719-9PM_680_32_3059_6,1.732,58.0,680,32,3059,6,0.23854788768132784
4935,20230719-9PM_680_32_3059_7,1.101,58.0,680,32,3059,7,0.041787318971751766
4936,20230719-9PM_750_32_3059_0,0.99,58.0,750,32,3059,0,-0.004364805402450088
4937,20230719-9PM_750_32_3059_1,0.914,58.0,750,32,3059,1,-0.039053804266168564
4938,20230719-9PM_750_32_3059_2,0.704,58.0,750,32,3059,2,-0.1524273408578878
4939,20230719-9PM_750_32_3059_3,0.775,58.0,750,32,3059,3,-0.1106982974936897
4940,20230719-9PM_750_32_3059_4,0.803,58.0,750,32,3059,4,-0.09528445472131904
4941,20230719-9PM_750_32_3059_5,0.521,58.0,750,32,3059,5,-0.2831622767004755
4942,20230719-9PM_750_32_3059_6,1.0,58.0,750,32,3059,6,0.0
4943,20230719-9PM_750_32_3059_7,0.759,58.0,750,32,3059,7,-0.11975822410451964
4944,20230719-9PM_680_32_1691_0,1.304,58.0,680,32,1691,0,0.11527759139590141
4945,20230719-9PM_680_32_1691_1,1.303,58.0,680,32,1691,1,0.11494441571258467
4946,20230719-9PM_680_32_1691_2,1.507,58.0,680,32,1691,2,0.1781132523146318
4947,20230719-9PM_680_32_1691_3,0.883,58.0,680,32,1691,3,-0.05403929642243141
4948,20230719-9PM_680_32_1691_4,1.284,58.0,680,32,1691,4,0.10856502373283448
4949,20230719-9PM_680_32_1691_5,0.904,58.0,680,32,1691,5,-0.04383156952463668
4950,20230719-9PM_680_32_1691_6,0.777,58.0,680,32,1691,6,-0.10957898119908573
4951,20230719-9PM_680_32_1691_7,1.041,58.0,680,32,1691,7,0.017450729510536125
4952,20230719-9PM_750_32_1691_0,0.691,58.0,750,32,1691,0,-0.16052195262580163
4953,20230719-9PM_750_32_1691_1,0.72,58.0,750,32,1691,1,-0.14266750356873156
4954,20230719-9PM_750_32_1691_2,0.73,58.0,750,32,1691,2,-0.1366771398795441
4955,20230719-9PM_750_32_1691_3,0.503,58.0,750,32,1691,3,-0.2984320149440726
4956,20230719-9PM_750_32_1691_4,0.729,58.0,750,32,1691,4,-0.1372724716820254
4957,20230719-9PM_750_32_1691_5,0.5,58.0,750,32,1691,5,-0.3010299956639812
4958,20230719-9PM_750_32_1691_6,0.399,58.0,750,32,1691,6,-0.3990271043132517
4959,20230719-9PM_750_32_1691_7,0.575,58.0,750,32,1691,7,-0.24033215531036956
4960,20230719-9PM_680_32_1690_0,2.206,58.0,680,32,1690,0,0.3436055081041718
4961,20230719-9PM_680_32_1690_1,1.661,58.0,680,32,1690,1,0.2203696324513945
4962,20230719-9PM_680_32_1690_2,2.173,58.0,680,32,1690,2,0.33705972632052456
4963,20230719-9PM_680_32_1690_3,1.945,58.0,680,32,1690,3,0.28891960566172653
4964,20230719-9PM_680_32_1690_4,2.46,58.0,680,32,1690,4,0.39093510710337914
4965,20230719-9PM_680_32_1690_5,1.593,58.0,680,32,1690,5,0.20221577580113148
4966,20230719-9PM_680_32_1690_6,1.313,58.0,680,32,1690,6,0.11826472608947933
4967,20230719-9PM_680_32_1690_7,2.132,58.0,680,32,1690,7,0.3287872003545347
4968,20230719-9PM_750_32_1690_0,1.036,58.0,750,32,1690,0,0.015359755409214231
4969,20230719-9PM_750_32_1690_1,0.943,58.0,750,32,1690,1,-0.02548830726267165
4970,20230719-9PM_750_32_1690_2,1.115,58.0,750,32,1690,2,0.04727486738417948
4971,20230719-9PM_750_32_1690_3,1.091,58.0,750,32,1690,3,0.037824750588341866
4972,20230719-9PM_750_32_1690_4,1.222,58.0,750,32,1690,4,0.08707120590653541
4973,20230719-9PM_750_32_1690_5,0.848,58.0,750,32,1690,5,-0.07160414774328619
4974,20230719-9PM_750_32_1690_6,0.87,58.0,750,32,1690,6,-0.060480747381381476
4975,20230719-9PM_750_32_1690_7,1.104,58.0,750,32,1690,7,0.04296907339318013
4976,20230719-9PM_680_32_2342_0,1.177,58.0,680,32,2342,0,0.0707764628434347
4977,20230719-9PM_680_32_2342_1,1.274,58.0,680,32,2342,1,0.10516942799933163
4978,20230719-9PM_680_32_2342_2,0.863,58.0,680,32,2342,2,-0.06398920428479041
4979,20230719-9PM_680_32_2342_3,1.188,58.0,680,32,2342,3,0.07481644064517472
4980,20230719-9PM_680_32_2342_4,0.036,58.0,680,32,2342,4,-1.4436974992327127
4981,20230719-9PM_680_32_2342_5,1.341,58.0,680,32,2342,5,0.1274287778515989
4982,20230719-9PM_680_32_2342_6,0.809,58.0,680,32,2342,6,-0.09205147838772766
4983,20230719-9PM_680_32_2342_7,0.873,58.0,680,32,2342,7,-0.05898575629443027
4984,20230719-9PM_750_32_2342_0,0.605,58.0,750,32,2342,0,-0.2182446253475311
4985,20230719-9PM_750_32_2342_1,0.647,58.0,750,32,2342,1,-0.1890957193312996
4986,20230719-9PM_750_32_2342_2,0.467,58.0,750,32,2342,2,-0.33068311943388784
4987,20230719-9PM_750_32_2342_3,0.594,58.0,750,32,2342,3,-0.22621355501880647
4988,20230719-9PM_750_32_2342_4,0.041,58.0,750,32,2342,4,-1.3872161432802645
4989,20230719-9PM_750_32_2342_5,0.651,58.0,750,32,2342,5,-0.18641901143180803
4990,20230719-9PM_750_32_2342_6,0.536,58.0,750,32,2342,6,-0.27083521030722996
4991,20230719-9PM_750_32_2342_7,0.442,58.0,750,32,2342,7,-0.3545777306509081
4992,20230719-9PM_680_32_4532_0,1.042,58.0,680,32,4532,0,0.017867718963505686
4993,20230719-9PM_680_32_4532_1,1.11,58.0,680,32,4532,1,0.045322978786657475
4994,20230719-9PM_680_32_4532_2,1.858,58.0,680,32,4532,2,0.269045709657623
4995,20230719-9PM_680_32_4532_3,1.207,58.0,680,32,4532,3,0.08170727009734924
4996,20230719-9PM_680_32_4532_4,1.286,58.0,680,32,4532,4,0.10924096858820327
4997,20230719-9PM_680_32_4532_5,1.306,58.0,680,32,4532,5,0.11594317693905513
4998,20230719-9PM_680_32_4532_6,1.184,58.0,680,32,4532,6,0.07335170238690095
4999,20230719-9PM_680_32_4532_7,1.011,58.0,680,32,4532,7,0.00475115559100102
5000,20230719-9PM_750_32_4532_0,0.596,58.0,750,32,4532,0,-0.22475374025976358
5001,20230719-9PM_750_32_4532_1,0.664,58.0,750,32,4532,1,-0.1778319206319825
5002,20230719-9PM_750_32_4532_2,0.976,58.0,750,32,4532,2,-0.010550182333308195
5003,20230719-9PM_750_32_4532_3,0.716,58.0,750,32,4532,3,-0.14508697769214446
5004,20230719-9PM_750_32_4532_4,0.757,58.0,750,32,4532,4,-0.12090412049992724
5005,20230719-9PM_750_32_4532_5,0.636,58.0,750,32,4532,5,-0.19654288435158612
5006,20230719-9PM_750_32_4532_6,0.702,58.0,750,32,4532,6,-0.15366288787019475
5007,20230719-9PM_750_32_4532_7,0.523,58.0,750,32,4532,7,-0.2814983111327257
5008,20230719-9PM_680_32_2344_0,1.607,58.0,680,32,2344,0,0.20601587676334454
5009,20230719-9PM_680_32_2344_1,1.413,58.0,680,32,2344,1,0.1501421618485586
5010,20230719-9PM_680_32_2344_2,1.265,58.0,680,32,2344,2,0.10209052551183669
5011,20230719-9PM_680_32_2344_3,0.973,58.0,680,32,2344,3,-0.0118871597316481
5012,20230719-9PM_680_32_2344_4,1.266,58.0,680,32,2344,4,0.1024337056813363
5013,20230719-9PM_680_32_2344_5,1.361,58.0,680,32,2344,5,0.13385812520333468
5014,20230719-9PM_680_32_2344_6,1.006,58.0,680,32,2344,6,0.0025979807199085947
5015,20230719-9PM_680_32_2344_7,1.558,58.0,680,32,2344,7,0.19256745333654565
5016,20230719-9PM_750_32_2344_0,0.92,58.0,750,32,2344,0,-0.036212172654444715
5017,20230719-9PM_750_32_2344_1,0.856,58.0,750,32,2344,1,-0.06752623532284678
5018,20230719-9PM_750_32_2344_2,0.824,58.0,750,32,2344,2,-0.08407278830288423
5019,20230719-9PM_750_32_2344_3,0.64,58.0,750,32,2344,3,-0.1938200260161128
5020,20230719-9PM_750_32_2344_4,0.776,58.0,750,32,2344,4,-0.11013827874181155
5021,20230719-9PM_750_32_2344_5,0.873,58.0,750,32,2344,5,-0.05898575629443027
5022,20230719-9PM_750_32_2344_6,0.635,58.0,750,32,2344,6,-0.1972262747080243
5023,20230719-9PM_750_32_2344_7,1.002,58.0,750,32,2344,7,0.0008677215312269133
5024,20230719-9PM_680_32_2343_0,2.077,58.0,680,32,2343,0,0.3174364965350991
5025,20230719-9PM_680_32_2343_1,1.834,58.0,680,32,2343,1,0.2633993313340023
5026,20230719-9PM_680_32_2343_2,1.2,58.0,680,32,2343,2,0.07918124604762482
5027,20230719-9PM_680_32_2343_3,1.48,58.0,680,32,2343,3,0.17026171539495738
5028,20230719-9PM_680_32_2343_4,1.103,58.0,680,32,2343,4,0.04257551244019059
5029,20230719-9PM_680_32_2343_5,1.534,58.0,680,32,2343,5,0.18582535961296218
5030,20230719-9PM_680_32_2343_6,1.222,58.0,680,32,2343,6,0.08707120590653541
5031,20230719-9PM_680_32_2343_7,1.102,58.0,680,32,2343,7,0.04218159451576628
5032,20230719-9PM_750_32_2343_0,1.104,58.0,750,32,2343,0,0.04296907339318013
5033,20230719-9PM_750_32_2343_1,1.03,58.0,750,32,2343,1,0.012837224705172217
5034,20230719-9PM_750_32_2343_2,0.582,58.0,750,32,2343,2,-0.23507701535011155
5035,20230719-9PM_750_32_2343_3,0.781,58.0,750,32,2343,3,-0.10734896612269966
5036,20230719-9PM_750_32_2343_4,0.623,58.0,750,32,2343,4,-0.2055119533408304
5037,20230719-9PM_750_32_2343_5,0.848,58.0,750,32,2343,5,-0.07160414774328619
5038,20230719-9PM_750_32_2343_6,0.812,58.0,750,32,2343,6,-0.09044397075882467
5039,20230719-9PM_750_32_2343_7,0.805,58.0,750,32,2343,7,-0.09420411963213146
5040,20230719-9PM_680_32_1952_0,2.097,58.0,680,32,1952,0,0.32159843046534387
5041,20230719-9PM_680_32_1952_1,1.74,58.0,680,32,1952,1,0.24054924828259971
5042,20230719-9PM_680_32_1952_2,1.456,58.0,680,32,1952,2,0.16316137497701838
5043,20230719-9PM_680_32_1952_3,1.378,58.0,680,32,1952,3,0.13924921757160696
5044,20230719-9PM_680_32_1952_4,1.342,58.0,680,32,1952,4,0.12775251583297328
5045,20230719-9PM_680_32_1952_5,1.23,58.0,680,32,1952,5,0.08990511143939793
5046,20230719-9PM_680_32_1952_6,1.221,58.0,680,32,1952,6,0.0867156639448825
5047,20230719-9PM_680_32_1952_7,0.363,58.0,680,32,1952,7,-0.4400933749638875
5048,20230719-9PM_750_32_1952_0,1.04,58.0,750,32,1952,0,0.01703333929878037
5049,20230719-9PM_750_32_1952_1,0.921,58.0,750,32,1952,1,-0.03574036980315106
5050,20230719-9PM_750_32_1952_2,0.874,58.0,750,32,1952,2,-0.05848856736559697
5051,20230719-9PM_750_32_1952_3,0.817,58.0,750,32,1952,3,-0.08777794346758454
5052,20230719-9PM_750_32_1952_4,0.779,58.0,750,32,1952,4,-0.10846254232743553
5053,20230719-9PM_750_32_1952_5,0.773,58.0,750,32,1952,5,-0.11182050608167508
5054,20230719-9PM_750_32_1952_6,0.772,58.0,750,32,1952,6,-0.11238269966426384
5055,20230719-9PM_750_32_1952_7,0.217,58.0,750,32,1952,7,-0.6635402661514705
5056,20230719-9PM_680_32_2931_0,1.579,58.0,680,32,2931,0,0.19838213000829422
5057,20230719-9PM_680_32_2931_1,1.792,58.0,680,32,2931,1,0.2533380053261064
5058,20230719-9PM_680_32_2931_2,1.819,58.0,680,32,2931,2,0.25983269906348355
5059,20230719-9PM_680_32_2931_3,1.698,58.0,680,32,2931,3,0.22993768590793387
5060,20230719-9PM_680_32_2931_4,1.477,58.0,680,32,2931,4,0.1693804953119495
5061,20230719-9PM_680_32_2931_5,1.794,58.0,680,32,2931,5,0.2538224387080733
5062,20230719-9PM_680_32_2931_6,1.669,58.0,680,32,2931,6,0.22245633667924672
5063,20230719-9PM_680_32_2931_7,1.66,58.0,680,32,2931,7,0.22010808804005508
5064,20230719-9PM_750_32_2931_0,0.936,58.0,750,32,2931,0,-0.028724151261894745
5065,20230719-9PM_750_32_2931_1,1.047,58.0,750,32,2931,1,0.019946681678842306
5066,20230719-9PM_750_32_2931_2,1.067,58.0,750,32,2931,2,0.028164419424469872
5067,20230719-9PM_750_32_2931_3,0.945,58.0,750,32,2931,3,-0.024568191490737076
5068,20230719-9PM_750_32_2931_4,0.933,58.0,750,32,2931,4,-0.030118356253500032
5069,20230719-9PM_750_32_2931_5,1.092,58.0,750,32,2931,5,0.03822263836871846
5070,20230719-9PM_750_32_2931_6,0.993,58.0,750,32,2931,6,-0.0030507515046188267
5071,20230719-9PM_750_32_2931_7,1.04,58.0,750,32,2931,7,0.01703333929878037
5072,20230719-9PM_680_32_JG5_0,0.691,58.0,680,32,JG5,0,-0.16052195262580163
5073,20230719-9PM_680_32_JG5_1,0.946,58.0,680,32,JG5,1,-0.02410886359820726
5074,20230719-9PM_680_32_JG5_2,1.305,58.0,680,32,JG5,2,0.11561051167429974
5075,20230719-9PM_680_32_JG5_3,1.79,58.0,680,32,JG5,3,0.2528530309798932
5076,20230719-9PM_680_32_JG5_4,1.402,58.0,680,32,JG5,4,0.14674801363063983
5077,20230719-9PM_680_32_JG5_5,1.296,58.0,680,32,JG5,5,0.11260500153457455
5078,20230719-9PM_680_32_JG5_6,2.256,58.0,680,32,JG5,6,0.35333909531130464
5079,20230719-9PM_680_32_JG5_7,1.392,58.0,680,32,JG5,7,0.14363923527454328
5080,20230719-9PM_750_32_JG5_0,0.443,58.0,750,32,JG5,0,-0.3535962737769304
5081,20230719-9PM_750_32_JG5_1,0.536,58.0,750,32,JG5,1,-0.27083521030722996
5082,20230719-9PM_750_32_JG5_2,0.629,58.0,750,32,JG5,2,-0.20134935455473107
5083,20230719-9PM_750_32_JG5_3,0.844,58.0,750,32,JG5,3,-0.07365755337434496
5084,20230719-9PM_750_32_JG5_4,0.678,58.0,750,32,JG5,4,-0.16877030613293661
5085,20230719-9PM_750_32_JG5_5,0.68,58.0,750,32,JG5,5,-0.16749108729376366
5086,20230719-9PM_750_32_JG5_6,0.92,58.0,750,32,JG5,6,-0.036212172654444715
5087,20230719-9PM_750_32_JG5_7,0.726,58.0,750,32,JG5,7,-0.1390633792999063
5088,20230719-9PM_680_32_BMS_0,1.663,58.0,680,32,BMS,0,0.22089224921951925
5089,20230719-9PM_680_32_BMS_1,1.618,58.0,680,32,BMS,1,0.20897851727625352
5090,20230719-9PM_680_32_BMS_2,1.758,58.0,680,32,BMS,2,0.24501887073775308
5091,20230719-9PM_680_32_BMS_3,1.638,58.0,680,32,BMS,3,0.21431389742439963
5092,20230719-9PM_680_32_BMS_4,1.579,58.0,680,32,BMS,4,0.19838213000829422
5093,20230719-9PM_680_32_BMS_5,1.567,58.0,680,32,BMS,5,0.1950689964685901
5094,20230719-9PM_680_32_BMS_6,1.485,58.0,680,32,BMS,6,0.1717264536532312
5095,20230719-9PM_680_32_BMS_7,1.658,58.0,680,32,BMS,7,0.21958452621425473
5096,20230719-9PM_750_32_BMS_0,0.994,58.0,750,32,BMS,0,-0.00261361560268669
5097,20230719-9PM_750_32_BMS_1,0.966,58.0,750,32,BMS,1,-0.015022873584506671
5098,20230719-9PM_750_32_BMS_2,0.992,58.0,750,32,BMS,2,-0.0034883278458213473
5099,20230719-9PM_750_32_BMS_3,0.957,58.0,750,32,BMS,3,-0.01908806222315645
5100,20230719-9PM_750_32_BMS_4,0.963,58.0,750,32,BMS,4,-0.0163737128754655
5101,20230719-9PM_750_32_BMS_5,0.947,58.0,750,32,BMS,5,-0.0236500209967266
5102,20230719-9PM_750_32_BMS_6,0.902,58.0,750,32,BMS,6,-0.04479346245805826
5103,20230719-9PM_750_32_BMS_7,0.986,58.0,750,32,BMS,7,-0.0061230850587887945
5104,20230719-9PM_680_28_3059_0,1.7,58.0,680,28,3059,0,0.2304489213782739
5105,20230719-9PM_680_28_3059_1,1.927,58.0,680,28,3059,1,0.284881714655453
5106,20230719-9PM_680_28_3059_2,2.102,58.0,680,28,3059,2,0.3226327116922234
5107,20230719-9PM_680_28_3059_3,1.775,58.0,680,28,3059,3,0.24919835739111287
5108,20230719-9PM_680_28_3059_4,1.961,58.0,680,28,3059,4,0.2924775936677841
5109,20230719-9PM_680_28_3059_5,1.983,58.0,680,28,3059,5,0.2973227142053027
5110,20230719-9PM_680_28_3059_6,2.034,58.0,680,28,3059,6,0.30835094858672574
5111,20230719-9PM_680_28_3059_7,1.646,58.0,680,28,3059,7,0.216429830876251
5112,20230719-9PM_750_28_3059_0,1.007,58.0,750,28,3059,0,0.003029470553617962
5113,20230719-9PM_750_28_3059_1,1.21,58.0,750,28,3059,1,0.08278537031645007
5114,20230719-9PM_750_28_3059_2,1.141,58.0,750,28,3059,2,0.05728564441821465
5115,20230719-9PM_750_28_3059_3,1.224,58.0,750,28,3059,3,0.08778141780954238
5116,20230719-9PM_750_28_3059_4,1.223,58.0,750,28,3059,4,0.08742645703628549
5117,20230719-9PM_750_28_3059_5,1.208,58.0,750,28,3059,5,0.08206693428511301
5118,20230719-9PM_750_28_3059_6,1.161,58.0,750,28,3059,6,0.06483221973857385
5119,20230719-9PM_750_28_3059_7,1.128,58.0,750,28,3059,7,0.05230909964732344
5120,20230719-9PM_680_28_1691_0,1.543,58.0,680,28,1691,0,0.18836592606314825
5121,20230719-9PM_680_28_1691_1,1.488,58.0,680,28,1691,1,0.1726029312098599
5122,20230719-9PM_680_28_1691_2,1.602,58.0,680,28,1691,2,0.20466251174821887
5123,20230719-9PM_680_28_1691_3,1.138,58.0,680,28,1691,3,0.05614226205905233
5124,20230719-9PM_680_28_1691_4,1.14,58.0,680,28,1691,4,0.05690485133647256
5125,20230719-9PM_680_28_1691_5,1.11,58.0,680,28,1691,5,0.045322978786657475
5126,20230719-9PM_680_28_1691_6,1.162,58.0,680,28,1691,6,0.0652061280543119
5127,20230719-9PM_680_28_1691_7,1.101,58.0,680,28,1691,7,0.041787318971751766
5128,20230719-9PM_750_28_1691_0,0.842,58.0,750,28,1691,0,-0.07468790850035051
5129,20230719-9PM_750_28_1691_1,0.763,58.0,750,28,1691,1,-0.11747546204511952
5130,20230719-9PM_750_28_1691_2,0.921,58.0,750,28,1691,2,-0.03574036980315106
5131,20230719-9PM_750_28_1691_3,0.694,58.0,750,28,1691,3,-0.15864052954514513
5132,20230719-9PM_750_28_1691_4,0.683,58.0,750,28,1691,4,-0.1655792963184674
5133,20230719-9PM_750_28_1691_5,0.627,58.0,750,28,1691,5,-0.20273245916928356
5134,20230719-9PM_750_28_1691_6,0.696,58.0,750,28,1691,6,-0.15739076038943792
5135,20230719-9PM_750_28_1691_7,0.704,58.0,750,28,1691,7,-0.1524273408578878
5136,20230719-9PM_680_28_1690_0,1.749,58.0,680,28,1690,0,0.24278980947867654
5137,20230719-9PM_680_28_1690_1,0.85,58.0,680,28,1690,1,-0.07058107428570728
5138,20230719-9PM_680_28_1690_2,2.074,58.0,680,28,1690,2,0.3168087520530221
5139,20230719-9PM_680_28_1690_3,1.91,58.0,680,28,1690,3,0.28103336724772754
5140,20230719-9PM_680_28_1690_4,1.822,58.0,680,28,1690,4,0.26054837263697944
5141,20230719-9PM_680_28_1690_5,1.45,58.0,680,28,1690,5,0.16136800223497488
5142,20230719-9PM_680_28_1690_6,2.079,58.0,680,28,1690,6,0.3178544893314692
5143,20230719-9PM_680_28_1690_7,1.058,58.0,680,28,1690,7,0.024485667699166973
5144,20230719-9PM_750_28_1690_0,0.958,58.0,750,28,1690,0,-0.018634490921455603
5145,20230719-9PM_750_28_1690_1,0.523,58.0,750,28,1690,1,-0.2814983111327257
5146,20230719-9PM_750_28_1690_2,1.204,58.0,750,28,1690,2,0.08062648692180573
5147,20230719-9PM_750_28_1690_3,1.129,58.0,750,28,1690,3,0.05269394192496786
5148,20230719-9PM_750_28_1690_4,1.034,58.0,750,28,1690,4,0.014520538757923713
5149,20230719-9PM_750_28_1690_5,0.86,58.0,750,28,1690,5,-0.06550154875643228
5150,20230719-9PM_750_28_1690_6,1.212,58.0,750,28,1690,6,0.0835026198302674
5151,20230719-9PM_750_28_1690_7,0.599,58.0,750,28,1690,7,-0.22257317761068865
5152,20230719-9PM_680_28_2342_0,0.695,58.0,680,28,2342,0,-0.15801519540988615
5153,20230719-9PM_680_28_2342_1,0.927,58.0,680,28,2342,1,-0.0329202658555029
5154,20230719-9PM_680_28_2342_2,1.087,58.0,680,28,2342,2,0.03622954408629453
5155,20230719-9PM_680_28_2342_3,1.03,58.0,680,28,2342,3,0.012837224705172217
5156,20230719-9PM_680_28_2342_4,0.037,58.0,680,28,2342,4,-1.431798275933005
5157,20230719-9PM_680_28_2342_5,1.004,58.0,680,28,2342,5,0.0017337128090005314
5158,20230719-9PM_680_28_2342_6,0.745,58.0,680,28,2342,6,-0.12784372725170717
5159,20230719-9PM_680_28_2342_7,0.936,58.0,680,28,2342,7,-0.028724151261894745
5160,20230719-9PM_750_28_2342_0,0.435,58.0,750,28,2342,0,-0.3615107430453627
5161,20230719-9PM_750_28_2342_1,0.567,58.0,750,28,2342,1,-0.24641694110709345
5162,20230719-9PM_750_28_2342_2,0.691,58.0,750,28,2342,2,-0.16052195262580163
5163,20230719-9PM_750_28_2342_3,0.685,58.0,750,28,2342,3,-0.1643094285075744
5164,20230719-9PM_750_28_2342_4,0.041,58.0,750,28,2342,4,-1.3872161432802645
5165,20230719-9PM_750_28_2342_5,0.662,58.0,750,28,2342,5,-0.17914201056030005
5166,20230719-9PM_750_28_2342_6,0.54,58.0,750,28,2342,6,-0.26760624017703144
5167,20230719-9PM_750_28_2342_7,0.648,58.0,750,28,2342,7,-0.18842499412940666
5168,20230719-9PM_680_28_4532_0,1.573,58.0,680,28,4532,0,0.19672872262328683
5169,20230719-9PM_680_28_4532_1,1.49,58.0,680,28,4532,1,0.17318626841227402
5170,20230719-9PM_680_28_4532_2,1.309,58.0,680,28,4532,2,0.11693964655075578
5171,20230719-9PM_680_28_4532_3,1.803,58.0,680,28,4532,3,0.25599572672240195
5172,20230719-9PM_680_28_4532_4,1.534,58.0,680,28,4532,4,0.18582535961296218
5173,20230719-9PM_680_28_4532_5,1.597,58.0,680,28,4532,5,0.20330491613848292
5174,20230719-9PM_680_28_4532_6,1.49,58.0,680,28,4532,6,0.17318626841227402
5175,20230719-9PM_680_28_4532_7,1.425,58.0,680,28,4532,7,0.153814864344529
5176,20230719-9PM_750_28_4532_0,0.928,58.0,750,28,4532,0,-0.032452023781137915
5177,20230719-9PM_750_28_4532_1,0.735,58.0,750,28,4532,1,-0.1337126609158051
5178,20230719-9PM_750_28_4532_2,0.862,58.0,750,28,4532,2,-0.06449273417528721
5179,20230719-9PM_750_28_4532_3,0.953,58.0,750,28,4532,3,-0.02090709936167361
5180,20230719-9PM_750_28_4532_4,0.856,58.0,750,28,4532,4,-0.06752623532284678
5181,20230719-9PM_750_28_4532_5,0.872,58.0,750,28,4532,5,-0.05948351506743278
5182,20230719-9PM_750_28_4532_6,0.713,58.0,750,28,4532,6,-0.14691047014813446
5183,20230719-9PM_750_28_4532_7,0.721,58.0,750,28,4532,7,-0.14206473528057098
5184,20230719-9PM_680_28_2344_0,1.612,58.0,680,28,2344,0,0.20736503746907187
5185,20230719-9PM_680_28_2344_1,1.087,58.0,680,28,2344,1,0.03622954408629453
5186,20230719-9PM_680_28_2344_2,1.238,58.0,680,28,2344,2,0.09272064468409917
5187,20230719-9PM_680_28_2344_3,1.464,58.0,680,28,2344,3,0.16554107672237306
5188,20230719-9PM_680_28_2344_4,1.647,58.0,680,28,2344,4,0.21669359916975436
5189,20230719-9PM_680_28_2344_5,1.471,58.0,680,28,2344,5,0.16761267272753014
5190,20230719-9PM_680_28_2344_6,1.26,58.0,680,28,2344,6,0.10037054511756291
5191,20230719-9PM_680_28_2344_7,1.847,58.0,680,28,2344,7,0.2664668954402414
5192,20230719-9PM_750_28_2344_0,0.874,58.0,750,28,2344,0,-0.05848856736559697
5193,20230719-9PM_750_28_2344_1,0.647,58.0,750,28,2344,1,-0.1890957193312996
5194,20230719-9PM_750_28_2344_2,0.7,58.0,750,28,2344,2,-0.1549019599857432
5195,20230719-9PM_750_28_2344_3,0.878,58.0,750,28,2344,3,-0.05650548409389743
5196,20230719-9PM_750_28_2344_4,0.902,58.0,750,28,2344,4,-0.04479346245805826
5197,20230719-9PM_750_28_2344_5,0.811,58.0,750,28,2344,5,-0.09097914578884395
5198,20230719-9PM_750_28_2344_6,0.742,58.0,750,28,2344,6,-0.12959609472097294
5199,20230719-9PM_750_28_2344_7,1.113,58.0,750,28,2344,7,0.04649516433470831
5200,20230719-9PM_680_28_2343_0,1.833,58.0,680,28,2343,0,0.2631624649622167
5201,20230719-9PM_680_28_2343_1,1.827,58.0,680,28,2343,1,0.26173854735253776
5202,20230719-9PM_680_28_2343_2,1.046,58.0,680,28,2343,2,0.01953168453125545
5203,20230719-9PM_680_28_2343_3,1.475,58.0,680,28,2343,3,0.16879202031418183
5204,20230719-9PM_680_28_2343_4,1.258,58.0,680,28,2343,4,0.09968064110925012
5205,20230719-9PM_680_28_2343_5,1.326,58.0,680,28,2343,5,0.12254352406875435
5206,20230719-9PM_680_28_2343_6,1.821,58.0,680,28,2343,6,0.26030994579492
5207,20230719-9PM_680_28_2343_7,1.285,58.0,680,28,2343,7,0.10890312766731332
5208,20230719-9PM_750_28_2343_0,1.151,58.0,750,28,2343,0,0.06107532362979181
5209,20230719-9PM_750_28_2343_1,1.165,58.0,750,28,2343,1,0.0663259253620378
5210,20230719-9PM_750_28_2343_2,0.686,58.0,750,28,2343,2,-0.16367588429324828
5211,20230719-9PM_750_28_2343_3,0.922,58.0,750,28,2343,3,-0.03526907894637064
5212,20230719-9PM_750_28_2343_4,0.765,58.0,750,28,2343,4,-0.11633856484638239
5213,20230719-9PM_750_28_2343_5,0.872,58.0,750,28,2343,5,-0.05948351506743278
5214,20230719-9PM_750_28_2343_6,1.146,58.0,750,28,2343,6,0.05918461763137114
5215,20230719-9PM_750_28_2343_7,0.851,58.0,750,28,2343,7,-0.07007043991541213
5216,20230719-9PM_680_28_1952_0,1.471,58.0,680,28,1952,0,0.16761267272753014
5217,20230719-9PM_680_28_1952_1,2.001,58.0,680,28,1952,1,0.30124708863621136
5218,20230719-9PM_680_28_1952_2,0.528,58.0,680,28,1952,2,-0.27736607746618774
5219,20230719-9PM_680_28_1952_3,1.105,58.0,680,28,1952,3,0.0433622780211295
5220,20230719-9PM_680_28_1952_4,1.471,58.0,680,28,1952,4,0.16761267272753014
5221,20230719-9PM_680_28_1952_5,0.816,58.0,680,28,1952,5,-0.08830984124613889
5222,20230719-9PM_680_28_1952_6,1.053,58.0,680,28,1952,6,0.022428371185486493
5223,20230719-9PM_680_28_1952_7,1.121,58.0,680,28,1952,7,0.04960561259497315
5224,20230719-9PM_750_28_1952_0,0.852,58.0,750,28,1952,0,-0.0695604052332999
5225,20230719-9PM_750_28_1952_1,1.026,58.0,750,28,1952,1,0.011147360775797479
5226,20230719-9PM_750_28_1952_2,0.339,58.0,750,28,1952,2,-0.4698003017969178
5227,20230719-9PM_750_28_1952_3,0.709,58.0,750,28,1952,3,-0.1493537648169335
5228,20230719-9PM_750_28_1952_4,0.806,58.0,750,28,1952,4,-0.09366495819490933
5229,20230719-9PM_750_28_1952_5,0.517,58.0,750,28,1952,5,-0.2865094569060575
5230,20230719-9PM_750_28_1952_6,0.602,58.0,750,28,1952,6,-0.22040350874217546
5231,20230719-9PM_750_28_1952_7,0.7,58.0,750,28,1952,7,-0.1549019599857432
5232,20230719-9PM_680_28_2931_0,1.543,58.0,680,28,2931,0,0.18836592606314825
5233,20230719-9PM_680_28_2931_1,1.548,58.0,680,28,2931,1,0.1897709563468738
5234,20230719-9PM_680_28_2931_2,1.299,58.0,680,28,2931,2,0.11360915107302785
5235,20230719-9PM_680_28_2931_3,1.569,58.0,680,28,2931,3,0.19562294358693666
5236,20230719-9PM_680_28_2931_4,1.435,58.0,680,28,2931,4,0.15685190107001115
5237,20230719-9PM_680_28_2931_5,1.573,58.0,680,28,2931,5,0.19672872262328683
5238,20230719-9PM_680_28_2931_6,1.355,58.0,680,28,2931,6,0.13193929521042452
5239,20230719-9PM_680_28_2931_7,1.308,58.0,680,28,2931,7,0.11660774398824848
5240,20230719-9PM_750_28_2931_0,1.047,58.0,750,28,2931,0,0.019946681678842306
5241,20230719-9PM_750_28_2931_1,0.942,58.0,750,28,2931,1,-0.025949097207122653
5242,20230719-9PM_750_28_2931_2,0.762,58.0,750,28,2931,2,-0.1180450286603995
5243,20230719-9PM_750_28_2931_3,1.055,58.0,750,28,2931,3,0.023252459633711444
5244,20230719-9PM_750_28_2931_4,0.986,58.0,750,28,2931,4,-0.0061230850587887945
5245,20230719-9PM_750_28_2931_5,0.928,58.0,750,28,2931,5,-0.032452023781137915
5246,20230719-9PM_750_28_2931_6,0.854,58.0,750,28,2931,6,-0.06854212931099495
5247,20230719-9PM_750_28_2931_7,0.799,58.0,750,28,2931,7,-0.09745322068600858
5248,20230719-9PM_680_28_JG5_0,1.271,58.0,680,28,JG5,0,0.10414555055400815
5249,20230719-9PM_680_28_JG5_1,1.316,58.0,680,28,JG5,1,0.1192558892779367
5250,20230719-9PM_680_28_JG5_2,1.247,58.0,680,28,JG5,2,0.09586645347854265
5251,20230719-9PM_680_28_JG5_3,1.166,58.0,680,28,JG5,3,0.06669855042299526
5252,20230719-9PM_680_28_JG5_4,1.084,58.0,680,28,JG5,4,0.03502928220236815
5253,20230719-9PM_680_28_JG5_5,1.29,58.0,680,28,JG5,5,0.11058971029924898
5254,20230719-9PM_680_28_JG5_6,1.248,58.0,680,28,JG5,6,0.09621458534640519
5255,20230719-9PM_680_28_JG5_7,1.44,58.0,680,28,JG5,7,0.15836249209524964
5256,20230719-9PM_750_28_JG5_0,0.744,58.0,750,28,JG5,0,-0.1284270644541213
5257,20230719-9PM_750_28_JG5_1,0.733,58.0,750,28,JG5,1,-0.13489602535887207
5258,20230719-9PM_750_28_JG5_2,0.67,58.0,750,28,JG5,2,-0.17392519729917355
5259,20230719-9PM_750_28_JG5_3,0.672,58.0,750,28,JG5,3,-0.17263072694617473
5260,20230719-9PM_750_28_JG5_4,0.573,58.0,750,28,JG5,4,-0.24184537803261005
5261,20230719-9PM_750_28_JG5_5,0.701,58.0,750,28,JG5,5,-0.15428198203334137
5262,20230719-9PM_750_28_JG5_6,0.643,58.0,750,28,JG5,6,-0.1917890270757779
5263,20230719-9PM_750_28_JG5_7,0.729,58.0,750,28,JG5,7,-0.1372724716820254
5264,20230719-9PM_680_28_BMS_0,1.503,58.0,680,28,BMS,0,0.17695898058690812
5265,20230719-9PM_680_28_BMS_1,0.534,58.0,680,28,BMS,1,-0.27245874297144357
5266,20230719-9PM_680_28_BMS_2,1.556,58.0,680,28,BMS,2,0.19200959265367015
5267,20230719-9PM_680_28_BMS_3,1.527,58.0,680,28,BMS,3,0.18383903705642116
5268,20230719-9PM_680_28_BMS_4,1.526,58.0,680,28,BMS,4,0.18355453361886168
5269,20230719-9PM_680_28_BMS_5,1.492,58.0,680,28,BMS,5,0.17376882313664999
5270,20230719-9PM_680_28_BMS_6,1.38,58.0,680,28,BMS,6,0.13987908640123647
5271,20230719-9PM_680_28_BMS_7,1.397,58.0,680,28,BMS,7,0.14519640611418191
5272,20230719-9PM_750_28_BMS_0,0.809,58.0,750,28,BMS,0,-0.09205147838772766
5273,20230719-9PM_750_28_BMS_1,0.428,58.0,750,28,BMS,1,-0.368556230986828
5274,20230719-9PM_750_28_BMS_2,0.913,58.0,750,28,BMS,2,-0.039529222465701036
5275,20230719-9PM_750_28_BMS_3,0.856,58.0,750,28,BMS,3,-0.06752623532284678
5276,20230719-9PM_750_28_BMS_4,0.925,58.0,750,28,BMS,4,-0.03385826726096737
5277,20230719-9PM_750_28_BMS_5,0.877,58.0,750,28,BMS,5,-0.05700040663395948
5278,20230719-9PM_750_28_BMS_6,0.83,58.0,750,28,BMS,6,-0.08092190762392612
5279,20230719-9PM_750_28_BMS_7,0.812,58.0,750,28,BMS,7,-0.09044397075882467
5280,20230720-9AM_680_25_3059_0,1.917,70.0,680,25,3059,0,0.2826221128780626
5281,20230720-9AM_680_25_3059_1,1.887,70.0,680,25,3059,1,0.27577190016493136
5282,20230720-9AM_680_25_3059_2,2.006,70.0,680,25,3059,2,0.30233092868439926
5283,20230720-9AM_680_25_3059_3,1.867,70.0,680,25,3059,3,0.2711443179490783
5284,20230720-9AM_680_25_3059_4,1.699,70.0,680,25,3059,4,0.23019337886904562
5285,20230720-9AM_680_25_3059_5,1.743,70.0,680,25,3059,5,0.2412973871099932
5286,20230720-9AM_680_25_3059_6,1.787,70.0,680,25,3059,6,0.2521245525056442
5287,20230720-9AM_680_25_3059_7,1.688,70.0,680,25,3059,7,0.22737244228963624
5288,20230720-9AM_750_25_3059_0,1.095,70.0,750,25,3059,0,0.03941411917613713
5289,20230720-9AM_750_25_3059_1,1.211,70.0,750,25,3059,1,0.08314414314305227
5290,20230720-9AM_750_25_3059_2,1.167,70.0,750,25,3059,2,0.06707085604537019
5291,20230720-9AM_750_25_3059_3,1.187,70.0,750,25,3059,3,0.07445071895459124
5292,20230720-9AM_750_25_3059_4,1.103,70.0,750,25,3059,4,0.04257551244019059
5293,20230720-9AM_750_25_3059_5,1.139,70.0,750,25,3059,5,0.05652372407910037
5294,20230720-9AM_750_25_3059_6,1.146,70.0,750,25,3059,6,0.05918461763137114
5295,20230720-9AM_750_25_3059_7,1.15,70.0,750,25,3059,7,0.06069784035361165
5296,20230720-9AM_680_25_1691_0,1.331,70.0,680,25,1691,0,0.12417805547467511
5297,20230720-9AM_680_25_1691_1,1.389,70.0,680,25,1691,1,0.14270224573761559
5298,20230720-9AM_680_25_1691_2,1.288,70.0,680,25,1691,2,0.1099158630237933
5299,20230720-9AM_680_25_1691_3,1.097,70.0,680,25,1691,3,0.04020662757471112
5300,20230720-9AM_680_25_1691_4,1.192,70.0,680,25,1691,4,0.0762762554042176
5301,20230720-9AM_680_25_1691_5,1.25,70.0,680,25,1691,5,0.09691001300805642
5302,20230720-9AM_680_25_1691_6,1.287,70.0,680,25,1691,6,0.10957854690438666
5303,20230720-9AM_680_25_1691_7,1.058,70.0,680,25,1691,7,0.024485667699166973
5304,20230720-9AM_750_25_1691_0,0.843,70.0,750,25,1691,0,-0.07417242537525769
5305,20230720-9AM_750_25_1691_1,0.747,70.0,750,25,1691,1,-0.12667939818460122
5306,20230720-9AM_750_25_1691_2,0.739,70.0,750,25,1691,2,-0.13135556160517428
5307,20230720-9AM_750_25_1691_3,0.668,70.0,750,25,1691,3,-0.1752235375244543
5308,20230720-9AM_750_25_1691_4,0.78,70.0,750,25,1691,4,-0.10790539730951958
5309,20230720-9AM_750_25_1691_5,0.712,70.0,750,25,1691,5,-0.14752000636314366
5310,20230720-9AM_750_25_1691_6,0.742,70.0,750,25,1691,6,-0.12959609472097294
5311,20230720-9AM_750_25_1691_7,0.714,70.0,750,25,1691,7,-0.14630178822382564
5312,20230720-9AM_680_25_1690_0,1.736,70.0,680,25,1690,0,0.2395497208404731
5313,20230720-9AM_680_25_1690_1,1.004,70.0,680,25,1690,1,0.0017337128090005314
5314,20230720-9AM_680_25_1690_2,1.946,70.0,680,25,1690,2,0.2891428359323331
5315,20230720-9AM_680_25_1690_3,2.008,70.0,680,25,1690,3,0.30276370847298173
5316,20230720-9AM_680_25_1690_4,1.672,70.0,680,25,1690,4,0.22323627310299757
5317,20230720-9AM_680_25_1690_5,2.352,70.0,680,25,1690,5,0.37143731740410085
5318,20230720-9AM_680_25_1690_6,1.627,70.0,680,25,1690,6,0.2113875529368588
5319,20230720-9AM_680_25_1690_7,1.165,70.0,680,25,1690,7,0.0663259253620378
5320,20230720-9AM_750_25_1690_0,0.954,70.0,750,25,1690,0,-0.020451625295904902
5321,20230720-9AM_750_25_1690_1,0.688,70.0,750,25,1690,1,-0.16241156176448873
5322,20230720-9AM_750_25_1690_2,1.226,70.0,750,25,1690,2,0.08849047018239622
5323,20230720-9AM_750_25_1690_3,1.248,70.0,750,25,1690,3,0.09621458534640519
5324,20230720-9AM_750_25_1690_4,1.145,70.0,750,25,1690,4,0.05880548667590681
5325,20230720-9AM_750_25_1690_5,1.186,70.0,750,25,1690,5,0.07408468902824378
5326,20230720-9AM_750_25_1690_6,1.118,70.0,750,25,1690,6,0.04844180355040453
5327,20230720-9AM_750_25_1690_7,0.848,70.0,750,25,1690,7,-0.07160414774328619
5328,20230720-9AM_680_25_2342_0,1.133,70.0,680,25,2342,0,0.05422990986339725
5329,20230720-9AM_680_25_2342_1,1.134,70.0,680,25,2342,1,0.05461305455688774
5330,20230720-9AM_680_25_2342_2,1.205,70.0,680,25,2342,2,0.08098704691088722
5331,20230720-9AM_680_25_2342_3,1.106,70.0,680,25,2342,3,0.04375512696867949
5332,20230720-9AM_680_25_2342_4,0.038,70.0,680,25,2342,4,-1.4202164033831899
5333,20230720-9AM_680_25_2342_5,1.129,70.0,680,25,2342,5,0.05269394192496786
5334,20230720-9AM_680_25_2342_6,1.011,70.0,680,25,2342,6,0.00475115559100102
5335,20230720-9AM_680_25_2342_7,1.136,70.0,680,25,2342,7,0.05537833137500003
5336,20230720-9AM_750_25_2342_0,0.802,70.0,750,25,2342,0,-0.09582563171583647
5337,20230720-9AM_750_25_2342_1,0.842,70.0,750,25,2342,1,-0.07468790850035051
5338,20230720-9AM_750_25_2342_2,0.808,70.0,750,25,2342,2,-0.09258863922541381
5339,20230720-9AM_750_25_2342_3,0.847,70.0,750,25,2342,3,-0.0721165896692931
5340,20230720-9AM_750_25_2342_4,0.042,70.0,750,25,2342,4,-1.3767507096020994
5341,20230720-9AM_750_25_2342_5,0.76,70.0,750,25,2342,5,-0.11918640771920865
5342,20230720-9AM_750_25_2342_6,0.7,70.0,750,25,2342,6,-0.1549019599857432
5343,20230720-9AM_750_25_2342_7,0.833,70.0,750,25,2342,7,-0.07935499859321243
5344,20230720-9AM_680_25_4532_0,1.804,70.0,680,25,4532,0,0.25623653320592293
5345,20230720-9AM_680_25_4532_1,1.548,70.0,680,25,4532,1,0.1897709563468738
5346,20230720-9AM_680_25_4532_2,1.723,70.0,680,25,4532,2,0.23628527744802852
5347,20230720-9AM_680_25_4532_3,1.836,70.0,680,25,4532,3,0.26387267686522364
5348,20230720-9AM_680_25_4532_4,1.714,70.0,680,25,4532,4,0.23401081758717934
5349,20230720-9AM_680_25_4532_5,1.908,70.0,680,25,4532,5,0.2805783703680763
5350,20230720-9AM_680_25_4532_6,1.791,70.0,680,25,4532,6,0.2530955858490315
5351,20230720-9AM_680_25_4532_7,1.766,70.0,680,25,4532,7,0.2469906992415498
5352,20230720-9AM_750_25_4532_0,0.918,70.0,750,25,4532,0,-0.03715731879875755
5353,20230720-9AM_750_25_4532_1,0.835,70.0,750,25,4532,1,-0.07831352451639793
5354,20230720-9AM_750_25_4532_2,0.954,70.0,750,25,4532,2,-0.020451625295904902
5355,20230720-9AM_750_25_4532_3,0.995,70.0,750,25,4532,3,-0.002176919254274547
5356,20230720-9AM_750_25_4532_4,0.869,70.0,750,25,4532,4,-0.060980223551333534
5357,20230720-9AM_750_25_4532_5,1.015,70.0,750,25,4532,5,0.006466042249231681
5358,20230720-9AM_750_25_4532_6,0.973,70.0,750,25,4532,6,-0.0118871597316481
5359,20230720-9AM_750_25_4532_7,0.962,70.0,750,25,4532,7,-0.016824927962187056
5360,20230720-9AM_680_25_2344_0,1.401,70.0,680,25,2344,0,0.1464381352857746
5361,20230720-9AM_680_25_2344_1,1.209,70.0,680,25,2344,1,0.0824263008607719
5362,20230720-9AM_680_25_2344_2,1.655,70.0,680,25,2344,2,0.21879799811173756
5363,20230720-9AM_680_25_2344_3,1.442,70.0,680,25,2344,3,0.15896526038341022
5364,20230720-9AM_680_25_2344_4,1.58,70.0,680,25,2344,4,0.19865708695442263
5365,20230720-9AM_680_25_2344_5,1.159,70.0,680,25,2344,5,0.064083435963596
5366,20230720-9AM_680_25_2344_6,1.387,70.0,680,25,2344,6,0.14207646107328487
5367,20230720-9AM_680_25_2344_7,1.82,70.0,680,25,2344,7,0.2600713879850748
5368,20230720-9AM_750_25_2344_0,0.85,70.0,750,25,2344,0,-0.07058107428570728
5369,20230720-9AM_750_25_2344_1,0.734,70.0,750,25,2344,1,-0.13430394008392949
5370,20230720-9AM_750_25_2344_2,0.952,70.0,750,25,2344,2,-0.021363051615525673
5371,20230720-9AM_750_25_2344_3,0.875,70.0,750,25,2344,3,-0.057991946977686754
5372,20230720-9AM_750_25_2344_4,0.878,70.0,750,25,2344,4,-0.05650548409389743
5373,20230720-9AM_750_25_2344_5,0.695,70.0,750,25,2344,5,-0.15801519540988615
5374,20230720-9AM_750_25_2344_6,0.85,70.0,750,25,2344,6,-0.07058107428570728
5375,20230720-9AM_750_25_2344_7,1.138,70.0,750,25,2344,7,0.05614226205905233
5376,20230720-9AM_680_25_2343_0,1.884,70.0,680,25,2343,0,0.2750808984568585
5377,20230720-9AM_680_25_2343_1,1.89,70.0,680,25,2343,1,0.2764618041732441
5378,20230720-9AM_680_25_2343_2,1.145,70.0,680,25,2343,2,0.05880548667590681
5379,20230720-9AM_680_25_2343_3,1.243,70.0,680,25,2343,3,0.0944711286416448
5380,20230720-9AM_680_25_2343_4,1.311,70.0,680,25,2343,4,0.11760269169008426
5381,20230720-9AM_680_25_2343_5,1.348,70.0,680,25,2343,5,0.12968989219930105
5382,20230720-9AM_680_25_2343_6,1.385,70.0,680,25,2343,6,0.14144977340046735
5383,20230720-9AM_680_25_2343_7,1.604,70.0,680,25,2343,7,0.20520436394814473
5384,20230720-9AM_750_25_2343_0,1.24,70.0,750,25,2343,0,0.09342168516223506
5385,20230720-9AM_750_25_2343_1,1.242,70.0,750,25,2343,1,0.09412159584056139
5386,20230720-9AM_750_25_2343_2,0.826,70.0,750,25,2343,2,-0.0830199526796178
5387,20230720-9AM_750_25_2343_3,0.847,70.0,750,25,2343,3,-0.0721165896692931
5388,20230720-9AM_750_25_2343_4,0.898,70.0,750,25,2343,4,-0.04672366333269562
5389,20230720-9AM_750_25_2343_5,0.846,70.0,750,25,2343,5,-0.07262963696097648
5390,20230720-9AM_750_25_2343_6,0.933,70.0,750,25,2343,6,-0.030118356253500032
5391,20230720-9AM_750_25_2343_7,1.087,70.0,750,25,2343,7,0.03622954408629453
5392,20230720-9AM_680_25_1952_0,0.819,70.0,680,25,1952,0,-0.08671609823958155
5393,20230720-9AM_680_25_1952_1,1.796,70.0,680,25,1952,1,0.2543063323312856
5394,20230720-9AM_680_25_1952_2,0.78,70.0,680,25,1952,2,-0.10790539730951958
5395,20230720-9AM_680_25_1952_3,0.641,70.0,680,25,1952,3,-0.19314197048118256
5396,20230720-9AM_680_25_1952_4,0.704,70.0,680,25,1952,4,-0.1524273408578878
5397,20230720-9AM_680_25_1952_5,0.578,70.0,680,25,1952,5,-0.23807216157947098
5398,20230720-9AM_680_25_1952_6,0.78,70.0,680,25,1952,6,-0.10790539730951958
5399,20230720-9AM_680_25_1952_7,0.728,70.0,680,25,1952,7,-0.13786862068696282
5400,20230720-9AM_750_25_1952_0,0.399,70.0,750,25,1952,0,-0.3990271043132517
5401,20230720-9AM_750_25_1952_1,1.018,70.0,750,25,1952,1,0.007747778000739948
5402,20230720-9AM_750_25_1952_2,0.481,70.0,750,25,1952,2,-0.31785492362616824
5403,20230720-9AM_750_25_1952_3,0.478,70.0,750,25,1952,3,-0.3205721033878811
5404,20230720-9AM_750_25_1952_4,0.399,70.0,750,25,1952,4,-0.3990271043132517
5405,20230720-9AM_750_25_1952_5,0.342,70.0,750,25,1952,5,-0.46597389394386496
5406,20230720-9AM_750_25_1952_6,0.441,70.0,750,25,1952,6,-0.35556141053216145
5407,20230720-9AM_750_25_1952_7,0.505,70.0,750,25,1952,7,-0.2967086218813386
5408,20230720-9AM_680_25_2931_0,1.38,70.0,680,25,2931,0,0.13987908640123647
5409,20230720-9AM_680_25_2931_1,1.496,70.0,680,25,2931,1,0.17493159352844256
5410,20230720-9AM_680_25_2931_2,1.011,70.0,680,25,2931,2,0.00475115559100102
5411,20230720-9AM_680_25_2931_3,1.373,70.0,680,25,2931,3,0.1376705372367551
5412,20230720-9AM_680_25_2931_4,1.402,70.0,680,25,2931,4,0.14674801363063983
5413,20230720-9AM_680_25_2931_5,1.467,70.0,680,25,2931,5,0.1664301138432827
5414,20230720-9AM_680_25_2931_6,1.264,70.0,680,25,2931,6,0.10174707394636621
5415,20230720-9AM_680_25_2931_7,1.392,70.0,680,25,2931,7,0.14363923527454328
5416,20230720-9AM_750_25_2931_0,0.966,70.0,750,25,2931,0,-0.015022873584506671
5417,20230720-9AM_750_25_2931_1,0.942,70.0,750,25,2931,1,-0.025949097207122653
5418,20230720-9AM_750_25_2931_2,0.729,70.0,750,25,2931,2,-0.1372724716820254
5419,20230720-9AM_750_25_2931_3,0.925,70.0,750,25,2931,3,-0.03385826726096737
5420,20230720-9AM_750_25_2931_4,1.001,70.0,750,25,2931,4,0.0004340774793185929
5421,20230720-9AM_750_25_2931_5,1.044,70.0,750,25,2931,5,0.01870049866624337
5422,20230720-9AM_750_25_2931_6,0.835,70.0,750,25,2931,6,-0.07831352451639793
5423,20230720-9AM_750_25_2931_7,0.829,70.0,750,25,2931,7,-0.08144546944972647
5424,20230720-9AM_680_25_JG5_0,1.204,70.0,680,25,JG5,0,0.08062648692180573
5425,20230720-9AM_680_25_JG5_1,1.192,70.0,680,25,JG5,1,0.0762762554042176
5426,20230720-9AM_680_25_JG5_2,1.285,70.0,680,25,JG5,2,0.10890312766731332
5427,20230720-9AM_680_25_JG5_3,1.174,70.0,680,25,JG5,3,0.06966809691159564
5428,20230720-9AM_680_25_JG5_4,1.027,70.0,680,25,JG5,4,0.01157044359727816
5429,20230720-9AM_680_25_JG5_5,1.121,70.0,680,25,JG5,5,0.04960561259497315
5430,20230720-9AM_680_25_JG5_6,1.603,70.0,680,25,JG5,6,0.20493352235414483
5431,20230720-9AM_680_25_JG5_7,1.494,70.0,680,25,JG5,7,0.17435059747937998
5432,20230720-9AM_750_25_JG5_0,0.675,70.0,750,25,JG5,0,-0.17069622716897506
5433,20230720-9AM_750_25_JG5_1,0.694,70.0,750,25,JG5,1,-0.15864052954514513
5434,20230720-9AM_750_25_JG5_2,0.725,70.0,750,25,JG5,2,-0.13966199342900631
5435,20230720-9AM_750_25_JG5_3,0.655,70.0,750,25,JG5,3,-0.18375870000821692
5436,20230720-9AM_750_25_JG5_4,0.568,70.0,750,25,JG5,4,-0.24565166428898116
5437,20230720-9AM_750_25_JG5_5,0.626,70.0,750,25,JG5,5,-0.20342566678957033
5438,20230720-9AM_750_25_JG5_6,0.786,70.0,750,25,JG5,6,-0.10457745396059209
5439,20230720-9AM_750_25_JG5_7,0.874,70.0,750,25,JG5,7,-0.05848856736559697
5440,20230720-9AM_680_25_BMS_0,1.224,70.0,680,25,BMS,0,0.08778141780954238
5441,20230720-9AM_680_25_BMS_1,0.833,70.0,680,25,BMS,1,-0.07935499859321243
5442,20230720-9AM_680_25_BMS_2,1.262,70.0,680,25,BMS,2,0.10105935490811552
5443,20230720-9AM_680_25_BMS_3,0.787,70.0,680,25,BMS,3,-0.10402526764093542
5444,20230720-9AM_680_25_BMS_4,1.43,70.0,680,25,BMS,4,0.1553360374650618
5445,20230720-9AM_680_25_BMS_5,1.178,70.0,680,25,BMS,5,0.07114529045108281
5446,20230720-9AM_680_25_BMS_6,1.422,70.0,680,25,BMS,6,0.15289959639374748
5447,20230720-9AM_680_25_BMS_7,0.738,70.0,680,25,BMS,7,-0.13194363817695845
5448,20230720-9AM_750_25_BMS_0,0.765,70.0,750,25,BMS,0,-0.11633856484638239
5449,20230720-9AM_750_25_BMS_1,0.569,70.0,750,25,BMS,1,-0.24488773360492885
5450,20230720-9AM_750_25_BMS_2,0.827,70.0,750,25,BMS,2,-0.08249449044745336
5451,20230720-9AM_750_25_BMS_3,0.54,70.0,750,25,BMS,3,-0.26760624017703144
5452,20230720-9AM_750_25_BMS_4,0.907,70.0,750,25,BMS,4,-0.04239271293990473
5453,20230720-9AM_750_25_BMS_5,0.762,70.0,750,25,BMS,5,-0.1180450286603995
5454,20230720-9AM_750_25_BMS_6,0.879,70.0,750,25,BMS,6,-0.056011124926228104
5455,20230720-9AM_750_25_BMS_7,0.511,70.0,750,25,BMS,7,-0.29157909986528724
5456,20230720-9AM_680_32_3059_0,1.897,70.0,680,32,3059,0,0.2780673308886626
5457,20230720-9AM_680_32_3059_1,2.053,70.0,680,32,3059,1,0.31238894937059186
5458,20230720-9AM_680_32_3059_2,1.735,70.0,680,32,3059,2,0.23929947912689256
5459,20230720-9AM_680_32_3059_3,1.877,70.0,680,32,3059,3,0.2734642726213463
5460,20230720-9AM_680_32_3059_4,1.725,70.0,680,32,3059,4,0.23678909940929294
5461,20230720-9AM_680_32_3059_5,1.655,70.0,680,32,3059,5,0.21879799811173756
5462,20230720-9AM_680_32_3059_6,1.779,70.0,680,32,3059,6,0.250175948083925
5463,20230720-9AM_680_32_3059_7,1.868,70.0,680,32,3059,7,0.27137687189407456
5464,20230720-9AM_750_32_3059_0,1.058,70.0,750,32,3059,0,0.024485667699166973
5465,20230720-9AM_750_32_3059_1,1.11,70.0,750,32,3059,1,0.045322978786657475
5466,20230720-9AM_750_32_3059_2,0.923,70.0,750,32,3059,2,-0.03479829897408793
5467,20230720-9AM_750_32_3059_3,0.991,70.0,750,32,3059,3,-0.0039263455147246756
5468,20230720-9AM_750_32_3059_4,1.008,70.0,750,32,3059,4,0.003460532109506489
5469,20230720-9AM_750_32_3059_5,1.0,70.0,750,32,3059,5,0.0
5470,20230720-9AM_750_32_3059_6,1.066,70.0,750,32,3059,6,0.027757204690553483
5471,20230720-9AM_750_32_3059_7,1.193,70.0,750,32,3059,7,0.0766404436703419
5472,20230720-9AM_680_32_1691_0,1.956,70.0,680,32,1691,0,0.2913688504515826
5473,20230720-9AM_680_32_1691_1,1.086,70.0,680,32,1691,1,0.03582982525282817
5474,20230720-9AM_680_32_1691_2,1.984,70.0,680,32,1691,2,0.2975416678181598
5475,20230720-9AM_680_32_1691_3,1.111,70.0,680,32,1691,3,0.04571405894086761
5476,20230720-9AM_680_32_1691_4,1.462,70.0,680,32,1691,4,0.16494737262184164
5477,20230720-9AM_680_32_1691_5,0.688,70.0,680,32,1691,5,-0.16241156176448873
5478,20230720-9AM_680_32_1691_6,0.612,70.0,680,32,1691,6,-0.21324857785443882
5479,20230720-9AM_680_32_1691_7,1.022,70.0,680,32,1691,7,0.009450895798693935
5480,20230720-9AM_750_32_1691_0,0.973,70.0,750,32,1691,0,-0.0118871597316481
5481,20230720-9AM_750_32_1691_1,0.611,70.0,750,32,1691,1,-0.21395878975744578
5482,20230720-9AM_750_32_1691_2,0.98,70.0,750,32,1691,2,-0.00877392430750515
5483,20230720-9AM_750_32_1691_3,0.652,70.0,750,32,1691,3,-0.1857524042680798
5484,20230720-9AM_750_32_1691_4,0.833,70.0,750,32,1691,4,-0.07935499859321243
5485,20230720-9AM_750_32_1691_5,0.464,70.0,750,32,1691,5,-0.3334820194451191
5486,20230720-9AM_750_32_1691_6,0.318,70.0,750,32,1691,6,-0.4975728800155673
5487,20230720-9AM_750_32_1691_7,0.579,70.0,750,32,1691,7,-0.23732143627256383
5488,20230720-9AM_680_32_1690_0,2.221,70.0,680,32,1690,0,0.346548558548474
5489,20230720-9AM_680_32_1690_1,2.365,70.0,680,32,1690,1,0.3738311450738304
5490,20230720-9AM_680_32_1690_2,2.311,70.0,680,32,1690,2,0.3637999454791093
5491,20230720-9AM_680_32_1690_3,2.474,70.0,680,32,1690,3,0.39339969529310187
5492,20230720-9AM_680_32_1690_4,2.468,70.0,680,32,1690,4,0.39234515536120407
5493,20230720-9AM_680_32_1690_5,1.656,70.0,680,32,1690,5,0.2190603324488613
5494,20230720-9AM_680_32_1690_6,1.62,70.0,680,32,1690,6,0.20951501454263097
5495,20230720-9AM_680_32_1690_7,1.787,70.0,680,32,1690,7,0.2521245525056442
5496,20230720-9AM_750_32_1690_0,1.07,70.0,750,32,1690,0,0.029383777685209667
5497,20230720-9AM_750_32_1690_1,1.239,70.0,750,32,1690,1,0.09307130637606349
5498,20230720-9AM_750_32_1690_2,1.172,70.0,750,32,1690,2,0.06892761168207182
5499,20230720-9AM_750_32_1690_3,1.27,70.0,750,32,1690,3,0.10380372095595687
5500,20230720-9AM_750_32_1690_4,1.25,70.0,750,32,1690,4,0.09691001300805642
5501,20230720-9AM_750_32_1690_5,0.896,70.0,750,32,1690,5,-0.047691990337874794
5502,20230720-9AM_750_32_1690_6,1.064,70.0,750,32,1690,6,0.0269416279590294
5503,20230720-9AM_750_32_1690_7,1.055,70.0,750,32,1690,7,0.023252459633711444
5504,20230720-9AM_680_32_2342_0,0.833,70.0,680,32,2342,0,-0.07935499859321243
5505,20230720-9AM_680_32_2342_1,0.923,70.0,680,32,2342,1,-0.03479829897408793
5506,20230720-9AM_680_32_2342_2,0.883,70.0,680,32,2342,2,-0.05403929642243141
5507,20230720-9AM_680_32_2342_3,1.097,70.0,680,32,2342,3,0.04020662757471112
5508,20230720-9AM_680_32_2342_4,0.036,70.0,680,32,2342,4,-1.4436974992327127
5509,20230720-9AM_680_32_2342_5,1.12,70.0,680,32,2342,5,0.04921802267018165
5510,20230720-9AM_680_32_2342_6,0.911,70.0,680,32,2342,6,-0.040481623027001735
5511,20230720-9AM_680_32_2342_7,0.768,70.0,680,32,2342,7,-0.114638779968488
5512,20230720-9AM_750_32_2342_0,0.466,70.0,750,32,2342,0,-0.3316140833099998
5513,20230720-9AM_750_32_2342_1,0.511,70.0,750,32,2342,1,-0.29157909986528724
5514,20230720-9AM_750_32_2342_2,0.516,70.0,750,32,2342,2,-0.28735029837278864
5515,20230720-9AM_750_32_2342_3,0.632,70.0,750,32,2342,3,-0.19928292171761497
5516,20230720-9AM_750_32_2342_4,0.041,70.0,750,32,2342,4,-1.3872161432802645
5517,20230720-9AM_750_32_2342_5,0.531,70.0,750,32,2342,5,-0.2749054789185309
5518,20230720-9AM_750_32_2342_6,0.642,70.0,750,32,2342,6,-0.19246497193114673
5519,20230720-9AM_750_32_2342_7,0.524,70.0,750,32,2342,7,-0.28066871301627333
5520,20230720-9AM_680_32_4532_0,1.158,70.0,680,32,4532,0,0.06370855939141737
5521,20230720-9AM_680_32_4532_1,1.265,70.0,680,32,4532,1,0.10209052551183669
5522,20230720-9AM_680_32_4532_2,1.11,70.0,680,32,4532,2,0.045322978786657475
5523,20230720-9AM_680_32_4532_3,1.414,70.0,680,32,4532,3,0.1504494094608806
5524,20230720-9AM_680_32_4532_4,1.351,70.0,680,32,4532,4,0.13065534902203058
5525,20230720-9AM_680_32_4532_5,1.406,70.0,680,32,4532,5,0.14798532068380513
5526,20230720-9AM_680_32_4532_6,1.48,70.0,680,32,4532,6,0.17026171539495738
5527,20230720-9AM_680_32_4532_7,1.168,70.0,680,32,4532,7,0.06744284277638066
5528,20230720-9AM_750_32_4532_0,0.659,70.0,750,32,4532,0,-0.18111458540599013
5529,20230720-9AM_750_32_4532_1,0.755,70.0,750,32,4532,1,-0.12205304837081175
5530,20230720-9AM_750_32_4532_2,0.63,70.0,750,32,4532,2,-0.2006594505464183
5531,20230720-9AM_750_32_4532_3,0.832,70.0,750,32,4532,3,-0.07987667370927608
5532,20230720-9AM_750_32_4532_4,0.708,70.0,750,32,4532,4,-0.149966742310231
5533,20230720-9AM_750_32_4532_5,0.77,70.0,750,32,4532,5,-0.11350927482751812
5534,20230720-9AM_750_32_4532_6,0.704,70.0,750,32,4532,6,-0.1524273408578878
5535,20230720-9AM_750_32_4532_7,0.534,70.0,750,32,4532,7,-0.27245874297144357
5536,20230720-9AM_680_32_2344_0,1.331,70.0,680,32,2344,0,0.12417805547467511
5537,20230720-9AM_680_32_2344_1,1.805,70.0,680,32,2344,1,0.2564772062416767
5538,20230720-9AM_680_32_2344_2,1.924,70.0,680,32,2344,2,0.28420506770179416
5539,20230720-9AM_680_32_2344_3,1.255,70.0,680,32,2344,3,0.09864372581705691
5540,20230720-9AM_680_32_2344_4,1.605,70.0,680,32,2344,4,0.20547503674089088
5541,20230720-9AM_680_32_2344_5,1.634,70.0,680,32,2344,5,0.21325205219639665
5542,20230720-9AM_680_32_2344_6,0.95,70.0,680,32,2344,6,-0.022276394711152253
5543,20230720-9AM_680_32_2344_7,1.778,70.0,680,32,2344,7,0.2499317566341949
5544,20230720-9AM_750_32_2344_0,0.841,70.0,750,32,2344,0,-0.07520400420208784
5545,20230720-9AM_750_32_2344_1,1.046,70.0,750,32,2344,1,0.01953168453125545
5546,20230720-9AM_750_32_2344_2,1.108,70.0,750,32,2344,2,0.04453976039241098
5547,20230720-9AM_750_32_2344_3,0.807,70.0,750,32,2344,3,-0.09312646527792956
5548,20230720-9AM_750_32_2344_4,0.92,70.0,750,32,2344,4,-0.036212172654444715
5549,20230720-9AM_750_32_2344_5,1.007,70.0,750,32,2344,5,0.003029470553617962
5550,20230720-9AM_750_32_2344_6,0.641,70.0,750,32,2344,6,-0.19314197048118256
5551,20230720-9AM_750_32_2344_7,1.102,70.0,750,32,2344,7,0.04218159451576628
5552,20230720-9AM_680_32_2343_0,1.933,70.0,680,32,2343,0,0.286231854028553
5553,20230720-9AM_680_32_2343_1,1.846,70.0,680,32,2343,1,0.26623169668989327
5554,20230720-9AM_680_32_2343_2,0.962,70.0,680,32,2343,2,-0.016824927962187056
5555,20230720-9AM_680_32_2343_3,1.435,70.0,680,32,2343,3,0.15685190107001115
5556,20230720-9AM_680_32_2343_4,1.132,70.0,680,32,2343,4,0.053846426852252584
5557,20230720-9AM_680_32_2343_5,1.361,70.0,680,32,2343,5,0.13385812520333468
5558,20230720-9AM_680_32_2343_6,1.255,70.0,680,32,2343,6,0.09864372581705691
5559,20230720-9AM_680_32_2343_7,1.862,70.0,680,32,2343,7,0.26997967664532385
5560,20230720-9AM_750_32_2343_0,1.126,70.0,750,32,2343,0,0.05153839051532738
5561,20230720-9AM_750_32_2343_1,1.077,70.0,750,32,2343,1,0.03221570329798157
5562,20230720-9AM_750_32_2343_2,0.609,70.0,750,32,2343,2,-0.21538270736712464
5563,20230720-9AM_750_32_2343_3,0.796,70.0,750,32,2343,3,-0.09908693226233094
5564,20230720-9AM_750_32_2343_4,0.664,70.0,750,32,2343,4,-0.1778319206319825
5565,20230720-9AM_750_32_2343_5,0.79,70.0,750,32,2343,5,-0.10237290870955855
5566,20230720-9AM_750_32_2343_6,0.834,70.0,750,32,2343,6,-0.0788339493622613
5567,20230720-9AM_750_32_2343_7,1.14,70.0,750,32,2343,7,0.05690485133647256
5568,20230720-9AM_680_32_1952_0,2.156,70.0,680,32,1952,0,0.3336487565147011
5569,20230720-9AM_680_32_1952_1,1.804,70.0,680,32,1952,1,0.25623653320592293
5570,20230720-9AM_680_32_1952_2,1.544,70.0,680,32,1952,2,0.18864729599971736
5571,20230720-9AM_680_32_1952_3,1.475,70.0,680,32,1952,3,0.16879202031418183
5572,20230720-9AM_680_32_1952_4,1.409,70.0,680,32,1952,4,0.14891099310935643
5573,20230720-9AM_680_32_1952_5,1.358,70.0,680,32,1952,5,0.1328997699444829
5574,20230720-9AM_680_32_1952_6,1.332,70.0,680,32,1952,6,0.12450422483428228
5575,20230720-9AM_680_32_1952_7,0.684,70.0,680,32,1952,7,-0.16494389827988373
5576,20230720-9AM_750_32_1952_0,1.117,70.0,750,32,1952,0,0.048053173115609055
5577,20230720-9AM_750_32_1952_1,0.981,70.0,750,32,1952,1,-0.008330992620051497
5578,20230720-9AM_750_32_1952_2,0.946,70.0,750,32,1952,2,-0.02410886359820726
5579,20230720-9AM_750_32_1952_3,0.913,70.0,750,32,1952,3,-0.039529222465701036
5580,20230720-9AM_750_32_1952_4,0.851,70.0,750,32,1952,4,-0.07007043991541213
5581,20230720-9AM_750_32_1952_5,0.908,70.0,750,32,1952,5,-0.04191415147891488
5582,20230720-9AM_750_32_1952_6,0.957,70.0,750,32,1952,6,-0.01908806222315645
5583,20230720-9AM_750_32_1952_7,0.511,70.0,750,32,1952,7,-0.29157909986528724
5584,20230720-9AM_680_32_2931_0,1.656,70.0,680,32,2931,0,0.2190603324488613
5585,20230720-9AM_680_32_2931_1,1.966,70.0,680,32,2931,1,0.29358351349611683
5586,20230720-9AM_680_32_2931_2,1.668,70.0,680,32,2931,2,0.22219604630171988
5587,20230720-9AM_680_32_2931_3,1.692,70.0,680,32,2931,3,0.2284003587030047
5588,20230720-9AM_680_32_2931_4,1.703,70.0,680,32,2931,4,0.23121464796260105
5589,20230720-9AM_680_32_2931_5,2.057,70.0,680,32,2931,5,0.313234291694724
5590,20230720-9AM_680_32_2931_6,1.933,70.0,680,32,2931,6,0.286231854028553
5591,20230720-9AM_680_32_2931_7,2.013,70.0,680,32,2931,7,0.3038437748886545
5592,20230720-9AM_750_32_2931_0,1.008,70.0,750,32,2931,0,0.003460532109506489
5593,20230720-9AM_750_32_2931_1,1.16,70.0,750,32,2931,1,0.06445798922691845
5594,20230720-9AM_750_32_2931_2,1.062,70.0,750,32,2931,2,0.026124516745450282
5595,20230720-9AM_750_32_2931_3,0.984,70.0,750,32,2931,3,-0.007004901568658489
5596,20230720-9AM_750_32_2931_4,1.024,70.0,750,32,2931,4,0.010299956639811961
5597,20230720-9AM_750_32_2931_5,1.206,70.0,750,32,2931,5,0.08134730780413249
5598,20230720-9AM_750_32_2931_6,1.142,70.0,750,32,2931,6,0.05766610390982921
5599,20230720-9AM_750_32_2931_7,1.212,70.0,750,32,2931,7,0.0835026198302674
5600,20230720-9AM_680_32_JG5_0,0.649,70.0,680,32,JG5,0,-0.18775530319963074
5601,20230720-9AM_680_32_JG5_1,0.802,70.0,680,32,JG5,1,-0.09582563171583647
5602,20230720-9AM_680_32_JG5_2,1.146,70.0,680,32,JG5,2,0.05918461763137114
5603,20230720-9AM_680_32_JG5_3,1.618,70.0,680,32,JG5,3,0.20897851727625352
5604,20230720-9AM_680_32_JG5_4,1.247,70.0,680,32,JG5,4,0.09586645347854265
5605,20230720-9AM_680_32_JG5_5,1.027,70.0,680,32,JG5,5,0.01157044359727816
5606,20230720-9AM_680_32_JG5_6,2.181,70.0,680,32,JG5,6,0.3386556655787003
5607,20230720-9AM_680_32_JG5_7,1.358,70.0,680,32,JG5,7,0.1328997699444829
5608,20230720-9AM_750_32_JG5_0,0.457,70.0,750,32,JG5,0,-0.34008379993014975
5609,20230720-9AM_750_32_JG5_1,0.528,70.0,750,32,JG5,1,-0.27736607746618774
5610,20230720-9AM_750_32_JG5_2,0.625,70.0,750,32,JG5,2,-0.2041199826559248
5611,20230720-9AM_750_32_JG5_3,0.814,70.0,750,32,JG5,3,-0.0893755951107988
5612,20230720-9AM_750_32_JG5_4,0.664,70.0,750,32,JG5,4,-0.1778319206319825
5613,20230720-9AM_750_32_JG5_5,0.592,70.0,750,32,JG5,5,-0.22767829327708025
5614,20230720-9AM_750_32_JG5_6,0.927,70.0,750,32,JG5,6,-0.0329202658555029
5615,20230720-9AM_750_32_JG5_7,0.829,70.0,750,32,JG5,7,-0.08144546944972647
5616,20230720-9AM_680_32_BMS_0,1.803,70.0,680,32,BMS,0,0.25599572672240195
5617,20230720-9AM_680_32_BMS_1,1.951,70.0,680,32,BMS,1,0.29025726939451807
5618,20230720-9AM_680_32_BMS_2,1.969,70.0,680,32,BMS,2,0.29424571613811823
5619,20230720-9AM_680_32_BMS_3,1.756,70.0,680,32,BMS,3,0.24452451157008376
5620,20230720-9AM_680_32_BMS_4,1.89,70.0,680,32,BMS,4,0.2764618041732441
5621,20230720-9AM_680_32_BMS_5,1.892,70.0,680,32,BMS,5,0.27692113206577396
5622,20230720-9AM_680_32_BMS_6,1.856,70.0,680,32,BMS,6,0.26857797188284327
5623,20230720-9AM_680_32_BMS_7,1.916,70.0,680,32,BMS,7,0.2823955047425256
5624,20230720-9AM_750_32_BMS_0,1.085,70.0,750,32,BMS,0,0.0354297381845483
5625,20230720-9AM_750_32_BMS_1,1.111,70.0,750,32,BMS,1,0.04571405894086761
5626,20230720-9AM_750_32_BMS_2,1.137,70.0,750,32,BMS,2,0.05576046468773478
5627,20230720-9AM_750_32_BMS_3,1.05,70.0,750,32,BMS,3,0.021189299069938092
5628,20230720-9AM_750_32_BMS_4,1.124,70.0,750,32,BMS,4,0.05076631123304232
5629,20230720-9AM_750_32_BMS_5,1.107,70.0,750,32,BMS,5,0.0441476208787228
5630,20230720-9AM_750_32_BMS_6,1.1,70.0,750,32,BMS,6,0.04139268515822508
5631,20230720-9AM_750_32_BMS_7,1.107,70.0,750,32,BMS,7,0.0441476208787228
5632,20230720-9AM_680_28_3059_0,1.8,70.0,680,28,3059,0,0.25527250510330607
5633,20230720-9AM_680_28_3059_1,1.884,70.0,680,28,3059,1,0.2750808984568585
5634,20230720-9AM_680_28_3059_2,2.052,70.0,680,28,3059,2,0.3121773564397787
5635,20230720-9AM_680_28_3059_3,1.816,70.0,680,28,3059,3,0.25911584418506634
5636,20230720-9AM_680_28_3059_4,1.84,70.0,680,28,3059,4,0.2648178230095365
5637,20230720-9AM_680_28_3059_5,1.873,70.0,680,28,3059,5,0.2725377773752374
5638,20230720-9AM_680_28_3059_6,1.747,70.0,680,28,3059,6,0.24229290498293096
5639,20230720-9AM_680_28_3059_7,1.545,70.0,680,28,3059,7,0.18892848376085342
5640,20230720-9AM_750_28_3059_0,1.182,70.0,750,28,3059,0,0.07261747654523654
5641,20230720-9AM_750_28_3059_1,1.23,70.0,750,28,3059,1,0.08990511143939793
5642,20230720-9AM_750_28_3059_2,1.167,70.0,750,28,3059,2,0.06707085604537019
5643,20230720-9AM_750_28_3059_3,1.217,70.0,750,28,3059,3,0.08529057823006501
5644,20230720-9AM_750_28_3059_4,1.245,70.0,750,28,3059,4,0.09516935143175519
5645,20230720-9AM_750_28_3059_5,1.249,70.0,750,28,3059,5,0.09656243837413556
5646,20230720-9AM_750_28_3059_6,1.21,70.0,750,28,3059,6,0.08278537031645007
5647,20230720-9AM_750_28_3059_7,1.158,70.0,750,28,3059,7,0.06370855939141737
5648,20230720-9AM_680_28_1691_0,1.721,70.0,680,28,1691,0,0.2357808703275603
5649,20230720-9AM_680_28_1691_1,1.478,70.0,680,28,1691,1,0.16967443405880692
5650,20230720-9AM_680_28_1691_2,1.852,70.0,680,28,1691,2,0.26764098234591555
5651,20230720-9AM_680_28_1691_3,1.724,70.0,680,28,1691,3,0.23653726148869397
5652,20230720-9AM_680_28_1691_4,1.516,70.0,680,28,1691,4,0.18069920129603473
5653,20230720-9AM_680_28_1691_5,1.087,70.0,680,28,1691,5,0.03622954408629453
5654,20230720-9AM_680_28_1691_6,1.14,70.0,680,28,1691,6,0.05690485133647256
5655,20230720-9AM_680_28_1691_7,1.351,70.0,680,28,1691,7,0.13065534902203058
5656,20230720-9AM_750_28_1691_0,0.997,70.0,750,28,1691,0,-0.0013048416883442813
5657,20230720-9AM_750_28_1691_1,0.835,70.0,750,28,1691,1,-0.07831352451639793
5658,20230720-9AM_750_28_1691_2,1.047,70.0,750,28,1691,2,0.019946681678842306
5659,20230720-9AM_750_28_1691_3,1.039,70.0,750,28,1691,3,0.016615547557177382
5660,20230720-9AM_750_28_1691_4,0.944,70.0,750,28,1691,4,-0.02502800570193105
5661,20230720-9AM_750_28_1691_5,0.719,70.0,750,28,1691,5,-0.14327110961711742
5662,20230720-9AM_750_28_1691_6,0.724,70.0,750,28,1691,6,-0.1402614338028531
5663,20230720-9AM_750_28_1691_7,0.849,70.0,750,28,1691,7,-0.07109230975604734
5664,20230720-9AM_680_28_1690_0,1.79,70.0,680,28,1690,0,0.2528530309798932
5665,20230720-9AM_680_28_1690_1,0.691,70.0,680,28,1690,1,-0.16052195262580163
5666,20230720-9AM_680_28_1690_2,2.105,70.0,680,28,1690,2,0.3232521001716871
5667,20230720-9AM_680_28_1690_3,1.999,70.0,680,28,1690,3,0.30081279411811696
5668,20230720-9AM_680_28_1690_4,1.823,70.0,680,28,1690,4,0.2607866686549763
5669,20230720-9AM_680_28_1690_5,1.399,70.0,680,28,1690,5,0.14581771449182765
5670,20230720-9AM_680_28_1690_6,2.099,70.0,680,28,1690,6,0.3220124385824005
5671,20230720-9AM_680_28_1690_7,1.063,70.0,680,28,1690,7,0.026533264523296733
5672,20230720-9AM_750_28_1690_0,0.996,70.0,750,28,1690,0,-0.00174066157630127
5673,20230720-9AM_750_28_1690_1,0.451,70.0,750,28,1690,1,-0.34582345812203946
5674,20230720-9AM_750_28_1690_2,1.253,70.0,750,28,1690,2,0.09795107099414996
5675,20230720-9AM_750_28_1690_3,1.197,70.0,750,28,1690,3,0.07809415040641068
5676,20230720-9AM_750_28_1690_4,1.052,70.0,750,28,1690,4,0.02201573981772028
5677,20230720-9AM_750_28_1690_5,0.876,70.0,750,28,1690,5,-0.05749589383191927
5678,20230720-9AM_750_28_1690_6,1.249,70.0,750,28,1690,6,0.09656243837413556
5679,20230720-9AM_750_28_1690_7,0.793,70.0,750,28,1690,7,-0.10072681268239618
5680,20230720-9AM_680_28_2342_0,0.936,70.0,680,28,2342,0,-0.028724151261894745
5681,20230720-9AM_680_28_2342_1,1.044,70.0,680,28,2342,1,0.01870049866624337
5682,20230720-9AM_680_28_2342_2,1.001,70.0,680,28,2342,2,0.0004340774793185929
5683,20230720-9AM_680_28_2342_3,1.021,70.0,680,28,2342,3,0.009025742086910208
5684,20230720-9AM_680_28_2342_4,0.037,70.0,680,28,2342,4,-1.431798275933005
5685,20230720-9AM_680_28_2342_5,1.003,70.0,680,28,2342,5,0.001300933020418072
5686,20230720-9AM_680_28_2342_6,1.15,70.0,680,28,2342,6,0.06069784035361165
5687,20230720-9AM_680_28_2342_7,0.907,70.0,680,28,2342,7,-0.04239271293990473
5688,20230720-9AM_750_28_2342_0,0.741,70.0,750,28,2342,0,-0.13018179202067184
5689,20230720-9AM_750_28_2342_1,0.784,70.0,750,28,2342,1,-0.10568393731556154
5690,20230720-9AM_750_28_2342_2,0.791,70.0,750,28,2342,2,-0.10182351650232342
5691,20230720-9AM_750_28_2342_3,0.776,70.0,750,28,2342,3,-0.11013827874181155
5692,20230720-9AM_750_28_2342_4,0.041,70.0,750,28,2342,4,-1.3872161432802645
5693,20230720-9AM_750_28_2342_5,0.744,70.0,750,28,2342,5,-0.1284270644541213
5694,20230720-9AM_750_28_2342_6,0.915,70.0,750,28,2342,6,-0.038578905933551705
5695,20230720-9AM_750_28_2342_7,0.648,70.0,750,28,2342,7,-0.18842499412940666
5696,20230720-9AM_680_28_4532_0,1.618,70.0,680,28,4532,0,0.20897851727625352
5697,20230720-9AM_680_28_4532_1,1.147,70.0,680,28,4532,1,0.059563417901267686
5698,20230720-9AM_680_28_4532_2,1.428,70.0,680,28,4532,2,0.15472820744015556
5699,20230720-9AM_680_28_4532_3,1.637,70.0,680,28,4532,3,0.21404867941194144
5700,20230720-9AM_680_28_4532_4,1.452,70.0,680,28,4532,4,0.1619666163640749
5701,20230720-9AM_680_28_4532_5,1.723,70.0,680,28,4532,5,0.23628527744802852
5702,20230720-9AM_680_28_4532_6,1.489,70.0,680,28,4532,6,0.17289469775217617
5703,20230720-9AM_680_28_4532_7,1.436,70.0,680,28,4532,7,0.15715443990628153
5704,20230720-9AM_750_28_4532_0,0.836,70.0,750,28,4532,0,-0.07779372256098363
5705,20230720-9AM_750_28_4532_1,0.607,70.0,750,28,4532,1,-0.21681130892474243
5706,20230720-9AM_750_28_4532_2,0.879,70.0,750,28,4532,2,-0.056011124926228104
5707,20230720-9AM_750_28_4532_3,0.904,70.0,750,28,4532,3,-0.04383156952463668
5708,20230720-9AM_750_28_4532_4,0.764,70.0,750,28,4532,4,-0.11690664142431006
5709,20230720-9AM_750_28_4532_5,0.867,70.0,750,28,4532,5,-0.06198090252378971
5710,20230720-9AM_750_28_4532_6,0.847,70.0,750,28,4532,6,-0.0721165896692931
5711,20230720-9AM_750_28_4532_7,0.822,70.0,750,28,4532,7,-0.08512818245994963
5712,20230720-9AM_680_28_2344_0,1.671,70.0,680,28,2344,0,0.22297644989339135
5713,20230720-9AM_680_28_2344_1,1.146,70.0,680,28,2344,1,0.05918461763137114
5714,20230720-9AM_680_28_2344_2,1.304,70.0,680,28,2344,2,0.11527759139590141
5715,20230720-9AM_680_28_2344_3,1.566,70.0,680,28,2344,3,0.1947917577219246
5716,20230720-9AM_680_28_2344_4,1.731,70.0,680,28,2344,4,0.2382970678753939
5717,20230720-9AM_680_28_2344_5,1.517,70.0,680,28,2344,5,0.18098558078673047
5718,20230720-9AM_680_28_2344_6,1.34,70.0,680,28,2344,6,0.12710479836480765
5719,20230720-9AM_680_28_2344_7,2.042,70.0,680,28,2344,7,0.3100557377508914
5720,20230720-9AM_750_28_2344_0,0.934,70.0,750,28,2344,0,-0.029653123769906618
5721,20230720-9AM_750_28_2344_1,0.719,70.0,750,28,2344,1,-0.14327110961711742
5722,20230720-9AM_750_28_2344_2,0.789,70.0,750,28,2344,2,-0.10292299679057967
5723,20230720-9AM_750_28_2344_3,0.96,70.0,750,28,2344,3,-0.017728766960431602
5724,20230720-9AM_750_28_2344_4,0.973,70.0,750,28,2344,4,-0.0118871597316481
5725,20230720-9AM_750_28_2344_5,0.856,70.0,750,28,2344,5,-0.06752623532284678
5726,20230720-9AM_750_28_2344_6,0.814,70.0,750,28,2344,6,-0.0893755951107988
5727,20230720-9AM_750_28_2344_7,1.226,70.0,750,28,2344,7,0.08849047018239622
5728,20230720-9AM_680_28_2343_0,2.048,70.0,680,28,2343,0,0.3113299523037932
5729,20230720-9AM_680_28_2343_1,2.012,70.0,680,28,2343,1,0.3036279763838898
5730,20230720-9AM_680_28_2343_2,1.077,70.0,680,28,2343,2,0.03221570329798157
5731,20230720-9AM_680_28_2343_3,1.399,70.0,680,28,2343,3,0.14581771449182765
5732,20230720-9AM_680_28_2343_4,1.446,70.0,680,28,2343,4,0.160168292958512
5733,20230720-9AM_680_28_2343_5,1.574,70.0,680,28,2343,5,0.19700472802304578
5734,20230720-9AM_680_28_2343_6,1.595,70.0,680,28,2343,6,0.2027606873931999
5735,20230720-9AM_680_28_2343_7,1.439,70.0,680,28,2343,7,0.15806079393660522
5736,20230720-9AM_750_28_2343_0,1.288,70.0,750,28,2343,0,0.1099158630237933
5737,20230720-9AM_750_28_2343_1,1.252,70.0,750,28,2343,1,0.09760432887441088
5738,20230720-9AM_750_28_2343_2,0.809,70.0,750,28,2343,2,-0.09205147838772766
5739,20230720-9AM_750_28_2343_3,0.912,70.0,750,28,2343,3,-0.04000516167158381
5740,20230720-9AM_750_28_2343_4,0.936,70.0,750,28,2343,4,-0.028724151261894745
5741,20230720-9AM_750_28_2343_5,1.067,70.0,750,28,2343,5,0.028164419424469872
5742,20230720-9AM_750_28_2343_6,1.077,70.0,750,28,2343,6,0.03221570329798157
5743,20230720-9AM_750_28_2343_7,0.959,70.0,750,28,2343,7,-0.018181392829336417
5744,20230720-9AM_680_28_1952_0,0.867,70.0,680,28,1952,0,-0.06198090252378971
5745,20230720-9AM_680_28_1952_1,2.102,70.0,680,28,1952,1,0.3226327116922234
5746,20230720-9AM_680_28_1952_2,1.384,70.0,680,28,1952,2,0.14113609012073897
5747,20230720-9AM_680_28_1952_3,0.902,70.0,680,28,1952,3,-0.04479346245805826
5748,20230720-9AM_680_28_1952_4,0.969,70.0,680,28,1952,4,-0.013676222949234686
5749,20230720-9AM_680_28_1952_5,0.717,70.0,680,28,1952,5,-0.1444808443321999
5750,20230720-9AM_680_28_1952_6,0.939,70.0,680,28,1952,6,-0.027334407733889104
5751,20230720-9AM_680_28_1952_7,0.849,70.0,680,28,1952,7,-0.07109230975604734
5752,20230720-9AM_750_28_1952_0,0.529,70.0,750,28,1952,0,-0.2765443279648142
5753,20230720-9AM_750_28_1952_1,1.126,70.0,750,28,1952,1,0.05153839051532738
5754,20230720-9AM_750_28_1952_2,0.928,70.0,750,28,1952,2,-0.032452023781137915
5755,20230720-9AM_750_28_1952_3,0.613,70.0,750,28,1952,3,-0.21253952548158497
5756,20230720-9AM_750_28_1952_4,0.632,70.0,750,28,1952,4,-0.19928292171761497
5757,20230720-9AM_750_28_1952_5,0.443,70.0,750,28,1952,5,-0.3535962737769304
5758,20230720-9AM_750_28_1952_6,0.577,70.0,750,28,1952,6,-0.2388241868442686
5759,20230720-9AM_750_28_1952_7,0.615,70.0,750,28,1952,7,-0.21112488422458328
5760,20230720-9AM_680_28_2931_0,1.732,70.0,680,28,2931,0,0.23854788768132784
5761,20230720-9AM_680_28_2931_1,1.623,70.0,680,28,2931,1,0.21031851982623187
5762,20230720-9AM_680_28_2931_2,1.283,70.0,680,28,2931,2,0.10822665637492848
5763,20230720-9AM_680_28_2931_3,1.59,70.0,680,28,2931,3,0.2013971243204515
5764,20230720-9AM_680_28_2931_4,1.516,70.0,680,28,2931,4,0.18069920129603473
5765,20230720-9AM_680_28_2931_5,1.516,70.0,680,28,2931,5,0.18069920129603473
5766,20230720-9AM_680_28_2931_6,1.578,70.0,680,28,2931,6,0.19810699887340152
5767,20230720-9AM_680_28_2931_7,1.389,70.0,680,28,2931,7,0.14270224573761559
5768,20230720-9AM_750_28_2931_0,1.24,70.0,750,28,2931,0,0.09342168516223506
5769,20230720-9AM_750_28_2931_1,1.047,70.0,750,28,2931,1,0.019946681678842306
5770,20230720-9AM_750_28_2931_2,0.943,70.0,750,28,2931,2,-0.02548830726267165
5771,20230720-9AM_750_28_2931_3,1.151,70.0,750,28,2931,3,0.06107532362979181
5772,20230720-9AM_750_28_2931_4,1.081,70.0,750,28,2931,4,0.03382569395331033
5773,20230720-9AM_750_28_2931_5,1.091,70.0,750,28,2931,5,0.037824750588341866
5774,20230720-9AM_750_28_2931_6,1.053,70.0,750,28,2931,6,0.022428371185486493
5775,20230720-9AM_750_28_2931_7,0.906,70.0,750,28,2931,7,-0.042871802323186915
5776,20230720-9AM_680_28_JG5_0,1.351,70.0,680,28,JG5,0,0.13065534902203058
5777,20230720-9AM_680_28_JG5_1,1.195,70.0,680,28,JG5,1,0.07736790528415652
5778,20230720-9AM_680_28_JG5_2,1.26,70.0,680,28,JG5,2,0.10037054511756291
5779,20230720-9AM_680_28_JG5_3,1.213,70.0,680,28,JG5,3,0.08386080086657301
5780,20230720-9AM_680_28_JG5_4,1.024,70.0,680,28,JG5,4,0.010299956639811961
5781,20230720-9AM_680_28_JG5_5,1.257,70.0,680,28,JG5,5,0.0993352776859577
5782,20230720-9AM_680_28_JG5_6,1.45,70.0,680,28,JG5,6,0.16136800223497488
5783,20230720-9AM_680_28_JG5_7,1.356,70.0,680,28,JG5,7,0.13225968953104458
5784,20230720-9AM_750_28_JG5_0,0.806,70.0,750,28,JG5,0,-0.09366495819490933
5785,20230720-9AM_750_28_JG5_1,0.728,70.0,750,28,JG5,1,-0.13786862068696282
5786,20230720-9AM_750_28_JG5_2,0.742,70.0,750,28,JG5,2,-0.12959609472097294
5787,20230720-9AM_750_28_JG5_3,0.72,70.0,750,28,JG5,3,-0.14266750356873156
5788,20230720-9AM_750_28_JG5_4,0.576,70.0,750,28,JG5,4,-0.239577516576788
5789,20230720-9AM_750_28_JG5_5,0.744,70.0,750,28,JG5,5,-0.1284270644541213
5790,20230720-9AM_750_28_JG5_6,0.719,70.0,750,28,JG5,6,-0.14327110961711742
5791,20230720-9AM_750_28_JG5_7,0.804,70.0,750,28,JG5,7,-0.0947439512515487
5792,20230720-9AM_680_28_BMS_0,1.441,70.0,680,28,BMS,0,0.15866398081398933
5793,20230720-9AM_680_28_BMS_1,0.861,70.0,680,28,BMS,1,-0.06499684854634524
5794,20230720-9AM_680_28_BMS_2,1.58,70.0,680,28,BMS,2,0.19865708695442263
5795,20230720-9AM_680_28_BMS_3,1.357,70.0,680,28,BMS,3,0.13257984765973707
5796,20230720-9AM_680_28_BMS_4,1.787,70.0,680,28,BMS,4,0.2521245525056442
5797,20230720-9AM_680_28_BMS_5,1.28,70.0,680,28,BMS,5,0.10720996964786837
5798,20230720-9AM_680_28_BMS_6,1.057,70.0,680,28,BMS,6,0.024074987307426243
5799,20230720-9AM_680_28_BMS_7,0.984,70.0,680,28,BMS,7,-0.007004901568658489
5800,20230720-9AM_750_28_BMS_0,0.943,70.0,750,28,BMS,0,-0.02548830726267165
5801,20230720-9AM_750_28_BMS_1,0.654,70.0,750,28,BMS,1,-0.18442225167573273
5802,20230720-9AM_750_28_BMS_2,0.97,70.0,750,28,BMS,2,-0.01322826573375516
5803,20230720-9AM_750_28_BMS_3,0.883,70.0,750,28,BMS,3,-0.05403929642243141
5804,20230720-9AM_750_28_BMS_4,1.093,70.0,750,28,BMS,4,0.03862016194970278
5805,20230720-9AM_750_28_BMS_5,0.842,70.0,750,28,BMS,5,-0.07468790850035051
5806,20230720-9AM_750_28_BMS_6,0.721,70.0,750,28,BMS,6,-0.14206473528057098
5807,20230720-9AM_750_28_BMS_7,0.699,70.0,750,28,BMS,7,-0.15552282425431863
5808,20230718-9PM_680_25_3059_0,0.804,34.0,680,25,3059,0,-0.0947439512515487
5809,20230718-9PM_680_25_3059_1,0.392,34.0,680,25,3059,1,-0.4067139329795427
5810,20230718-9PM_680_25_3059_2,0.903,34.0,680,25,3059,2,-0.04431224968649419
5811,20230718-9PM_680_25_3059_3,1.015,34.0,680,25,3059,3,0.006466042249231681
5812,20230718-9PM_680_25_3059_4,0.89,34.0,680,25,3059,4,-0.05060999335508721
5813,20230718-9PM_680_25_3059_5,1.121,34.0,680,25,3059,5,0.04960561259497315
5814,20230718-9PM_680_25_3059_6,1.132,34.0,680,25,3059,6,0.053846426852252584
5815,20230718-9PM_680_25_3059_7,1.12,34.0,680,25,3059,7,0.04921802267018165
5816,20230718-9PM_750_25_3059_0,0.359,34.0,750,25,3059,0,-0.44490555142168087
5817,20230718-9PM_750_25_3059_1,0.199,34.0,750,25,3059,1,-0.7011469235902933
5818,20230718-9PM_750_25_3059_2,0.409,34.0,750,25,3059,2,-0.38827669199265824
5819,20230718-9PM_750_25_3059_3,0.483,34.0,750,25,3059,3,-0.31605286924848786
5820,20230718-9PM_750_25_3059_4,0.381,34.0,750,25,3059,4,-0.4190750243243807
5821,20230718-9PM_750_25_3059_5,0.546,34.0,750,25,3059,5,-0.2628073572952627
5822,20230718-9PM_750_25_3059_6,0.475,34.0,750,25,3059,6,-0.3233063903751334
5823,20230718-9PM_750_25_3059_7,0.54,34.0,750,25,3059,7,-0.26760624017703144
5824,20230718-9PM_680_25_1691_0,1.13,34.0,680,25,1691,0,0.05307844348341968
5825,20230718-9PM_680_25_1691_1,1.151,34.0,680,25,1691,1,0.06107532362979181
5826,20230718-9PM_680_25_1691_2,1.26,34.0,680,25,1691,2,0.10037054511756291
5827,20230718-9PM_680_25_1691_3,0.953,34.0,680,25,1691,3,-0.02090709936167361
5828,20230718-9PM_680_25_1691_4,1.058,34.0,680,25,1691,4,0.024485667699166973
5829,20230718-9PM_680_25_1691_5,0.964,34.0,680,25,1691,5,-0.01592296609716924
5830,20230718-9PM_680_25_1691_6,0.855,34.0,680,25,1691,6,-0.06803388527182737
5831,20230718-9PM_680_25_1691_7,0.741,34.0,680,25,1691,7,-0.13018179202067184
5832,20230718-9PM_750_25_1691_0,0.502,34.0,750,25,1691,0,-0.29929628285498067
5833,20230718-9PM_750_25_1691_1,0.494,34.0,750,25,1691,1,-0.30627305107635305
5834,20230718-9PM_750_25_1691_2,0.586,34.0,750,25,1691,2,-0.23210238398190938
5835,20230718-9PM_750_25_1691_3,0.443,34.0,750,25,1691,3,-0.3535962737769304
5836,20230718-9PM_750_25_1691_4,0.601,34.0,750,25,1691,4,-0.22112552799726048
5837,20230718-9PM_750_25_1691_5,0.441,34.0,750,25,1691,5,-0.35556141053216145
5838,20230718-9PM_750_25_1691_6,0.358,34.0,750,25,1691,6,-0.44611697335612566
5839,20230718-9PM_750_25_1691_7,0.401,34.0,750,25,1691,7,-0.39685562737981767
5840,20230718-9PM_680_25_1690_0,0.968,34.0,680,25,1690,0,-0.014124642691606345
5841,20230718-9PM_680_25_1690_1,1.075,34.0,680,25,1690,1,0.03140846425162412
5842,20230718-9PM_680_25_1690_2,1.738,34.0,680,25,1690,2,0.24004977211264766
5843,20230718-9PM_680_25_1690_3,1.645,34.0,680,25,1690,3,0.2161659022859931
5844,20230718-9PM_680_25_1690_4,1.431,34.0,680,25,1690,4,0.15563963375977638
5845,20230718-9PM_680_25_1690_5,1.645,34.0,680,25,1690,5,0.2161659022859931
5846,20230718-9PM_680_25_1690_6,1.38,34.0,680,25,1690,6,0.13987908640123647
5847,20230718-9PM_680_25_1690_7,1.595,34.0,680,25,1690,7,0.2027606873931999
5848,20230718-9PM_750_25_1690_0,0.563,34.0,750,25,1690,0,-0.24949160514865382
5849,20230718-9PM_750_25_1690_1,0.433,34.0,750,25,1690,1,-0.36351210364663455
5850,20230718-9PM_750_25_1690_2,0.993,34.0,750,25,1690,2,-0.0030507515046188267
5851,20230718-9PM_750_25_1690_3,0.842,34.0,750,25,1690,3,-0.07468790850035051
5852,20230718-9PM_750_25_1690_4,0.816,34.0,750,25,1690,4,-0.08830984124613889
5853,20230718-9PM_750_25_1690_5,0.926,34.0,750,25,1690,5,-0.033389013318065645
5854,20230718-9PM_750_25_1690_6,0.796,34.0,750,25,1690,6,-0.09908693226233094
5855,20230718-9PM_750_25_1690_7,0.798,34.0,750,25,1690,7,-0.09799710864927055
5856,20230718-9PM_680_25_2342_0,0.763,34.0,680,25,2342,0,-0.11747546204511952
5857,20230718-9PM_680_25_2342_1,1.179,34.0,680,25,2342,1,0.07151380509508916
5858,20230718-9PM_680_25_2342_2,0.789,34.0,680,25,2342,2,-0.10292299679057967
5859,20230718-9PM_680_25_2342_3,1.002,34.0,680,25,2342,3,0.0008677215312269133
5860,20230718-9PM_680_25_2342_4,0.038,34.0,680,25,2342,4,-1.4202164033831899
5861,20230718-9PM_680_25_2342_5,0.783,34.0,680,25,2342,5,-0.10623823794205658
5862,20230718-9PM_680_25_2342_6,0.709,34.0,680,25,2342,6,-0.1493537648169335
5863,20230718-9PM_680_25_2342_7,0.767,34.0,680,25,2342,7,-0.11520463605101904
5864,20230718-9PM_750_25_2342_0,0.306,34.0,750,25,2342,0,-0.51427857351842
5865,20230718-9PM_750_25_2342_1,0.559,34.0,750,25,2342,1,-0.25258819211357664
5866,20230718-9PM_750_25_2342_2,0.343,34.0,750,25,2342,2,-0.46470587995722945
5867,20230718-9PM_750_25_2342_3,0.517,34.0,750,25,2342,3,-0.2865094569060575
5868,20230718-9PM_750_25_2342_4,0.042,34.0,750,25,2342,4,-1.3767507096020994
5869,20230718-9PM_750_25_2342_5,0.297,34.0,750,25,2342,5,-0.5272435506827877
5870,20230718-9PM_750_25_2342_6,0.275,34.0,750,25,2342,6,-0.5606673061697374
5871,20230718-9PM_750_25_2342_7,0.388,34.0,750,25,2342,7,-0.41116827440579273
5872,20230718-9PM_680_25_4532_0,1.035,34.0,680,25,4532,0,0.014940349792936524
5873,20230718-9PM_680_25_4532_1,1.221,34.0,680,25,4532,1,0.0867156639448825
5874,20230718-9PM_680_25_4532_2,1.123,34.0,680,25,4532,2,0.050379756261457784
5875,20230718-9PM_680_25_4532_3,1.222,34.0,680,25,4532,3,0.08707120590653541
5876,20230718-9PM_680_25_4532_4,1.234,34.0,680,25,4532,4,0.09131515969722287
5877,20230718-9PM_680_25_4532_5,1.107,34.0,680,25,4532,5,0.0441476208787228
5878,20230718-9PM_680_25_4532_6,1.11,34.0,680,25,4532,6,0.045322978786657475
5879,20230718-9PM_680_25_4532_7,1.249,34.0,680,25,4532,7,0.09656243837413556
5880,20230718-9PM_750_25_4532_0,0.491,34.0,750,25,4532,0,-0.3089185078770315
5881,20230718-9PM_750_25_4532_1,0.654,34.0,750,25,4532,1,-0.18442225167573273
5882,20230718-9PM_750_25_4532_2,0.591,34.0,750,25,4532,2,-0.22841251911874466
5883,20230718-9PM_750_25_4532_3,0.625,34.0,750,25,4532,3,-0.2041199826559248
5884,20230718-9PM_750_25_4532_4,0.609,34.0,750,25,4532,4,-0.21538270736712464
5885,20230718-9PM_750_25_4532_5,0.579,34.0,750,25,4532,5,-0.23732143627256383
5886,20230718-9PM_750_25_4532_6,0.614,34.0,750,25,4532,6,-0.21183162885883233
5887,20230718-9PM_750_25_4532_7,0.683,34.0,750,25,4532,7,-0.1655792963184674
5888,20230718-9PM_680_25_2344_0,0.642,34.0,680,25,2344,0,-0.19246497193114673
5889,20230718-9PM_680_25_2344_1,0.489,34.0,680,25,2344,1,-0.3106911408763798
5890,20230718-9PM_680_25_2344_2,0.636,34.0,680,25,2344,2,-0.19654288435158612
5891,20230718-9PM_680_25_2344_3,0.537,34.0,680,25,2344,3,-0.27002571430044436
5892,20230718-9PM_680_25_2344_4,0.787,34.0,680,25,2344,4,-0.10402526764093542
5893,20230718-9PM_680_25_2344_5,0.465,34.0,680,25,2344,5,-0.33254704711004607
5894,20230718-9PM_680_25_2344_6,0.566,34.0,680,25,2344,6,-0.24718356881172862
5895,20230718-9PM_680_25_2344_7,0.48,34.0,680,25,2344,7,-0.3187587626244128
5896,20230718-9PM_750_25_2344_0,0.37,34.0,750,25,2344,0,-0.431798275933005
5897,20230718-9PM_750_25_2344_1,0.284,34.0,750,25,2344,1,-0.5466816599529624
5898,20230718-9PM_750_25_2344_2,0.373,34.0,750,25,2344,2,-0.4282911681913124
5899,20230718-9PM_750_25_2344_3,0.306,34.0,750,25,2344,3,-0.51427857351842
5900,20230718-9PM_750_25_2344_4,0.443,34.0,750,25,2344,4,-0.3535962737769304
5901,20230718-9PM_750_25_2344_5,0.295,34.0,750,25,2344,5,-0.530177984021837
5902,20230718-9PM_750_25_2344_6,0.339,34.0,750,25,2344,6,-0.4698003017969178
5903,20230718-9PM_750_25_2344_7,0.291,34.0,750,25,2344,7,-0.5361070110140927
5904,20230718-9PM_680_25_2343_0,1.08,34.0,680,25,2343,0,0.03342375548694973
5905,20230718-9PM_680_25_2343_1,0.727,34.0,680,25,2343,1,-0.1384655891409622
5906,20230718-9PM_680_25_2343_2,1.117,34.0,680,25,2343,2,0.048053173115609055
5907,20230718-9PM_680_25_2343_3,1.434,34.0,680,25,2343,3,0.1565491513317813
5908,20230718-9PM_680_25_2343_4,0.657,34.0,680,25,2343,4,-0.1824346304402192
5909,20230718-9PM_680_25_2343_5,1.223,34.0,680,25,2343,5,0.08742645703628549
5910,20230718-9PM_680_25_2343_6,1.245,34.0,680,25,2343,6,0.09516935143175519
5911,20230718-9PM_680_25_2343_7,0.798,34.0,680,25,2343,7,-0.09799710864927055
5912,20230718-9PM_750_25_2343_0,0.624,34.0,750,25,2343,0,-0.20481541031757602
5913,20230718-9PM_750_25_2343_1,0.397,34.0,750,25,2343,1,-0.40120949323688493
5914,20230718-9PM_750_25_2343_2,0.533,34.0,750,25,2343,2,-0.2732727909734277
5915,20230718-9PM_750_25_2343_3,0.794,34.0,750,25,2343,3,-0.10017949757290372
5916,20230718-9PM_750_25_2343_4,0.287,34.0,750,25,2343,4,-0.5421181032660077
5917,20230718-9PM_750_25_2343_5,0.658,34.0,750,25,2343,5,-0.1817741063860445
5918,20230718-9PM_750_25_2343_6,0.699,34.0,750,25,2343,6,-0.15552282425431863
5919,20230718-9PM_750_25_2343_7,0.458,34.0,750,25,2343,7,-0.3391345219961308
5920,20230718-9PM_680_25_1952_0,0.955,34.0,680,25,1952,0,-0.019996628416253676
5921,20230718-9PM_680_25_1952_1,0.903,34.0,680,25,1952,1,-0.04431224968649419
5922,20230718-9PM_680_25_1952_2,0.925,34.0,680,25,1952,2,-0.03385826726096737
5923,20230718-9PM_680_25_1952_3,0.947,34.0,680,25,1952,3,-0.0236500209967266
5924,20230718-9PM_680_25_1952_4,0.792,34.0,680,25,1952,4,-0.10127481841050648
5925,20230718-9PM_680_25_1952_5,0.921,34.0,680,25,1952,5,-0.03574036980315106
5926,20230718-9PM_680_25_1952_6,1.002,34.0,680,25,1952,6,0.0008677215312269133
5927,20230718-9PM_680_25_1952_7,0.903,34.0,680,25,1952,7,-0.04431224968649419
5928,20230718-9PM_750_25_1952_0,0.541,34.0,750,25,1952,0,-0.26680273489343054
5929,20230718-9PM_750_25_1952_1,0.503,34.0,750,25,1952,1,-0.2984320149440726
5930,20230718-9PM_750_25_1952_2,0.519,34.0,750,25,1952,2,-0.28483264215154214
5931,20230718-9PM_750_25_1952_3,0.531,34.0,750,25,1952,3,-0.2749054789185309
5932,20230718-9PM_750_25_1952_4,0.456,34.0,750,25,1952,4,-0.341035157335565
5933,20230718-9PM_750_25_1952_5,0.528,34.0,750,25,1952,5,-0.27736607746618774
5934,20230718-9PM_750_25_1952_6,0.546,34.0,750,25,1952,6,-0.2628073572952627
5935,20230718-9PM_750_25_1952_7,0.527,34.0,750,25,1952,7,-0.27818938478745336
5936,20230718-9PM_680_25_2931_0,0.718,34.0,680,25,2931,0,-0.14387555575769967
5937,20230718-9PM_680_25_2931_1,0.777,34.0,680,25,2931,1,-0.10957898119908573
5938,20230718-9PM_680_25_2931_2,0.834,34.0,680,25,2931,2,-0.0788339493622613
5939,20230718-9PM_680_25_2931_3,0.859,34.0,680,25,2931,3,-0.0660068361687577
5940,20230718-9PM_680_25_2931_4,0.756,34.0,680,25,2931,4,-0.12147820449879346
5941,20230718-9PM_680_25_2931_5,0.655,34.0,680,25,2931,5,-0.18375870000821692
5942,20230718-9PM_680_25_2931_6,0.479,34.0,680,25,2931,6,-0.3196644865854368
5943,20230718-9PM_680_25_2931_7,0.388,34.0,680,25,2931,7,-0.41116827440579273
5944,20230718-9PM_750_25_2931_0,0.384,34.0,750,25,2931,0,-0.4156687756324692
5945,20230718-9PM_750_25_2931_1,0.436,34.0,750,25,2931,1,-0.36051351073141397
5946,20230718-9PM_750_25_2931_2,0.429,34.0,750,25,2931,2,-0.36754270781527576
5947,20230718-9PM_750_25_2931_3,0.444,34.0,750,25,2931,3,-0.3526170298853802
5948,20230718-9PM_750_25_2931_4,0.357,34.0,750,25,2931,4,-0.4473317838878068
5949,20230718-9PM_750_25_2931_5,0.313,34.0,750,25,2931,5,-0.5044556624535516
5950,20230718-9PM_750_25_2931_6,0.277,34.0,750,25,2931,6,-0.5575202309355514
5951,20230718-9PM_750_25_2931_7,0.227,34.0,750,25,2931,7,-0.6439741428068773
5952,20230718-9PM_680_25_JG5_0,0.76,34.0,680,25,JG5,0,-0.11918640771920865
5953,20230718-9PM_680_25_JG5_1,0.605,34.0,680,25,JG5,1,-0.2182446253475311
5954,20230718-9PM_680_25_JG5_2,0.318,34.0,680,25,JG5,2,-0.4975728800155673
5955,20230718-9PM_680_25_JG5_3,0.39,34.0,680,25,JG5,3,-0.4089353929735008
5956,20230718-9PM_680_25_JG5_4,0.32,34.0,680,25,JG5,4,-0.494850021680094
5957,20230718-9PM_680_25_JG5_5,0.647,34.0,680,25,JG5,5,-0.1890957193312996
5958,20230718-9PM_680_25_JG5_6,0.531,34.0,680,25,JG5,6,-0.2749054789185309
5959,20230718-9PM_680_25_JG5_7,1.18,34.0,680,25,JG5,7,0.07188200730612536
5960,20230718-9PM_750_25_JG5_0,0.368,34.0,750,25,JG5,0,-0.43415218132648237
5961,20230718-9PM_750_25_JG5_1,0.323,34.0,750,25,JG5,1,-0.4907974776688971
5962,20230718-9PM_750_25_JG5_2,0.19,34.0,750,25,JG5,2,-0.721246399047171
5963,20230718-9PM_750_25_JG5_3,0.213,34.0,750,25,JG5,3,-0.6716203965612623
5964,20230718-9PM_750_25_JG5_4,0.185,34.0,750,25,JG5,4,-0.7328282715969862
5965,20230718-9PM_750_25_JG5_5,0.346,34.0,750,25,JG5,5,-0.46092390120722343
5966,20230718-9PM_750_25_JG5_6,0.285,34.0,750,25,JG5,6,-0.5451551399914898
5967,20230718-9PM_750_25_JG5_7,0.568,34.0,750,25,JG5,7,-0.24565166428898116
5968,20230718-9PM_680_25_BMS_0,0.917,34.0,680,25,BMS,0,-0.03763066432997889
5969,20230718-9PM_680_25_BMS_1,1.079,34.0,680,25,BMS,1,0.033021444682910656
5970,20230718-9PM_680_25_BMS_2,1.131,34.0,680,25,BMS,2,0.05346260492545529
5971,20230718-9PM_680_25_BMS_3,0.997,34.0,680,25,BMS,3,-0.0013048416883442813
5972,20230718-9PM_680_25_BMS_4,1.32,34.0,680,25,BMS,4,0.12057393120584989
5973,20230718-9PM_680_25_BMS_5,1.214,34.0,680,25,BMS,5,0.08421868673923877
5974,20230718-9PM_680_25_BMS_6,1.236,34.0,680,25,BMS,6,0.09201847075279702
5975,20230718-9PM_680_25_BMS_7,1.172,34.0,680,25,BMS,7,0.06892761168207182
5976,20230718-9PM_750_25_BMS_0,0.488,34.0,750,25,BMS,0,-0.3115801779972894
5977,20230718-9PM_750_25_BMS_1,0.574,34.0,750,25,BMS,1,-0.2410881076020265
5978,20230718-9PM_750_25_BMS_2,0.585,34.0,750,25,BMS,2,-0.23284413391781958
5979,20230718-9PM_750_25_BMS_3,0.531,34.0,750,25,BMS,3,-0.2749054789185309
5980,20230718-9PM_750_25_BMS_4,0.682,34.0,750,25,BMS,4,-0.16621562534352105
5981,20230718-9PM_750_25_BMS_5,0.61,34.0,750,25,BMS,5,-0.21467016498923297
5982,20230718-9PM_750_25_BMS_6,0.627,34.0,750,25,BMS,6,-0.20273245916928356
5983,20230718-9PM_750_25_BMS_7,0.591,34.0,750,25,BMS,7,-0.22841251911874466
5984,20230718-9PM_680_32_3059_0,0.64,34.0,680,32,3059,0,-0.1938200260161128
5985,20230718-9PM_680_32_3059_1,0.963,34.0,680,32,3059,1,-0.0163737128754655
5986,20230718-9PM_680_32_3059_2,1.325,34.0,680,32,3059,2,0.12221587827282664
5987,20230718-9PM_680_32_3059_3,1.113,34.0,680,32,3059,3,0.04649516433470831
5988,20230718-9PM_680_32_3059_4,1.026,34.0,680,32,3059,4,0.011147360775797479
5989,20230718-9PM_680_32_3059_5,0.807,34.0,680,32,3059,5,-0.09312646527792956
5990,20230718-9PM_680_32_3059_6,0.66,34.0,680,32,3059,6,-0.1804560644581313
5991,20230718-9PM_680_32_3059_7,0.445,34.0,680,32,3059,7,-0.3516399890190684
5992,20230718-9PM_750_32_3059_0,0.329,34.0,750,32,3059,0,-0.48280410205002566
5993,20230718-9PM_750_32_3059_1,0.494,34.0,750,32,3059,1,-0.30627305107635305
5994,20230718-9PM_750_32_3059_2,0.631,34.0,750,32,3059,2,-0.19997064075586568
5995,20230718-9PM_750_32_3059_3,0.528,34.0,750,32,3059,3,-0.27736607746618774
5996,20230718-9PM_750_32_3059_4,0.543,34.0,750,32,3059,4,-0.265200170411153
5997,20230718-9PM_750_32_3059_5,0.41,34.0,750,32,3059,5,-0.38721614328026455
5998,20230718-9PM_750_32_3059_6,0.344,34.0,750,32,3059,6,-0.46344155742846993
5999,20230718-9PM_750_32_3059_7,0.256,34.0,750,32,3059,7,-0.5917600346881504
6000,20230718-9PM_680_32_1691_0,1.234,34.0,680,32,1691,0,0.09131515969722287
6001,20230718-9PM_680_32_1691_1,1.29,34.0,680,32,1691,1,0.11058971029924898
6002,20230718-9PM_680_32_1691_2,1.485,34.0,680,32,1691,2,0.1717264536532312
6003,20230718-9PM_680_32_1691_3,1.036,34.0,680,32,1691,3,0.015359755409214231
6004,20230718-9PM_680_32_1691_4,1.357,34.0,680,32,1691,4,0.13257984765973707
6005,20230718-9PM_680_32_1691_5,0.658,34.0,680,32,1691,5,-0.1817741063860445
6006,20230718-9PM_680_32_1691_6,0.893,34.0,680,32,1691,6,-0.049148541111453566
6007,20230718-9PM_680_32_1691_7,0.886,34.0,680,32,1691,7,-0.05256627811294924
6008,20230718-9PM_750_32_1691_0,0.523,34.0,750,32,1691,0,-0.2814983111327257
6009,20230718-9PM_750_32_1691_1,0.483,34.0,750,32,1691,1,-0.31605286924848786
6010,20230718-9PM_750_32_1691_2,0.657,34.0,750,32,1691,2,-0.1824346304402192
6011,20230718-9PM_750_32_1691_3,0.422,34.0,750,32,1691,3,-0.37468754903832613
6012,20230718-9PM_750_32_1691_4,0.636,34.0,750,32,1691,4,-0.19654288435158612
6013,20230718-9PM_750_32_1691_5,0.462,34.0,750,32,1691,5,-0.33535802444387447
6014,20230718-9PM_750_32_1691_6,0.423,34.0,750,32,1691,6,-0.37365963262495766
6015,20230718-9PM_750_32_1691_7,0.424,34.0,750,32,1691,7,-0.37263414340726736
6016,20230718-9PM_680_32_1690_0,1.921,34.0,680,32,1690,0,0.28352736486169366
6017,20230718-9PM_680_32_1690_1,1.782,34.0,680,32,1690,1,0.25090769970085597
6018,20230718-9PM_680_32_1690_2,1.104,34.0,680,32,1690,2,0.04296907339318013
6019,20230718-9PM_680_32_1690_3,1.452,34.0,680,32,1690,3,0.1619666163640749
6020,20230718-9PM_680_32_1690_4,0.921,34.0,680,32,1690,4,-0.03574036980315106
6021,20230718-9PM_680_32_1690_5,1.21,34.0,680,32,1690,5,0.08278537031645007
6022,20230718-9PM_680_32_1690_6,1.278,34.0,680,32,1690,6,0.10653085382238137
6023,20230718-9PM_680_32_1690_7,1.341,34.0,680,32,1690,7,0.1274287778515989
6024,20230718-9PM_750_32_1690_0,0.892,34.0,750,32,1690,0,-0.04963514562387693
6025,20230718-9PM_750_32_1690_1,0.889,34.0,750,32,1690,1,-0.0510982390297863
6026,20230718-9PM_750_32_1690_2,0.437,34.0,750,32,1690,2,-0.3595185630295782
6027,20230718-9PM_750_32_1690_3,0.634,34.0,750,32,1690,3,-0.1979107421182673
6028,20230718-9PM_750_32_1690_4,0.508,34.0,750,32,1690,4,-0.29413628771608075
6029,20230718-9PM_750_32_1690_5,0.694,34.0,750,32,1690,5,-0.15864052954514513
6030,20230718-9PM_750_32_1690_6,0.775,34.0,750,32,1690,6,-0.1106982974936897
6031,20230718-9PM_750_32_1690_7,0.646,34.0,750,32,1690,7,-0.1897674820049159
6032,20230718-9PM_680_32_2342_0,0.987,34.0,680,32,2342,0,-0.005682847330363273
6033,20230718-9PM_680_32_2342_1,1.079,34.0,680,32,2342,1,0.033021444682910656
6034,20230718-9PM_680_32_2342_2,0.802,34.0,680,32,2342,2,-0.09582563171583647
6035,20230718-9PM_680_32_2342_3,1.02,34.0,680,32,2342,3,0.00860017176191757
6036,20230718-9PM_680_32_2342_4,0.036,34.0,680,32,2342,4,-1.4436974992327127
6037,20230718-9PM_680_32_2342_5,1.163,34.0,680,32,2342,5,0.06557971472844842
6038,20230718-9PM_680_32_2342_6,0.725,34.0,680,32,2342,6,-0.13966199342900631
6039,20230718-9PM_680_32_2342_7,0.795,34.0,680,32,2342,7,-0.09963287134352969
6040,20230718-9PM_750_32_2342_0,0.467,34.0,750,32,2342,0,-0.33068311943388784
6041,20230718-9PM_750_32_2342_1,0.513,34.0,750,32,2342,1,-0.2898826348881837
6042,20230718-9PM_750_32_2342_2,0.364,34.0,750,32,2342,2,-0.438898616350944
6043,20230718-9PM_750_32_2342_3,0.395,34.0,750,32,2342,3,-0.40340290437353976
6044,20230718-9PM_750_32_2342_4,0.041,34.0,750,32,2342,4,-1.3872161432802645
6045,20230718-9PM_750_32_2342_5,0.577,34.0,750,32,2342,5,-0.2388241868442686
6046,20230718-9PM_750_32_2342_6,0.424,34.0,750,32,2342,6,-0.37263414340726736
6047,20230718-9PM_750_32_2342_7,0.36,34.0,750,32,2342,7,-0.44369749923271273
6048,20230718-9PM_680_32_4532_0,1.033,34.0,680,32,4532,0,0.014100321519620545
6049,20230718-9PM_680_32_4532_1,1.121,34.0,680,32,4532,1,0.04960561259497315
6050,20230718-9PM_680_32_4532_2,1.432,34.0,680,32,4532,2,0.15594301797183674
6051,20230718-9PM_680_32_4532_3,1.15,34.0,680,32,4532,3,0.06069784035361165
6052,20230718-9PM_680_32_4532_4,1.11,34.0,680,32,4532,4,0.045322978786657475
6053,20230718-9PM_680_32_4532_5,1.062,34.0,680,32,4532,5,0.026124516745450282
6054,20230718-9PM_680_32_4532_6,1.324,34.0,680,32,4532,6,0.12188798510368115
6055,20230718-9PM_680_32_4532_7,0.889,34.0,680,32,4532,7,-0.0510982390297863
6056,20230718-9PM_750_32_4532_0,0.622,34.0,750,32,4532,0,-0.2062096153091813
6057,20230718-9PM_750_32_4532_1,0.582,34.0,750,32,4532,1,-0.23507701535011155
6058,20230718-9PM_750_32_4532_2,0.531,34.0,750,32,4532,2,-0.2749054789185309
6059,20230718-9PM_750_32_4532_3,0.669,34.0,750,32,4532,3,-0.17457388223217687
6060,20230718-9PM_750_32_4532_4,0.447,34.0,750,32,4532,4,-0.34969247686806354
6061,20230718-9PM_750_32_4532_5,0.506,34.0,750,32,4532,5,-0.2958494831602009
6062,20230718-9PM_750_32_4532_6,0.586,34.0,750,32,4532,6,-0.23210238398190938
6063,20230718-9PM_750_32_4532_7,0.478,34.0,750,32,4532,7,-0.3205721033878811
6064,20230718-9PM_680_32_2344_0,0.775,34.0,680,32,2344,0,-0.1106982974936897
6065,20230718-9PM_680_32_2344_1,1.093,34.0,680,32,2344,1,0.03862016194970278
6066,20230718-9PM_680_32_2344_2,0.906,34.0,680,32,2344,2,-0.042871802323186915
6067,20230718-9PM_680_32_2344_3,0.619,34.0,680,32,2344,3,-0.208309350979882
6068,20230718-9PM_680_32_2344_4,0.914,34.0,680,32,2344,4,-0.039053804266168564
6069,20230718-9PM_680_32_2344_5,0.297,34.0,680,32,2344,5,-0.5272435506827877
6070,20230718-9PM_680_32_2344_6,0.902,34.0,680,32,2344,6,-0.04479346245805826
6071,20230718-9PM_680_32_2344_7,0.634,34.0,680,32,2344,7,-0.1979107421182673
6072,20230718-9PM_750_32_2344_0,0.532,34.0,750,32,2344,0,-0.2740883677049518
6073,20230718-9PM_750_32_2344_1,0.6,34.0,750,32,2344,1,-0.2218487496163564
6074,20230718-9PM_750_32_2344_2,0.514,34.0,750,32,2344,2,-0.28903688100472424
6075,20230718-9PM_750_32_2344_3,0.395,34.0,750,32,2344,3,-0.40340290437353976
6076,20230718-9PM_750_32_2344_4,0.573,34.0,750,32,2344,4,-0.24184537803261005
6077,20230718-9PM_750_32_2344_5,0.272,34.0,750,32,2344,5,-0.5654310959658012
6078,20230718-9PM_750_32_2344_6,0.529,34.0,750,32,2344,6,-0.2765443279648142
6079,20230718-9PM_750_32_2344_7,0.387,34.0,750,32,2344,7,-0.4122890349810886
6080,20230718-9PM_680_32_2343_0,1.521,34.0,680,32,2343,0,0.1821292140529984
6081,20230718-9PM_680_32_2343_1,1.062,34.0,680,32,2343,1,0.026124516745450282
6082,20230718-9PM_680_32_2343_2,1.135,34.0,680,32,2343,2,0.05499586152914153
6083,20230718-9PM_680_32_2343_3,1.327,34.0,680,32,2343,3,0.1228709228644355
6084,20230718-9PM_680_32_2343_4,1.188,34.0,680,32,2343,4,0.07481644064517472
6085,20230718-9PM_680_32_2343_5,1.178,34.0,680,32,2343,5,0.07114529045108281
6086,20230718-9PM_680_32_2343_6,1.2,34.0,680,32,2343,6,0.07918124604762482
6087,20230718-9PM_680_32_2343_7,0.791,34.0,680,32,2343,7,-0.10182351650232342
6088,20230718-9PM_750_32_2343_0,0.797,34.0,750,32,2343,0,-0.09854167860388763
6089,20230718-9PM_750_32_2343_1,0.604,34.0,750,32,2343,1,-0.21896306137886817
6090,20230718-9PM_750_32_2343_2,0.507,34.0,750,32,2343,2,-0.294992040666664
6091,20230718-9PM_750_32_2343_3,0.672,34.0,750,32,2343,3,-0.17263072694617473
6092,20230718-9PM_750_32_2343_4,0.604,34.0,750,32,2343,4,-0.21896306137886817
6093,20230718-9PM_750_32_2343_5,0.59,34.0,750,32,2343,5,-0.22914798835785583
6094,20230718-9PM_750_32_2343_6,0.621,34.0,750,32,2343,6,-0.20690839982341983
6095,20230718-9PM_750_32_2343_7,0.493,34.0,750,32,2343,7,-0.30715308072277
6096,20230718-9PM_680_32_1952_0,1.102,34.0,680,32,1952,0,0.04218159451576628
6097,20230718-9PM_680_32_1952_1,1.373,34.0,680,32,1952,1,0.1376705372367551
6098,20230718-9PM_680_32_1952_2,0.864,34.0,680,32,1952,2,-0.06348625752110672
6099,20230718-9PM_680_32_1952_3,1.12,34.0,680,32,1952,3,0.04921802267018165
6100,20230718-9PM_680_32_1952_4,1.192,34.0,680,32,1952,4,0.0762762554042176
6101,20230718-9PM_680_32_1952_5,0.799,34.0,680,32,1952,5,-0.09745322068600858
6102,20230718-9PM_680_32_1952_6,1.043,34.0,680,32,1952,6,0.018284308426530838
6103,20230718-9PM_680_32_1952_7,0.522,34.0,680,32,1952,7,-0.28232949699773785
6104,20230718-9PM_750_32_1952_0,0.604,34.0,750,32,1952,0,-0.21896306137886817
6105,20230718-9PM_750_32_1952_1,0.715,34.0,750,32,1952,1,-0.1456939581989194
6106,20230718-9PM_750_32_1952_2,0.439,34.0,750,32,1952,2,-0.35753547975787864
6107,20230718-9PM_750_32_1952_3,0.616,34.0,750,32,1952,3,-0.21041928783557454
6108,20230718-9PM_750_32_1952_4,0.653,34.0,750,32,1952,4,-0.18508681872492605
6109,20230718-9PM_750_32_1952_5,0.45,34.0,750,32,1952,5,-0.3467874862246563
6110,20230718-9PM_750_32_1952_6,0.619,34.0,750,32,1952,6,-0.208309350979882
6111,20230718-9PM_750_32_1952_7,0.266,34.0,750,32,1952,7,-0.575118363368933
6112,20230718-9PM_680_32_2931_0,1.006,34.0,680,32,2931,0,0.0025979807199085947
6113,20230718-9PM_680_32_2931_1,0.922,34.0,680,32,2931,1,-0.03526907894637064
6114,20230718-9PM_680_32_2931_2,1.37,34.0,680,32,2931,2,0.1367205671564068
6115,20230718-9PM_680_32_2931_3,0.883,34.0,680,32,2931,3,-0.05403929642243141
6116,20230718-9PM_680_32_2931_4,0.827,34.0,680,32,2931,4,-0.08249449044745336
6117,20230718-9PM_680_32_2931_5,1.516,34.0,680,32,2931,5,0.18069920129603473
6118,20230718-9PM_680_32_2931_6,0.898,34.0,680,32,2931,6,-0.04672366333269562
6119,20230718-9PM_680_32_2931_7,0.835,34.0,680,32,2931,7,-0.07831352451639793
6120,20230718-9PM_750_32_2931_0,0.596,34.0,750,32,2931,0,-0.22475374025976358
6121,20230718-9PM_750_32_2931_1,0.539,34.0,750,32,2931,1,-0.2684112348132613
6122,20230718-9PM_750_32_2931_2,0.714,34.0,750,32,2931,2,-0.14630178822382564
6123,20230718-9PM_750_32_2931_3,0.573,34.0,750,32,2931,3,-0.24184537803261005
6124,20230718-9PM_750_32_2931_4,0.505,34.0,750,32,2931,4,-0.2967086218813386
6125,20230718-9PM_750_32_2931_5,0.843,34.0,750,32,2931,5,-0.07417242537525769
6126,20230718-9PM_750_32_2931_6,0.504,34.0,750,32,2931,6,-0.2975694635544747
6127,20230718-9PM_750_32_2931_7,0.498,34.0,750,32,2931,7,-0.30277065724028246
6128,20230718-9PM_680_32_JG5_0,0.699,34.0,680,32,JG5,0,-0.15552282425431863
6129,20230718-9PM_680_32_JG5_1,0.678,34.0,680,32,JG5,1,-0.16877030613293661
6130,20230718-9PM_680_32_JG5_2,1.185,34.0,680,32,JG5,2,0.07371835034612269
6131,20230718-9PM_680_32_JG5_3,1.751,34.0,680,32,JG5,3,0.24328614608344612
6132,20230718-9PM_680_32_JG5_4,1.281,34.0,680,32,JG5,4,0.10754912974468628
6133,20230718-9PM_680_32_JG5_5,0.935,34.0,680,32,JG5,5,-0.0291883891274822
6134,20230718-9PM_680_32_JG5_6,2.254,34.0,680,32,JG5,6,0.3529539117100877
6135,20230718-9PM_680_32_JG5_7,1.577,34.0,680,32,JG5,7,0.19783169332890285
6136,20230718-9PM_750_32_JG5_0,0.406,34.0,750,32,JG5,0,-0.39147396642280585
6137,20230718-9PM_750_32_JG5_1,0.381,34.0,750,32,JG5,1,-0.4190750243243807
6138,20230718-9PM_750_32_JG5_2,0.552,34.0,750,32,JG5,2,-0.2580609222708011
6139,20230718-9PM_750_32_JG5_3,0.766,34.0,750,32,JG5,3,-0.11577123036739606
6140,20230718-9PM_750_32_JG5_4,0.554,34.0,750,32,JG5,4,-0.2564902352715702
6141,20230718-9PM_750_32_JG5_5,0.518,34.0,750,32,JG5,5,-0.28567024025476695
6142,20230718-9PM_750_32_JG5_6,0.878,34.0,750,32,JG5,6,-0.05650548409389743
6143,20230718-9PM_750_32_JG5_7,0.736,34.0,750,32,JG5,7,-0.13312218566250114
6144,20230718-9PM_680_32_BMS_0,0.87,34.0,680,32,BMS,0,-0.060480747381381476
6145,20230718-9PM_680_32_BMS_1,0.71,34.0,680,32,BMS,1,-0.14874165128092473
6146,20230718-9PM_680_32_BMS_2,1.068,34.0,680,32,BMS,2,0.028571252692537637
6147,20230718-9PM_680_32_BMS_3,0.474,34.0,680,32,BMS,3,-0.324221658325915
6148,20230718-9PM_680_32_BMS_4,0.474,34.0,680,32,BMS,4,-0.324221658325915
6149,20230718-9PM_680_32_BMS_5,0.917,34.0,680,32,BMS,5,-0.03763066432997889
6150,20230718-9PM_680_32_BMS_6,1.054,34.0,680,32,BMS,6,0.022840610876527823
6151,20230718-9PM_680_32_BMS_7,0.689,34.0,680,32,BMS,7,-0.1617807780923742
6152,20230718-9PM_750_32_BMS_0,0.5,34.0,750,32,BMS,0,-0.3010299956639812
6153,20230718-9PM_750_32_BMS_1,0.477,34.0,750,32,BMS,1,-0.3214816209598861
6154,20230718-9PM_750_32_BMS_2,0.617,34.0,750,32,BMS,2,-0.20971483596675833
6155,20230718-9PM_750_32_BMS_3,0.32,34.0,750,32,BMS,3,-0.494850021680094
6156,20230718-9PM_750_32_BMS_4,0.333,34.0,750,32,BMS,4,-0.4775557664936801
6157,20230718-9PM_750_32_BMS_5,0.547,34.0,750,32,BMS,5,-0.2620126736665692
6158,20230718-9PM_750_32_BMS_6,0.591,34.0,750,32,BMS,6,-0.22841251911874466
6159,20230718-9PM_750_32_BMS_7,0.438,34.0,750,32,BMS,7,-0.3585258894959005
6160,20230718-9PM_680_28_3059_0,1.192,34.0,680,28,3059,0,0.0762762554042176
6161,20230718-9PM_680_28_3059_1,1.319,34.0,680,28,3059,1,0.12024479554636527
6162,20230718-9PM_680_28_3059_2,1.402,34.0,680,28,3059,2,0.14674801363063983
6163,20230718-9PM_680_28_3059_3,1.299,34.0,680,28,3059,3,0.11360915107302785
6164,20230718-9PM_680_28_3059_4,1.196,34.0,680,28,3059,4,0.07773117965239203
6165,20230718-9PM_680_28_3059_5,1.358,34.0,680,28,3059,5,0.1328997699444829
6166,20230718-9PM_680_28_3059_6,1.368,34.0,680,28,3059,6,0.13608609738409747
6167,20230718-9PM_680_28_3059_7,1.098,34.0,680,28,3059,7,0.04060234011407314
6168,20230718-9PM_750_28_3059_0,0.577,34.0,750,28,3059,0,-0.2388241868442686
6169,20230718-9PM_750_28_3059_1,0.709,34.0,750,28,3059,1,-0.1493537648169335
6170,20230718-9PM_750_28_3059_2,0.816,34.0,750,28,3059,2,-0.08830984124613889
6171,20230718-9PM_750_28_3059_3,0.746,34.0,750,28,3059,3,-0.1272611725273312
6172,20230718-9PM_750_28_3059_4,0.605,34.0,750,28,3059,4,-0.2182446253475311
6173,20230718-9PM_750_28_3059_5,0.734,34.0,750,28,3059,5,-0.13430394008392949
6174,20230718-9PM_750_28_3059_6,0.645,34.0,750,28,3059,6,-0.19044028536473223
6175,20230718-9PM_750_28_3059_7,0.637,34.0,750,28,3059,7,-0.19586056766464957
6176,20230718-9PM_680_28_1691_0,1.339,34.0,680,28,1691,0,0.12678057701200895
6177,20230718-9PM_680_28_1691_1,1.288,34.0,680,28,1691,1,0.1099158630237933
6178,20230718-9PM_680_28_1691_2,1.167,34.0,680,28,1691,2,0.06707085604537019
6179,20230718-9PM_680_28_1691_3,1.314,34.0,680,28,1691,3,0.11859536522376199
6180,20230718-9PM_680_28_1691_4,1.145,34.0,680,28,1691,4,0.05880548667590681
6181,20230718-9PM_680_28_1691_5,1.202,34.0,680,28,1691,5,0.0799044676667207
6182,20230718-9PM_680_28_1691_6,1.114,34.0,680,28,1691,6,0.04688519083771014
6183,20230718-9PM_680_28_1691_7,0.814,34.0,680,28,1691,7,-0.0893755951107988
6184,20230718-9PM_750_28_1691_0,0.624,34.0,750,28,1691,0,-0.20481541031757602
6185,20230718-9PM_750_28_1691_1,0.609,34.0,750,28,1691,1,-0.21538270736712464
6186,20230718-9PM_750_28_1691_2,0.567,34.0,750,28,1691,2,-0.24641694110709345
6187,20230718-9PM_750_28_1691_3,0.649,34.0,750,28,1691,3,-0.18775530319963074
6188,20230718-9PM_750_28_1691_4,0.582,34.0,750,28,1691,4,-0.23507701535011155
6189,20230718-9PM_750_28_1691_5,0.645,34.0,750,28,1691,5,-0.19044028536473223
6190,20230718-9PM_750_28_1691_6,0.571,34.0,750,28,1691,6,-0.243363891754152
6191,20230718-9PM_750_28_1691_7,0.402,34.0,750,28,1691,7,-0.3957739469155299
6192,20230718-9PM_680_28_1690_0,1.491,34.0,680,28,1690,0,0.17347764345299457
6193,20230718-9PM_680_28_1690_1,1.006,34.0,680,28,1690,1,0.0025979807199085947
6194,20230718-9PM_680_28_1690_2,1.722,34.0,680,28,1690,2,0.23603314711763596
6195,20230718-9PM_680_28_1690_3,1.478,34.0,680,28,1690,3,0.16967443405880692
6196,20230718-9PM_680_28_1690_4,1.632,34.0,680,28,1690,4,0.2127201544178423
6197,20230718-9PM_680_28_1690_5,1.3,34.0,680,28,1690,5,0.11394335230683679
6198,20230718-9PM_680_28_1690_6,1.811,34.0,680,28,1690,6,0.2579184503140584
6199,20230718-9PM_680_28_1690_7,1.563,34.0,680,28,1690,7,0.1939589780191869
6200,20230718-9PM_750_28_1690_0,0.832,34.0,750,28,1690,0,-0.07987667370927608
6201,20230718-9PM_750_28_1690_1,0.524,34.0,750,28,1690,1,-0.28066871301627333
6202,20230718-9PM_750_28_1690_2,0.951,34.0,750,28,1690,2,-0.02181948306258609
6203,20230718-9PM_750_28_1690_3,0.867,34.0,750,28,1690,3,-0.06198090252378971
6204,20230718-9PM_750_28_1690_4,0.895,34.0,750,28,1690,4,-0.04817696468408802
6205,20230718-9PM_750_28_1690_5,0.666,34.0,750,28,1690,5,-0.17652577082969892
6206,20230718-9PM_750_28_1690_6,0.994,34.0,750,28,1690,6,-0.00261361560268669
6207,20230718-9PM_750_28_1690_7,0.831,34.0,750,28,1690,7,-0.08039897621588903
6208,20230718-9PM_680_28_2342_0,1.014,34.0,680,28,2342,0,0.006037954997317177
6209,20230718-9PM_680_28_2342_1,0.902,34.0,680,28,2342,1,-0.04479346245805826
6210,20230718-9PM_680_28_2342_2,1.113,34.0,680,28,2342,2,0.04649516433470831
6211,20230718-9PM_680_28_2342_3,0.97,34.0,680,28,2342,3,-0.01322826573375516
6212,20230718-9PM_680_28_2342_4,0.036,34.0,680,28,2342,4,-1.4436974992327127
6213,20230718-9PM_680_28_2342_5,1.073,34.0,680,28,2342,5,0.030599721965951066
6214,20230718-9PM_680_28_2342_6,0.887,34.0,680,28,2342,6,-0.0520763801682736
6215,20230718-9PM_680_28_2342_7,0.817,34.0,680,28,2342,7,-0.08777794346758454
6216,20230718-9PM_750_28_2342_0,0.489,34.0,750,28,2342,0,-0.3106911408763798
6217,20230718-9PM_750_28_2342_1,0.432,34.0,750,28,2342,1,-0.3645162531850879
6218,20230718-9PM_750_28_2342_2,0.546,34.0,750,28,2342,2,-0.2628073572952627
6219,20230718-9PM_750_28_2342_3,0.51,34.0,750,28,2342,3,-0.2924298239020636
6220,20230718-9PM_750_28_2342_4,0.04,34.0,750,28,2342,4,-1.3979400086720375
6221,20230718-9PM_750_28_2342_5,0.547,34.0,750,28,2342,5,-0.2620126736665692
6222,20230718-9PM_750_28_2342_6,0.451,34.0,750,28,2342,6,-0.34582345812203946
6223,20230718-9PM_750_28_2342_7,0.465,34.0,750,28,2342,7,-0.33254704711004607
6224,20230718-9PM_680_28_4532_0,1.339,34.0,680,28,4532,0,0.12678057701200895
6225,20230718-9PM_680_28_4532_1,1.017,34.0,680,28,4532,1,0.0073209529227445565
6226,20230718-9PM_680_28_4532_2,0.933,34.0,680,28,4532,2,-0.030118356253500032
6227,20230718-9PM_680_28_4532_3,1.24,34.0,680,28,4532,3,0.09342168516223506
6228,20230718-9PM_680_28_4532_4,1.065,34.0,680,28,4532,4,0.027349607774756507
6229,20230718-9PM_680_28_4532_5,1.228,34.0,680,28,4532,5,0.08919836680514887
6230,20230718-9PM_680_28_4532_6,1.0,34.0,680,28,4532,6,0.0
6231,20230718-9PM_680_28_4532_7,1.099,34.0,680,28,4532,7,0.04099769242349056
6232,20230718-9PM_750_28_4532_0,0.733,34.0,750,28,4532,0,-0.13489602535887207
6233,20230718-9PM_750_28_4532_1,0.608,34.0,750,28,4532,1,-0.21609642072726507
6234,20230718-9PM_750_28_4532_2,0.6,34.0,750,28,4532,2,-0.2218487496163564
6235,20230718-9PM_750_28_4532_3,0.678,34.0,750,28,4532,3,-0.16877030613293661
6236,20230718-9PM_750_28_4532_4,0.59,34.0,750,28,4532,4,-0.22914798835785583
6237,20230718-9PM_750_28_4532_5,0.65,34.0,750,28,4532,5,-0.18708664335714442
6238,20230718-9PM_750_28_4532_6,0.611,34.0,750,28,4532,6,-0.21395878975744578
6239,20230718-9PM_750_28_4532_7,0.625,34.0,750,28,4532,7,-0.2041199826559248
6240,20230718-9PM_680_28_2344_0,1.001,34.0,680,28,2344,0,0.0004340774793185929
6241,20230718-9PM_680_28_2344_1,0.571,34.0,680,28,2344,1,-0.243363891754152
6242,20230718-9PM_680_28_2344_2,0.621,34.0,680,28,2344,2,-0.20690839982341983
6243,20230718-9PM_680_28_2344_3,0.989,34.0,680,28,2344,3,-0.004803708402820599
6244,20230718-9PM_680_28_2344_4,0.907,34.0,680,28,2344,4,-0.04239271293990473
6245,20230718-9PM_680_28_2344_5,0.701,34.0,680,28,2344,5,-0.15428198203334137
6246,20230718-9PM_680_28_2344_6,0.836,34.0,680,28,2344,6,-0.07779372256098363
6247,20230718-9PM_680_28_2344_7,1.019,34.0,680,28,2344,7,0.008174184006426355
6248,20230718-9PM_750_28_2344_0,0.545,34.0,750,28,2344,0,-0.2636034977233575
6249,20230718-9PM_750_28_2344_1,0.334,34.0,750,28,2344,1,-0.4762535331884355
6250,20230718-9PM_750_28_2344_2,0.371,34.0,750,28,2344,2,-0.43062609038495414
6251,20230718-9PM_750_28_2344_3,0.543,34.0,750,28,2344,3,-0.265200170411153
6252,20230718-9PM_750_28_2344_4,0.494,34.0,750,28,2344,4,-0.30627305107635305
6253,20230718-9PM_750_28_2344_5,0.427,34.0,750,28,2344,5,-0.36957212497497616
6254,20230718-9PM_750_28_2344_6,0.471,34.0,750,28,2344,6,-0.3269790928711038
6255,20230718-9PM_750_28_2344_7,0.528,34.0,750,28,2344,7,-0.27736607746618774
6256,20230718-9PM_680_28_2343_0,0.844,34.0,680,28,2343,0,-0.07365755337434496
6257,20230718-9PM_680_28_2343_1,0.805,34.0,680,28,2343,1,-0.09420411963213146
6258,20230718-9PM_680_28_2343_2,1.082,34.0,680,28,2343,2,0.03422726077055066
6259,20230718-9PM_680_28_2343_3,1.407,34.0,680,28,2343,3,0.1482940974347457
6260,20230718-9PM_680_28_2343_4,1.203,34.0,680,28,2343,4,0.08026562733984477
6261,20230718-9PM_680_28_2343_5,1.338,34.0,680,28,2343,5,0.12645611343180432
6262,20230718-9PM_680_28_2343_6,1.301,34.0,680,28,2343,6,0.11427729656158624
6263,20230718-9PM_680_28_2343_7,0.792,34.0,680,28,2343,7,-0.10127481841050648
6264,20230718-9PM_750_28_2343_0,0.489,34.0,750,28,2343,0,-0.3106911408763798
6265,20230718-9PM_750_28_2343_1,0.501,34.0,750,28,2343,1,-0.30016227413275426
6266,20230718-9PM_750_28_2343_2,0.599,34.0,750,28,2343,2,-0.22257317761068865
6267,20230718-9PM_750_28_2343_3,0.797,34.0,750,28,2343,3,-0.09854167860388763
6268,20230718-9PM_750_28_2343_4,0.66,34.0,750,28,2343,4,-0.1804560644581313
6269,20230718-9PM_750_28_2343_5,0.804,34.0,750,28,2343,5,-0.0947439512515487
6270,20230718-9PM_750_28_2343_6,0.767,34.0,750,28,2343,6,-0.11520463605101904
6271,20230718-9PM_750_28_2343_7,0.478,34.0,750,28,2343,7,-0.3205721033878811
6272,20230718-9PM_680_28_1952_0,0.96,34.0,680,28,1952,0,-0.017728766960431602
6273,20230718-9PM_680_28_1952_1,1.224,34.0,680,28,1952,1,0.08778141780954238
6274,20230718-9PM_680_28_1952_2,0.88,34.0,680,28,1952,2,-0.05551732784983137
6275,20230718-9PM_680_28_1952_3,1.054,34.0,680,28,1952,3,0.022840610876527823
6276,20230718-9PM_680_28_1952_4,1.052,34.0,680,28,1952,4,0.02201573981772028
6277,20230718-9PM_680_28_1952_5,0.985,34.0,680,28,1952,5,-0.006563769502388274
6278,20230718-9PM_680_28_1952_6,1.273,34.0,680,28,1952,6,0.10482840365365537
6279,20230718-9PM_680_28_1952_7,1.019,34.0,680,28,1952,7,0.008174184006426355
6280,20230718-9PM_750_28_1952_0,0.532,34.0,750,28,1952,0,-0.2740883677049518
6281,20230718-9PM_750_28_1952_1,0.64,34.0,750,28,1952,1,-0.1938200260161128
6282,20230718-9PM_750_28_1952_2,0.5,34.0,750,28,1952,2,-0.3010299956639812
6283,20230718-9PM_750_28_1952_3,0.571,34.0,750,28,1952,3,-0.243363891754152
6284,20230718-9PM_750_28_1952_4,0.568,34.0,750,28,1952,4,-0.24565166428898116
6285,20230718-9PM_750_28_1952_5,0.544,34.0,750,28,1952,5,-0.26440110030182007
6286,20230718-9PM_750_28_1952_6,0.669,34.0,750,28,1952,6,-0.17457388223217687
6287,20230718-9PM_750_28_1952_7,0.542,34.0,750,28,1952,7,-0.266000713461613
6288,20230718-9PM_680_28_2931_0,1.304,34.0,680,28,2931,0,0.11527759139590141
6289,20230718-9PM_680_28_2931_1,1.087,34.0,680,28,2931,1,0.03622954408629453
6290,20230718-9PM_680_28_2931_2,0.725,34.0,680,28,2931,2,-0.13966199342900631
6291,20230718-9PM_680_28_2931_3,1.166,34.0,680,28,2931,3,0.06669855042299526
6292,20230718-9PM_680_28_2931_4,1.083,34.0,680,28,2931,4,0.034628456625320346
6293,20230718-9PM_680_28_2931_5,1.205,34.0,680,28,2931,5,0.08098704691088722
6294,20230718-9PM_680_28_2931_6,0.603,34.0,680,28,2931,6,-0.2196826878598487
6295,20230718-9PM_680_28_2931_7,0.785,34.0,680,28,2931,7,-0.10513034325474745
6296,20230718-9PM_750_28_2931_0,0.668,34.0,750,28,2931,0,-0.1752235375244543
6297,20230718-9PM_750_28_2931_1,0.588,34.0,750,28,2931,1,-0.23062267392386154
6298,20230718-9PM_750_28_2931_2,0.359,34.0,750,28,2931,2,-0.44490555142168087
6299,20230718-9PM_750_28_2931_3,0.545,34.0,750,28,2931,3,-0.2636034977233575
6300,20230718-9PM_750_28_2931_4,0.53,34.0,750,28,2931,4,-0.27572413039921095
6301,20230718-9PM_750_28_2931_5,0.596,34.0,750,28,2931,5,-0.22475374025976358
6302,20230718-9PM_750_28_2931_6,0.383,34.0,750,28,2931,6,-0.41680122603137726
6303,20230718-9PM_750_28_2931_7,0.43,34.0,750,28,2931,7,-0.36653154442041347
6304,20230718-9PM_680_28_JG5_0,0.803,34.0,680,28,JG5,0,-0.09528445472131904
6305,20230718-9PM_680_28_JG5_1,1.332,34.0,680,28,JG5,1,0.12450422483428228
6306,20230718-9PM_680_28_JG5_2,1.052,34.0,680,28,JG5,2,0.02201573981772028
6307,20230718-9PM_680_28_JG5_3,0.579,34.0,680,28,JG5,3,-0.23732143627256383
6308,20230718-9PM_680_28_JG5_4,0.829,34.0,680,28,JG5,4,-0.08144546944972647
6309,20230718-9PM_680_28_JG5_5,1.212,34.0,680,28,JG5,5,0.0835026198302674
6310,20230718-9PM_680_28_JG5_6,0.458,34.0,680,28,JG5,6,-0.3391345219961308
6311,20230718-9PM_680_28_JG5_7,0.865,34.0,680,28,JG5,7,-0.06298389253518578
6312,20230718-9PM_750_28_JG5_0,0.429,34.0,750,28,JG5,0,-0.36754270781527576
6313,20230718-9PM_750_28_JG5_1,0.665,34.0,750,28,JG5,1,-0.17717835469689538
6314,20230718-9PM_750_28_JG5_2,0.508,34.0,750,28,JG5,2,-0.29413628771608075
6315,20230718-9PM_750_28_JG5_3,0.315,34.0,750,28,JG5,3,-0.5016894462103995
6316,20230718-9PM_750_28_JG5_4,0.424,34.0,750,28,JG5,4,-0.37263414340726736
6317,20230718-9PM_750_28_JG5_5,0.581,34.0,750,28,JG5,5,-0.2358238676096693
6318,20230718-9PM_750_28_JG5_6,0.257,34.0,750,28,JG5,6,-0.5900668766687055
6319,20230718-9PM_750_28_JG5_7,0.46,34.0,750,28,JG5,7,-0.3372421683184259
6320,20230718-9PM_680_28_BMS_0,1.061,34.0,680,28,BMS,0,0.025715383901340642
6321,20230718-9PM_680_28_BMS_1,0.955,34.0,680,28,BMS,1,-0.019996628416253676
6322,20230718-9PM_680_28_BMS_2,1.13,34.0,680,28,BMS,2,0.05307844348341968
6323,20230718-9PM_680_28_BMS_3,1.166,34.0,680,28,BMS,3,0.06669855042299526
6324,20230718-9PM_680_28_BMS_4,1.221,34.0,680,28,BMS,4,0.0867156639448825
6325,20230718-9PM_680_28_BMS_5,1.074,34.0,680,28,BMS,5,0.031004281363536827
6326,20230718-9PM_680_28_BMS_6,1.223,34.0,680,28,BMS,6,0.08742645703628549
6327,20230718-9PM_680_28_BMS_7,1.181,34.0,680,28,BMS,7,0.07224989761351482
6328,20230718-9PM_750_28_BMS_0,0.566,34.0,750,28,BMS,0,-0.24718356881172862
6329,20230718-9PM_750_28_BMS_1,0.53,34.0,750,28,BMS,1,-0.27572413039921095
6330,20230718-9PM_750_28_BMS_2,0.636,34.0,750,28,BMS,2,-0.19654288435158612
6331,20230718-9PM_750_28_BMS_3,0.615,34.0,750,28,BMS,3,-0.21112488422458328
6332,20230718-9PM_750_28_BMS_4,0.673,34.0,750,28,BMS,4,-0.1719849357760231
6333,20230718-9PM_750_28_BMS_5,0.595,34.0,750,28,BMS,5,-0.22548303427145044
6334,20230718-9PM_750_28_BMS_6,0.673,34.0,750,28,BMS,6,-0.1719849357760231
6335,20230718-9PM_750_28_BMS_7,0.624,34.0,750,28,BMS,7,-0.20481541031757602
6336,20230721-3PM_680_25_3059_0,1.906,100.0,680,25,3059,0,0.2801228963023076
6337,20230721-3PM_680_25_3059_1,1.913,100.0,680,25,3059,1,0.28171497002729584
6338,20230721-3PM_680_25_3059_2,2.036,100.0,680,25,3059,2,0.30877777366472114
6339,20230721-3PM_680_25_3059_3,1.944,100.0,680,25,3059,3,0.28869626059025577
6340,20230721-3PM_680_25_3059_4,1.799,100.0,680,25,3059,4,0.25503116334555137
6341,20230721-3PM_680_25_3059_5,1.758,100.0,680,25,3059,5,0.24501887073775308
6342,20230721-3PM_680_25_3059_6,1.815,100.0,680,25,3059,6,0.2588766293721313
6343,20230721-3PM_680_25_3059_7,1.424,100.0,680,25,3059,7,0.15350998930083753
6344,20230721-3PM_750_25_3059_0,1.26,100.0,750,25,3059,0,0.10037054511756291
6345,20230721-3PM_750_25_3059_1,1.26,100.0,750,25,3059,1,0.10037054511756291
6346,20230721-3PM_750_25_3059_2,1.264,100.0,750,25,3059,2,0.10174707394636621
6347,20230721-3PM_750_25_3059_3,1.295,100.0,750,25,3059,3,0.11226976841727061
6348,20230721-3PM_750_25_3059_4,1.233,100.0,750,25,3059,4,0.09096307659573168
6349,20230721-3PM_750_25_3059_5,1.24,100.0,750,25,3059,5,0.09342168516223506
6350,20230721-3PM_750_25_3059_6,1.246,100.0,750,25,3059,6,0.09551804232315081
6351,20230721-3PM_750_25_3059_7,1.105,100.0,750,25,3059,7,0.0433622780211295
6352,20230721-3PM_680_25_1691_0,2.11,100.0,680,25,1691,0,0.3242824552976926
6353,20230721-3PM_680_25_1691_1,1.847,100.0,680,25,1691,1,0.2664668954402414
6354,20230721-3PM_680_25_1691_2,1.853,100.0,680,25,1691,2,0.2678754193188976
6355,20230721-3PM_680_25_1691_3,1.92,100.0,680,25,1691,3,0.28330122870354957
6356,20230721-3PM_680_25_1691_4,1.644,100.0,680,25,1691,4,0.21590181320403157
6357,20230721-3PM_680_25_1691_5,1.097,100.0,680,25,1691,5,0.04020662757471112
6358,20230721-3PM_680_25_1691_6,0.933,100.0,680,25,1691,6,-0.030118356253500032
6359,20230721-3PM_680_25_1691_7,2.297,100.0,680,25,1691,7,0.3611609951950261
6360,20230721-3PM_750_25_1691_0,1.161,100.0,750,25,1691,0,0.06483221973857385
6361,20230721-3PM_750_25_1691_1,1.103,100.0,750,25,1691,1,0.04257551244019059
6362,20230721-3PM_750_25_1691_2,1.104,100.0,750,25,1691,2,0.04296907339318013
6363,20230721-3PM_750_25_1691_3,1.136,100.0,750,25,1691,3,0.05537833137500003
6364,20230721-3PM_750_25_1691_4,1.083,100.0,750,25,1691,4,0.034628456625320346
6365,20230721-3PM_750_25_1691_5,0.691,100.0,750,25,1691,5,-0.16052195262580163
6366,20230721-3PM_750_25_1691_6,0.568,100.0,750,25,1691,6,-0.24565166428898116
6367,20230721-3PM_750_25_1691_7,1.226,100.0,750,25,1691,7,0.08849047018239622
6368,20230721-3PM_680_25_1690_0,1.762,100.0,680,25,1690,0,0.2460059040760291
6369,20230721-3PM_680_25_1690_1,0.586,100.0,680,25,1690,1,-0.23210238398190938
6370,20230721-3PM_680_25_1690_2,1.883,100.0,680,25,1690,2,0.2748503200166648
6371,20230721-3PM_680_25_1690_3,1.955,100.0,680,25,1690,3,0.29114676173188564
6372,20230721-3PM_680_25_1690_4,1.571,100.0,680,25,1690,4,0.1961761850399733
6373,20230721-3PM_680_25_1690_5,2.35,100.0,680,25,1690,5,0.37106786227173627
6374,20230721-3PM_680_25_1690_6,1.562,100.0,680,25,1690,6,0.19368102954128152
6375,20230721-3PM_680_25_1690_7,1.457,100.0,680,25,1690,7,0.16345955176999016
6376,20230721-3PM_750_25_1690_0,1.013,100.0,750,25,1690,0,0.005609445360280386
6377,20230721-3PM_750_25_1690_1,0.469,100.0,750,25,1690,1,-0.32882715728491674
6378,20230721-3PM_750_25_1690_2,1.25,100.0,750,25,1690,2,0.09691001300805642
6379,20230721-3PM_750_25_1690_3,1.288,100.0,750,25,1690,3,0.1099158630237933
6380,20230721-3PM_750_25_1690_4,1.147,100.0,750,25,1690,4,0.059563417901267686
6381,20230721-3PM_750_25_1690_5,1.218,100.0,750,25,1690,5,0.08564728829685654
6382,20230721-3PM_750_25_1690_6,1.146,100.0,750,25,1690,6,0.05918461763137114
6383,20230721-3PM_750_25_1690_7,1.087,100.0,750,25,1690,7,0.03622954408629453
6384,20230721-3PM_680_25_2342_0,1.198,100.0,680,25,2342,0,0.07845681805329256
6385,20230721-3PM_680_25_2342_1,1.322,100.0,680,25,2342,1,0.12123145514962146
6386,20230721-3PM_680_25_2342_2,1.453,100.0,680,25,2342,2,0.16226561429802155
6387,20230721-3PM_680_25_2342_3,1.339,100.0,680,25,2342,3,0.12678057701200895
6388,20230721-3PM_680_25_2342_4,0.037,100.0,680,25,2342,4,-1.431798275933005
6389,20230721-3PM_680_25_2342_5,1.393,100.0,680,25,2342,5,0.1439511164239635
6390,20230721-3PM_680_25_2342_6,1.271,100.0,680,25,2342,6,0.10414555055400815
6391,20230721-3PM_680_25_2342_7,1.03,100.0,680,25,2342,7,0.012837224705172217
6392,20230721-3PM_750_25_2342_0,0.962,100.0,750,25,2342,0,-0.016824927962187056
6393,20230721-3PM_750_25_2342_1,1.052,100.0,750,25,2342,1,0.02201573981772028
6394,20230721-3PM_750_25_2342_2,1.045,100.0,750,25,2342,2,0.01911629044707278
6395,20230721-3PM_750_25_2342_3,1.076,100.0,750,25,2342,3,0.0318122713303704
6396,20230721-3PM_750_25_2342_4,0.041,100.0,750,25,2342,4,-1.3872161432802645
6397,20230721-3PM_750_25_2342_5,1.05,100.0,750,25,2342,5,0.021189299069938092
6398,20230721-3PM_750_25_2342_6,0.992,100.0,750,25,2342,6,-0.0034883278458213473
6399,20230721-3PM_750_25_2342_7,0.825,100.0,750,25,2342,7,-0.08354605145007493
6400,20230721-3PM_680_25_4532_0,1.718,100.0,680,25,4532,0,0.23502315949522348
6401,20230721-3PM_680_25_4532_1,1.409,100.0,680,25,4532,1,0.14891099310935643
6402,20230721-3PM_680_25_4532_2,1.648,100.0,680,25,4532,2,0.21695720736109697
6403,20230721-3PM_680_25_4532_3,1.822,100.0,680,25,4532,3,0.26054837263697944
6404,20230721-3PM_680_25_4532_4,1.875,100.0,680,25,4532,4,0.27300127206373764
6405,20230721-3PM_680_25_4532_5,1.846,100.0,680,25,4532,5,0.26623169668989327
6406,20230721-3PM_680_25_4532_6,1.877,100.0,680,25,4532,6,0.2734642726213463
6407,20230721-3PM_680_25_4532_7,1.831,100.0,680,25,4532,7,0.26268834430169646
6408,20230721-3PM_750_25_4532_0,0.937,100.0,750,25,4532,0,-0.02826040911222171
6409,20230721-3PM_750_25_4532_1,0.887,100.0,750,25,4532,1,-0.0520763801682736
6410,20230721-3PM_750_25_4532_2,0.943,100.0,750,25,4532,2,-0.02548830726267165
6411,20230721-3PM_750_25_4532_3,1.047,100.0,750,25,4532,3,0.019946681678842306
6412,20230721-3PM_750_25_4532_4,1.073,100.0,750,25,4532,4,0.030599721965951066
6413,20230721-3PM_750_25_4532_5,1.044,100.0,750,25,4532,5,0.01870049866624337
6414,20230721-3PM_750_25_4532_6,1.041,100.0,750,25,4532,6,0.017450729510536125
6415,20230721-3PM_750_25_4532_7,1.002,100.0,750,25,4532,7,0.0008677215312269133
6416,20230721-3PM_680_25_2344_0,1.57,100.0,680,25,2344,0,0.19589965240923377
6417,20230721-3PM_680_25_2344_1,1.354,100.0,680,25,2344,1,0.13161866434912553
6418,20230721-3PM_680_25_2344_2,1.685,100.0,680,25,2344,2,0.22659990520735745
6419,20230721-3PM_680_25_2344_3,1.513,100.0,680,25,2344,3,0.17983892802318668
6420,20230721-3PM_680_25_2344_4,1.708,100.0,680,25,2344,4,0.23248786635298624
6421,20230721-3PM_680_25_2344_5,1.387,100.0,680,25,2344,5,0.14207646107328487
6422,20230721-3PM_680_25_2344_6,1.565,100.0,680,25,2344,6,0.19451434188246727
6423,20230721-3PM_680_25_2344_7,1.802,100.0,680,25,2344,7,0.2557547866430442
6424,20230721-3PM_750_25_2344_0,0.975,100.0,750,25,2344,0,-0.010995384301463193
6425,20230721-3PM_750_25_2344_1,0.844,100.0,750,25,2344,1,-0.07365755337434496
6426,20230721-3PM_750_25_2344_2,1.009,100.0,750,25,2344,2,0.0038911662369104775
6427,20230721-3PM_750_25_2344_3,0.954,100.0,750,25,2344,3,-0.020451625295904902
6428,20230721-3PM_750_25_2344_4,0.965,100.0,750,25,2344,4,-0.015472686656207449
6429,20230721-3PM_750_25_2344_5,0.852,100.0,750,25,2344,5,-0.0695604052332999
6430,20230721-3PM_750_25_2344_6,0.954,100.0,750,25,2344,6,-0.020451625295904902
6431,20230721-3PM_750_25_2344_7,1.184,100.0,750,25,2344,7,0.07335170238690095
6432,20230721-3PM_680_25_2343_0,1.722,100.0,680,25,2343,0,0.23603314711763596
6433,20230721-3PM_680_25_2343_1,1.673,100.0,680,25,2343,1,0.22349594096239453
6434,20230721-3PM_680_25_2343_2,1.201,100.0,680,25,2343,2,0.07954300740290607
6435,20230721-3PM_680_25_2343_3,1.182,100.0,680,25,2343,3,0.07261747654523654
6436,20230721-3PM_680_25_2343_4,1.219,100.0,680,25,2343,4,0.08600370561838196
6437,20230721-3PM_680_25_2343_5,1.625,100.0,680,25,2343,5,0.21085336531489318
6438,20230721-3PM_680_25_2343_6,1.45,100.0,680,25,2343,6,0.16136800223497488
6439,20230721-3PM_680_25_2343_7,1.457,100.0,680,25,2343,7,0.16345955176999016
6440,20230721-3PM_750_25_2343_0,1.246,100.0,750,25,2343,0,0.09551804232315081
6441,20230721-3PM_750_25_2343_1,1.222,100.0,750,25,2343,1,0.08707120590653541
6442,20230721-3PM_750_25_2343_2,0.944,100.0,750,25,2343,2,-0.02502800570193105
6443,20230721-3PM_750_25_2343_3,0.814,100.0,750,25,2343,3,-0.0893755951107988
6444,20230721-3PM_750_25_2343_4,0.806,100.0,750,25,2343,4,-0.09366495819490933
6445,20230721-3PM_750_25_2343_5,1.213,100.0,750,25,2343,5,0.08386080086657301
6446,20230721-3PM_750_25_2343_6,1.108,100.0,750,25,2343,6,0.04453976039241098
6447,20230721-3PM_750_25_2343_7,1.095,100.0,750,25,2343,7,0.03941411917613713
6448,20230721-3PM_680_25_1952_0,0.872,100.0,680,25,1952,0,-0.05948351506743278
6449,20230721-3PM_680_25_1952_1,2.055,100.0,680,25,1952,1,0.31281182621208803
6450,20230721-3PM_680_25_1952_2,1.109,100.0,680,25,1952,2,0.04493154614916006
6451,20230721-3PM_680_25_1952_3,0.736,100.0,680,25,1952,3,-0.13312218566250114
6452,20230721-3PM_680_25_1952_4,0.974,100.0,680,25,1952,4,-0.011441043121384482
6453,20230721-3PM_680_25_1952_5,0.735,100.0,680,25,1952,5,-0.1337126609158051
6454,20230721-3PM_680_25_1952_6,1.065,100.0,680,25,1952,6,0.027349607774756507
6455,20230721-3PM_680_25_1952_7,0.783,100.0,680,25,1952,7,-0.10623823794205658
6456,20230721-3PM_750_25_1952_0,0.596,100.0,750,25,1952,0,-0.22475374025976358
6457,20230721-3PM_750_25_1952_1,1.215,100.0,750,25,1952,1,0.08457627793433102
6458,20230721-3PM_750_25_1952_2,0.663,100.0,750,25,1952,2,-0.17848647159522685
6459,20230721-3PM_750_25_1952_3,0.524,100.0,750,25,1952,3,-0.28066871301627333
6460,20230721-3PM_750_25_1952_4,0.575,100.0,750,25,1952,4,-0.24033215531036956
6461,20230721-3PM_750_25_1952_5,0.516,100.0,750,25,1952,5,-0.28735029837278864
6462,20230721-3PM_750_25_1952_6,0.71,100.0,750,25,1952,6,-0.14874165128092473
6463,20230721-3PM_750_25_1952_7,0.671,100.0,750,25,1952,7,-0.17327747983100789
6464,20230721-3PM_680_25_2931_0,1.258,100.0,680,25,2931,0,0.09968064110925012
6465,20230721-3PM_680_25_2931_1,1.399,100.0,680,25,2931,1,0.14581771449182765
6466,20230721-3PM_680_25_2931_2,1.179,100.0,680,25,2931,2,0.07151380509508916
6467,20230721-3PM_680_25_2931_3,1.279,100.0,680,25,2931,3,0.10687054447865389
6468,20230721-3PM_680_25_2931_4,1.296,100.0,680,25,2931,4,0.11260500153457455
6469,20230721-3PM_680_25_2931_5,1.569,100.0,680,25,2931,5,0.19562294358693666
6470,20230721-3PM_680_25_2931_6,1.206,100.0,680,25,2931,6,0.08134730780413249
6471,20230721-3PM_680_25_2931_7,1.37,100.0,680,25,2931,7,0.1367205671564068
6472,20230721-3PM_750_25_2931_0,1.018,100.0,750,25,2931,0,0.007747778000739948
6473,20230721-3PM_750_25_2931_1,0.995,100.0,750,25,2931,1,-0.002176919254274547
6474,20230721-3PM_750_25_2931_2,0.988,100.0,750,25,2931,2,-0.005243055412371883
6475,20230721-3PM_750_25_2931_3,0.993,100.0,750,25,2931,3,-0.0030507515046188267
6476,20230721-3PM_750_25_2931_4,1.058,100.0,750,25,2931,4,0.024485667699166973
6477,20230721-3PM_750_25_2931_5,1.208,100.0,750,25,2931,5,0.08206693428511301
6478,20230721-3PM_750_25_2931_6,0.949,100.0,750,25,2931,6,-0.022733787572707352
6479,20230721-3PM_750_25_2931_7,0.906,100.0,750,25,2931,7,-0.042871802323186915
6480,20230721-3PM_680_25_JG5_0,0.922,100.0,680,25,JG5,0,-0.03526907894637064
6481,20230721-3PM_680_25_JG5_1,1.312,100.0,680,25,JG5,1,0.11793383503964149
6482,20230721-3PM_680_25_JG5_2,0.93,100.0,680,25,JG5,2,-0.03151705144606486
6483,20230721-3PM_680_25_JG5_3,0.854,100.0,680,25,JG5,3,-0.06854212931099495
6484,20230721-3PM_680_25_JG5_4,0.901,100.0,680,25,JG5,4,-0.04527520902093701
6485,20230721-3PM_680_25_JG5_5,0.961,100.0,680,25,JG5,5,-0.017276612331454656
6486,20230721-3PM_680_25_JG5_6,1.218,100.0,680,25,JG5,6,0.08564728829685654
6487,20230721-3PM_680_25_JG5_7,1.676,100.0,680,25,JG5,7,0.2242740142942577
6488,20230721-3PM_750_25_JG5_0,0.722,100.0,750,25,JG5,0,-0.14146280243036088
6489,20230721-3PM_750_25_JG5_1,0.94,100.0,750,25,JG5,1,-0.026872146400301365
6490,20230721-3PM_750_25_JG5_2,0.633,100.0,750,25,JG5,2,-0.1985962899826449
6491,20230721-3PM_750_25_JG5_3,0.585,100.0,750,25,JG5,3,-0.23284413391781958
6492,20230721-3PM_750_25_JG5_4,0.604,100.0,750,25,JG5,4,-0.21896306137886817
6493,20230721-3PM_750_25_JG5_5,0.665,100.0,750,25,JG5,5,-0.17717835469689538
6494,20230721-3PM_750_25_JG5_6,0.757,100.0,750,25,JG5,6,-0.12090412049992724
6495,20230721-3PM_750_25_JG5_7,1.084,100.0,750,25,JG5,7,0.03502928220236815
6496,20230721-3PM_680_25_BMS_0,1.173,100.0,680,25,BMS,0,0.06929801211552926
6497,20230721-3PM_680_25_BMS_1,1.433,100.0,680,25,BMS,1,0.1562461903973445
6498,20230721-3PM_680_25_BMS_2,1.066,100.0,680,25,BMS,2,0.027757204690553483
6499,20230721-3PM_680_25_BMS_3,1.238,100.0,680,25,BMS,3,0.09272064468409917
6500,20230721-3PM_680_25_BMS_4,1.038,100.0,680,25,BMS,4,0.01619735351243906
6501,20230721-3PM_680_25_BMS_5,1.071,100.0,680,25,BMS,5,0.029789470831855614
6502,20230721-3PM_680_25_BMS_6,0.958,100.0,680,25,BMS,6,-0.018634490921455603
6503,20230721-3PM_680_25_BMS_7,1.114,100.0,680,25,BMS,7,0.04688519083771014
6504,20230721-3PM_750_25_BMS_0,0.824,100.0,750,25,BMS,0,-0.08407278830288423
6505,20230721-3PM_750_25_BMS_1,0.986,100.0,750,25,BMS,1,-0.0061230850587887945
6506,20230721-3PM_750_25_BMS_2,0.741,100.0,750,25,BMS,2,-0.13018179202067184
6507,20230721-3PM_750_25_BMS_3,0.875,100.0,750,25,BMS,3,-0.057991946977686754
6508,20230721-3PM_750_25_BMS_4,0.803,100.0,750,25,BMS,4,-0.09528445472131904
6509,20230721-3PM_750_25_BMS_5,0.788,100.0,750,25,BMS,5,-0.10347378251044466
6510,20230721-3PM_750_25_BMS_6,0.721,100.0,750,25,BMS,6,-0.14206473528057098
6511,20230721-3PM_750_25_BMS_7,0.811,100.0,750,25,BMS,7,-0.09097914578884395
6512,20230721-3PM_680_32_3059_0,2.18,100.0,680,32,3059,0,0.33845649360460484
6513,20230721-3PM_680_32_3059_1,2.155,100.0,680,32,3059,1,0.3334472744967504
6514,20230721-3PM_680_32_3059_2,2.121,100.0,680,32,3059,2,0.3265406685165618
6515,20230721-3PM_680_32_3059_3,2.136,100.0,680,32,3059,3,0.32960124835651883
6516,20230721-3PM_680_32_3059_4,1.871,100.0,680,32,3059,4,0.27207378750000993
6517,20230721-3PM_680_32_3059_5,1.832,100.0,680,32,3059,5,0.2629254693318316
6518,20230721-3PM_680_32_3059_6,2.115,100.0,680,32,3059,6,0.3253103717110612
6519,20230721-3PM_680_32_3059_7,1.457,100.0,680,32,3059,7,0.16345955176999016
6520,20230721-3PM_750_32_3059_0,1.226,100.0,750,32,3059,0,0.08849047018239622
6521,20230721-3PM_750_32_3059_1,1.227,100.0,750,32,3059,1,0.08884456272700428
6522,20230721-3PM_750_32_3059_2,1.199,100.0,750,32,3059,2,0.0788191830988487
6523,20230721-3PM_750_32_3059_3,1.205,100.0,750,32,3059,3,0.08098704691088722
6524,20230721-3PM_750_32_3059_4,1.147,100.0,750,32,3059,4,0.059563417901267686
6525,20230721-3PM_750_32_3059_5,1.119,100.0,750,32,3059,5,0.04883008652835004
6526,20230721-3PM_750_32_3059_6,1.216,100.0,750,32,3059,6,0.08493357493671612
6527,20230721-3PM_750_32_3059_7,1.037,100.0,750,32,3059,7,0.01577875638904093
6528,20230721-3PM_680_32_1691_0,2.338,100.0,680,32,1691,0,0.3688445068258213
6529,20230721-3PM_680_32_1691_1,1.714,100.0,680,32,1691,1,0.23401081758717934
6530,20230721-3PM_680_32_1691_2,2.456,100.0,680,32,1691,2,0.39022836246913006
6531,20230721-3PM_680_32_1691_3,1.551,100.0,680,32,1691,3,0.19061179781360493
6532,20230721-3PM_680_32_1691_4,2.212,100.0,680,32,1691,4,0.3447851226326607
6533,20230721-3PM_680_32_1691_5,1.258,100.0,680,32,1691,5,0.09968064110925012
6534,20230721-3PM_680_32_1691_6,1.336,100.0,680,32,1691,6,0.1258064581395269
6535,20230721-3PM_680_32_1691_7,1.585,100.0,680,32,1691,7,0.2000292665537703
6536,20230721-3PM_750_32_1691_0,1.124,100.0,750,32,1691,0,0.05076631123304232
6537,20230721-3PM_750_32_1691_1,0.98,100.0,750,32,1691,1,-0.00877392430750515
6538,20230721-3PM_750_32_1691_2,1.147,100.0,750,32,1691,2,0.059563417901267686
6539,20230721-3PM_750_32_1691_3,0.945,100.0,750,32,1691,3,-0.024568191490737076
6540,20230721-3PM_750_32_1691_4,1.172,100.0,750,32,1691,4,0.06892761168207182
6541,20230721-3PM_750_32_1691_5,0.808,100.0,750,32,1691,5,-0.09258863922541381
6542,20230721-3PM_750_32_1691_6,0.856,100.0,750,32,1691,6,-0.06752623532284678
6543,20230721-3PM_750_32_1691_7,0.937,100.0,750,32,1691,7,-0.02826040911222171
6544,20230721-3PM_680_32_1690_0,2.473,100.0,680,32,1690,0,0.3932241163612973
6545,20230721-3PM_680_32_1690_1,2.323,100.0,680,32,1690,1,0.3660492098002354
6546,20230721-3PM_680_32_1690_2,2.32,100.0,680,32,1690,2,0.3654879848908996
6547,20230721-3PM_680_32_1690_3,2.444,100.0,680,32,1690,3,0.38810120157051664
6548,20230721-3PM_680_32_1690_4,2.467,100.0,680,32,1690,4,0.392169149489736
6549,20230721-3PM_680_32_1690_5,1.738,100.0,680,32,1690,5,0.24004977211264766
6550,20230721-3PM_680_32_1690_6,1.695,100.0,680,32,1690,6,0.229169702539101
6551,20230721-3PM_680_32_1690_7,1.968,100.0,680,32,1690,7,0.2940250940953227
6552,20230721-3PM_750_32_1690_0,1.176,100.0,750,32,1690,0,0.07040732174011965
6553,20230721-3PM_750_32_1690_1,1.212,100.0,750,32,1690,1,0.0835026198302674
6554,20230721-3PM_750_32_1690_2,1.176,100.0,750,32,1690,2,0.07040732174011965
6555,20230721-3PM_750_32_1690_3,1.259,100.0,750,32,1690,3,0.10002573010786256
6556,20230721-3PM_750_32_1690_4,1.243,100.0,750,32,1690,4,0.0944711286416448
6557,20230721-3PM_750_32_1690_5,0.99,100.0,750,32,1690,5,-0.004364805402450088
6558,20230721-3PM_750_32_1690_6,1.123,100.0,750,32,1690,6,0.050379756261457784
6559,20230721-3PM_750_32_1690_7,1.154,100.0,750,32,1690,7,0.06220580881971259
6560,20230721-3PM_680_32_2342_0,0.897,100.0,680,32,2342,0,-0.047207556955907906
6561,20230721-3PM_680_32_2342_1,1.019,100.0,680,32,2342,1,0.008174184006426355
6562,20230721-3PM_680_32_2342_2,0.96,100.0,680,32,2342,2,-0.017728766960431602
6563,20230721-3PM_680_32_2342_3,1.147,100.0,680,32,2342,3,0.059563417901267686
6564,20230721-3PM_680_32_2342_4,0.036,100.0,680,32,2342,4,-1.4436974992327127
6565,20230721-3PM_680_32_2342_5,1.122,100.0,680,32,2342,5,0.049992856920142645
6566,20230721-3PM_680_32_2342_6,1.108,100.0,680,32,2342,6,0.04453976039241098
6567,20230721-3PM_680_32_2342_7,0.871,100.0,680,32,2342,7,-0.059981844992336796
6568,20230721-3PM_750_32_2342_0,0.665,100.0,750,32,2342,0,-0.17717835469689538
6569,20230721-3PM_750_32_2342_1,0.767,100.0,750,32,2342,1,-0.11520463605101904
6570,20230721-3PM_750_32_2342_2,0.738,100.0,750,32,2342,2,-0.13194363817695845
6571,20230721-3PM_750_32_2342_3,0.866,100.0,750,32,2342,3,-0.06248210798265336
6572,20230721-3PM_750_32_2342_4,0.041,100.0,750,32,2342,4,-1.3872161432802645
6573,20230721-3PM_750_32_2342_5,0.777,100.0,750,32,2342,5,-0.10957898119908573
6574,20230721-3PM_750_32_2342_6,0.902,100.0,750,32,2342,6,-0.04479346245805826
6575,20230721-3PM_750_32_2342_7,0.672,100.0,750,32,2342,7,-0.17263072694617473
6576,20230721-3PM_680_32_4532_0,0.827,100.0,680,32,4532,0,-0.08249449044745336
6577,20230721-3PM_680_32_4532_1,1.063,100.0,680,32,4532,1,0.026533264523296733
6578,20230721-3PM_680_32_4532_2,1.411,100.0,680,32,4532,2,0.14952701375434785
6579,20230721-3PM_680_32_4532_3,1.242,100.0,680,32,4532,3,0.09412159584056139
6580,20230721-3PM_680_32_4532_4,1.319,100.0,680,32,4532,4,0.12024479554636527
6581,20230721-3PM_680_32_4532_5,1.18,100.0,680,32,4532,5,0.07188200730612536
6582,20230721-3PM_680_32_4532_6,1.422,100.0,680,32,4532,6,0.15289959639374748
6583,20230721-3PM_680_32_4532_7,0.929,100.0,680,32,4532,7,-0.03198428600635821
6584,20230721-3PM_750_32_4532_0,0.4,100.0,750,32,4532,0,-0.3979400086720376
6585,20230721-3PM_750_32_4532_1,0.532,100.0,750,32,4532,1,-0.2740883677049518
6586,20230721-3PM_750_32_4532_2,0.777,100.0,750,32,4532,2,-0.10957898119908573
6587,20230721-3PM_750_32_4532_3,0.665,100.0,750,32,4532,3,-0.17717835469689538
6588,20230721-3PM_750_32_4532_4,0.661,100.0,750,32,4532,4,-0.17979854051435976
6589,20230721-3PM_750_32_4532_5,0.56,100.0,750,32,4532,5,-0.25181197299379954
6590,20230721-3PM_750_32_4532_6,0.697,100.0,750,32,4532,6,-0.1567672219019906
6591,20230721-3PM_750_32_4532_7,0.638,100.0,750,32,4532,7,-0.19517932127883766
6592,20230721-3PM_680_32_2344_0,1.524,100.0,680,32,2344,0,0.1829849670035817
6593,20230721-3PM_680_32_2344_1,1.833,100.0,680,32,2344,1,0.2631624649622167
6594,20230721-3PM_680_32_2344_2,1.879,100.0,680,32,2344,2,0.2739267801005256
6595,20230721-3PM_680_32_2344_3,1.439,100.0,680,32,2344,3,0.15806079393660522
6596,20230721-3PM_680_32_2344_4,1.612,100.0,680,32,2344,4,0.20736503746907187
6597,20230721-3PM_680_32_2344_5,1.802,100.0,680,32,2344,5,0.2557547866430442
6598,20230721-3PM_680_32_2344_6,1.523,100.0,680,32,2344,6,0.18269990333604255
6599,20230721-3PM_680_32_2344_7,1.764,100.0,680,32,2344,7,0.24649858079580092
6600,20230721-3PM_750_32_2344_0,0.978,100.0,750,32,2344,0,-0.009661145212398569
6601,20230721-3PM_750_32_2344_1,1.081,100.0,750,32,2344,1,0.03382569395331033
6602,20230721-3PM_750_32_2344_2,1.12,100.0,750,32,2344,2,0.04921802267018165
6603,20230721-3PM_750_32_2344_3,0.93,100.0,750,32,2344,3,-0.03151705144606486
6604,20230721-3PM_750_32_2344_4,0.953,100.0,750,32,2344,4,-0.02090709936167361
6605,20230721-3PM_750_32_2344_5,1.126,100.0,750,32,2344,5,0.05153839051532738
6606,20230721-3PM_750_32_2344_6,0.977,100.0,750,32,2344,6,-0.010105436281226938
6607,20230721-3PM_750_32_2344_7,1.122,100.0,750,32,2344,7,0.049992856920142645
6608,20230721-3PM_680_32_2343_0,1.618,100.0,680,32,2343,0,0.20897851727625352
6609,20230721-3PM_680_32_2343_1,2.03,100.0,680,32,2343,1,0.3074960379132129
6610,20230721-3PM_680_32_2343_2,1.083,100.0,680,32,2343,2,0.034628456625320346
6611,20230721-3PM_680_32_2343_3,1.988,100.0,680,32,2343,3,0.2984163800612945
6612,20230721-3PM_680_32_2343_4,1.846,100.0,680,32,2343,4,0.26623169668989327
6613,20230721-3PM_680_32_2343_5,2.225,100.0,680,32,2343,5,0.3473300153169504
6614,20230721-3PM_680_32_2343_6,1.465,100.0,680,32,2343,6,0.16583762469012828
6615,20230721-3PM_680_32_2343_7,1.735,100.0,680,32,2343,7,0.23929947912689256
6616,20230721-3PM_750_32_2343_0,1.069,100.0,750,32,2343,0,0.028977705208777998
6617,20230721-3PM_750_32_2343_1,1.209,100.0,750,32,2343,1,0.0824263008607719
6618,20230721-3PM_750_32_2343_2,0.786,100.0,750,32,2343,2,-0.10457745396059209
6619,20230721-3PM_750_32_2343_3,1.157,100.0,750,32,2343,3,0.06333335895174956
6620,20230721-3PM_750_32_2343_4,1.083,100.0,750,32,2343,4,0.034628456625320346
6621,20230721-3PM_750_32_2343_5,1.252,100.0,750,32,2343,5,0.09760432887441088
6622,20230721-3PM_750_32_2343_6,0.962,100.0,750,32,2343,6,-0.016824927962187056
6623,20230721-3PM_750_32_2343_7,1.135,100.0,750,32,2343,7,0.05499586152914153
6624,20230721-3PM_680_32_1952_0,2.172,100.0,680,32,1952,0,0.3368598209168094
6625,20230721-3PM_680_32_1952_1,1.769,100.0,680,32,1952,1,0.2477278329097231
6626,20230721-3PM_680_32_1952_2,1.703,100.0,680,32,1952,2,0.23121464796260105
6627,20230721-3PM_680_32_1952_3,1.523,100.0,680,32,1952,3,0.18269990333604255
6628,20230721-3PM_680_32_1952_4,1.505,100.0,680,32,1952,4,0.17753649992986212
6629,20230721-3PM_680_32_1952_5,1.765,100.0,680,32,1952,5,0.24674470972384135
6630,20230721-3PM_680_32_1952_6,1.702,100.0,680,32,1952,6,0.23095955574856905
6631,20230721-3PM_680_32_1952_7,1.356,100.0,680,32,1952,7,0.13225968953104458
6632,20230721-3PM_750_32_1952_0,1.194,100.0,750,32,1952,0,0.07700432679335026
6633,20230721-3PM_750_32_1952_1,0.981,100.0,750,32,1952,1,-0.008330992620051497
6634,20230721-3PM_750_32_1952_2,1.077,100.0,750,32,1952,2,0.03221570329798157
6635,20230721-3PM_750_32_1952_3,1.007,100.0,750,32,1952,3,0.003029470553617962
6636,20230721-3PM_750_32_1952_4,0.949,100.0,750,32,1952,4,-0.022733787572707352
6637,20230721-3PM_750_32_1952_5,1.157,100.0,750,32,1952,5,0.06333335895174956
6638,20230721-3PM_750_32_1952_6,1.162,100.0,750,32,1952,6,0.0652061280543119
6639,20230721-3PM_750_32_1952_7,0.993,100.0,750,32,1952,7,-0.0030507515046188267
6640,20230721-3PM_680_32_2931_0,1.873,100.0,680,32,2931,0,0.2725377773752374
6641,20230721-3PM_680_32_2931_1,1.723,100.0,680,32,2931,1,0.23628527744802852
6642,20230721-3PM_680_32_2931_2,1.856,100.0,680,32,2931,2,0.26857797188284327
6643,20230721-3PM_680_32_2931_3,1.833,100.0,680,32,2931,3,0.2631624649622167
6644,20230721-3PM_680_32_2931_4,1.597,100.0,680,32,2931,4,0.20330491613848292
6645,20230721-3PM_680_32_2931_5,2.21,100.0,680,32,2931,5,0.3443922736851107
6646,20230721-3PM_680_32_2931_6,1.596,100.0,680,32,2931,6,0.20303288701471064
6647,20230721-3PM_680_32_2931_7,1.361,100.0,680,32,2931,7,0.13385812520333468
6648,20230721-3PM_750_32_2931_0,1.145,100.0,750,32,2931,0,0.05880548667590681
6649,20230721-3PM_750_32_2931_1,1.124,100.0,750,32,2931,1,0.05076631123304232
6650,20230721-3PM_750_32_2931_2,1.206,100.0,750,32,2931,2,0.08134730780413249
6651,20230721-3PM_750_32_2931_3,1.092,100.0,750,32,2931,3,0.03822263836871846
6652,20230721-3PM_750_32_2931_4,1.002,100.0,750,32,2931,4,0.0008677215312269133
6653,20230721-3PM_750_32_2931_5,1.327,100.0,750,32,2931,5,0.1228709228644355
6654,20230721-3PM_750_32_2931_6,1.041,100.0,750,32,2931,6,0.017450729510536125
6655,20230721-3PM_750_32_2931_7,0.972,100.0,750,32,2931,7,-0.012333735073725434
6656,20230721-3PM_680_32_JG5_0,0.968,100.0,680,32,JG5,0,-0.014124642691606345
6657,20230721-3PM_680_32_JG5_1,1.48,100.0,680,32,JG5,1,0.17026171539495738
6658,20230721-3PM_680_32_JG5_2,1.379,100.0,680,32,JG5,2,0.13956426617584977
6659,20230721-3PM_680_32_JG5_3,1.77,100.0,680,32,JG5,3,0.24797326636180664
6660,20230721-3PM_680_32_JG5_4,1.503,100.0,680,32,JG5,4,0.17695898058690812
6661,20230721-3PM_680_32_JG5_5,1.112,100.0,680,32,JG5,5,0.046104787246038705
6662,20230721-3PM_680_32_JG5_6,1.97,100.0,680,32,JG5,6,0.2944662261615929
6663,20230721-3PM_680_32_JG5_7,1.309,100.0,680,32,JG5,7,0.11693964655075578
6664,20230721-3PM_750_32_JG5_0,0.717,100.0,750,32,JG5,0,-0.1444808443321999
6665,20230721-3PM_750_32_JG5_1,0.977,100.0,750,32,JG5,1,-0.010105436281226938
6666,20230721-3PM_750_32_JG5_2,0.892,100.0,750,32,JG5,2,-0.04963514562387693
6667,20230721-3PM_750_32_JG5_3,1.007,100.0,750,32,JG5,3,0.003029470553617962
6668,20230721-3PM_750_32_JG5_4,0.94,100.0,750,32,JG5,4,-0.026872146400301365
6669,20230721-3PM_750_32_JG5_5,0.73,100.0,750,32,JG5,5,-0.1366771398795441
6670,20230721-3PM_750_32_JG5_6,0.996,100.0,750,32,JG5,6,-0.00174066157630127
6671,20230721-3PM_750_32_JG5_7,0.894,100.0,750,32,JG5,7,-0.04866248120408232
6672,20230721-3PM_680_32_BMS_0,2.126,100.0,680,32,BMS,0,0.32756326018727794
6673,20230721-3PM_680_32_BMS_1,1.996,100.0,680,32,BMS,1,0.3001605369513523
6674,20230721-3PM_680_32_BMS_2,2.068,100.0,680,32,BMS,2,0.3155505344219049
6675,20230721-3PM_680_32_BMS_3,1.952,100.0,680,32,BMS,3,0.290479813330673
6676,20230721-3PM_680_32_BMS_4,1.903,100.0,680,32,BMS,4,0.27943878828702046
6677,20230721-3PM_680_32_BMS_5,1.862,100.0,680,32,BMS,5,0.26997967664532385
6678,20230721-3PM_680_32_BMS_6,1.811,100.0,680,32,BMS,6,0.2579184503140584
6679,20230721-3PM_680_32_BMS_7,1.971,100.0,680,32,BMS,7,0.29468662427944325
6680,20230721-3PM_750_32_BMS_0,1.222,100.0,750,32,BMS,0,0.08707120590653541
6681,20230721-3PM_750_32_BMS_1,1.175,100.0,750,32,BMS,1,0.07003786660775509
6682,20230721-3PM_750_32_BMS_2,1.188,100.0,750,32,BMS,2,0.07481644064517472
6683,20230721-3PM_750_32_BMS_3,1.169,100.0,750,32,BMS,3,0.06781451116184012
6684,20230721-3PM_750_32_BMS_4,1.163,100.0,750,32,BMS,4,0.06557971472844842
6685,20230721-3PM_750_32_BMS_5,1.141,100.0,750,32,BMS,5,0.05728564441821465
6686,20230721-3PM_750_32_BMS_6,1.121,100.0,750,32,BMS,6,0.04960561259497315
6687,20230721-3PM_750_32_BMS_7,1.178,100.0,750,32,BMS,7,0.07114529045108281
6688,20230721-3PM_680_28_3059_0,1.845,100.0,680,28,3059,0,0.2659963704950792
6689,20230721-3PM_680_28_3059_1,1.9,100.0,680,28,3059,1,0.2787536009528289
6690,20230721-3PM_680_28_3059_2,2.058,100.0,680,28,3059,2,0.31344537042641407
6691,20230721-3PM_680_28_3059_3,1.749,100.0,680,28,3059,3,0.24278980947867654
6692,20230721-3PM_680_28_3059_4,1.801,100.0,680,28,3059,4,0.25551371281953333
6693,20230721-3PM_680_28_3059_5,1.613,100.0,680,28,3059,5,0.20763436738896152
6694,20230721-3PM_680_28_3059_6,1.888,100.0,680,28,3059,6,0.27600198996205016
6695,20230721-3PM_680_28_3059_7,1.137,100.0,680,28,3059,7,0.05576046468773478
6696,20230721-3PM_750_28_3059_0,1.25,100.0,750,28,3059,0,0.09691001300805642
6697,20230721-3PM_750_28_3059_1,1.302,100.0,750,28,3059,1,0.11461098423217315
6698,20230721-3PM_750_28_3059_2,1.25,100.0,750,28,3059,2,0.09691001300805642
6699,20230721-3PM_750_28_3059_3,1.257,100.0,750,28,3059,3,0.0993352776859577
6700,20230721-3PM_750_28_3059_4,1.276,100.0,750,28,3059,4,0.10585067438514352
6701,20230721-3PM_750_28_3059_5,1.165,100.0,750,28,3059,5,0.0663259253620378
6702,20230721-3PM_750_28_3059_6,1.283,100.0,750,28,3059,6,0.10822665637492848
6703,20230721-3PM_750_28_3059_7,0.916,100.0,750,28,3059,7,-0.0381045263321496
6704,20230721-3PM_680_28_1691_0,2.143,100.0,680,28,1691,0,0.33102217104182863
6705,20230721-3PM_680_28_1691_1,1.715,100.0,680,28,1691,1,0.23426412437878932
6706,20230721-3PM_680_28_1691_2,2.021,100.0,680,28,1691,2,0.30556631351530394
6707,20230721-3PM_680_28_1691_3,2.033,100.0,680,28,1691,3,0.3081373786380386
6708,20230721-3PM_680_28_1691_4,1.795,100.0,680,28,1691,4,0.25406445291433793
6709,20230721-3PM_680_28_1691_5,0.911,100.0,680,28,1691,5,-0.040481623027001735
6710,20230721-3PM_680_28_1691_6,0.841,100.0,680,28,1691,6,-0.07520400420208784
6711,20230721-3PM_680_28_1691_7,2.261,100.0,680,28,1691,7,0.3543005623453597
6712,20230721-3PM_750_28_1691_0,1.179,100.0,750,28,1691,0,0.07151380509508916
6713,20230721-3PM_750_28_1691_1,1.073,100.0,750,28,1691,1,0.030599721965951066
6714,20230721-3PM_750_28_1691_2,1.164,100.0,750,28,1691,2,0.06595298031386965
6715,20230721-3PM_750_28_1691_3,1.203,100.0,750,28,1691,3,0.08026562733984477
6716,20230721-3PM_750_28_1691_4,1.131,100.0,750,28,1691,4,0.05346260492545529
6717,20230721-3PM_750_28_1691_5,0.652,100.0,750,28,1691,5,-0.1857524042680798
6718,20230721-3PM_750_28_1691_6,0.578,100.0,750,28,1691,6,-0.23807216157947098
6719,20230721-3PM_750_28_1691_7,1.19,100.0,750,28,1691,7,0.07554696139253074
6720,20230721-3PM_680_28_1690_0,1.813,100.0,680,28,1690,0,0.25839780409550867
6721,20230721-3PM_680_28_1690_1,0.275,100.0,680,28,1690,1,-0.5606673061697374
6722,20230721-3PM_680_28_1690_2,2.044,100.0,680,28,1690,2,0.31048089146267516
6723,20230721-3PM_680_28_1690_3,1.95,100.0,680,28,1690,3,0.290034611362518
6724,20230721-3PM_680_28_1690_4,1.785,100.0,680,28,1690,4,0.251638220448212
6725,20230721-3PM_680_28_1690_5,1.495,100.0,680,28,1690,5,0.17464119266044847
6726,20230721-3PM_680_28_1690_6,2.014,100.0,680,28,1690,6,0.30405946621759916
6727,20230721-3PM_680_28_1690_7,1.2,100.0,680,28,1690,7,0.07918124604762482
6728,20230721-3PM_750_28_1690_0,1.056,100.0,750,28,1690,0,0.023663918197793475
6729,20230721-3PM_750_28_1690_1,0.191,100.0,750,28,1690,1,-0.7189666327522725
6730,20230721-3PM_750_28_1690_2,1.285,100.0,750,28,1690,2,0.10890312766731332
6731,20230721-3PM_750_28_1690_3,1.235,100.0,750,28,1690,3,0.09166695759568456
6732,20230721-3PM_750_28_1690_4,1.075,100.0,750,28,1690,4,0.03140846425162412
6733,20230721-3PM_750_28_1690_5,0.999,100.0,750,28,1690,5,-0.0004345117740176917
6734,20230721-3PM_750_28_1690_6,1.262,100.0,750,28,1690,6,0.10105935490811552
6735,20230721-3PM_750_28_1690_7,0.981,100.0,750,28,1690,7,-0.008330992620051497
6736,20230721-3PM_680_28_2342_0,1.134,100.0,680,28,2342,0,0.05461305455688774
6737,20230721-3PM_680_28_2342_1,1.12,100.0,680,28,2342,1,0.04921802267018165
6738,20230721-3PM_680_28_2342_2,1.193,100.0,680,28,2342,2,0.0766404436703419
6739,20230721-3PM_680_28_2342_3,1.173,100.0,680,28,2342,3,0.06929801211552926
6740,20230721-3PM_680_28_2342_4,0.037,100.0,680,28,2342,4,-1.431798275933005
6741,20230721-3PM_680_28_2342_5,1.062,100.0,680,28,2342,5,0.026124516745450282
6742,20230721-3PM_680_28_2342_6,1.242,100.0,680,28,2342,6,0.09412159584056139
6743,20230721-3PM_680_28_2342_7,1.153,100.0,680,28,2342,7,0.06182930729469903
6744,20230721-3PM_750_28_2342_0,0.96,100.0,750,28,2342,0,-0.017728766960431602
6745,20230721-3PM_750_28_2342_1,0.959,100.0,750,28,2342,1,-0.018181392829336417
6746,20230721-3PM_750_28_2342_2,1.003,100.0,750,28,2342,2,0.001300933020418072
6747,20230721-3PM_750_28_2342_3,0.974,100.0,750,28,2342,3,-0.011441043121384482
6748,20230721-3PM_750_28_2342_4,0.04,100.0,750,28,2342,4,-1.3979400086720375
6749,20230721-3PM_750_28_2342_5,0.891,100.0,750,28,2342,5,-0.0501222959631252
6750,20230721-3PM_750_28_2342_6,1.028,100.0,750,28,2342,6,0.011993114659256938
6751,20230721-3PM_750_28_2342_7,0.989,100.0,750,28,2342,7,-0.004803708402820599
6752,20230721-3PM_680_28_4532_0,1.63,100.0,680,28,4532,0,0.21218760440395779
6753,20230721-3PM_680_28_4532_1,1.226,100.0,680,28,4532,1,0.08849047018239622
6754,20230721-3PM_680_28_4532_2,1.523,100.0,680,28,4532,2,0.18269990333604255
6755,20230721-3PM_680_28_4532_3,1.651,100.0,680,28,4532,3,0.21774707326279363
6756,20230721-3PM_680_28_4532_4,1.433,100.0,680,28,4532,4,0.1562461903973445
6757,20230721-3PM_680_28_4532_5,1.893,100.0,680,28,4532,5,0.27715061396379675
6758,20230721-3PM_680_28_4532_6,1.472,100.0,680,28,4532,6,0.16790781000148003
6759,20230721-3PM_680_28_4532_7,1.324,100.0,680,28,4532,7,0.12188798510368115
6760,20230721-3PM_750_28_4532_0,1.011,100.0,750,28,4532,0,0.00475115559100102
6761,20230721-3PM_750_28_4532_1,0.815,100.0,750,28,4532,1,-0.08884239126002341
6762,20230721-3PM_750_28_4532_2,0.843,100.0,750,28,4532,2,-0.07417242537525769
6763,20230721-3PM_750_28_4532_3,0.959,100.0,750,28,4532,3,-0.018181392829336417
6764,20230721-3PM_750_28_4532_4,0.866,100.0,750,28,4532,4,-0.06248210798265336
6765,20230721-3PM_750_28_4532_5,0.999,100.0,750,28,4532,5,-0.0004345117740176917
6766,20230721-3PM_750_28_4532_6,0.83,100.0,750,28,4532,6,-0.08092190762392612
6767,20230721-3PM_750_28_4532_7,0.763,100.0,750,28,4532,7,-0.11747546204511952
6768,20230721-3PM_680_28_2344_0,1.742,100.0,680,28,2344,0,0.2410481506716444
6769,20230721-3PM_680_28_2344_1,1.271,100.0,680,28,2344,1,0.10414555055400815
6770,20230721-3PM_680_28_2344_2,1.433,100.0,680,28,2344,2,0.1562461903973445
6771,20230721-3PM_680_28_2344_3,1.626,100.0,680,28,2344,3,0.21112054125804933
6772,20230721-3PM_680_28_2344_4,1.827,100.0,680,28,2344,4,0.26173854735253776
6773,20230721-3PM_680_28_2344_5,1.538,100.0,680,28,2344,5,0.18695633546541224
6774,20230721-3PM_680_28_2344_6,1.463,100.0,680,28,2344,6,0.16524432612531087
6775,20230721-3PM_680_28_2344_7,2.064,100.0,680,28,2344,7,0.31470969295517376
6776,20230721-3PM_750_28_2344_0,0.995,100.0,750,28,2344,0,-0.002176919254274547
6777,20230721-3PM_750_28_2344_1,0.829,100.0,750,28,2344,1,-0.08144546944972647
6778,20230721-3PM_750_28_2344_2,0.877,100.0,750,28,2344,2,-0.05700040663395948
6779,20230721-3PM_750_28_2344_3,1.016,100.0,750,28,2344,3,0.006893707947900456
6780,20230721-3PM_750_28_2344_4,1.029,100.0,750,28,2344,4,0.012415374762432893
6781,20230721-3PM_750_28_2344_5,0.906,100.0,750,28,2344,5,-0.042871802323186915
6782,20230721-3PM_750_28_2344_6,0.9,100.0,750,28,2344,6,-0.045757490560675115
6783,20230721-3PM_750_28_2344_7,1.282,100.0,750,28,2344,7,0.10788802518279862
6784,20230721-3PM_680_28_2343_0,1.758,100.0,680,28,2343,0,0.24501887073775308
6785,20230721-3PM_680_28_2343_1,1.982,100.0,680,28,2343,1,0.2971036501492565
6786,20230721-3PM_680_28_2343_2,1.099,100.0,680,28,2343,2,0.04099769242349056
6787,20230721-3PM_680_28_2343_3,1.672,100.0,680,28,2343,3,0.22323627310299757
6788,20230721-3PM_680_28_2343_4,1.422,100.0,680,28,2343,4,0.15289959639374748
6789,20230721-3PM_680_28_2343_5,1.768,100.0,680,28,2343,5,0.24748226067705428
6790,20230721-3PM_680_28_2343_6,1.728,100.0,680,28,2343,6,0.23754373814287447
6791,20230721-3PM_680_28_2343_7,1.347,100.0,680,28,2343,7,0.12936759572298562
6792,20230721-3PM_750_28_2343_0,1.237,100.0,750,28,2343,0,0.09236969962912069
6793,20230721-3PM_750_28_2343_1,1.311,100.0,750,28,2343,1,0.11760269169008426
6794,20230721-3PM_750_28_2343_2,0.948,100.0,750,28,2343,2,-0.023191662661933767
6795,20230721-3PM_750_28_2343_3,1.2,100.0,750,28,2343,3,0.07918124604762482
6796,20230721-3PM_750_28_2343_4,1.063,100.0,750,28,2343,4,0.026533264523296733
6797,20230721-3PM_750_28_2343_5,1.257,100.0,750,28,2343,5,0.0993352776859577
6798,20230721-3PM_750_28_2343_6,1.218,100.0,750,28,2343,6,0.08564728829685654
6799,20230721-3PM_750_28_2343_7,0.983,100.0,750,28,2343,7,-0.007446482167864384
6800,20230721-3PM_680_28_1952_0,0.983,100.0,680,28,1952,0,-0.007446482167864384
6801,20230721-3PM_680_28_1952_1,2.33,100.0,680,28,1952,1,0.367355921026019
6802,20230721-3PM_680_28_1952_2,1.138,100.0,680,28,1952,2,0.05614226205905233
6803,20230721-3PM_680_28_1952_3,0.833,100.0,680,28,1952,3,-0.07935499859321243
6804,20230721-3PM_680_28_1952_4,0.693,100.0,680,28,1952,4,-0.1592667653881933
6805,20230721-3PM_680_28_1952_5,0.607,100.0,680,28,1952,5,-0.21681130892474243
6806,20230721-3PM_680_28_1952_6,0.845,100.0,680,28,1952,6,-0.07314329105030767
6807,20230721-3PM_680_28_1952_7,0.735,100.0,680,28,1952,7,-0.1337126609158051
6808,20230721-3PM_750_28_1952_0,0.694,100.0,750,28,1952,0,-0.15864052954514513
6809,20230721-3PM_750_28_1952_1,1.275,100.0,750,28,1952,1,0.10551018476997394
6810,20230721-3PM_750_28_1952_2,0.889,100.0,750,28,1952,2,-0.0510982390297863
6811,20230721-3PM_750_28_1952_3,0.767,100.0,750,28,1952,3,-0.11520463605101904
6812,20230721-3PM_750_28_1952_4,0.516,100.0,750,28,1952,4,-0.28735029837278864
6813,20230721-3PM_750_28_1952_5,0.494,100.0,750,28,1952,5,-0.30627305107635305
6814,20230721-3PM_750_28_1952_6,0.723,100.0,750,28,1952,6,-0.1408617027054692
6815,20230721-3PM_750_28_1952_7,0.523,100.0,750,28,1952,7,-0.2814983111327257
6816,20230721-3PM_680_28_2931_0,1.583,100.0,680,28,2931,0,0.1994809148623559
6817,20230721-3PM_680_28_2931_1,1.58,100.0,680,28,2931,1,0.19865708695442263
6818,20230721-3PM_680_28_2931_2,1.694,100.0,680,28,2931,2,0.2289134059946881
6819,20230721-3PM_680_28_2931_3,1.545,100.0,680,28,2931,3,0.18892848376085342
6820,20230721-3PM_680_28_2931_4,1.435,100.0,680,28,2931,4,0.15685190107001115
6821,20230721-3PM_680_28_2931_5,1.702,100.0,680,28,2931,5,0.23095955574856905
6822,20230721-3PM_680_28_2931_6,1.553,100.0,680,28,2931,6,0.1911714557285585
6823,20230721-3PM_680_28_2931_7,1.438,100.0,680,28,2931,7,0.15775888604686378
6824,20230721-3PM_750_28_2931_0,1.287,100.0,750,28,2931,0,0.10957854690438666
6825,20230721-3PM_750_28_2931_1,1.156,100.0,750,28,2931,1,0.06295783408451022
6826,20230721-3PM_750_28_2931_2,1.282,100.0,750,28,2931,2,0.10788802518279862
6827,20230721-3PM_750_28_2931_3,1.244,100.0,750,28,2931,3,0.0948203803547999
6828,20230721-3PM_750_28_2931_4,1.172,100.0,750,28,2931,4,0.06892761168207182
6829,20230721-3PM_750_28_2931_5,1.321,100.0,750,28,2931,5,0.12090281761452719
6830,20230721-3PM_750_28_2931_6,1.167,100.0,750,28,2931,6,0.06707085604537019
6831,20230721-3PM_750_28_2931_7,1.001,100.0,750,28,2931,7,0.0004340774793185929
6832,20230721-3PM_680_28_JG5_0,1.77,100.0,680,28,JG5,0,0.24797326636180664
6833,20230721-3PM_680_28_JG5_1,1.264,100.0,680,28,JG5,1,0.10174707394636621
6834,20230721-3PM_680_28_JG5_2,1.315,100.0,680,28,JG5,2,0.11892575282577665
6835,20230721-3PM_680_28_JG5_3,1.813,100.0,680,28,JG5,3,0.25839780409550867
6836,20230721-3PM_680_28_JG5_4,1.139,100.0,680,28,JG5,4,0.05652372407910037
6837,20230721-3PM_680_28_JG5_5,1.267,100.0,680,28,JG5,5,0.10277661488344131
6838,20230721-3PM_680_28_JG5_6,1.727,100.0,680,28,JG5,6,0.2372923375674588
6839,20230721-3PM_680_28_JG5_7,1.469,100.0,680,28,JG5,7,0.16702179579025653
6840,20230721-3PM_750_28_JG5_0,1.269,100.0,750,28,JG5,0,0.10346162209470475
6841,20230721-3PM_750_28_JG5_1,0.95,100.0,750,28,JG5,1,-0.022276394711152253
6842,20230721-3PM_750_28_JG5_2,0.881,100.0,750,28,JG5,2,-0.05502409158795209
6843,20230721-3PM_750_28_JG5_3,1.209,100.0,750,28,JG5,3,0.0824263008607719
6844,20230721-3PM_750_28_JG5_4,0.861,100.0,750,28,JG5,4,-0.06499684854634524
6845,20230721-3PM_750_28_JG5_5,0.89,100.0,750,28,JG5,5,-0.05060999335508721
6846,20230721-3PM_750_28_JG5_6,1.148,100.0,750,28,JG5,6,0.05994188806195468
6847,20230721-3PM_750_28_JG5_7,1.087,100.0,750,28,JG5,7,0.03622954408629453
6848,20230721-3PM_680_28_BMS_0,1.591,100.0,680,28,BMS,0,0.20167017964658152
6849,20230721-3PM_680_28_BMS_1,1.604,100.0,680,28,BMS,1,0.20520436394814473
6850,20230721-3PM_680_28_BMS_2,1.714,100.0,680,28,BMS,2,0.23401081758717934
6851,20230721-3PM_680_28_BMS_3,1.361,100.0,680,28,BMS,3,0.13385812520333468
6852,20230721-3PM_680_28_BMS_4,1.457,100.0,680,28,BMS,4,0.16345955176999016
6853,20230721-3PM_680_28_BMS_5,1.561,100.0,680,28,BMS,5,0.19340290306241747
6854,20230721-3PM_680_28_BMS_6,1.664,100.0,680,28,BMS,6,0.2211533219547051
6855,20230721-3PM_680_28_BMS_7,1.6,100.0,680,28,BMS,7,0.2041199826559248
6856,20230721-3PM_750_28_BMS_0,1.158,100.0,750,28,BMS,0,0.06370855939141737
6857,20230721-3PM_750_28_BMS_1,1.075,100.0,750,28,BMS,1,0.03140846425162412
6858,20230721-3PM_750_28_BMS_2,1.103,100.0,750,28,BMS,2,0.04257551244019059
6859,20230721-3PM_750_28_BMS_3,0.918,100.0,750,28,BMS,3,-0.03715731879875755
6860,20230721-3PM_750_28_BMS_4,1.058,100.0,750,28,BMS,4,0.024485667699166973
6861,20230721-3PM_750_28_BMS_5,1.069,100.0,750,28,BMS,5,0.028977705208777998
6862,20230721-3PM_750_28_BMS_6,1.134,100.0,750,28,BMS,6,0.05461305455688774
6863,20230721-3PM_750_28_BMS_7,1.116,100.0,750,28,BMS,7,0.04766419460155998
6864,20230717-3PM_680_25_3059_0,0.162,4.0,680,25,3059,0,-0.790484985457369
6865,20230717-3PM_680_25_3059_1,0.194,4.0,680,25,3059,1,-0.712198270069774
6866,20230717-3PM_680_25_3059_2,0.169,4.0,680,25,3059,2,-0.7721132953863264
6867,20230717-3PM_680_25_3059_3,0.177,4.0,680,25,3059,3,-0.7520267336381934
6868,20230717-3PM_680_25_3059_4,0.171,4.0,680,25,3059,4,-0.7670038896078462
6869,20230717-3PM_680_25_3059_5,0.176,4.0,680,25,3059,5,-0.7544873321858502
6870,20230717-3PM_680_25_3059_6,0.206,4.0,680,25,3059,6,-0.6861327796308466
6871,20230717-3PM_680_25_3059_7,0.198,4.0,680,25,3059,7,-0.7033348097384688
6872,20230717-3PM_750_25_3059_0,0.107,4.0,750,25,3059,0,-0.9706162223147904
6873,20230717-3PM_750_25_3059_1,0.126,4.0,750,25,3059,1,-0.8996294548824371
6874,20230717-3PM_750_25_3059_2,0.112,4.0,750,25,3059,2,-0.9507819773298184
6875,20230717-3PM_750_25_3059_3,0.126,4.0,750,25,3059,3,-0.8996294548824371
6876,20230717-3PM_750_25_3059_4,0.11,4.0,750,25,3059,4,-0.958607314841775
6877,20230717-3PM_750_25_3059_5,0.12,4.0,750,25,3059,5,-0.9208187539523752
6878,20230717-3PM_750_25_3059_6,0.124,4.0,750,25,3059,6,-0.906578314837765
6879,20230717-3PM_750_25_3059_7,0.138,4.0,750,25,3059,7,-0.8601209135987634
6880,20230717-3PM_680_25_1691_0,0.219,4.0,680,25,1691,0,-0.6595558851598816
6881,20230717-3PM_680_25_1691_1,0.215,4.0,680,25,1691,1,-0.6675615400843947
6882,20230717-3PM_680_25_1691_2,0.19,4.0,680,25,1691,2,-0.721246399047171
6883,20230717-3PM_680_25_1691_3,0.19,4.0,680,25,1691,3,-0.721246399047171
6884,20230717-3PM_680_25_1691_4,0.184,4.0,680,25,1691,4,-0.7351821769904635
6885,20230717-3PM_680_25_1691_5,0.197,4.0,680,25,1691,5,-0.7055337738384071
6886,20230717-3PM_680_25_1691_6,0.134,4.0,680,25,1691,6,-0.8728952016351923
6887,20230717-3PM_680_25_1691_7,0.189,4.0,680,25,1691,7,-0.7235381958267558
6888,20230717-3PM_750_25_1691_0,0.143,4.0,750,25,1691,0,-0.8446639625349383
6889,20230717-3PM_750_25_1691_1,0.141,4.0,750,25,1691,1,-0.8507808873446201
6890,20230717-3PM_750_25_1691_2,0.129,4.0,750,25,1691,2,-0.889410289700751
6891,20230717-3PM_750_25_1691_3,0.127,4.0,750,25,1691,3,-0.8961962790440431
6892,20230717-3PM_750_25_1691_4,0.11,4.0,750,25,1691,4,-0.958607314841775
6893,20230717-3PM_750_25_1691_5,0.128,4.0,750,25,1691,5,-0.8927900303521317
6894,20230717-3PM_750_25_1691_6,0.091,4.0,750,25,1691,6,-1.0409586076789064
6895,20230717-3PM_750_25_1691_7,0.126,4.0,750,25,1691,7,-0.8996294548824371
6896,20230717-3PM_680_25_1690_0,0.087,4.0,680,25,1690,0,-1.0604807473813815
6897,20230717-3PM_680_25_1690_1,0.227,4.0,680,25,1690,1,-0.6439741428068773
6898,20230717-3PM_680_25_1690_2,0.361,4.0,680,25,1690,2,-0.4424927980943421
6899,20230717-3PM_680_25_1690_3,0.209,4.0,680,25,1690,3,-0.679853713888946
6900,20230717-3PM_680_25_1690_4,0.248,4.0,680,25,1690,4,-0.6055483191737837
6901,20230717-3PM_680_25_1690_5,0.264,4.0,680,25,1690,5,-0.5783960731301689
6902,20230717-3PM_680_25_1690_6,0.218,4.0,680,25,1690,6,-0.6615435063953952
6903,20230717-3PM_680_25_1690_7,0.156,4.0,680,25,1690,7,-0.8068754016455384
6904,20230717-3PM_750_25_1690_0,0.08,4.0,750,25,1690,0,-1.0969100130080565
6905,20230717-3PM_750_25_1690_1,0.157,4.0,750,25,1690,1,-0.8041003475907662
6906,20230717-3PM_750_25_1690_2,0.256,4.0,750,25,1690,2,-0.5917600346881504
6907,20230717-3PM_750_25_1690_3,0.153,4.0,750,25,1690,3,-0.8153085691824012
6908,20230717-3PM_750_25_1690_4,0.173,4.0,750,25,1690,4,-0.7619538968712046
6909,20230717-3PM_750_25_1690_5,0.167,4.0,750,25,1690,5,-0.7772835288524167
6910,20230717-3PM_750_25_1690_6,0.166,4.0,750,25,1690,6,-0.7798919119599449
6911,20230717-3PM_750_25_1690_7,0.125,4.0,750,25,1690,7,-0.9030899869919435
6912,20230717-3PM_680_25_2342_0,0.152,4.0,680,25,2342,0,-0.8181564120552275
6913,20230717-3PM_680_25_2342_1,0.169,4.0,680,25,2342,1,-0.7721132953863264
6914,20230717-3PM_680_25_2342_2,0.134,4.0,680,25,2342,2,-0.8728952016351923
6915,20230717-3PM_680_25_2342_3,0.193,4.0,680,25,2342,3,-0.7144426909922262
6916,20230717-3PM_680_25_2342_4,0.037,4.0,680,25,2342,4,-1.431798275933005
6917,20230717-3PM_680_25_2342_5,0.156,4.0,680,25,2342,5,-0.8068754016455384
6918,20230717-3PM_680_25_2342_6,0.141,4.0,680,25,2342,6,-0.8507808873446201
6919,20230717-3PM_680_25_2342_7,0.15,4.0,680,25,2342,7,-0.8239087409443188
6920,20230717-3PM_750_25_2342_0,0.089,4.0,750,25,2342,0,-1.0506099933550872
6921,20230717-3PM_750_25_2342_1,0.095,4.0,750,25,2342,1,-1.0222763947111522
6922,20230717-3PM_750_25_2342_2,0.085,4.0,750,25,2342,2,-1.0705810742857071
6923,20230717-3PM_750_25_2342_3,0.105,4.0,750,25,2342,3,-0.978810700930062
6924,20230717-3PM_750_25_2342_4,0.041,4.0,750,25,2342,4,-1.3872161432802645
6925,20230717-3PM_750_25_2342_5,0.091,4.0,750,25,2342,5,-1.0409586076789064
6926,20230717-3PM_750_25_2342_6,0.08,4.0,750,25,2342,6,-1.0969100130080565
6927,20230717-3PM_750_25_2342_7,0.086,4.0,750,25,2342,7,-1.0655015487564323
6928,20230717-3PM_680_25_4532_0,0.082,4.0,680,25,4532,0,-1.0861861476162833
6929,20230717-3PM_680_25_4532_1,0.193,4.0,680,25,4532,1,-0.7144426909922262
6930,20230717-3PM_680_25_4532_2,0.169,4.0,680,25,4532,2,-0.7721132953863264
6931,20230717-3PM_680_25_4532_3,0.169,4.0,680,25,4532,3,-0.7721132953863264
6932,20230717-3PM_680_25_4532_4,0.133,4.0,680,25,4532,4,-0.8761483590329142
6933,20230717-3PM_680_25_4532_5,0.115,4.0,680,25,4532,5,-0.9393021596463883
6934,20230717-3PM_680_25_4532_6,0.11,4.0,680,25,4532,6,-0.958607314841775
6935,20230717-3PM_680_25_4532_7,0.15,4.0,680,25,4532,7,-0.8239087409443188
6936,20230717-3PM_750_25_4532_0,0.081,4.0,750,25,4532,0,-1.0915149811213503
6937,20230717-3PM_750_25_4532_1,0.14,4.0,750,25,4532,1,-0.8538719643217619
6938,20230717-3PM_750_25_4532_2,0.119,4.0,750,25,4532,2,-0.9244530386074693
6939,20230717-3PM_750_25_4532_3,0.103,4.0,750,25,4532,3,-0.9871627752948278
6940,20230717-3PM_750_25_4532_4,0.092,4.0,750,25,4532,4,-1.0362121726544447
6941,20230717-3PM_750_25_4532_5,0.094,4.0,750,25,4532,5,-1.0268721464003014
6942,20230717-3PM_750_25_4532_6,0.1,4.0,750,25,4532,6,-1.0
6943,20230717-3PM_750_25_4532_7,0.112,4.0,750,25,4532,7,-0.9507819773298184
6944,20230717-3PM_680_25_2344_0,0.153,4.0,680,25,2344,0,-0.8153085691824012
6945,20230717-3PM_680_25_2344_1,0.12,4.0,680,25,2344,1,-0.9208187539523752
6946,20230717-3PM_680_25_2344_2,0.151,4.0,680,25,2344,2,-0.8210230527068306
6947,20230717-3PM_680_25_2344_3,0.138,4.0,680,25,2344,3,-0.8601209135987634
6948,20230717-3PM_680_25_2344_4,0.159,4.0,680,25,2344,4,-0.7986028756795485
6949,20230717-3PM_680_25_2344_5,0.14,4.0,680,25,2344,5,-0.8538719643217619
6950,20230717-3PM_680_25_2344_6,0.141,4.0,680,25,2344,6,-0.8507808873446201
6951,20230717-3PM_680_25_2344_7,0.114,4.0,680,25,2344,7,-0.9430951486635274
6952,20230717-3PM_750_25_2344_0,0.105,4.0,750,25,2344,0,-0.978810700930062
6953,20230717-3PM_750_25_2344_1,0.086,4.0,750,25,2344,1,-1.0655015487564323
6954,20230717-3PM_750_25_2344_2,0.103,4.0,750,25,2344,2,-0.9871627752948278
6955,20230717-3PM_750_25_2344_3,0.099,4.0,750,25,2344,3,-1.00436480540245
6956,20230717-3PM_750_25_2344_4,0.107,4.0,750,25,2344,4,-0.9706162223147904
6957,20230717-3PM_750_25_2344_5,0.1,4.0,750,25,2344,5,-1.0
6958,20230717-3PM_750_25_2344_6,0.102,4.0,750,25,2344,6,-0.9913998282380825
6959,20230717-3PM_750_25_2344_7,0.087,4.0,750,25,2344,7,-1.0604807473813815
6960,20230717-3PM_680_25_2343_0,0.221,4.0,680,25,2343,0,-0.6556077263148893
6961,20230717-3PM_680_25_2343_1,0.119,4.0,680,25,2343,1,-0.9244530386074693
6962,20230717-3PM_680_25_2343_2,0.148,4.0,680,25,2343,2,-0.8297382846050426
6963,20230717-3PM_680_25_2343_3,0.169,4.0,680,25,2343,3,-0.7721132953863264
6964,20230717-3PM_680_25_2343_4,0.086,4.0,680,25,2343,4,-1.0655015487564323
6965,20230717-3PM_680_25_2343_5,0.281,4.0,680,25,2343,5,-0.5512936800949201
6966,20230717-3PM_680_25_2343_6,0.193,4.0,680,25,2343,6,-0.7144426909922262
6967,20230717-3PM_680_25_2343_7,0.086,4.0,680,25,2343,7,-1.0655015487564323
6968,20230717-3PM_750_25_2343_0,0.138,4.0,750,25,2343,0,-0.8601209135987634
6969,20230717-3PM_750_25_2343_1,0.085,4.0,750,25,2343,1,-1.0705810742857071
6970,20230717-3PM_750_25_2343_2,0.1,4.0,750,25,2343,2,-1.0
6971,20230717-3PM_750_25_2343_3,0.12,4.0,750,25,2343,3,-0.9208187539523752
6972,20230717-3PM_750_25_2343_4,0.072,4.0,750,25,2343,4,-1.1426675035687315
6973,20230717-3PM_750_25_2343_5,0.19,4.0,750,25,2343,5,-0.721246399047171
6974,20230717-3PM_750_25_2343_6,0.139,4.0,750,25,2343,6,-0.8569851997459049
6975,20230717-3PM_750_25_2343_7,0.066,4.0,750,25,2343,7,-1.1804560644581312
6976,20230717-3PM_680_25_1952_0,0.178,4.0,680,25,1952,0,-0.7495799976911061
6977,20230717-3PM_680_25_1952_1,0.197,4.0,680,25,1952,1,-0.7055337738384071
6978,20230717-3PM_680_25_1952_2,0.178,4.0,680,25,1952,2,-0.7495799976911061
6979,20230717-3PM_680_25_1952_3,0.199,4.0,680,25,1952,3,-0.7011469235902933
6980,20230717-3PM_680_25_1952_4,0.163,4.0,680,25,1952,4,-0.7878123955960422
6981,20230717-3PM_680_25_1952_5,0.22,4.0,680,25,1952,5,-0.6575773191777937
6982,20230717-3PM_680_25_1952_6,0.192,4.0,680,25,1952,6,-0.7166987712964504
6983,20230717-3PM_680_25_1952_7,0.196,4.0,680,25,1952,7,-0.707743928643524
6984,20230717-3PM_750_25_1952_0,0.121,4.0,750,25,1952,0,-0.9172146296835499
6985,20230717-3PM_750_25_1952_1,0.128,4.0,750,25,1952,1,-0.8927900303521317
6986,20230717-3PM_750_25_1952_2,0.119,4.0,750,25,1952,2,-0.9244530386074693
6987,20230717-3PM_750_25_1952_3,0.134,4.0,750,25,1952,3,-0.8728952016351923
6988,20230717-3PM_750_25_1952_4,0.113,4.0,750,25,1952,4,-0.9469215565165803
6989,20230717-3PM_750_25_1952_5,0.148,4.0,750,25,1952,5,-0.8297382846050426
6990,20230717-3PM_750_25_1952_6,0.134,4.0,750,25,1952,6,-0.8728952016351923
6991,20230717-3PM_750_25_1952_7,0.125,4.0,750,25,1952,7,-0.9030899869919435
6992,20230717-3PM_680_25_2931_0,0.107,4.0,680,25,2931,0,-0.9706162223147904
6993,20230717-3PM_680_25_2931_1,0.167,4.0,680,25,2931,1,-0.7772835288524167
6994,20230717-3PM_680_25_2931_2,0.146,4.0,680,25,2931,2,-0.835647144215563
6995,20230717-3PM_680_25_2931_3,0.136,4.0,680,25,2931,3,-0.8664610916297825
6996,20230717-3PM_680_25_2931_4,0.138,4.0,680,25,2931,4,-0.8601209135987634
6997,20230717-3PM_680_25_2931_5,0.159,4.0,680,25,2931,5,-0.7986028756795485
6998,20230717-3PM_680_25_2931_6,0.1,4.0,680,25,2931,6,-1.0
6999,20230717-3PM_680_25_2931_7,0.116,4.0,680,25,2931,7,-0.9355420107730815
7000,20230717-3PM_750_25_2931_0,0.081,4.0,750,25,2931,0,-1.0915149811213503
7001,20230717-3PM_750_25_2931_1,0.117,4.0,750,25,2931,1,-0.9318141382538383
7002,20230717-3PM_750_25_2931_2,0.1,4.0,750,25,2931,2,-1.0
7003,20230717-3PM_750_25_2931_3,0.098,4.0,750,25,2931,3,-1.0087739243075051
7004,20230717-3PM_750_25_2931_4,0.109,4.0,750,25,2931,4,-0.9625735020593764
7005,20230717-3PM_750_25_2931_5,0.098,4.0,750,25,2931,5,-1.0087739243075051
7006,20230717-3PM_750_25_2931_6,0.073,4.0,750,25,2931,6,-1.136677139879544
7007,20230717-3PM_750_25_2931_7,0.086,4.0,750,25,2931,7,-1.0655015487564323
7008,20230717-3PM_680_25_JG5_0,0.101,4.0,680,25,JG5,0,-0.9956786262173574
7009,20230717-3PM_680_25_JG5_1,0.128,4.0,680,25,JG5,1,-0.8927900303521317
7010,20230717-3PM_680_25_JG5_2,0.084,4.0,680,25,JG5,2,-1.0757207139381184
7011,20230717-3PM_680_25_JG5_3,0.074,4.0,680,25,JG5,3,-1.1307682802690238
7012,20230717-3PM_680_25_JG5_4,0.057,4.0,680,25,JG5,4,-1.2441251443275085
7013,20230717-3PM_680_25_JG5_5,0.102,4.0,680,25,JG5,5,-0.9913998282380825
7014,20230717-3PM_680_25_JG5_6,0.094,4.0,680,25,JG5,6,-1.0268721464003014
7015,20230717-3PM_680_25_JG5_7,0.207,4.0,680,25,JG5,7,-0.6840296545430823
7016,20230717-3PM_750_25_JG5_0,0.082,4.0,750,25,JG5,0,-1.0861861476162833
7017,20230717-3PM_750_25_JG5_1,0.1,4.0,750,25,JG5,1,-1.0
7018,20230717-3PM_750_25_JG5_2,0.07,4.0,750,25,JG5,2,-1.154901959985743
7019,20230717-3PM_750_25_JG5_3,0.066,4.0,750,25,JG5,3,-1.1804560644581312
7020,20230717-3PM_750_25_JG5_4,0.055,4.0,750,25,JG5,4,-1.2596373105057561
7021,20230717-3PM_750_25_JG5_5,0.085,4.0,750,25,JG5,5,-1.0705810742857071
7022,20230717-3PM_750_25_JG5_6,0.076,4.0,750,25,JG5,6,-1.1191864077192086
7023,20230717-3PM_750_25_JG5_7,0.152,4.0,750,25,JG5,7,-0.8181564120552275
7024,20230717-3PM_680_25_BMS_0,0.131,4.0,680,25,BMS,0,-0.8827287043442357
7025,20230717-3PM_680_25_BMS_1,0.179,4.0,680,25,BMS,1,-0.7471469690201068
7026,20230717-3PM_680_25_BMS_2,0.215,4.0,680,25,BMS,2,-0.6675615400843947
7027,20230717-3PM_680_25_BMS_3,0.16,4.0,680,25,BMS,3,-0.7958800173440752
7028,20230717-3PM_680_25_BMS_4,0.235,4.0,680,25,BMS,4,-0.6289321377282637
7029,20230717-3PM_680_25_BMS_5,0.202,4.0,680,25,BMS,5,-0.6946486305533762
7030,20230717-3PM_680_25_BMS_6,0.207,4.0,680,25,BMS,6,-0.6840296545430823
7031,20230717-3PM_680_25_BMS_7,0.193,4.0,680,25,BMS,7,-0.7144426909922262
7032,20230717-3PM_750_25_BMS_0,0.092,4.0,750,25,BMS,0,-1.0362121726544447
7033,20230717-3PM_750_25_BMS_1,0.117,4.0,750,25,BMS,1,-0.9318141382538383
7034,20230717-3PM_750_25_BMS_2,0.139,4.0,750,25,BMS,2,-0.8569851997459049
7035,20230717-3PM_750_25_BMS_3,0.108,4.0,750,25,BMS,3,-0.9665762445130504
7036,20230717-3PM_750_25_BMS_4,0.144,4.0,750,25,BMS,4,-0.8416375079047503
7037,20230717-3PM_750_25_BMS_5,0.126,4.0,750,25,BMS,5,-0.8996294548824371
7038,20230717-3PM_750_25_BMS_6,0.139,4.0,750,25,BMS,6,-0.8569851997459049
7039,20230717-3PM_750_25_BMS_7,0.125,4.0,750,25,BMS,7,-0.9030899869919435
7040,20230717-3PM_680_32_3059_0,0.172,4.0,680,32,3059,0,-0.7644715530924511
7041,20230717-3PM_680_32_3059_1,0.165,4.0,680,32,3059,1,-0.7825160557860937
7042,20230717-3PM_680_32_3059_2,0.172,4.0,680,32,3059,2,-0.7644715530924511
7043,20230717-3PM_680_32_3059_3,0.166,4.0,680,32,3059,3,-0.7798919119599449
7044,20230717-3PM_680_32_3059_4,0.186,4.0,680,32,3059,4,-0.7304870557820837
7045,20230717-3PM_680_32_3059_5,0.154,4.0,680,32,3059,5,-0.8124792791635369
7046,20230717-3PM_680_32_3059_6,0.179,4.0,680,32,3059,6,-0.7471469690201068
7047,20230717-3PM_680_32_3059_7,0.165,4.0,680,32,3059,7,-0.7825160557860937
7048,20230717-3PM_750_32_3059_0,0.102,4.0,750,32,3059,0,-0.9913998282380825
7049,20230717-3PM_750_32_3059_1,0.095,4.0,750,32,3059,1,-1.0222763947111522
7050,20230717-3PM_750_32_3059_2,0.093,4.0,750,32,3059,2,-1.031517051446065
7051,20230717-3PM_750_32_3059_3,0.102,4.0,750,32,3059,3,-0.9913998282380825
7052,20230717-3PM_750_32_3059_4,0.107,4.0,750,32,3059,4,-0.9706162223147904
7053,20230717-3PM_750_32_3059_5,0.093,4.0,750,32,3059,5,-1.031517051446065
7054,20230717-3PM_750_32_3059_6,0.106,4.0,750,32,3059,6,-0.9746941347352298
7055,20230717-3PM_750_32_3059_7,0.102,4.0,750,32,3059,7,-0.9913998282380825
7056,20230717-3PM_680_32_1691_0,0.188,4.0,680,32,1691,0,-0.7258421507363202
7057,20230717-3PM_680_32_1691_1,0.118,4.0,680,32,1691,1,-0.9281179926938746
7058,20230717-3PM_680_32_1691_2,0.18,4.0,680,32,1691,2,-0.744727494896694
7059,20230717-3PM_680_32_1691_3,0.163,4.0,680,32,1691,3,-0.7878123955960422
7060,20230717-3PM_680_32_1691_4,0.102,4.0,680,32,1691,4,-0.9913998282380825
7061,20230717-3PM_680_32_1691_5,0.092,4.0,680,32,1691,5,-1.0362121726544447
7062,20230717-3PM_680_32_1691_6,0.125,4.0,680,32,1691,6,-0.9030899869919435
7063,20230717-3PM_680_32_1691_7,0.148,4.0,680,32,1691,7,-0.8297382846050426
7064,20230717-3PM_750_32_1691_0,0.097,4.0,750,32,1691,0,-1.0132282657337552
7065,20230717-3PM_750_32_1691_1,0.062,4.0,750,32,1691,1,-1.207608310501746
7066,20230717-3PM_750_32_1691_2,0.098,4.0,750,32,1691,2,-1.0087739243075051
7067,20230717-3PM_750_32_1691_3,0.114,4.0,750,32,1691,3,-0.9430951486635274
7068,20230717-3PM_750_32_1691_4,0.077,4.0,750,32,1691,4,-1.1135092748275182
7069,20230717-3PM_750_32_1691_5,0.074,4.0,750,32,1691,5,-1.1307682802690238
7070,20230717-3PM_750_32_1691_6,0.077,4.0,750,32,1691,6,-1.1135092748275182
7071,20230717-3PM_750_32_1691_7,0.089,4.0,750,32,1691,7,-1.0506099933550872
7072,20230717-3PM_680_32_1690_0,0.188,4.0,680,32,1690,0,-0.7258421507363202
7073,20230717-3PM_680_32_1690_1,0.154,4.0,680,32,1690,1,-0.8124792791635369
7074,20230717-3PM_680_32_1690_2,0.144,4.0,680,32,1690,2,-0.8416375079047503
7075,20230717-3PM_680_32_1690_3,0.137,4.0,680,32,1690,3,-0.8632794328435932
7076,20230717-3PM_680_32_1690_4,0.271,4.0,680,32,1690,4,-0.5670307091255943
7077,20230717-3PM_680_32_1690_5,0.222,4.0,680,32,1690,5,-0.6536470255493614
7078,20230717-3PM_680_32_1690_6,0.189,4.0,680,32,1690,6,-0.7235381958267558
7079,20230717-3PM_680_32_1690_7,0.191,4.0,680,32,1690,7,-0.7189666327522725
7080,20230717-3PM_750_32_1690_0,0.137,4.0,750,32,1690,0,-0.8632794328435932
7081,20230717-3PM_750_32_1690_1,0.106,4.0,750,32,1690,1,-0.9746941347352298
7082,20230717-3PM_750_32_1690_2,0.106,4.0,750,32,1690,2,-0.9746941347352298
7083,20230717-3PM_750_32_1690_3,0.1,4.0,750,32,1690,3,-1.0
7084,20230717-3PM_750_32_1690_4,0.177,4.0,750,32,1690,4,-0.7520267336381934
7085,20230717-3PM_750_32_1690_5,0.146,4.0,750,32,1690,5,-0.835647144215563
7086,20230717-3PM_750_32_1690_6,0.129,4.0,750,32,1690,6,-0.889410289700751
7087,20230717-3PM_750_32_1690_7,0.133,4.0,750,32,1690,7,-0.8761483590329142
7088,20230717-3PM_680_32_2342_0,0.137,4.0,680,32,2342,0,-0.8632794328435932
7089,20230717-3PM_680_32_2342_1,0.145,4.0,680,32,2342,1,-0.8386319977650252
7090,20230717-3PM_680_32_2342_2,0.112,4.0,680,32,2342,2,-0.9507819773298184
7091,20230717-3PM_680_32_2342_3,0.199,4.0,680,32,2342,3,-0.7011469235902933
7092,20230717-3PM_680_32_2342_4,0.036,4.0,680,32,2342,4,-1.4436974992327127
7093,20230717-3PM_680_32_2342_5,0.139,4.0,680,32,2342,5,-0.8569851997459049
7094,20230717-3PM_680_32_2342_6,0.151,4.0,680,32,2342,6,-0.8210230527068306
7095,20230717-3PM_680_32_2342_7,0.164,4.0,680,32,2342,7,-0.7851561519523022
7096,20230717-3PM_750_32_2342_0,0.074,4.0,750,32,2342,0,-1.1307682802690238
7097,20230717-3PM_750_32_2342_1,0.074,4.0,750,32,2342,1,-1.1307682802690238
7098,20230717-3PM_750_32_2342_2,0.07,4.0,750,32,2342,2,-1.154901959985743
7099,20230717-3PM_750_32_2342_3,0.091,4.0,750,32,2342,3,-1.0409586076789064
7100,20230717-3PM_750_32_2342_4,0.041,4.0,750,32,2342,4,-1.3872161432802645
7101,20230717-3PM_750_32_2342_5,0.077,4.0,750,32,2342,5,-1.1135092748275182
7102,20230717-3PM_750_32_2342_6,0.071,4.0,750,32,2342,6,-1.1487416512809248
7103,20230717-3PM_750_32_2342_7,0.072,4.0,750,32,2342,7,-1.1426675035687315
7104,20230717-3PM_680_32_4532_0,0.081,4.0,680,32,4532,0,-1.0915149811213503
7105,20230717-3PM_680_32_4532_1,0.073,4.0,680,32,4532,1,-1.136677139879544
7106,20230717-3PM_680_32_4532_2,0.105,4.0,680,32,4532,2,-0.978810700930062
7107,20230717-3PM_680_32_4532_3,0.081,4.0,680,32,4532,3,-1.0915149811213503
7108,20230717-3PM_680_32_4532_4,0.07,4.0,680,32,4532,4,-1.154901959985743
7109,20230717-3PM_680_32_4532_5,0.069,4.0,680,32,4532,5,-1.1611509092627446
7110,20230717-3PM_680_32_4532_6,0.069,4.0,680,32,4532,6,-1.1611509092627446
7111,20230717-3PM_680_32_4532_7,0.071,4.0,680,32,4532,7,-1.1487416512809248
7112,20230717-3PM_750_32_4532_0,0.095,4.0,750,32,4532,0,-1.0222763947111522
7113,20230717-3PM_750_32_4532_1,0.069,4.0,750,32,4532,1,-1.1611509092627446
7114,20230717-3PM_750_32_4532_2,0.103,4.0,750,32,4532,2,-0.9871627752948278
7115,20230717-3PM_750_32_4532_3,0.06,4.0,750,32,4532,3,-1.2218487496163564
7116,20230717-3PM_750_32_4532_4,0.053,4.0,750,32,4532,4,-1.275724130399211
7117,20230717-3PM_750_32_4532_5,0.064,4.0,750,32,4532,5,-1.193820026016113
7118,20230717-3PM_750_32_4532_6,0.055,4.0,750,32,4532,6,-1.2596373105057561
7119,20230717-3PM_750_32_4532_7,0.054,4.0,750,32,4532,7,-1.2676062401770316
7120,20230717-3PM_680_32_2344_0,0.127,4.0,680,32,2344,0,-0.8961962790440431
7121,20230717-3PM_680_32_2344_1,0.136,4.0,680,32,2344,1,-0.8664610916297825
7122,20230717-3PM_680_32_2344_2,0.14,4.0,680,32,2344,2,-0.8538719643217619
7123,20230717-3PM_680_32_2344_3,0.155,4.0,680,32,2344,3,-0.8096683018297085
7124,20230717-3PM_680_32_2344_4,0.237,4.0,680,32,2344,4,-0.6252516539898961
7125,20230717-3PM_680_32_2344_5,0.147,4.0,680,32,2344,5,-0.8326826652518239
7126,20230717-3PM_680_32_2344_6,0.135,4.0,680,32,2344,6,-0.8696662315049939
7127,20230717-3PM_680_32_2344_7,0.142,4.0,680,32,2344,7,-0.8477116556169435
7128,20230717-3PM_750_32_2344_0,0.089,4.0,750,32,2344,0,-1.0506099933550872
7129,20230717-3PM_750_32_2344_1,0.093,4.0,750,32,2344,1,-1.031517051446065
7130,20230717-3PM_750_32_2344_2,0.095,4.0,750,32,2344,2,-1.0222763947111522
7131,20230717-3PM_750_32_2344_3,0.102,4.0,750,32,2344,3,-0.9913998282380825
7132,20230717-3PM_750_32_2344_4,0.146,4.0,750,32,2344,4,-0.835647144215563
7133,20230717-3PM_750_32_2344_5,0.105,4.0,750,32,2344,5,-0.978810700930062
7134,20230717-3PM_750_32_2344_6,0.095,4.0,750,32,2344,6,-1.0222763947111522
7135,20230717-3PM_750_32_2344_7,0.092,4.0,750,32,2344,7,-1.0362121726544447
7136,20230717-3PM_680_32_2343_0,0.229,4.0,680,32,2343,0,-0.640164517660112
7137,20230717-3PM_680_32_2343_1,0.193,4.0,680,32,2343,1,-0.7144426909922262
7138,20230717-3PM_680_32_2343_2,0.153,4.0,680,32,2343,2,-0.8153085691824012
7139,20230717-3PM_680_32_2343_3,0.088,4.0,680,32,2343,3,-1.0555173278498313
7140,20230717-3PM_680_32_2343_4,0.071,4.0,680,32,2343,4,-1.1487416512809248
7141,20230717-3PM_680_32_2343_5,0.154,4.0,680,32,2343,5,-0.8124792791635369
7142,20230717-3PM_680_32_2343_6,0.163,4.0,680,32,2343,6,-0.7878123955960422
7143,20230717-3PM_680_32_2343_7,0.106,4.0,680,32,2343,7,-0.9746941347352298
7144,20230717-3PM_750_32_2343_0,0.136,4.0,750,32,2343,0,-0.8664610916297825
7145,20230717-3PM_750_32_2343_1,0.118,4.0,750,32,2343,1,-0.9281179926938746
7146,20230717-3PM_750_32_2343_2,0.082,4.0,750,32,2343,2,-1.0861861476162833
7147,20230717-3PM_750_32_2343_3,0.08,4.0,750,32,2343,3,-1.0969100130080565
7148,20230717-3PM_750_32_2343_4,0.058,4.0,750,32,2343,4,-1.2365720064370627
7149,20230717-3PM_750_32_2343_5,0.109,4.0,750,32,2343,5,-0.9625735020593764
7150,20230717-3PM_750_32_2343_6,0.108,4.0,750,32,2343,6,-0.9665762445130504
7151,20230717-3PM_750_32_2343_7,0.075,4.0,750,32,2343,7,-1.1249387366083
7152,20230717-3PM_680_32_1952_0,0.189,4.0,680,32,1952,0,-0.7235381958267558
7153,20230717-3PM_680_32_1952_1,0.201,4.0,680,32,1952,1,-0.6968039425795111
7154,20230717-3PM_680_32_1952_2,0.184,4.0,680,32,1952,2,-0.7351821769904635
7155,20230717-3PM_680_32_1952_3,0.177,4.0,680,32,1952,3,-0.7520267336381934
7156,20230717-3PM_680_32_1952_4,0.172,4.0,680,32,1952,4,-0.7644715530924511
7157,20230717-3PM_680_32_1952_5,0.23,4.0,680,32,1952,5,-0.638272163982407
7158,20230717-3PM_680_32_1952_6,0.315,4.0,680,32,1952,6,-0.5016894462103995
7159,20230717-3PM_680_32_1952_7,0.164,4.0,680,32,1952,7,-0.7851561519523022
7160,20230717-3PM_750_32_1952_0,0.124,4.0,750,32,1952,0,-0.906578314837765
7161,20230717-3PM_750_32_1952_1,0.123,4.0,750,32,1952,1,-0.9100948885606021
7162,20230717-3PM_750_32_1952_2,0.12,4.0,750,32,1952,2,-0.9208187539523752
7163,20230717-3PM_750_32_1952_3,0.116,4.0,750,32,1952,3,-0.9355420107730815
7164,20230717-3PM_750_32_1952_4,0.112,4.0,750,32,1952,4,-0.9507819773298184
7165,20230717-3PM_750_32_1952_5,0.148,4.0,750,32,1952,5,-0.8297382846050426
7166,20230717-3PM_750_32_1952_6,0.197,4.0,750,32,1952,6,-0.7055337738384071
7167,20230717-3PM_750_32_1952_7,0.106,4.0,750,32,1952,7,-0.9746941347352298
7168,20230717-3PM_680_32_2931_0,0.097,4.0,680,32,2931,0,-1.0132282657337552
7169,20230717-3PM_680_32_2931_1,0.119,4.0,680,32,2931,1,-0.9244530386074693
7170,20230717-3PM_680_32_2931_2,0.097,4.0,680,32,2931,2,-1.0132282657337552
7171,20230717-3PM_680_32_2931_3,0.124,4.0,680,32,2931,3,-0.906578314837765
7172,20230717-3PM_680_32_2931_4,0.108,4.0,680,32,2931,4,-0.9665762445130504
7173,20230717-3PM_680_32_2931_5,0.121,4.0,680,32,2931,5,-0.9172146296835499
7174,20230717-3PM_680_32_2931_6,0.067,4.0,680,32,2931,6,-1.1739251972991736
7175,20230717-3PM_680_32_2931_7,0.104,4.0,680,32,2931,7,-0.9829666607012196
7176,20230717-3PM_750_32_2931_0,0.081,4.0,750,32,2931,0,-1.0915149811213503
7177,20230717-3PM_750_32_2931_1,0.093,4.0,750,32,2931,1,-1.031517051446065
7178,20230717-3PM_750_32_2931_2,0.088,4.0,750,32,2931,2,-1.0555173278498313
7179,20230717-3PM_750_32_2931_3,0.083,4.0,750,32,2931,3,-1.080921907623926
7180,20230717-3PM_750_32_2931_4,0.086,4.0,750,32,2931,4,-1.0655015487564323
7181,20230717-3PM_750_32_2931_5,0.092,4.0,750,32,2931,5,-1.0362121726544447
7182,20230717-3PM_750_32_2931_6,0.056,4.0,750,32,2931,6,-1.2518119729937995
7183,20230717-3PM_750_32_2931_7,0.081,4.0,750,32,2931,7,-1.0915149811213503
7184,20230717-3PM_680_32_JG5_0,0.1,4.0,680,32,JG5,0,-1.0
7185,20230717-3PM_680_32_JG5_1,0.084,4.0,680,32,JG5,1,-1.0757207139381184
7186,20230717-3PM_680_32_JG5_2,0.112,4.0,680,32,JG5,2,-0.9507819773298184
7187,20230717-3PM_680_32_JG5_3,0.176,4.0,680,32,JG5,3,-0.7544873321858502
7188,20230717-3PM_680_32_JG5_4,0.198,4.0,680,32,JG5,4,-0.7033348097384688
7189,20230717-3PM_680_32_JG5_5,0.099,4.0,680,32,JG5,5,-1.00436480540245
7190,20230717-3PM_680_32_JG5_6,0.28,4.0,680,32,JG5,6,-0.5528419686577808
7191,20230717-3PM_680_32_JG5_7,0.16,4.0,680,32,JG5,7,-0.7958800173440752
7192,20230717-3PM_750_32_JG5_0,0.073,4.0,750,32,JG5,0,-1.136677139879544
7193,20230717-3PM_750_32_JG5_1,0.067,4.0,750,32,JG5,1,-1.1739251972991736
7194,20230717-3PM_750_32_JG5_2,0.08,4.0,750,32,JG5,2,-1.0969100130080565
7195,20230717-3PM_750_32_JG5_3,0.115,4.0,750,32,JG5,3,-0.9393021596463883
7196,20230717-3PM_750_32_JG5_4,0.106,4.0,750,32,JG5,4,-0.9746941347352298
7197,20230717-3PM_750_32_JG5_5,0.077,4.0,750,32,JG5,5,-1.1135092748275182
7198,20230717-3PM_750_32_JG5_6,0.152,4.0,750,32,JG5,6,-0.8181564120552275
7199,20230717-3PM_750_32_JG5_7,0.113,4.0,750,32,JG5,7,-0.9469215565165803
7200,20230717-3PM_680_32_BMS_0,0.217,4.0,680,32,BMS,0,-0.6635402661514705
7201,20230717-3PM_680_32_BMS_1,0.215,4.0,680,32,BMS,1,-0.6675615400843947
7202,20230717-3PM_680_32_BMS_2,0.205,4.0,680,32,BMS,2,-0.6882461389442457
7203,20230717-3PM_680_32_BMS_3,0.149,4.0,680,32,BMS,3,-0.826813731587726
7204,20230717-3PM_680_32_BMS_4,0.209,4.0,680,32,BMS,4,-0.679853713888946
7205,20230717-3PM_680_32_BMS_5,0.244,4.0,680,32,BMS,5,-0.6126101736612706
7206,20230717-3PM_680_32_BMS_6,0.2,4.0,680,32,BMS,6,-0.6989700043360187
7207,20230717-3PM_680_32_BMS_7,0.215,4.0,680,32,BMS,7,-0.6675615400843947
7208,20230717-3PM_750_32_BMS_0,0.127,4.0,750,32,BMS,0,-0.8961962790440431
7209,20230717-3PM_750_32_BMS_1,0.124,4.0,750,32,BMS,1,-0.906578314837765
7210,20230717-3PM_750_32_BMS_2,0.122,4.0,750,32,BMS,2,-0.9136401693252518
7211,20230717-3PM_750_32_BMS_3,0.096,4.0,750,32,BMS,3,-1.0177287669604316
7212,20230717-3PM_750_32_BMS_4,0.126,4.0,750,32,BMS,4,-0.8996294548824371
7213,20230717-3PM_750_32_BMS_5,0.145,4.0,750,32,BMS,5,-0.8386319977650252
7214,20230717-3PM_750_32_BMS_6,0.122,4.0,750,32,BMS,6,-0.9136401693252518
7215,20230717-3PM_750_32_BMS_7,0.128,4.0,750,32,BMS,7,-0.8927900303521317
7216,20230717-3PM_680_28_3059_0,0.142,4.0,680,28,3059,0,-0.8477116556169435
7217,20230717-3PM_680_28_3059_1,0.132,4.0,680,28,3059,1,-0.8794260687941501
7218,20230717-3PM_680_28_3059_2,0.197,4.0,680,28,3059,2,-0.7055337738384071
7219,20230717-3PM_680_28_3059_3,0.172,4.0,680,28,3059,3,-0.7644715530924511
7220,20230717-3PM_680_28_3059_4,0.15,4.0,680,28,3059,4,-0.8239087409443188
7221,20230717-3PM_680_28_3059_5,0.184,4.0,680,28,3059,5,-0.7351821769904635
7222,20230717-3PM_680_28_3059_6,0.187,4.0,680,28,3059,6,-0.7281583934635011
7223,20230717-3PM_680_28_3059_7,0.171,4.0,680,28,3059,7,-0.7670038896078462
7224,20230717-3PM_750_28_3059_0,0.091,4.0,750,28,3059,0,-1.0409586076789064
7225,20230717-3PM_750_28_3059_1,0.087,4.0,750,28,3059,1,-1.0604807473813815
7226,20230717-3PM_750_28_3059_2,0.118,4.0,750,28,3059,2,-0.9281179926938746
7227,20230717-3PM_750_28_3059_3,0.114,4.0,750,28,3059,3,-0.9430951486635274
7228,20230717-3PM_750_28_3059_4,0.098,4.0,750,28,3059,4,-1.0087739243075051
7229,20230717-3PM_750_28_3059_5,0.113,4.0,750,28,3059,5,-0.9469215565165803
7230,20230717-3PM_750_28_3059_6,0.109,4.0,750,28,3059,6,-0.9625735020593764
7231,20230717-3PM_750_28_3059_7,0.113,4.0,750,28,3059,7,-0.9469215565165803
7232,20230717-3PM_680_28_1691_0,0.294,4.0,680,28,1691,0,-0.5316526695878427
7233,20230717-3PM_680_28_1691_1,0.236,4.0,680,28,1691,1,-0.6270879970298935
7234,20230717-3PM_680_28_1691_2,0.221,4.0,680,28,1691,2,-0.6556077263148893
7235,20230717-3PM_680_28_1691_3,0.21,4.0,680,28,1691,3,-0.6777807052660807
7236,20230717-3PM_680_28_1691_4,0.243,4.0,680,28,1691,4,-0.6143937264016879
7237,20230717-3PM_680_28_1691_5,0.195,4.0,680,28,1691,5,-0.7099653886374819
7238,20230717-3PM_680_28_1691_6,0.16,4.0,680,28,1691,6,-0.7958800173440752
7239,20230717-3PM_680_28_1691_7,0.156,4.0,680,28,1691,7,-0.8068754016455384
7240,20230717-3PM_750_28_1691_0,0.16,4.0,750,28,1691,0,-0.7958800173440752
7241,20230717-3PM_750_28_1691_1,0.138,4.0,750,28,1691,1,-0.8601209135987634
7242,20230717-3PM_750_28_1691_2,0.129,4.0,750,28,1691,2,-0.889410289700751
7243,20230717-3PM_750_28_1691_3,0.126,4.0,750,28,1691,3,-0.8996294548824371
7244,20230717-3PM_750_28_1691_4,0.114,4.0,750,28,1691,4,-0.9430951486635274
7245,20230717-3PM_750_28_1691_5,0.119,4.0,750,28,1691,5,-0.9244530386074693
7246,20230717-3PM_750_28_1691_6,0.105,4.0,750,28,1691,6,-0.978810700930062
7247,20230717-3PM_750_28_1691_7,0.103,4.0,750,28,1691,7,-0.9871627752948278
7248,20230717-3PM_680_28_1690_0,0.153,4.0,680,28,1690,0,-0.8153085691824012
7249,20230717-3PM_680_28_1690_1,0.17,4.0,680,28,1690,1,-0.769551078621726
7250,20230717-3PM_680_28_1690_2,0.225,4.0,680,28,1690,2,-0.6478174818886375
7251,20230717-3PM_680_28_1690_3,0.216,4.0,680,28,1690,3,-0.6655462488490691
7252,20230717-3PM_680_28_1690_4,0.235,4.0,680,28,1690,4,-0.6289321377282637
7253,20230717-3PM_680_28_1690_5,0.163,4.0,680,28,1690,5,-0.7878123955960422
7254,20230717-3PM_680_28_1690_6,0.288,4.0,680,28,1690,6,-0.5406075122407692
7255,20230717-3PM_680_28_1690_7,0.142,4.0,680,28,1690,7,-0.8477116556169435
7256,20230717-3PM_750_28_1690_0,0.118,4.0,750,28,1690,0,-0.9281179926938746
7257,20230717-3PM_750_28_1690_1,0.12,4.0,750,28,1690,1,-0.9208187539523752
7258,20230717-3PM_750_28_1690_2,0.159,4.0,750,28,1690,2,-0.7986028756795485
7259,20230717-3PM_750_28_1690_3,0.151,4.0,750,28,1690,3,-0.8210230527068306
7260,20230717-3PM_750_28_1690_4,0.163,4.0,750,28,1690,4,-0.7878123955960422
7261,20230717-3PM_750_28_1690_5,0.111,4.0,750,28,1690,5,-0.9546770212133425
7262,20230717-3PM_750_28_1690_6,0.205,4.0,750,28,1690,6,-0.6882461389442457
7263,20230717-3PM_750_28_1690_7,0.106,4.0,750,28,1690,7,-0.9746941347352298
7264,20230717-3PM_680_28_2342_0,0.163,4.0,680,28,2342,0,-0.7878123955960422
7265,20230717-3PM_680_28_2342_1,0.141,4.0,680,28,2342,1,-0.8507808873446201
7266,20230717-3PM_680_28_2342_2,0.172,4.0,680,28,2342,2,-0.7644715530924511
7267,20230717-3PM_680_28_2342_3,0.148,4.0,680,28,2342,3,-0.8297382846050426
7268,20230717-3PM_680_28_2342_4,0.036,4.0,680,28,2342,4,-1.4436974992327127
7269,20230717-3PM_680_28_2342_5,0.183,4.0,680,28,2342,5,-0.7375489102695706
7270,20230717-3PM_680_28_2342_6,0.132,4.0,680,28,2342,6,-0.8794260687941501
7271,20230717-3PM_680_28_2342_7,0.176,4.0,680,28,2342,7,-0.7544873321858502
7272,20230717-3PM_750_28_2342_0,0.096,4.0,750,28,2342,0,-1.0177287669604316
7273,20230717-3PM_750_28_2342_1,0.079,4.0,750,28,2342,1,-1.1023729087095586
7274,20230717-3PM_750_28_2342_2,0.1,4.0,750,28,2342,2,-1.0
7275,20230717-3PM_750_28_2342_3,0.085,4.0,750,28,2342,3,-1.0705810742857071
7276,20230717-3PM_750_28_2342_4,0.04,4.0,750,28,2342,4,-1.3979400086720375
7277,20230717-3PM_750_28_2342_5,0.096,4.0,750,28,2342,5,-1.0177287669604316
7278,20230717-3PM_750_28_2342_6,0.086,4.0,750,28,2342,6,-1.0655015487564323
7279,20230717-3PM_750_28_2342_7,0.098,4.0,750,28,2342,7,-1.0087739243075051
7280,20230717-3PM_680_28_4532_0,0.116,4.0,680,28,4532,0,-0.9355420107730815
7281,20230717-3PM_680_28_4532_1,0.154,4.0,680,28,4532,1,-0.8124792791635369
7282,20230717-3PM_680_28_4532_2,0.232,4.0,680,28,4532,2,-0.6345120151091003
7283,20230717-3PM_680_28_4532_3,0.112,4.0,680,28,4532,3,-0.9507819773298184
7284,20230717-3PM_680_28_4532_4,0.102,4.0,680,28,4532,4,-0.9913998282380825
7285,20230717-3PM_680_28_4532_5,0.167,4.0,680,28,4532,5,-0.7772835288524167
7286,20230717-3PM_680_28_4532_6,0.132,4.0,680,28,4532,6,-0.8794260687941501
7287,20230717-3PM_680_28_4532_7,0.129,4.0,680,28,4532,7,-0.889410289700751
7288,20230717-3PM_750_28_4532_0,0.086,4.0,750,28,4532,0,-1.0655015487564323
7289,20230717-3PM_750_28_4532_1,0.126,4.0,750,28,4532,1,-0.8996294548824371
7290,20230717-3PM_750_28_4532_2,0.118,4.0,750,28,4532,2,-0.9281179926938746
7291,20230717-3PM_750_28_4532_3,0.086,4.0,750,28,4532,3,-1.0655015487564323
7292,20230717-3PM_750_28_4532_4,0.073,4.0,750,28,4532,4,-1.136677139879544
7293,20230717-3PM_750_28_4532_5,0.107,4.0,750,28,4532,5,-0.9706162223147904
7294,20230717-3PM_750_28_4532_6,0.097,4.0,750,28,4532,6,-1.0132282657337552
7295,20230717-3PM_750_28_4532_7,0.093,4.0,750,28,4532,7,-1.031517051446065
7296,20230717-3PM_680_28_2344_0,0.161,4.0,680,28,2344,0,-0.7931741239681502
7297,20230717-3PM_680_28_2344_1,0.098,4.0,680,28,2344,1,-1.0087739243075051
7298,20230717-3PM_680_28_2344_2,0.105,4.0,680,28,2344,2,-0.978810700930062
7299,20230717-3PM_680_28_2344_3,0.181,4.0,680,28,2344,3,-0.7423214251308154
7300,20230717-3PM_680_28_2344_4,0.128,4.0,680,28,2344,4,-0.8927900303521317
7301,20230717-3PM_680_28_2344_5,0.132,4.0,680,28,2344,5,-0.8794260687941501
7302,20230717-3PM_680_28_2344_6,0.154,4.0,680,28,2344,6,-0.8124792791635369
7303,20230717-3PM_680_28_2344_7,0.099,4.0,680,28,2344,7,-1.00436480540245
7304,20230717-3PM_750_28_2344_0,0.105,4.0,750,28,2344,0,-0.978810700930062
7305,20230717-3PM_750_28_2344_1,0.073,4.0,750,28,2344,1,-1.136677139879544
7306,20230717-3PM_750_28_2344_2,0.077,4.0,750,28,2344,2,-1.1135092748275182
7307,20230717-3PM_750_28_2344_3,0.119,4.0,750,28,2344,3,-0.9244530386074693
7308,20230717-3PM_750_28_2344_4,0.088,4.0,750,28,2344,4,-1.0555173278498313
7309,20230717-3PM_750_28_2344_5,0.096,4.0,750,28,2344,5,-1.0177287669604316
7310,20230717-3PM_750_28_2344_6,0.104,4.0,750,28,2344,6,-0.9829666607012196
7311,20230717-3PM_750_28_2344_7,0.076,4.0,750,28,2344,7,-1.1191864077192086
7312,20230717-3PM_680_28_2343_0,0.18,4.0,680,28,2343,0,-0.744727494896694
7313,20230717-3PM_680_28_2343_1,0.088,4.0,680,28,2343,1,-1.0555173278498313
7314,20230717-3PM_680_28_2343_2,0.17,4.0,680,28,2343,2,-0.769551078621726
7315,20230717-3PM_680_28_2343_3,0.244,4.0,680,28,2343,3,-0.6126101736612706
7316,20230717-3PM_680_28_2343_4,0.141,4.0,680,28,2343,4,-0.8507808873446201
7317,20230717-3PM_680_28_2343_5,0.26,4.0,680,28,2343,5,-0.585026652029182
7318,20230717-3PM_680_28_2343_6,0.198,4.0,680,28,2343,6,-0.7033348097384688
7319,20230717-3PM_680_28_2343_7,0.084,4.0,680,28,2343,7,-1.0757207139381184
7320,20230717-3PM_750_28_2343_0,0.113,4.0,750,28,2343,0,-0.9469215565165803
7321,20230717-3PM_750_28_2343_1,0.068,4.0,750,28,2343,1,-1.1674910872937636
7322,20230717-3PM_750_28_2343_2,0.09,4.0,750,28,2343,2,-1.0457574905606752
7323,20230717-3PM_750_28_2343_3,0.165,4.0,750,28,2343,3,-0.7825160557860937
7324,20230717-3PM_750_28_2343_4,0.09,4.0,750,28,2343,4,-1.0457574905606752
7325,20230717-3PM_750_28_2343_5,0.161,4.0,750,28,2343,5,-0.7931741239681502
7326,20230717-3PM_750_28_2343_6,0.135,4.0,750,28,2343,6,-0.8696662315049939
7327,20230717-3PM_750_28_2343_7,0.065,4.0,750,28,2343,7,-1.1870866433571443
7328,20230717-3PM_680_28_1952_0,0.134,4.0,680,28,1952,0,-0.8728952016351923
7329,20230717-3PM_680_28_1952_1,0.214,4.0,680,28,1952,1,-0.6695862266508091
7330,20230717-3PM_680_28_1952_2,0.105,4.0,680,28,1952,2,-0.978810700930062
7331,20230717-3PM_680_28_1952_3,0.161,4.0,680,28,1952,3,-0.7931741239681502
7332,20230717-3PM_680_28_1952_4,0.154,4.0,680,28,1952,4,-0.8124792791635369
7333,20230717-3PM_680_28_1952_5,0.144,4.0,680,28,1952,5,-0.8416375079047503
7334,20230717-3PM_680_28_1952_6,0.221,4.0,680,28,1952,6,-0.6556077263148893
7335,20230717-3PM_680_28_1952_7,0.201,4.0,680,28,1952,7,-0.6968039425795111
7336,20230717-3PM_750_28_1952_0,0.097,4.0,750,28,1952,0,-1.0132282657337552
7337,20230717-3PM_750_28_1952_1,0.135,4.0,750,28,1952,1,-0.8696662315049939
7338,20230717-3PM_750_28_1952_2,0.081,4.0,750,28,1952,2,-1.0915149811213503
7339,20230717-3PM_750_28_1952_3,0.107,4.0,750,28,1952,3,-0.9706162223147904
7340,20230717-3PM_750_28_1952_4,0.106,4.0,750,28,1952,4,-0.9746941347352298
7341,20230717-3PM_750_28_1952_5,0.102,4.0,750,28,1952,5,-0.9913998282380825
7342,20230717-3PM_750_28_1952_6,0.145,4.0,750,28,1952,6,-0.8386319977650252
7343,20230717-3PM_750_28_1952_7,0.121,4.0,750,28,1952,7,-0.9172146296835499
7344,20230717-3PM_680_28_2931_0,0.131,4.0,680,28,2931,0,-0.8827287043442357
7345,20230717-3PM_680_28_2931_1,0.139,4.0,680,28,2931,1,-0.8569851997459049
7346,20230717-3PM_680_28_2931_2,0.148,4.0,680,28,2931,2,-0.8297382846050426
7347,20230717-3PM_680_28_2931_3,0.189,4.0,680,28,2931,3,-0.7235381958267558
7348,20230717-3PM_680_28_2931_4,0.15,4.0,680,28,2931,4,-0.8239087409443188
7349,20230717-3PM_680_28_2931_5,0.16,4.0,680,28,2931,5,-0.7958800173440752
7350,20230717-3PM_680_28_2931_6,0.108,4.0,680,28,2931,6,-0.9665762445130504
7351,20230717-3PM_680_28_2931_7,0.118,4.0,680,28,2931,7,-0.9281179926938746
7352,20230717-3PM_750_28_2931_0,0.108,4.0,750,28,2931,0,-0.9665762445130504
7353,20230717-3PM_750_28_2931_1,0.097,4.0,750,28,2931,1,-1.0132282657337552
7354,20230717-3PM_750_28_2931_2,0.126,4.0,750,28,2931,2,-0.8996294548824371
7355,20230717-3PM_750_28_2931_3,0.12,4.0,750,28,2931,3,-0.9208187539523752
7356,20230717-3PM_750_28_2931_4,0.116,4.0,750,28,2931,4,-0.9355420107730815
7357,20230717-3PM_750_28_2931_5,0.089,4.0,750,28,2931,5,-1.0506099933550872
7358,20230717-3PM_750_28_2931_6,0.075,4.0,750,28,2931,6,-1.1249387366083
7359,20230717-3PM_750_28_2931_7,0.082,4.0,750,28,2931,7,-1.0861861476162833
7360,20230717-3PM_680_28_JG5_0,0.117,4.0,680,28,JG5,0,-0.9318141382538383
7361,20230717-3PM_680_28_JG5_1,0.172,4.0,680,28,JG5,1,-0.7644715530924511
7362,20230717-3PM_680_28_JG5_2,0.142,4.0,680,28,JG5,2,-0.8477116556169435
7363,20230717-3PM_680_28_JG5_3,0.077,4.0,680,28,JG5,3,-1.1135092748275182
7364,20230717-3PM_680_28_JG5_4,0.092,4.0,680,28,JG5,4,-1.0362121726544447
7365,20230717-3PM_680_28_JG5_5,0.17,4.0,680,28,JG5,5,-0.769551078621726
7366,20230717-3PM_680_28_JG5_6,0.073,4.0,680,28,JG5,6,-1.136677139879544
7367,20230717-3PM_680_28_JG5_7,0.124,4.0,680,28,JG5,7,-0.906578314837765
7368,20230717-3PM_750_28_JG5_0,0.089,4.0,750,28,JG5,0,-1.0506099933550872
7369,20230717-3PM_750_28_JG5_1,0.12,4.0,750,28,JG5,1,-0.9208187539523752
7370,20230717-3PM_750_28_JG5_2,0.093,4.0,750,28,JG5,2,-1.031517051446065
7371,20230717-3PM_750_28_JG5_3,0.068,4.0,750,28,JG5,3,-1.1674910872937636
7372,20230717-3PM_750_28_JG5_4,0.071,4.0,750,28,JG5,4,-1.1487416512809248
7373,20230717-3PM_750_28_JG5_5,0.118,4.0,750,28,JG5,5,-0.9281179926938746
7374,20230717-3PM_750_28_JG5_6,0.063,4.0,750,28,JG5,6,-1.2006594505464183
7375,20230717-3PM_750_28_JG5_7,0.098,4.0,750,28,JG5,7,-1.0087739243075051
7376,20230717-3PM_680_28_BMS_0,0.118,4.0,680,28,BMS,0,-0.9281179926938746
7377,20230717-3PM_680_28_BMS_1,0.139,4.0,680,28,BMS,1,-0.8569851997459049
7378,20230717-3PM_680_28_BMS_2,0.205,4.0,680,28,BMS,2,-0.6882461389442457
7379,20230717-3PM_680_28_BMS_3,0.17,4.0,680,28,BMS,3,-0.769551078621726
7380,20230717-3PM_680_28_BMS_4,0.177,4.0,680,28,BMS,4,-0.7520267336381934
7381,20230717-3PM_680_28_BMS_5,0.145,4.0,680,28,BMS,5,-0.8386319977650252
7382,20230717-3PM_680_28_BMS_6,0.196,4.0,680,28,BMS,6,-0.707743928643524
7383,20230717-3PM_680_28_BMS_7,0.202,4.0,680,28,BMS,7,-0.6946486305533762
7384,20230717-3PM_750_28_BMS_0,0.083,4.0,750,28,BMS,0,-1.080921907623926
7385,20230717-3PM_750_28_BMS_1,0.094,4.0,750,28,BMS,1,-1.0268721464003014
7386,20230717-3PM_750_28_BMS_2,0.131,4.0,750,28,BMS,2,-0.8827287043442357
7387,20230717-3PM_750_28_BMS_3,0.108,4.0,750,28,BMS,3,-0.9665762445130504
7388,20230717-3PM_750_28_BMS_4,0.113,4.0,750,28,BMS,4,-0.9469215565165803
7389,20230717-3PM_750_28_BMS_5,0.097,4.0,750,28,BMS,5,-1.0132282657337552
7390,20230717-3PM_750_28_BMS_6,0.128,4.0,750,28,BMS,6,-0.8927900303521317
7391,20230717-3PM_750_28_BMS_7,0.127,4.0,750,28,BMS,7,-0.8961962790440431
7392,20230720-3PM_680_25_3059_0,1.902,76.0,680,25,3059,0,0.2792105126013951
7393,20230720-3PM_680_25_3059_1,1.996,76.0,680,25,3059,1,0.3001605369513523
7394,20230720-3PM_680_25_3059_2,2.141,76.0,680,25,3059,2,0.33061666729443834
7395,20230720-3PM_680_25_3059_3,1.936,76.0,680,25,3059,3,0.28690535297237485
7396,20230720-3PM_680_25_3059_4,1.829,76.0,680,25,3059,4,0.26221370547641687
7397,20230720-3PM_680_25_3059_5,1.861,76.0,680,25,3059,5,0.269746373130767
7398,20230720-3PM_680_25_3059_6,1.911,76.0,680,25,3059,6,0.2812606870550129
7399,20230720-3PM_680_25_3059_7,1.745,76.0,680,25,3059,7,0.24179543129519873
7400,20230720-3PM_750_25_3059_0,1.159,76.0,750,25,3059,0,0.064083435963596
7401,20230720-3PM_750_25_3059_1,1.239,76.0,750,25,3059,1,0.09307130637606349
7402,20230720-3PM_750_25_3059_2,1.235,76.0,750,25,3059,2,0.09166695759568456
7403,20230720-3PM_750_25_3059_3,1.233,76.0,750,25,3059,3,0.09096307659573168
7404,20230720-3PM_750_25_3059_4,1.207,76.0,750,25,3059,4,0.08170727009734924
7405,20230720-3PM_750_25_3059_5,1.228,76.0,750,25,3059,5,0.08919836680514887
7406,20230720-3PM_750_25_3059_6,1.204,76.0,750,25,3059,6,0.08062648692180573
7407,20230720-3PM_750_25_3059_7,1.209,76.0,750,25,3059,7,0.0824263008607719
7408,20230720-3PM_680_25_1691_0,1.489,76.0,680,25,1691,0,0.17289469775217617
7409,20230720-3PM_680_25_1691_1,1.741,76.0,680,25,1691,1,0.24079877111733122
7410,20230720-3PM_680_25_1691_2,1.351,76.0,680,25,1691,2,0.13065534902203058
7411,20230720-3PM_680_25_1691_3,1.319,76.0,680,25,1691,3,0.12024479554636527
7412,20230720-3PM_680_25_1691_4,1.278,76.0,680,25,1691,4,0.10653085382238137
7413,20230720-3PM_680_25_1691_5,1.22,76.0,680,25,1691,5,0.08635983067474821
7414,20230720-3PM_680_25_1691_6,1.265,76.0,680,25,1691,6,0.10209052551183669
7415,20230720-3PM_680_25_1691_7,1.156,76.0,680,25,1691,7,0.06295783408451022
7416,20230720-3PM_750_25_1691_0,0.894,76.0,750,25,1691,0,-0.04866248120408232
7417,20230720-3PM_750_25_1691_1,0.995,76.0,750,25,1691,1,-0.002176919254274547
7418,20230720-3PM_750_25_1691_2,0.787,76.0,750,25,1691,2,-0.10402526764093542
7419,20230720-3PM_750_25_1691_3,0.85,76.0,750,25,1691,3,-0.07058107428570728
7420,20230720-3PM_750_25_1691_4,0.813,76.0,750,25,1691,4,-0.08990945440593186
7421,20230720-3PM_750_25_1691_5,0.71,76.0,750,25,1691,5,-0.14874165128092473
7422,20230720-3PM_750_25_1691_6,0.733,76.0,750,25,1691,6,-0.13489602535887207
7423,20230720-3PM_750_25_1691_7,0.807,76.0,750,25,1691,7,-0.09312646527792956
7424,20230720-3PM_680_25_1690_0,1.771,76.0,680,25,1690,0,0.24821856119007474
7425,20230720-3PM_680_25_1690_1,0.836,76.0,680,25,1690,1,-0.07779372256098363
7426,20230720-3PM_680_25_1690_2,1.939,76.0,680,25,1690,2,0.2875778090787054
7427,20230720-3PM_680_25_1690_3,2.024,76.0,680,25,1690,3,0.3062105081677615
7428,20230720-3PM_680_25_1690_4,1.651,76.0,680,25,1690,4,0.21774707326279363
7429,20230720-3PM_680_25_1690_5,2.377,76.0,680,25,1690,5,0.37602918172818023
7430,20230720-3PM_680_25_1690_6,1.619,76.0,680,25,1690,6,0.20924684875337374
7431,20230720-3PM_680_25_1690_7,1.321,76.0,680,25,1690,7,0.12090281761452719
7432,20230720-3PM_750_25_1690_0,0.976,76.0,750,25,1690,0,-0.010550182333308195
7433,20230720-3PM_750_25_1690_1,0.818,76.0,750,25,1690,1,-0.08724669632867703
7434,20230720-3PM_750_25_1690_2,1.231,76.0,750,25,1690,2,0.09025805293131633
7435,20230720-3PM_750_25_1690_3,1.274,76.0,750,25,1690,3,0.10516942799933163
7436,20230720-3PM_750_25_1690_4,1.143,76.0,750,25,1690,4,0.05804623039528174
7437,20230720-3PM_750_25_1690_5,1.201,76.0,750,25,1690,5,0.07954300740290607
7438,20230720-3PM_750_25_1690_6,1.127,76.0,750,25,1690,6,0.05192391604610654
7439,20230720-3PM_750_25_1690_7,0.898,76.0,750,25,1690,7,-0.04672366333269562
7440,20230720-3PM_680_25_2342_0,1.201,76.0,680,25,2342,0,0.07954300740290607
7441,20230720-3PM_680_25_2342_1,1.237,76.0,680,25,2342,1,0.09236969962912069
7442,20230720-3PM_680_25_2342_2,1.614,76.0,680,25,2342,2,0.20790353038605164
7443,20230720-3PM_680_25_2342_3,1.361,76.0,680,25,2342,3,0.13385812520333468
7444,20230720-3PM_680_25_2342_4,0.038,76.0,680,25,2342,4,-1.4202164033831899
7445,20230720-3PM_680_25_2342_5,1.121,76.0,680,25,2342,5,0.04960561259497315
7446,20230720-3PM_680_25_2342_6,1.372,76.0,680,25,2342,6,0.13735411137073292
7447,20230720-3PM_680_25_2342_7,1.076,76.0,680,25,2342,7,0.0318122713303704
7448,20230720-3PM_750_25_2342_0,0.887,76.0,750,25,2342,0,-0.0520763801682736
7449,20230720-3PM_750_25_2342_1,0.935,76.0,750,25,2342,1,-0.0291883891274822
7450,20230720-3PM_750_25_2342_2,1.021,76.0,750,25,2342,2,0.009025742086910208
7451,20230720-3PM_750_25_2342_3,1.019,76.0,750,25,2342,3,0.008174184006426355
7452,20230720-3PM_750_25_2342_4,0.041,76.0,750,25,2342,4,-1.3872161432802645
7453,20230720-3PM_750_25_2342_5,0.778,76.0,750,25,2342,5,-0.10902040301031106
7454,20230720-3PM_750_25_2342_6,0.916,76.0,750,25,2342,6,-0.0381045263321496
7455,20230720-3PM_750_25_2342_7,0.822,76.0,750,25,2342,7,-0.08512818245994963
7456,20230720-3PM_680_25_4532_0,1.688,76.0,680,25,4532,0,0.22737244228963624
7457,20230720-3PM_680_25_4532_1,1.492,76.0,680,25,4532,1,0.17376882313664999
7458,20230720-3PM_680_25_4532_2,1.669,76.0,680,25,4532,2,0.22245633667924672
7459,20230720-3PM_680_25_4532_3,1.804,76.0,680,25,4532,3,0.25623653320592293
7460,20230720-3PM_680_25_4532_4,1.83,76.0,680,25,4532,4,0.26245108973042947
7461,20230720-3PM_680_25_4532_5,1.864,76.0,680,25,4532,5,0.2704459080179626
7462,20230720-3PM_680_25_4532_6,1.833,76.0,680,25,4532,6,0.2631624649622167
7463,20230720-3PM_680_25_4532_7,1.753,76.0,680,25,4532,7,0.2437819160937949
7464,20230720-3PM_750_25_4532_0,0.855,76.0,750,25,4532,0,-0.06803388527182737
7465,20230720-3PM_750_25_4532_1,0.973,76.0,750,25,4532,1,-0.0118871597316481
7466,20230720-3PM_750_25_4532_2,0.875,76.0,750,25,4532,2,-0.057991946977686754
7467,20230720-3PM_750_25_4532_3,0.992,76.0,750,25,4532,3,-0.0034883278458213473
7468,20230720-3PM_750_25_4532_4,0.966,76.0,750,25,4532,4,-0.015022873584506671
7469,20230720-3PM_750_25_4532_5,0.997,76.0,750,25,4532,5,-0.0013048416883442813
7470,20230720-3PM_750_25_4532_6,0.95,76.0,750,25,4532,6,-0.022276394711152253
7471,20230720-3PM_750_25_4532_7,0.838,76.0,750,25,4532,7,-0.07675598136972352
7472,20230720-3PM_680_25_2344_0,1.505,76.0,680,25,2344,0,0.17753649992986212
7473,20230720-3PM_680_25_2344_1,1.285,76.0,680,25,2344,1,0.10890312766731332
7474,20230720-3PM_680_25_2344_2,1.657,76.0,680,25,2344,2,0.21932250841933676
7475,20230720-3PM_680_25_2344_3,1.444,76.0,680,25,2344,3,0.15956719323362029
7476,20230720-3PM_680_25_2344_4,1.635,76.0,680,25,2344,4,0.21351775699630487
7477,20230720-3PM_680_25_2344_5,1.222,76.0,680,25,2344,5,0.08707120590653541
7478,20230720-3PM_680_25_2344_6,1.497,76.0,680,25,2344,6,0.17522180034305238
7479,20230720-3PM_680_25_2344_7,1.862,76.0,680,25,2344,7,0.26997967664532385
7480,20230720-3PM_750_25_2344_0,0.904,76.0,750,25,2344,0,-0.04383156952463668
7481,20230720-3PM_750_25_2344_1,0.771,76.0,750,25,2344,1,-0.11294562194904302
7482,20230720-3PM_750_25_2344_2,0.963,76.0,750,25,2344,2,-0.0163737128754655
7483,20230720-3PM_750_25_2344_3,0.886,76.0,750,25,2344,3,-0.05256627811294924
7484,20230720-3PM_750_25_2344_4,0.911,76.0,750,25,2344,4,-0.040481623027001735
7485,20230720-3PM_750_25_2344_5,0.734,76.0,750,25,2344,5,-0.13430394008392949
7486,20230720-3PM_750_25_2344_6,0.888,76.0,750,25,2344,6,-0.05158703422139897
7487,20230720-3PM_750_25_2344_7,1.172,76.0,750,25,2344,7,0.06892761168207182
7488,20230720-3PM_680_25_2343_0,1.82,76.0,680,25,2343,0,0.2600713879850748
7489,20230720-3PM_680_25_2343_1,1.648,76.0,680,25,2343,1,0.21695720736109697
7490,20230720-3PM_680_25_2343_2,1.264,76.0,680,25,2343,2,0.10174707394636621
7491,20230720-3PM_680_25_2343_3,1.304,76.0,680,25,2343,3,0.11527759139590141
7492,20230720-3PM_680_25_2343_4,1.388,76.0,680,25,2343,4,0.14238946611883607
7493,20230720-3PM_680_25_2343_5,1.313,76.0,680,25,2343,5,0.11826472608947933
7494,20230720-3PM_680_25_2343_6,1.345,76.0,680,25,2343,6,0.12872228433842678
7495,20230720-3PM_680_25_2343_7,1.489,76.0,680,25,2343,7,0.17289469775217617
7496,20230720-3PM_750_25_2343_0,1.236,76.0,750,25,2343,0,0.09201847075279702
7497,20230720-3PM_750_25_2343_1,1.17,76.0,750,25,2343,1,0.06818586174616162
7498,20230720-3PM_750_25_2343_2,0.94,76.0,750,25,2343,2,-0.026872146400301365
7499,20230720-3PM_750_25_2343_3,0.889,76.0,750,25,2343,3,-0.0510982390297863
7500,20230720-3PM_750_25_2343_4,0.976,76.0,750,25,2343,4,-0.010550182333308195
7501,20230720-3PM_750_25_2343_5,0.872,76.0,750,25,2343,5,-0.05948351506743278
7502,20230720-3PM_750_25_2343_6,0.946,76.0,750,25,2343,6,-0.02410886359820726
7503,20230720-3PM_750_25_2343_7,1.06,76.0,750,25,2343,7,0.02530586526477026
7504,20230720-3PM_680_25_1952_0,0.819,76.0,680,25,1952,0,-0.08671609823958155
7505,20230720-3PM_680_25_1952_1,2.097,76.0,680,25,1952,1,0.32159843046534387
7506,20230720-3PM_680_25_1952_2,1.53,76.0,680,25,1952,2,0.1846914308175988
7507,20230720-3PM_680_25_1952_3,1.104,76.0,680,25,1952,3,0.04296907339318013
7508,20230720-3PM_680_25_1952_4,0.796,76.0,680,25,1952,4,-0.09908693226233094
7509,20230720-3PM_680_25_1952_5,0.88,76.0,680,25,1952,5,-0.05551732784983137
7510,20230720-3PM_680_25_1952_6,1.333,76.0,680,25,1952,6,0.1248301494138592
7511,20230720-3PM_680_25_1952_7,0.801,76.0,680,25,1952,7,-0.09636748391576232
7512,20230720-3PM_750_25_1952_0,0.528,76.0,750,25,1952,0,-0.27736607746618774
7513,20230720-3PM_750_25_1952_1,1.135,76.0,750,25,1952,1,0.05499586152914153
7514,20230720-3PM_750_25_1952_2,0.918,76.0,750,25,1952,2,-0.03715731879875755
7515,20230720-3PM_750_25_1952_3,0.813,76.0,750,25,1952,3,-0.08990945440593186
7516,20230720-3PM_750_25_1952_4,0.495,76.0,750,25,1952,4,-0.3053948010664313
7517,20230720-3PM_750_25_1952_5,0.62,76.0,750,25,1952,5,-0.20760831050174613
7518,20230720-3PM_750_25_1952_6,0.874,76.0,750,25,1952,6,-0.05848856736559697
7519,20230720-3PM_750_25_1952_7,0.486,76.0,750,25,1952,7,-0.3133637307377066
7520,20230720-3PM_680_25_2931_0,1.34,76.0,680,25,2931,0,0.12710479836480765
7521,20230720-3PM_680_25_2931_1,1.498,76.0,680,25,2931,1,0.17551181336344768
7522,20230720-3PM_680_25_2931_2,0.91,76.0,680,25,2931,2,-0.040958607678906384
7523,20230720-3PM_680_25_2931_3,1.423,76.0,680,25,2931,3,0.15320490008428433
7524,20230720-3PM_680_25_2931_4,1.428,76.0,680,25,2931,4,0.15472820744015556
7525,20230720-3PM_680_25_2931_5,1.513,76.0,680,25,2931,5,0.17983892802318668
7526,20230720-3PM_680_25_2931_6,1.305,76.0,680,25,2931,6,0.11561051167429974
7527,20230720-3PM_680_25_2931_7,1.387,76.0,680,25,2931,7,0.14207646107328487
7528,20230720-3PM_750_25_2931_0,0.969,76.0,750,25,2931,0,-0.013676222949234686
7529,20230720-3PM_750_25_2931_1,0.963,76.0,750,25,2931,1,-0.0163737128754655
7530,20230720-3PM_750_25_2931_2,0.705,76.0,750,25,2931,2,-0.15181088300860132
7531,20230720-3PM_750_25_2931_3,0.97,76.0,750,25,2931,3,-0.01322826573375516
7532,20230720-3PM_750_25_2931_4,1.031,76.0,750,25,2931,4,0.013258665283516512
7533,20230720-3PM_750_25_2931_5,1.093,76.0,750,25,2931,5,0.03862016194970278
7534,20230720-3PM_750_25_2931_6,0.887,76.0,750,25,2931,6,-0.0520763801682736
7535,20230720-3PM_750_25_2931_7,0.847,76.0,750,25,2931,7,-0.0721165896692931
7536,20230720-3PM_680_25_JG5_0,1.032,76.0,680,25,JG5,0,0.01367969729119256
7537,20230720-3PM_680_25_JG5_1,1.145,76.0,680,25,JG5,1,0.05880548667590681
7538,20230720-3PM_680_25_JG5_2,1.23,76.0,680,25,JG5,2,0.08990511143939793
7539,20230720-3PM_680_25_JG5_3,1.091,76.0,680,25,JG5,3,0.037824750588341866
7540,20230720-3PM_680_25_JG5_4,1.001,76.0,680,25,JG5,4,0.0004340774793185929
7541,20230720-3PM_680_25_JG5_5,1.109,76.0,680,25,JG5,5,0.04493154614916006
7542,20230720-3PM_680_25_JG5_6,1.359,76.0,680,25,JG5,6,0.1332194567324943
7543,20230720-3PM_680_25_JG5_7,1.656,76.0,680,25,JG5,7,0.2190603324488613
7544,20230720-3PM_750_25_JG5_0,0.716,76.0,750,25,JG5,0,-0.14508697769214446
7545,20230720-3PM_750_25_JG5_1,0.724,76.0,750,25,JG5,1,-0.1402614338028531
7546,20230720-3PM_750_25_JG5_2,0.698,76.0,750,25,JG5,2,-0.15614457737683893
7547,20230720-3PM_750_25_JG5_3,0.651,76.0,750,25,JG5,3,-0.18641901143180803
7548,20230720-3PM_750_25_JG5_4,0.579,76.0,750,25,JG5,4,-0.23732143627256383
7549,20230720-3PM_750_25_JG5_5,0.641,76.0,750,25,JG5,5,-0.19314197048118256
7550,20230720-3PM_750_25_JG5_6,0.741,76.0,750,25,JG5,6,-0.13018179202067184
7551,20230720-3PM_750_25_JG5_7,0.961,76.0,750,25,JG5,7,-0.017276612331454656
7552,20230720-3PM_680_25_BMS_0,0.844,76.0,680,25,BMS,0,-0.07365755337434496
7553,20230720-3PM_680_25_BMS_1,1.036,76.0,680,25,BMS,1,0.015359755409214231
7554,20230720-3PM_680_25_BMS_2,1.247,76.0,680,25,BMS,2,0.09586645347854265
7555,20230720-3PM_680_25_BMS_3,0.965,76.0,680,25,BMS,3,-0.015472686656207449
7556,20230720-3PM_680_25_BMS_4,2.046,76.0,680,25,BMS,4,0.3109056293761413
7557,20230720-3PM_680_25_BMS_5,1.387,76.0,680,25,BMS,5,0.14207646107328487
7558,20230720-3PM_680_25_BMS_6,1.591,76.0,680,25,BMS,6,0.20167017964658152
7559,20230720-3PM_680_25_BMS_7,0.859,76.0,680,25,BMS,7,-0.0660068361687577
7560,20230720-3PM_750_25_BMS_0,0.558,76.0,750,25,BMS,0,-0.25336580106242124
7561,20230720-3PM_750_25_BMS_1,0.721,76.0,750,25,BMS,1,-0.14206473528057098
7562,20230720-3PM_750_25_BMS_2,0.824,76.0,750,25,BMS,2,-0.08407278830288423
7563,20230720-3PM_750_25_BMS_3,0.615,76.0,750,25,BMS,3,-0.21112488422458328
7564,20230720-3PM_750_25_BMS_4,1.183,76.0,750,25,BMS,4,0.07298474462793039
7565,20230720-3PM_750_25_BMS_5,0.873,76.0,750,25,BMS,5,-0.05898575629443027
7566,20230720-3PM_750_25_BMS_6,0.992,76.0,750,25,BMS,6,-0.0034883278458213473
7567,20230720-3PM_750_25_BMS_7,0.588,76.0,750,25,BMS,7,-0.23062267392386154
7568,20230720-3PM_680_32_3059_0,1.855,76.0,680,32,3059,0,0.26834391395106466
7569,20230720-3PM_680_32_3059_1,2.081,76.0,680,32,3059,1,0.31827208021162695
7570,20230720-3PM_680_32_3059_2,1.813,76.0,680,32,3059,2,0.25839780409550867
7571,20230720-3PM_680_32_3059_3,1.952,76.0,680,32,3059,3,0.290479813330673
7572,20230720-3PM_680_32_3059_4,1.756,76.0,680,32,3059,4,0.24452451157008376
7573,20230720-3PM_680_32_3059_5,1.615,76.0,680,32,3059,5,0.2081725266671217
7574,20230720-3PM_680_32_3059_6,1.919,76.0,680,32,3059,6,0.28307497473547155
7575,20230720-3PM_680_32_3059_7,1.42,76.0,680,32,3059,7,0.15228834438305647
7576,20230720-3PM_750_32_3059_0,1.076,76.0,750,32,3059,0,0.0318122713303704
7577,20230720-3PM_750_32_3059_1,1.133,76.0,750,32,3059,1,0.05422990986339725
7578,20230720-3PM_750_32_3059_2,0.933,76.0,750,32,3059,2,-0.030118356253500032
7579,20230720-3PM_750_32_3059_3,1.059,76.0,750,32,3059,3,0.024895960107484977
7580,20230720-3PM_750_32_3059_4,1.042,76.0,750,32,3059,4,0.017867718963505686
7581,20230720-3PM_750_32_3059_5,0.994,76.0,750,32,3059,5,-0.00261361560268669
7582,20230720-3PM_750_32_3059_6,1.126,76.0,750,32,3059,6,0.05153839051532738
7583,20230720-3PM_750_32_3059_7,1.014,76.0,750,32,3059,7,0.006037954997317177
7584,20230720-3PM_680_32_1691_0,1.971,76.0,680,32,1691,0,0.29468662427944325
7585,20230720-3PM_680_32_1691_1,1.236,76.0,680,32,1691,1,0.09201847075279702
7586,20230720-3PM_680_32_1691_2,2.021,76.0,680,32,1691,2,0.30556631351530394
7587,20230720-3PM_680_32_1691_3,1.175,76.0,680,32,1691,3,0.07003786660775509
7588,20230720-3PM_680_32_1691_4,1.282,76.0,680,32,1691,4,0.10788802518279862
7589,20230720-3PM_680_32_1691_5,0.846,76.0,680,32,1691,5,-0.07262963696097648
7590,20230720-3PM_680_32_1691_6,0.53,76.0,680,32,1691,6,-0.27572413039921095
7591,20230720-3PM_680_32_1691_7,1.032,76.0,680,32,1691,7,0.01367969729119256
7592,20230720-3PM_750_32_1691_0,0.984,76.0,750,32,1691,0,-0.007004901568658489
7593,20230720-3PM_750_32_1691_1,0.711,76.0,750,32,1691,1,-0.14813039927023372
7594,20230720-3PM_750_32_1691_2,1.001,76.0,750,32,1691,2,0.0004340774793185929
7595,20230720-3PM_750_32_1691_3,0.705,76.0,750,32,1691,3,-0.15181088300860132
7596,20230720-3PM_750_32_1691_4,0.759,76.0,750,32,1691,4,-0.11975822410451964
7597,20230720-3PM_750_32_1691_5,0.507,76.0,750,32,1691,5,-0.294992040666664
7598,20230720-3PM_750_32_1691_6,0.287,76.0,750,32,1691,6,-0.5421181032660077
7599,20230720-3PM_750_32_1691_7,0.624,76.0,750,32,1691,7,-0.20481541031757602
7600,20230720-3PM_680_32_1690_0,2.22,76.0,680,32,1690,0,0.3463529744506387
7601,20230720-3PM_680_32_1690_1,2.37,76.0,680,32,1690,1,0.37474834601010387
7602,20230720-3PM_680_32_1690_2,2.323,76.0,680,32,1690,2,0.3660492098002354
7603,20230720-3PM_680_32_1690_3,2.455,76.0,680,32,1690,3,0.3900514964589873
7604,20230720-3PM_680_32_1690_4,2.479,76.0,680,32,1690,4,0.39427652676782143
7605,20230720-3PM_680_32_1690_5,1.67,76.0,680,32,1690,5,0.22271647114758325
7606,20230720-3PM_680_32_1690_6,1.659,76.0,680,32,1690,6,0.2198463860243607
7607,20230720-3PM_680_32_1690_7,1.909,76.0,680,32,1690,7,0.2808059283936668
7608,20230720-3PM_750_32_1690_0,1.077,76.0,750,32,1690,0,0.03221570329798157
7609,20230720-3PM_750_32_1690_1,1.225,76.0,750,32,1690,1,0.0881360887005513
7610,20230720-3PM_750_32_1690_2,1.171,76.0,750,32,1690,2,0.06855689507236315
7611,20230720-3PM_750_32_1690_3,1.265,76.0,750,32,1690,3,0.10209052551183669
7612,20230720-3PM_750_32_1690_4,1.252,76.0,750,32,1690,4,0.09760432887441088
7613,20230720-3PM_750_32_1690_5,0.915,76.0,750,32,1690,5,-0.038578905933551705
7614,20230720-3PM_750_32_1690_6,1.084,76.0,750,32,1690,6,0.03502928220236815
7615,20230720-3PM_750_32_1690_7,1.109,76.0,750,32,1690,7,0.04493154614916006
7616,20230720-3PM_680_32_2342_0,0.838,76.0,680,32,2342,0,-0.07675598136972352
7617,20230720-3PM_680_32_2342_1,1.016,76.0,680,32,2342,1,0.006893707947900456
7618,20230720-3PM_680_32_2342_2,0.969,76.0,680,32,2342,2,-0.013676222949234686
7619,20230720-3PM_680_32_2342_3,1.167,76.0,680,32,2342,3,0.06707085604537019
7620,20230720-3PM_680_32_2342_4,0.036,76.0,680,32,2342,4,-1.4436974992327127
7621,20230720-3PM_680_32_2342_5,1.169,76.0,680,32,2342,5,0.06781451116184012
7622,20230720-3PM_680_32_2342_6,1.03,76.0,680,32,2342,6,0.012837224705172217
7623,20230720-3PM_680_32_2342_7,0.916,76.0,680,32,2342,7,-0.0381045263321496
7624,20230720-3PM_750_32_2342_0,0.527,76.0,750,32,2342,0,-0.27818938478745336
7625,20230720-3PM_750_32_2342_1,0.617,76.0,750,32,2342,1,-0.20971483596675833
7626,20230720-3PM_750_32_2342_2,0.643,76.0,750,32,2342,2,-0.1917890270757779
7627,20230720-3PM_750_32_2342_3,0.727,76.0,750,32,2342,3,-0.1384655891409622
7628,20230720-3PM_750_32_2342_4,0.041,76.0,750,32,2342,4,-1.3872161432802645
7629,20230720-3PM_750_32_2342_5,0.62,76.0,750,32,2342,5,-0.20760831050174613
7630,20230720-3PM_750_32_2342_6,0.719,76.0,750,32,2342,6,-0.14327110961711742
7631,20230720-3PM_750_32_2342_7,0.55,76.0,750,32,2342,7,-0.2596373105057561
7632,20230720-3PM_680_32_4532_0,0.956,76.0,680,32,4532,0,-0.019542107723899943
7633,20230720-3PM_680_32_4532_1,1.142,76.0,680,32,4532,1,0.05766610390982921
7634,20230720-3PM_680_32_4532_2,1.409,76.0,680,32,4532,2,0.14891099310935643
7635,20230720-3PM_680_32_4532_3,1.257,76.0,680,32,4532,3,0.0993352776859577
7636,20230720-3PM_680_32_4532_4,1.27,76.0,680,32,4532,4,0.10380372095595687
7637,20230720-3PM_680_32_4532_5,1.107,76.0,680,32,4532,5,0.0441476208787228
7638,20230720-3PM_680_32_4532_6,1.115,76.0,680,32,4532,6,0.04727486738417948
7639,20230720-3PM_680_32_4532_7,0.981,76.0,680,32,4532,7,-0.008330992620051497
7640,20230720-3PM_750_32_4532_0,0.597,76.0,750,32,4532,0,-0.22402566887063094
7641,20230720-3PM_750_32_4532_1,0.65,76.0,750,32,4532,1,-0.18708664335714442
7642,20230720-3PM_750_32_4532_2,0.767,76.0,750,32,4532,2,-0.11520463605101904
7643,20230720-3PM_750_32_4532_3,0.652,76.0,750,32,4532,3,-0.1857524042680798
7644,20230720-3PM_750_32_4532_4,0.724,76.0,750,32,4532,4,-0.1402614338028531
7645,20230720-3PM_750_32_4532_5,0.597,76.0,750,32,4532,5,-0.22402566887063094
7646,20230720-3PM_750_32_4532_6,0.585,76.0,750,32,4532,6,-0.23284413391781958
7647,20230720-3PM_750_32_4532_7,0.642,76.0,750,32,4532,7,-0.19246497193114673
7648,20230720-3PM_680_32_2344_0,1.25,76.0,680,32,2344,0,0.09691001300805642
7649,20230720-3PM_680_32_2344_1,1.847,76.0,680,32,2344,1,0.2664668954402414
7650,20230720-3PM_680_32_2344_2,1.894,76.0,680,32,2344,2,0.2773799746672546
7651,20230720-3PM_680_32_2344_3,1.347,76.0,680,32,2344,3,0.12936759572298562
7652,20230720-3PM_680_32_2344_4,1.442,76.0,680,32,2344,4,0.15896526038341022
7653,20230720-3PM_680_32_2344_5,1.674,76.0,680,32,2344,5,0.22375545365724117
7654,20230720-3PM_680_32_2344_6,1.128,76.0,680,32,2344,6,0.05230909964732344
7655,20230720-3PM_680_32_2344_7,1.753,76.0,680,32,2344,7,0.2437819160937949
7656,20230720-3PM_750_32_2344_0,0.808,76.0,750,32,2344,0,-0.09258863922541381
7657,20230720-3PM_750_32_2344_1,1.061,76.0,750,32,2344,1,0.025715383901340642
7658,20230720-3PM_750_32_2344_2,1.095,76.0,750,32,2344,2,0.03941411917613713
7659,20230720-3PM_750_32_2344_3,0.861,76.0,750,32,2344,3,-0.06499684854634524
7660,20230720-3PM_750_32_2344_4,0.869,76.0,750,32,2344,4,-0.060980223551333534
7661,20230720-3PM_750_32_2344_5,1.034,76.0,750,32,2344,5,0.014520538757923713
7662,20230720-3PM_750_32_2344_6,0.761,76.0,750,32,2344,6,-0.11861534322942717
7663,20230720-3PM_750_32_2344_7,1.1,76.0,750,32,2344,7,0.04139268515822508
7664,20230720-3PM_680_32_2343_0,1.807,76.0,680,32,2343,0,0.25695815256093185
7665,20230720-3PM_680_32_2343_1,1.944,76.0,680,32,2343,1,0.28869626059025577
7666,20230720-3PM_680_32_2343_2,1.05,76.0,680,32,2343,2,0.021189299069938092
7667,20230720-3PM_680_32_2343_3,1.454,76.0,680,32,2343,3,0.162564406523019
7668,20230720-3PM_680_32_2343_4,1.071,76.0,680,32,2343,4,0.029789470831855614
7669,20230720-3PM_680_32_2343_5,1.396,76.0,680,32,2343,5,0.14488541828714227
7670,20230720-3PM_680_32_2343_6,1.131,76.0,680,32,2343,6,0.05346260492545529
7671,20230720-3PM_680_32_2343_7,1.939,76.0,680,32,2343,7,0.2875778090787054
7672,20230720-3PM_750_32_2343_0,1.101,76.0,750,32,2343,0,0.041787318971751766
7673,20230720-3PM_750_32_2343_1,1.147,76.0,750,32,2343,1,0.059563417901267686
7674,20230720-3PM_750_32_2343_2,0.647,76.0,750,32,2343,2,-0.1890957193312996
7675,20230720-3PM_750_32_2343_3,0.89,76.0,750,32,2343,3,-0.05060999335508721
7676,20230720-3PM_750_32_2343_4,0.647,76.0,750,32,2343,4,-0.1890957193312996
7677,20230720-3PM_750_32_2343_5,0.862,76.0,750,32,2343,5,-0.06449273417528721
7678,20230720-3PM_750_32_2343_6,0.779,76.0,750,32,2343,6,-0.10846254232743553
7679,20230720-3PM_750_32_2343_7,1.202,76.0,750,32,2343,7,0.0799044676667207
7680,20230720-3PM_680_32_1952_0,2.179,76.0,680,32,1952,0,0.3382572302462556
7681,20230720-3PM_680_32_1952_1,1.794,76.0,680,32,1952,1,0.2538224387080733
7682,20230720-3PM_680_32_1952_2,1.573,76.0,680,32,1952,2,0.19672872262328683
7683,20230720-3PM_680_32_1952_3,1.495,76.0,680,32,1952,3,0.17464119266044847
7684,20230720-3PM_680_32_1952_4,1.429,76.0,680,32,1952,4,0.15503222879097026
7685,20230720-3PM_680_32_1952_5,1.509,76.0,680,32,1952,5,0.17868923977558981
7686,20230720-3PM_680_32_1952_6,1.582,76.0,680,32,1952,6,0.19920647916165776
7687,20230720-3PM_680_32_1952_7,1.029,76.0,680,32,1952,7,0.012415374762432893
7688,20230720-3PM_750_32_1952_0,1.128,76.0,750,32,1952,0,0.05230909964732344
7689,20230720-3PM_750_32_1952_1,0.975,76.0,750,32,1952,1,-0.010995384301463193
7690,20230720-3PM_750_32_1952_2,0.973,76.0,750,32,1952,2,-0.0118871597316481
7691,20230720-3PM_750_32_1952_3,0.939,76.0,750,32,1952,3,-0.027334407733889104
7692,20230720-3PM_750_32_1952_4,0.874,76.0,750,32,1952,4,-0.05848856736559697
7693,20230720-3PM_750_32_1952_5,0.99,76.0,750,32,1952,5,-0.004364805402450088
7694,20230720-3PM_750_32_1952_6,1.047,76.0,750,32,1952,6,0.019946681678842306
7695,20230720-3PM_750_32_1952_7,0.739,76.0,750,32,1952,7,-0.13135556160517428
7696,20230720-3PM_680_32_2931_0,1.661,76.0,680,32,2931,0,0.2203696324513945
7697,20230720-3PM_680_32_2931_1,1.856,76.0,680,32,2931,1,0.26857797188284327
7698,20230720-3PM_680_32_2931_2,1.692,76.0,680,32,2931,2,0.2284003587030047
7699,20230720-3PM_680_32_2931_3,1.703,76.0,680,32,2931,3,0.23121464796260105
7700,20230720-3PM_680_32_2931_4,1.676,76.0,680,32,2931,4,0.2242740142942577
7701,20230720-3PM_680_32_2931_5,1.848,76.0,680,32,2931,5,0.2667019668840879
7702,20230720-3PM_680_32_2931_6,1.857,76.0,680,32,2931,6,0.2688119037397804
7703,20230720-3PM_680_32_2931_7,1.789,76.0,680,32,2931,7,0.25261034056737297
7704,20230720-3PM_750_32_2931_0,1.017,76.0,750,32,2931,0,0.0073209529227445565
7705,20230720-3PM_750_32_2931_1,1.135,76.0,750,32,2931,1,0.05499586152914153
7706,20230720-3PM_750_32_2931_2,1.031,76.0,750,32,2931,2,0.013258665283516512
7707,20230720-3PM_750_32_2931_3,0.994,76.0,750,32,2931,3,-0.00261361560268669
7708,20230720-3PM_750_32_2931_4,1.025,76.0,750,32,2931,4,0.010723865391773066
7709,20230720-3PM_750_32_2931_5,1.199,76.0,750,32,2931,5,0.0788191830988487
7710,20230720-3PM_750_32_2931_6,1.117,76.0,750,32,2931,6,0.048053173115609055
7711,20230720-3PM_750_32_2931_7,1.14,76.0,750,32,2931,7,0.05690485133647256
7712,20230720-3PM_680_32_JG5_0,0.555,76.0,680,32,JG5,0,-0.2557070168773237
7713,20230720-3PM_680_32_JG5_1,0.844,76.0,680,32,JG5,1,-0.07365755337434496
7714,20230720-3PM_680_32_JG5_2,1.065,76.0,680,32,JG5,2,0.027349607774756507
7715,20230720-3PM_680_32_JG5_3,1.53,76.0,680,32,JG5,3,0.1846914308175988
7716,20230720-3PM_680_32_JG5_4,1.167,76.0,680,32,JG5,4,0.06707085604537019
7717,20230720-3PM_680_32_JG5_5,1.008,76.0,680,32,JG5,5,0.003460532109506489
7718,20230720-3PM_680_32_JG5_6,2.106,76.0,680,32,JG5,6,0.32345836684946766
7719,20230720-3PM_680_32_JG5_7,1.304,76.0,680,32,JG5,7,0.11527759139590141
7720,20230720-3PM_750_32_JG5_0,0.435,76.0,750,32,JG5,0,-0.3615107430453627
7721,20230720-3PM_750_32_JG5_1,0.568,76.0,750,32,JG5,1,-0.24565166428898116
7722,20230720-3PM_750_32_JG5_2,0.598,76.0,750,32,JG5,2,-0.22329881601158919
7723,20230720-3PM_750_32_JG5_3,0.812,76.0,750,32,JG5,3,-0.09044397075882467
7724,20230720-3PM_750_32_JG5_4,0.655,76.0,750,32,JG5,4,-0.18375870000821692
7725,20230720-3PM_750_32_JG5_5,0.616,76.0,750,32,JG5,5,-0.21041928783557454
7726,20230720-3PM_750_32_JG5_6,0.931,76.0,750,32,JG5,6,-0.031050319018657353
7727,20230720-3PM_750_32_JG5_7,0.83,76.0,750,32,JG5,7,-0.08092190762392612
7728,20230720-3PM_680_32_BMS_0,1.84,76.0,680,32,BMS,0,0.2648178230095365
7729,20230720-3PM_680_32_BMS_1,1.916,76.0,680,32,BMS,1,0.2823955047425256
7730,20230720-3PM_680_32_BMS_2,1.978,76.0,680,32,BMS,2,0.29622628726116057
7731,20230720-3PM_680_32_BMS_3,1.754,76.0,680,32,BMS,3,0.24402958903002173
7732,20230720-3PM_680_32_BMS_4,1.873,76.0,680,32,BMS,4,0.2725377773752374
7733,20230720-3PM_680_32_BMS_5,1.855,76.0,680,32,BMS,5,0.26834391395106466
7734,20230720-3PM_680_32_BMS_6,1.763,76.0,680,32,BMS,6,0.24625231229932198
7735,20230720-3PM_680_32_BMS_7,1.922,76.0,680,32,BMS,7,0.28375338333252653
7736,20230720-3PM_750_32_BMS_0,1.05,76.0,750,32,BMS,0,0.021189299069938092
7737,20230720-3PM_750_32_BMS_1,1.132,76.0,750,32,BMS,1,0.053846426852252584
7738,20230720-3PM_750_32_BMS_2,1.145,76.0,750,32,BMS,2,0.05880548667590681
7739,20230720-3PM_750_32_BMS_3,1.085,76.0,750,32,BMS,3,0.0354297381845483
7740,20230720-3PM_750_32_BMS_4,1.127,76.0,750,32,BMS,4,0.05192391604610654
7741,20230720-3PM_750_32_BMS_5,1.121,76.0,750,32,BMS,5,0.04960561259497315
7742,20230720-3PM_750_32_BMS_6,1.079,76.0,750,32,BMS,6,0.033021444682910656
7743,20230720-3PM_750_32_BMS_7,1.152,76.0,750,32,BMS,7,0.06145247908719321
7744,20230720-3PM_680_28_3059_0,1.799,76.0,680,28,3059,0,0.25503116334555137
7745,20230720-3PM_680_28_3059_1,1.898,76.0,680,28,3059,1,0.27829620809127387
7746,20230720-3PM_680_28_3059_2,2.094,76.0,680,28,3059,2,0.3209766773428235
7747,20230720-3PM_680_28_3059_3,1.824,76.0,680,28,3059,3,0.2610248339923974
7748,20230720-3PM_680_28_3059_4,1.853,76.0,680,28,3059,4,0.2678754193188976
7749,20230720-3PM_680_28_3059_5,1.776,76.0,680,28,3059,5,0.2494429614425822
7750,20230720-3PM_680_28_3059_6,1.898,76.0,680,28,3059,6,0.27829620809127387
7751,20230720-3PM_680_28_3059_7,1.374,76.0,680,28,3059,7,0.13798673272353165
7752,20230720-3PM_750_28_3059_0,1.167,76.0,750,28,3059,0,0.06707085604537019
7753,20230720-3PM_750_28_3059_1,1.258,76.0,750,28,3059,1,0.09968064110925012
7754,20230720-3PM_750_28_3059_2,1.2,76.0,750,28,3059,2,0.07918124604762482
7755,20230720-3PM_750_28_3059_3,1.232,76.0,750,28,3059,3,0.09061070782840665
7756,20230720-3PM_750_28_3059_4,1.235,76.0,750,28,3059,4,0.09166695759568456
7757,20230720-3PM_750_28_3059_5,1.201,76.0,750,28,3059,5,0.07954300740290607
7758,20230720-3PM_750_28_3059_6,1.299,76.0,750,28,3059,6,0.11360915107302785
7759,20230720-3PM_750_28_3059_7,1.07,76.0,750,28,3059,7,0.029383777685209667
7760,20230720-3PM_680_28_1691_0,1.799,76.0,680,28,1691,0,0.25503116334555137
7761,20230720-3PM_680_28_1691_1,1.482,76.0,680,28,1691,1,0.17084820364330935
7762,20230720-3PM_680_28_1691_2,1.874,76.0,680,28,1691,2,0.2727695865517595
7763,20230720-3PM_680_28_1691_3,1.666,76.0,680,28,1691,3,0.22167499707076876
7764,20230720-3PM_680_28_1691_4,1.583,76.0,680,28,1691,4,0.1994809148623559
7765,20230720-3PM_680_28_1691_5,0.942,76.0,680,28,1691,5,-0.025949097207122653
7766,20230720-3PM_680_28_1691_6,0.936,76.0,680,28,1691,6,-0.028724151261894745
7767,20230720-3PM_680_28_1691_7,1.468,76.0,680,28,1691,7,0.1667260555800517
7768,20230720-3PM_750_28_1691_0,1.023,76.0,750,28,1691,0,0.009875633712160119
7769,20230720-3PM_750_28_1691_1,0.894,76.0,750,28,1691,1,-0.04866248120408232
7770,20230720-3PM_750_28_1691_2,1.083,76.0,750,28,1691,2,0.034628456625320346
7771,20230720-3PM_750_28_1691_3,1.03,76.0,750,28,1691,3,0.012837224705172217
7772,20230720-3PM_750_28_1691_4,0.989,76.0,750,28,1691,4,-0.004803708402820599
7773,20230720-3PM_750_28_1691_5,0.666,76.0,750,28,1691,5,-0.17652577082969892
7774,20230720-3PM_750_28_1691_6,0.596,76.0,750,28,1691,6,-0.22475374025976358
7775,20230720-3PM_750_28_1691_7,0.92,76.0,750,28,1691,7,-0.036212172654444715
7776,20230720-3PM_680_28_1690_0,1.799,76.0,680,28,1690,0,0.25503116334555137
7777,20230720-3PM_680_28_1690_1,0.512,76.0,680,28,1690,1,-0.2907300390241692
7778,20230720-3PM_680_28_1690_2,2.115,76.0,680,28,1690,2,0.3253103717110612
7779,20230720-3PM_680_28_1690_3,1.999,76.0,680,28,1690,3,0.30081279411811696
7780,20230720-3PM_680_28_1690_4,1.824,76.0,680,28,1690,4,0.2610248339923974
7781,20230720-3PM_680_28_1690_5,1.427,76.0,680,28,1690,5,0.15442397311464698
7782,20230720-3PM_680_28_1690_6,2.091,76.0,680,28,1690,6,0.3203540328176719
7783,20230720-3PM_680_28_1690_7,1.066,76.0,680,28,1690,7,0.027757204690553483
7784,20230720-3PM_750_28_1690_0,1.009,76.0,750,28,1690,0,0.0038911662369104775
7785,20230720-3PM_750_28_1690_1,0.418,76.0,750,28,1690,1,-0.3788237182249648
7786,20230720-3PM_750_28_1690_2,1.262,76.0,750,28,1690,2,0.10105935490811552
7787,20230720-3PM_750_28_1690_3,1.205,76.0,750,28,1690,3,0.08098704691088722
7788,20230720-3PM_750_28_1690_4,1.06,76.0,750,28,1690,4,0.02530586526477026
7789,20230720-3PM_750_28_1690_5,0.909,76.0,750,28,1690,5,-0.041436116778032536
7790,20230720-3PM_750_28_1690_6,1.255,76.0,750,28,1690,6,0.09864372581705691
7791,20230720-3PM_750_28_1690_7,0.761,76.0,750,28,1690,7,-0.11861534322942717
7792,20230720-3PM_680_28_2342_0,1.049,76.0,680,28,2342,0,0.02077548819355783
7793,20230720-3PM_680_28_2342_1,1.079,76.0,680,28,2342,1,0.033021444682910656
7794,20230720-3PM_680_28_2342_2,1.117,76.0,680,28,2342,2,0.048053173115609055
7795,20230720-3PM_680_28_2342_3,1.051,76.0,680,28,2342,3,0.021602716028242194
7796,20230720-3PM_680_28_2342_4,0.037,76.0,680,28,2342,4,-1.431798275933005
7797,20230720-3PM_680_28_2342_5,1.099,76.0,680,28,2342,5,0.04099769242349056
7798,20230720-3PM_680_28_2342_6,1.207,76.0,680,28,2342,6,0.08170727009734924
7799,20230720-3PM_680_28_2342_7,1.054,76.0,680,28,2342,7,0.022840610876527823
7800,20230720-3PM_750_28_2342_0,0.858,76.0,750,28,2342,0,-0.06651271215129456
7801,20230720-3PM_750_28_2342_1,0.83,76.0,750,28,2342,1,-0.08092190762392612
7802,20230720-3PM_750_28_2342_2,0.912,76.0,750,28,2342,2,-0.04000516167158381
7803,20230720-3PM_750_28_2342_3,0.824,76.0,750,28,2342,3,-0.08407278830288423
7804,20230720-3PM_750_28_2342_4,0.041,76.0,750,28,2342,4,-1.3872161432802645
7805,20230720-3PM_750_28_2342_5,0.842,76.0,750,28,2342,5,-0.07468790850035051
7806,20230720-3PM_750_28_2342_6,0.968,76.0,750,28,2342,6,-0.014124642691606345
7807,20230720-3PM_750_28_2342_7,0.822,76.0,750,28,2342,7,-0.08512818245994963
7808,20230720-3PM_680_28_4532_0,1.557,76.0,680,28,4532,0,0.19228861256812027
7809,20230720-3PM_680_28_4532_1,1.272,76.0,680,28,4532,1,0.10448711131239508
7810,20230720-3PM_680_28_4532_2,1.39,76.0,680,28,4532,2,0.14301480025409505
7811,20230720-3PM_680_28_4532_3,1.678,76.0,680,28,4532,3,0.22479195649268147
7812,20230720-3PM_680_28_4532_4,1.558,76.0,680,28,4532,4,0.19256745333654565
7813,20230720-3PM_680_28_4532_5,1.673,76.0,680,28,4532,5,0.22349594096239453
7814,20230720-3PM_680_28_4532_6,1.469,76.0,680,28,4532,6,0.16702179579025653
7815,20230720-3PM_680_28_4532_7,1.55,76.0,680,28,4532,7,0.1903316981702915
7816,20230720-3PM_750_28_4532_0,1.088,76.0,750,28,4532,0,0.03662889536216113
7817,20230720-3PM_750_28_4532_1,0.846,76.0,750,28,4532,1,-0.07262963696097648
7818,20230720-3PM_750_28_4532_2,0.837,76.0,750,28,4532,2,-0.07727454200674003
7819,20230720-3PM_750_28_4532_3,0.971,76.0,750,28,4532,3,-0.012780770091995148
7820,20230720-3PM_750_28_4532_4,0.993,76.0,750,28,4532,4,-0.0030507515046188267
7821,20230720-3PM_750_28_4532_5,0.89,76.0,750,28,4532,5,-0.05060999335508721
7822,20230720-3PM_750_28_4532_6,0.86,76.0,750,28,4532,6,-0.06550154875643228
7823,20230720-3PM_750_28_4532_7,0.88,76.0,750,28,4532,7,-0.05551732784983137
7824,20230720-3PM_680_28_2344_0,1.727,76.0,680,28,2344,0,0.2372923375674588
7825,20230720-3PM_680_28_2344_1,1.228,76.0,680,28,2344,1,0.08919836680514887
7826,20230720-3PM_680_28_2344_2,1.409,76.0,680,28,2344,2,0.14891099310935643
7827,20230720-3PM_680_28_2344_3,1.628,76.0,680,28,2344,3,0.2116544005531824
7828,20230720-3PM_680_28_2344_4,1.782,76.0,680,28,2344,4,0.25090769970085597
7829,20230720-3PM_680_28_2344_5,1.545,76.0,680,28,2344,5,0.18892848376085342
7830,20230720-3PM_680_28_2344_6,1.407,76.0,680,28,2344,6,0.1482940974347457
7831,20230720-3PM_680_28_2344_7,2.044,76.0,680,28,2344,7,0.31048089146267516
7832,20230720-3PM_750_28_2344_0,0.956,76.0,750,28,2344,0,-0.019542107723899943
7833,20230720-3PM_750_28_2344_1,0.772,76.0,750,28,2344,1,-0.11238269966426384
7834,20230720-3PM_750_28_2344_2,0.832,76.0,750,28,2344,2,-0.07987667370927608
7835,20230720-3PM_750_28_2344_3,0.987,76.0,750,28,2344,3,-0.005682847330363273
7836,20230720-3PM_750_28_2344_4,0.987,76.0,750,28,2344,4,-0.005682847330363273
7837,20230720-3PM_750_28_2344_5,0.877,76.0,750,28,2344,5,-0.05700040663395948
7838,20230720-3PM_750_28_2344_6,0.843,76.0,750,28,2344,6,-0.07417242537525769
7839,20230720-3PM_750_28_2344_7,1.228,76.0,750,28,2344,7,0.08919836680514887
7840,20230720-3PM_680_28_2343_0,1.762,76.0,680,28,2343,0,0.2460059040760291
7841,20230720-3PM_680_28_2343_1,1.98,76.0,680,28,2343,1,0.2966651902615311
7842,20230720-3PM_680_28_2343_2,1.057,76.0,680,28,2343,2,0.024074987307426243
7843,20230720-3PM_680_28_2343_3,1.354,76.0,680,28,2343,3,0.13161866434912553
7844,20230720-3PM_680_28_2343_4,1.261,76.0,680,28,2343,4,0.10071508657308159
7845,20230720-3PM_680_28_2343_5,1.524,76.0,680,28,2343,5,0.1829849670035817
7846,20230720-3PM_680_28_2343_6,1.577,76.0,680,28,2343,6,0.19783169332890285
7847,20230720-3PM_680_28_2343_7,1.364,76.0,680,28,2343,7,0.13481437032046015
7848,20230720-3PM_750_28_2343_0,1.189,76.0,750,28,2343,0,0.0751818546186916
7849,20230720-3PM_750_28_2343_1,1.272,76.0,750,28,2343,1,0.10448711131239508
7850,20230720-3PM_750_28_2343_2,0.837,76.0,750,28,2343,2,-0.07727454200674003
7851,20230720-3PM_750_28_2343_3,0.968,76.0,750,28,2343,3,-0.014124642691606345
7852,20230720-3PM_750_28_2343_4,0.831,76.0,750,28,2343,4,-0.08039897621588903
7853,20230720-3PM_750_28_2343_5,1.05,76.0,750,28,2343,5,0.021189299069938092
7854,20230720-3PM_750_28_2343_6,1.079,76.0,750,28,2343,6,0.033021444682910656
7855,20230720-3PM_750_28_2343_7,0.969,76.0,750,28,2343,7,-0.013676222949234686
7856,20230720-3PM_680_28_1952_0,0.963,76.0,680,28,1952,0,-0.0163737128754655
7857,20230720-3PM_680_28_1952_1,2.172,76.0,680,28,1952,1,0.3368598209168094
7858,20230720-3PM_680_28_1952_2,1.587,76.0,680,28,1952,2,0.20057692675484817
7859,20230720-3PM_680_28_1952_3,1.013,76.0,680,28,1952,3,0.005609445360280386
7860,20230720-3PM_680_28_1952_4,1.619,76.0,680,28,1952,4,0.20924684875337374
7861,20230720-3PM_680_28_1952_5,0.903,76.0,680,28,1952,5,-0.04431224968649419
7862,20230720-3PM_680_28_1952_6,1.116,76.0,680,28,1952,6,0.04766419460155998
7863,20230720-3PM_680_28_1952_7,0.981,76.0,680,28,1952,7,-0.008330992620051497
7864,20230720-3PM_750_28_1952_0,0.614,76.0,750,28,1952,0,-0.21183162885883233
7865,20230720-3PM_750_28_1952_1,1.172,76.0,750,28,1952,1,0.06892761168207182
7866,20230720-3PM_750_28_1952_2,1.081,76.0,750,28,1952,2,0.03382569395331033
7867,20230720-3PM_750_28_1952_3,0.62,76.0,750,28,1952,3,-0.20760831050174613
7868,20230720-3PM_750_28_1952_4,1.023,76.0,750,28,1952,4,0.009875633712160119
7869,20230720-3PM_750_28_1952_5,0.605,76.0,750,28,1952,5,-0.2182446253475311
7870,20230720-3PM_750_28_1952_6,0.818,76.0,750,28,1952,6,-0.08724669632867703
7871,20230720-3PM_750_28_1952_7,0.694,76.0,750,28,1952,7,-0.15864052954514513
7872,20230720-3PM_680_28_2931_0,1.682,76.0,680,28,2931,0,0.22582599146189336
7873,20230720-3PM_680_28_2931_1,1.618,76.0,680,28,2931,1,0.20897851727625352
7874,20230720-3PM_680_28_2931_2,1.234,76.0,680,28,2931,2,0.09131515969722287
7875,20230720-3PM_680_28_2931_3,1.566,76.0,680,28,2931,3,0.1947917577219246
7876,20230720-3PM_680_28_2931_4,1.458,76.0,680,28,2931,4,0.1637575239819558
7877,20230720-3PM_680_28_2931_5,1.617,76.0,680,28,2931,5,0.20871001990640115
7878,20230720-3PM_680_28_2931_6,1.547,76.0,680,28,2931,6,0.1894903136993675
7879,20230720-3PM_680_28_2931_7,1.419,76.0,680,28,2931,7,0.15198239545747402
7880,20230720-3PM_750_28_2931_0,1.247,76.0,750,28,2931,0,0.09586645347854265
7881,20230720-3PM_750_28_2931_1,1.087,76.0,750,28,2931,1,0.03622954408629453
7882,20230720-3PM_750_28_2931_2,0.912,76.0,750,28,2931,2,-0.04000516167158381
7883,20230720-3PM_750_28_2931_3,1.183,76.0,750,28,2931,3,0.07298474462793039
7884,20230720-3PM_750_28_2931_4,1.1,76.0,750,28,2931,4,0.04139268515822508
7885,20230720-3PM_750_28_2931_5,1.116,76.0,750,28,2931,5,0.04766419460155998
7886,20230720-3PM_750_28_2931_6,1.071,76.0,750,28,2931,6,0.029789470831855614
7887,20230720-3PM_750_28_2931_7,0.936,76.0,750,28,2931,7,-0.028724151261894745
7888,20230720-3PM_680_28_JG5_0,1.294,76.0,680,28,JG5,0,0.11193427633268159
7889,20230720-3PM_680_28_JG5_1,1.216,76.0,680,28,JG5,1,0.08493357493671612
7890,20230720-3PM_680_28_JG5_2,1.165,76.0,680,28,JG5,2,0.0663259253620378
7891,20230720-3PM_680_28_JG5_3,1.344,76.0,680,28,JG5,3,0.12839926871780646
7892,20230720-3PM_680_28_JG5_4,0.979,76.0,680,28,JG5,4,-0.009217308196862183
7893,20230720-3PM_680_28_JG5_5,1.25,76.0,680,28,JG5,5,0.09691001300805642
7894,20230720-3PM_680_28_JG5_6,1.519,76.0,680,28,JG5,6,0.18155777386278632
7895,20230720-3PM_680_28_JG5_7,1.336,76.0,680,28,JG5,7,0.1258064581395269
7896,20230720-3PM_750_28_JG5_0,0.774,76.0,750,28,JG5,0,-0.11125903931710739
7897,20230720-3PM_750_28_JG5_1,0.76,76.0,750,28,JG5,1,-0.11918640771920865
7898,20230720-3PM_750_28_JG5_2,0.724,76.0,750,28,JG5,2,-0.1402614338028531
7899,20230720-3PM_750_28_JG5_3,0.804,76.0,750,28,JG5,3,-0.0947439512515487
7900,20230720-3PM_750_28_JG5_4,0.58,76.0,750,28,JG5,4,-0.23657200643706275
7901,20230720-3PM_750_28_JG5_5,0.751,76.0,750,28,JG5,5,-0.1243600629958316
7902,20230720-3PM_750_28_JG5_6,0.707,76.0,750,28,JG5,6,-0.1505805862031006
7903,20230720-3PM_750_28_JG5_7,0.849,76.0,750,28,JG5,7,-0.07109230975604734
7904,20230720-3PM_680_28_BMS_0,1.12,76.0,680,28,BMS,0,0.04921802267018165
7905,20230720-3PM_680_28_BMS_1,1.17,76.0,680,28,BMS,1,0.06818586174616162
7906,20230720-3PM_680_28_BMS_2,1.438,76.0,680,28,BMS,2,0.15775888604686378
7907,20230720-3PM_680_28_BMS_3,1.05,76.0,680,28,BMS,3,0.021189299069938092
7908,20230720-3PM_680_28_BMS_4,1.315,76.0,680,28,BMS,4,0.11892575282577665
7909,20230720-3PM_680_28_BMS_5,1.141,76.0,680,28,BMS,5,0.05728564441821465
7910,20230720-3PM_680_28_BMS_6,1.537,76.0,680,28,BMS,6,0.1866738674997451
7911,20230720-3PM_680_28_BMS_7,0.897,76.0,680,28,BMS,7,-0.047207556955907906
7912,20230720-3PM_750_28_BMS_0,0.703,76.0,750,28,BMS,0,-0.15304467498017607
7913,20230720-3PM_750_28_BMS_1,0.759,76.0,750,28,BMS,1,-0.11975822410451964
7914,20230720-3PM_750_28_BMS_2,0.897,76.0,750,28,BMS,2,-0.047207556955907906
7915,20230720-3PM_750_28_BMS_3,0.605,76.0,750,28,BMS,3,-0.2182446253475311
7916,20230720-3PM_750_28_BMS_4,0.951,76.0,750,28,BMS,4,-0.02181948306258609
7917,20230720-3PM_750_28_BMS_5,0.744,76.0,750,28,BMS,5,-0.1284270644541213
7918,20230720-3PM_750_28_BMS_6,0.947,76.0,750,28,BMS,6,-0.0236500209967266
7919,20230720-3PM_750_28_BMS_7,0.571,76.0,750,28,BMS,7,-0.243363891754152
