,ID,value,Hours,Absorbance,Temperature,Cell_Line,Replicate,log10_transformed
0,20230713-3PM_680_25_3059_0,1.938,76.0,680,25,3059,0,0.2873537727147465
1,20230713-3PM_680_25_3059_1,1.873,76.0,680,25,3059,1,0.2725377773752374
2,20230713-3PM_680_25_3059_2,1.578,76.0,680,25,3059,2,0.19810699887340152
3,20230713-3PM_680_25_3059_3,1.83,76.0,680,25,3059,3,0.26245108973042947
4,20230713-3PM_680_25_3059_4,2.135,76.0,680,25,3059,4,0.32939787936104264
5,20230713-3PM_680_25_3059_5,1.868,76.0,680,25,3059,5,0.27137687189407456
6,20230713-3PM_680_25_3059_6,1.583,76.0,680,25,3059,6,0.1994809148623559
7,20230713-3PM_680_25_3059_7,1.662,76.0,680,25,3059,7,0.22063101944809216
8,20230713-3PM_750_25_3059_0,1.198,76.0,750,25,3059,0,0.07845681805329256
9,20230713-3PM_750_25_3059_1,1.267,76.0,750,25,3059,1,0.10277661488344131
10,20230713-3PM_750_25_3059_2,1.113,76.0,750,25,3059,2,0.04649516433470831
11,20230713-3PM_750_25_3059_3,1.218,76.0,750,25,3059,3,0.08564728829685654
12,20230713-3PM_750_25_3059_4,1.265,76.0,750,25,3059,4,0.10209052551183669
13,20230713-3PM_750_25_3059_5,1.2,76.0,750,25,3059,5,0.07918124604762482
14,20230713-3PM_750_25_3059_6,1.126,76.0,750,25,3059,6,0.05153839051532738
15,20230713-3PM_750_25_3059_7,1.11,76.0,750,25,3059,7,0.045322978786657475
16,20230713-3PM_680_25_1691_0,2.598,76.0,680,25,1691,0,0.4146391467370091
17,20230713-3PM_680_25_1691_1,2.216,76.0,680,25,1691,1,0.3455697560563922
18,20230713-3PM_680_25_1691_2,1.362,76.0,680,25,1691,2,0.13417710757676637
19,20230713-3PM_680_25_1691_3,2.131,76.0,680,25,1691,3,0.32858344971420195
20,20230713-3PM_680_25_1691_4,1.11,76.0,680,25,1691,4,0.045322978786657475
21,20230713-3PM_680_25_1691_5,2.343,76.0,680,25,1691,5,0.36977228859696276
22,20230713-3PM_680_25_1691_6,1.503,76.0,680,25,1691,6,0.17695898058690812
23,20230713-3PM_680_25_1691_7,1.523,76.0,680,25,1691,7,0.18269990333604255
24,20230713-3PM_750_25_1691_0,1.333,76.0,750,25,1691,0,0.1248301494138592
25,20230713-3PM_750_25_1691_1,1.208,76.0,750,25,1691,1,0.08206693428511301
26,20230713-3PM_750_25_1691_2,0.72,76.0,750,25,1691,2,-0.14266750356873156
27,20230713-3PM_750_25_1691_3,1.237,76.0,750,25,1691,3,0.09236969962912069
28,20230713-3PM_750_25_1691_4,0.688,76.0,750,25,1691,4,-0.16241156176448873
29,20230713-3PM_750_25_1691_5,1.287,76.0,750,25,1691,5,0.10957854690438666
30,20230713-3PM_750_25_1691_6,0.909,76.0,750,25,1691,6,-0.041436116778032536
31,20230713-3PM_750_25_1691_7,0.904,76.0,750,25,1691,7,-0.04383156952463668
32,20230713-3PM_680_25_1690_0,1.936,76.0,680,25,1690,0,0.28690535297237485
33,20230713-3PM_680_25_1690_1,2.779,76.0,680,25,1690,1,0.4438885467773719
34,20230713-3PM_680_25_1690_2,0.847,76.0,680,25,1690,2,-0.0721165896692931
35,20230713-3PM_680_25_1690_3,1.684,76.0,680,25,1690,3,0.2263420871636307
36,20230713-3PM_680_25_1690_4,1.755,76.0,680,25,1690,4,0.24427712080184286
37,20230713-3PM_680_25_1690_5,1.642,76.0,680,25,1690,5,0.21537315278342195
38,20230713-3PM_680_25_1690_6,1.633,76.0,680,25,1690,6,0.21298618473666817
39,20230713-3PM_680_25_1690_7,1.609,76.0,680,25,1690,7,0.20655604409902956
40,20230713-3PM_750_25_1690_0,1.16,76.0,750,25,1690,0,0.06445798922691845
41,20230713-3PM_750_25_1690_1,1.382,76.0,750,25,1690,1,0.14050804303817957
42,20230713-3PM_750_25_1690_2,0.536,76.0,750,25,1690,2,-0.27083521030722996
43,20230713-3PM_750_25_1690_3,0.976,76.0,750,25,1690,3,-0.010550182333308195
44,20230713-3PM_750_25_1690_4,1.088,76.0,750,25,1690,4,0.03662889536216113
45,20230713-3PM_750_25_1690_5,0.913,76.0,750,25,1690,5,-0.039529222465701036
46,20230713-3PM_750_25_1690_6,0.943,76.0,750,25,1690,6,-0.02548830726267165
47,20230713-3PM_750_25_1690_7,0.949,76.0,750,25,1690,7,-0.022733787572707352
48,20230713-3PM_680_25_2342_0,1.228,76.0,680,25,2342,0,0.08919836680514887
49,20230713-3PM_680_25_2342_1,1.781,76.0,680,25,2342,1,0.2506639194632435
50,20230713-3PM_680_25_2342_2,1.381,76.0,680,25,2342,2,0.1401936785786313
51,20230713-3PM_680_25_2342_3,1.608,76.0,680,25,2342,3,0.20628604441243248
52,20230713-3PM_680_25_2342_4,1.316,76.0,680,25,2342,4,0.1192558892779367
53,20230713-3PM_680_25_2342_5,1.396,76.0,680,25,2342,5,0.14488541828714227
54,20230713-3PM_680_25_2342_6,1.773,76.0,680,25,2342,6,0.24870873560091777
55,20230713-3PM_680_25_2342_7,1.242,76.0,680,25,2342,7,0.09412159584056139
56,20230713-3PM_750_25_2342_0,0.906,76.0,750,25,2342,0,-0.042871802323186915
57,20230713-3PM_750_25_2342_1,1.122,76.0,750,25,2342,1,0.049992856920142645
58,20230713-3PM_750_25_2342_2,1.022,76.0,750,25,2342,2,0.009450895798693935
59,20230713-3PM_750_25_2342_3,1.061,76.0,750,25,2342,3,0.025715383901340642
60,20230713-3PM_750_25_2342_4,0.856,76.0,750,25,2342,4,-0.06752623532284678
61,20230713-3PM_750_25_2342_5,1.006,76.0,750,25,2342,5,0.0025979807199085947
62,20230713-3PM_750_25_2342_6,1.083,76.0,750,25,2342,6,0.034628456625320346
63,20230713-3PM_750_25_2342_7,0.971,76.0,750,25,2342,7,-0.012780770091995148
64,20230713-3PM_680_25_4532_0,1.733,76.0,680,25,4532,0,0.23879856271391703
65,20230713-3PM_680_25_4532_1,1.769,76.0,680,25,4532,1,0.2477278329097231
66,20230713-3PM_680_25_4532_2,1.751,76.0,680,25,4532,2,0.24328614608344612
67,20230713-3PM_680_25_4532_3,1.619,76.0,680,25,4532,3,0.20924684875337374
68,20230713-3PM_680_25_4532_4,1.88,76.0,680,25,4532,4,0.2741578492636798
69,20230713-3PM_680_25_4532_5,1.801,76.0,680,25,4532,5,0.25551371281953333
70,20230713-3PM_680_25_4532_6,2.032,76.0,680,25,4532,6,0.30792370361188165
71,20230713-3PM_680_25_4532_7,2.019,76.0,680,25,4532,7,0.3051363189436393
72,20230713-3PM_750_25_4532_0,1.029,76.0,750,25,4532,0,0.012415374762432893
73,20230713-3PM_750_25_4532_1,0.971,76.0,750,25,4532,1,-0.012780770091995148
74,20230713-3PM_750_25_4532_2,0.994,76.0,750,25,4532,2,-0.00261361560268669
75,20230713-3PM_750_25_4532_3,0.851,76.0,750,25,4532,3,-0.07007043991541213
76,20230713-3PM_750_25_4532_4,1.085,76.0,750,25,4532,4,0.0354297381845483
77,20230713-3PM_750_25_4532_5,0.998,76.0,750,25,4532,5,-0.0008694587126288914
78,20230713-3PM_750_25_4532_6,1.05,76.0,750,25,4532,6,0.021189299069938092
79,20230713-3PM_750_25_4532_7,0.998,76.0,750,25,4532,7,-0.0008694587126288914
80,20230713-3PM_680_25_2344_0,2.278,76.0,680,25,2344,0,0.3575537197430816
81,20230713-3PM_680_25_2344_1,1.375,76.0,680,25,2344,1,0.13830269816628146
82,20230713-3PM_680_25_2344_2,1.357,76.0,680,25,2344,2,0.13257984765973707
83,20230713-3PM_680_25_2344_3,1.772,76.0,680,25,2344,3,0.24846371755103194
84,20230713-3PM_680_25_2344_4,1.18,76.0,680,25,2344,4,0.07188200730612536
85,20230713-3PM_680_25_2344_5,1.388,76.0,680,25,2344,5,0.14238946611883607
86,20230713-3PM_680_25_2344_6,1.13,76.0,680,25,2344,6,0.05307844348341968
87,20230713-3PM_680_25_2344_7,1.525,76.0,680,25,2344,7,0.1832698436828046
88,20230713-3PM_750_25_2344_0,1.352,76.0,750,25,2344,0,0.13097669160561715
89,20230713-3PM_750_25_2344_1,0.769,76.0,750,25,2344,1,-0.11407366019856895
90,20230713-3PM_750_25_2344_2,0.752,76.0,750,25,2344,2,-0.12378215940835775
91,20230713-3PM_750_25_2344_3,1.071,76.0,750,25,2344,3,0.029789470831855614
92,20230713-3PM_750_25_2344_4,0.759,76.0,750,25,2344,4,-0.11975822410451964
93,20230713-3PM_750_25_2344_5,0.808,76.0,750,25,2344,5,-0.09258863922541381
94,20230713-3PM_750_25_2344_6,0.709,76.0,750,25,2344,6,-0.1493537648169335
95,20230713-3PM_750_25_2344_7,0.996,76.0,750,25,2344,7,-0.00174066157630127
96,20230713-3PM_680_25_2343_0,1.513,76.0,680,25,2343,0,0.17983892802318668
97,20230713-3PM_680_25_2343_1,1.497,76.0,680,25,2343,1,0.17522180034305238
98,20230713-3PM_680_25_2343_2,1.642,76.0,680,25,2343,2,0.21537315278342195
99,20230713-3PM_680_25_2343_3,1.78,76.0,680,25,2343,3,0.250420002308894
100,20230713-3PM_680_25_2343_4,1.669,76.0,680,25,2343,4,0.22245633667924672
101,20230713-3PM_680_25_2343_5,1.577,76.0,680,25,2343,5,0.19783169332890285
102,20230713-3PM_680_25_2343_6,1.437,76.0,680,25,2343,6,0.15745676813422568
103,20230713-3PM_680_25_2343_7,1.329,76.0,680,25,2343,7,0.12352498094273198
104,20230713-3PM_750_25_2343_0,1.061,76.0,750,25,2343,0,0.025715383901340642
105,20230713-3PM_750_25_2343_1,1.032,76.0,750,25,2343,1,0.01367969729119256
106,20230713-3PM_750_25_2343_2,1.139,76.0,750,25,2343,2,0.05652372407910037
107,20230713-3PM_750_25_2343_3,1.163,76.0,750,25,2343,3,0.06557971472844842
108,20230713-3PM_750_25_2343_4,1.11,76.0,750,25,2343,4,0.045322978786657475
109,20230713-3PM_750_25_2343_5,1.15,76.0,750,25,2343,5,0.06069784035361165
110,20230713-3PM_750_25_2343_6,0.98,76.0,750,25,2343,6,-0.00877392430750515
111,20230713-3PM_750_25_2343_7,0.937,76.0,750,25,2343,7,-0.02826040911222171
112,20230713-3PM_680_25_1952_0,1.636,76.0,680,25,1952,0,0.21378329933530416
113,20230713-3PM_680_25_1952_1,1.678,76.0,680,25,1952,1,0.22479195649268147
114,20230713-3PM_680_25_1952_2,1.731,76.0,680,25,1952,2,0.2382970678753939
115,20230713-3PM_680_25_1952_3,0.915,76.0,680,25,1952,3,-0.038578905933551705
116,20230713-3PM_680_25_1952_4,1.49,76.0,680,25,1952,4,0.17318626841227402
117,20230713-3PM_680_25_1952_5,1.692,76.0,680,25,1952,5,0.2284003587030047
118,20230713-3PM_680_25_1952_6,1.476,76.0,680,25,1952,6,0.16908635748702275
119,20230713-3PM_680_25_1952_7,1.718,76.0,680,25,1952,7,0.23502315949522348
120,20230713-3PM_750_25_1952_0,0.896,76.0,750,25,1952,0,-0.047691990337874794
121,20230713-3PM_750_25_1952_1,0.921,76.0,750,25,1952,1,-0.03574036980315106
122,20230713-3PM_750_25_1952_2,0.938,76.0,750,25,1952,2,-0.027797161620935564
123,20230713-3PM_750_25_1952_3,0.543,76.0,750,25,1952,3,-0.265200170411153
124,20230713-3PM_750_25_1952_4,0.918,76.0,750,25,1952,4,-0.03715731879875755
125,20230713-3PM_750_25_1952_5,0.942,76.0,750,25,1952,5,-0.025949097207122653
126,20230713-3PM_750_25_1952_6,0.959,76.0,750,25,1952,6,-0.018181392829336417
127,20230713-3PM_750_25_1952_7,0.934,76.0,750,25,1952,7,-0.029653123769906618
128,20230713-3PM_680_25_2931_0,1.441,76.0,680,25,2931,0,0.15866398081398933
129,20230713-3PM_680_25_2931_1,1.862,76.0,680,25,2931,1,0.26997967664532385
130,20230713-3PM_680_25_2931_2,1.718,76.0,680,25,2931,2,0.23502315949522348
131,20230713-3PM_680_25_2931_3,1.313,76.0,680,25,2931,3,0.11826472608947933
132,20230713-3PM_680_25_2931_4,1.375,76.0,680,25,2931,4,0.13830269816628146
133,20230713-3PM_680_25_2931_5,1.641,76.0,680,25,2931,5,0.21510858105309322
134,20230713-3PM_680_25_2931_6,1.474,76.0,680,25,2931,6,0.16849748352303268
135,20230713-3PM_680_25_2931_7,1.722,76.0,680,25,2931,7,0.23603314711763596
136,20230713-3PM_750_25_2931_0,0.81,76.0,750,25,2931,0,-0.09151498112135022
137,20230713-3PM_750_25_2931_1,0.976,76.0,750,25,2931,1,-0.010550182333308195
138,20230713-3PM_750_25_2931_2,0.919,76.0,750,25,2931,2,-0.03668448861388872
139,20230713-3PM_750_25_2931_3,0.766,76.0,750,25,2931,3,-0.11577123036739606
140,20230713-3PM_750_25_2931_4,0.788,76.0,750,25,2931,4,-0.10347378251044466
141,20230713-3PM_750_25_2931_5,0.924,76.0,750,25,2931,5,-0.03432802877989328
142,20230713-3PM_750_25_2931_6,0.922,76.0,750,25,2931,6,-0.03526907894637064
143,20230713-3PM_750_25_2931_7,0.958,76.0,750,25,2931,7,-0.018634490921455603
144,20230713-3PM_680_25_JG5_0,1.0,76.0,680,25,JG5,0,0.0
145,20230713-3PM_680_25_JG5_1,0.986,76.0,680,25,JG5,1,-0.0061230850587887945
146,20230713-3PM_680_25_JG5_2,0.761,76.0,680,25,JG5,2,-0.11861534322942717
147,20230713-3PM_680_25_JG5_3,0.829,76.0,680,25,JG5,3,-0.08144546944972647
148,20230713-3PM_680_25_JG5_4,1.031,76.0,680,25,JG5,4,0.013258665283516512
149,20230713-3PM_680_25_JG5_5,1.023,76.0,680,25,JG5,5,0.009875633712160119
150,20230713-3PM_680_25_JG5_6,1.675,76.0,680,25,JG5,6,0.22401481137286405
151,20230713-3PM_680_25_JG5_7,1.101,76.0,680,25,JG5,7,0.041787318971751766
152,20230713-3PM_750_25_JG5_0,0.635,76.0,750,25,JG5,0,-0.1972262747080243
153,20230713-3PM_750_25_JG5_1,0.633,76.0,750,25,JG5,1,-0.1985962899826449
154,20230713-3PM_750_25_JG5_2,0.41,76.0,750,25,JG5,2,-0.38721614328026455
155,20230713-3PM_750_25_JG5_3,0.5,76.0,750,25,JG5,3,-0.3010299956639812
156,20230713-3PM_750_25_JG5_4,0.595,76.0,750,25,JG5,4,-0.22548303427145044
157,20230713-3PM_750_25_JG5_5,0.571,76.0,750,25,JG5,5,-0.243363891754152
158,20230713-3PM_750_25_JG5_6,0.901,76.0,750,25,JG5,6,-0.04527520902093701
159,20230713-3PM_750_25_JG5_7,0.558,76.0,750,25,JG5,7,-0.25336580106242124
160,20230713-3PM_680_25_BMS_0,1.597,76.0,680,25,BMS,0,0.20330491613848292
161,20230713-3PM_680_25_BMS_1,1.682,76.0,680,25,BMS,1,0.22582599146189336
162,20230713-3PM_680_25_BMS_2,1.695,76.0,680,25,BMS,2,0.229169702539101
163,20230713-3PM_680_25_BMS_3,1.263,76.0,680,25,BMS,3,0.10140335055533072
164,20230713-3PM_680_25_BMS_4,1.29,76.0,680,25,BMS,4,0.11058971029924898
165,20230713-3PM_680_25_BMS_5,1.741,76.0,680,25,BMS,5,0.24079877111733122
166,20230713-3PM_680_25_BMS_6,1.541,76.0,680,25,BMS,6,0.1878026387184193
167,20230713-3PM_680_25_BMS_7,1.263,76.0,680,25,BMS,7,0.10140335055533072
168,20230713-3PM_750_25_BMS_0,0.936,76.0,750,25,BMS,0,-0.028724151261894745
169,20230713-3PM_750_25_BMS_1,0.965,76.0,750,25,BMS,1,-0.015472686656207449
170,20230713-3PM_750_25_BMS_2,1.039,76.0,750,25,BMS,2,0.016615547557177382
171,20230713-3PM_750_25_BMS_3,0.796,76.0,750,25,BMS,3,-0.09908693226233094
172,20230713-3PM_750_25_BMS_4,0.792,76.0,750,25,BMS,4,-0.10127481841050648
173,20230713-3PM_750_25_BMS_5,0.961,76.0,750,25,BMS,5,-0.017276612331454656
174,20230713-3PM_750_25_BMS_6,0.928,76.0,750,25,BMS,6,-0.032452023781137915
175,20230713-3PM_750_25_BMS_7,0.805,76.0,750,25,BMS,7,-0.09420411963213146
176,20230713-3PM_680_20_3059_0,0.976,76.0,680,20,3059,0,-0.010550182333308195
177,20230713-3PM_680_20_3059_1,1.373,76.0,680,20,3059,1,0.1376705372367551
178,20230713-3PM_680_20_3059_2,1.818,76.0,680,20,3059,2,0.25959387888594865
179,20230713-3PM_680_20_3059_3,1.699,76.0,680,20,3059,3,0.23019337886904562
180,20230713-3PM_680_20_3059_4,1.693,76.0,680,20,3059,4,0.22865695810893527
181,20230713-3PM_680_20_3059_5,1.575,76.0,680,20,3059,5,0.19728055812561932
182,20230713-3PM_680_20_3059_6,1.609,76.0,680,20,3059,6,0.20655604409902956
183,20230713-3PM_680_20_3059_7,1.474,76.0,680,20,3059,7,0.16849748352303268
184,20230713-3PM_750_20_3059_0,0.535,76.0,750,20,3059,0,-0.27164621797877153
185,20230713-3PM_750_20_3059_1,0.839,76.0,750,20,3059,1,-0.07623803917129975
186,20230713-3PM_750_20_3059_2,1.078,76.0,750,20,3059,2,0.03261876085071993
187,20230713-3PM_750_20_3059_3,0.974,76.0,750,20,3059,3,-0.011441043121384482
188,20230713-3PM_750_20_3059_4,1.026,76.0,750,20,3059,4,0.011147360775797479
189,20230713-3PM_750_20_3059_5,0.991,76.0,750,20,3059,5,-0.003926345514724675
190,20230713-3PM_750_20_3059_6,1.033,76.0,750,20,3059,6,0.014100321519620545
191,20230713-3PM_750_20_3059_7,0.908,76.0,750,20,3059,7,-0.04191415147891488
192,20230713-3PM_680_20_1691_0,1.432,76.0,680,20,1691,0,0.15594301797183674
193,20230713-3PM_680_20_1691_1,1.365,76.0,680,20,1691,1,0.13513265137677483
194,20230713-3PM_680_20_1691_2,1.18,76.0,680,20,1691,2,0.07188200730612536
195,20230713-3PM_680_20_1691_3,1.235,76.0,680,20,1691,3,0.09166695759568456
196,20230713-3PM_680_20_1691_4,1.283,76.0,680,20,1691,4,0.10822665637492848
197,20230713-3PM_680_20_1691_5,1.228,76.0,680,20,1691,5,0.08919836680514887
198,20230713-3PM_680_20_1691_6,1.342,76.0,680,20,1691,6,0.12775251583297328
199,20230713-3PM_680_20_1691_7,1.574,76.0,680,20,1691,7,0.19700472802304578
200,20230713-3PM_750_20_1691_0,0.816,76.0,750,20,1691,0,-0.08830984124613889
201,20230713-3PM_750_20_1691_1,0.72,76.0,750,20,1691,1,-0.14266750356873156
202,20230713-3PM_750_20_1691_2,0.622,76.0,750,20,1691,2,-0.2062096153091813
203,20230713-3PM_750_20_1691_3,0.744,76.0,750,20,1691,3,-0.1284270644541213
204,20230713-3PM_750_20_1691_4,0.72,76.0,750,20,1691,4,-0.14266750356873156
205,20230713-3PM_750_20_1691_5,0.714,76.0,750,20,1691,5,-0.14630178822382564
206,20230713-3PM_750_20_1691_6,0.79,76.0,750,20,1691,6,-0.10237290870955855
207,20230713-3PM_750_20_1691_7,0.908,76.0,750,20,1691,7,-0.04191415147891488
208,20230713-3PM_680_20_1690_0,1.713,76.0,680,20,1690,0,0.2337573629655105
209,20230713-3PM_680_20_1690_1,2.399,76.0,680,20,1690,1,0.38003024796783064
210,20230713-3PM_680_20_1690_2,1.676,76.0,680,20,1690,2,0.2242740142942577
211,20230713-3PM_680_20_1690_3,1.593,76.0,680,20,1690,3,0.20221577580113148
212,20230713-3PM_680_20_1690_4,1.816,76.0,680,20,1690,4,0.25911584418506634
213,20230713-3PM_680_20_1690_5,1.282,76.0,680,20,1690,5,0.10788802518279862
214,20230713-3PM_680_20_1690_6,1.621,76.0,680,20,1690,6,0.20978301484851494
215,20230713-3PM_680_20_1690_7,1.493,76.0,680,20,1690,7,0.17405980772502544
216,20230713-3PM_750_20_1690_0,1.048,76.0,750,20,1690,0,0.020361282647707864
217,20230713-3PM_750_20_1690_1,1.43,76.0,750,20,1690,1,0.1553360374650618
218,20230713-3PM_750_20_1690_2,1.09,76.0,750,20,1690,2,0.037426497940623665
219,20230713-3PM_750_20_1690_3,0.935,76.0,750,20,1690,3,-0.0291883891274822
220,20230713-3PM_750_20_1690_4,1.182,76.0,750,20,1690,4,0.07261747654523654
221,20230713-3PM_750_20_1690_5,0.788,76.0,750,20,1690,5,-0.10347378251044466
222,20230713-3PM_750_20_1690_6,0.946,76.0,750,20,1690,6,-0.02410886359820726
223,20230713-3PM_750_20_1690_7,0.893,76.0,750,20,1690,7,-0.049148541111453566
224,20230713-3PM_680_20_2342_0,1.265,76.0,680,20,2342,0,0.10209052551183669
225,20230713-3PM_680_20_2342_1,1.64,76.0,680,20,2342,1,0.21484384804769785
226,20230713-3PM_680_20_2342_2,1.391,76.0,680,20,2342,2,0.14332712999204641
227,20230713-3PM_680_20_2342_3,1.482,76.0,680,20,2342,3,0.17084820364330935
228,20230713-3PM_680_20_2342_4,1.338,76.0,680,20,2342,4,0.12645611343180432
229,20230713-3PM_680_20_2342_5,1.467,76.0,680,20,2342,5,0.1664301138432827
230,20230713-3PM_680_20_2342_6,1.072,76.0,680,20,2342,6,0.03019478535675124
231,20230713-3PM_680_20_2342_7,1.103,76.0,680,20,2342,7,0.04257551244019059
232,20230713-3PM_750_20_2342_0,0.715,76.0,750,20,2342,0,-0.1456939581989194
233,20230713-3PM_750_20_2342_1,1.023,76.0,750,20,2342,1,0.009875633712160119
234,20230713-3PM_750_20_2342_2,0.798,76.0,750,20,2342,2,-0.09799710864927055
235,20230713-3PM_750_20_2342_3,0.875,76.0,750,20,2342,3,-0.057991946977686754
236,20230713-3PM_750_20_2342_4,0.736,76.0,750,20,2342,4,-0.13312218566250114
237,20230713-3PM_750_20_2342_5,0.857,76.0,750,20,2342,5,-0.06701917807680184
238,20230713-3PM_750_20_2342_6,0.766,76.0,750,20,2342,6,-0.11577123036739606
239,20230713-3PM_750_20_2342_7,0.641,76.0,750,20,2342,7,-0.19314197048118256
240,20230713-3PM_680_20_4532_0,1.815,76.0,680,20,4532,0,0.2588766293721313
241,20230713-3PM_680_20_4532_1,1.855,76.0,680,20,4532,1,0.26834391395106466
242,20230713-3PM_680_20_4532_2,1.29,76.0,680,20,4532,2,0.11058971029924898
243,20230713-3PM_680_20_4532_3,1.726,76.0,680,20,4532,3,0.2370407913791908
244,20230713-3PM_680_20_4532_4,1.692,76.0,680,20,4532,4,0.2284003587030047
245,20230713-3PM_680_20_4532_5,1.879,76.0,680,20,4532,5,0.2739267801005256
246,20230713-3PM_680_20_4532_6,1.505,76.0,680,20,4532,6,0.17753649992986212
247,20230713-3PM_680_20_4532_7,1.642,76.0,680,20,4532,7,0.21537315278342195
248,20230713-3PM_750_20_4532_0,0.905,76.0,750,20,4532,0,-0.043351420794796675
249,20230713-3PM_750_20_4532_1,1.073,76.0,750,20,4532,1,0.030599721965951066
250,20230713-3PM_750_20_4532_2,0.743,76.0,750,20,4532,2,-0.1290111862394247
251,20230713-3PM_750_20_4532_3,1.028,76.0,750,20,4532,3,0.011993114659256938
252,20230713-3PM_750_20_4532_4,1.057,76.0,750,20,4532,4,0.024074987307426243
253,20230713-3PM_750_20_4532_5,1.145,76.0,750,20,4532,5,0.05880548667590681
254,20230713-3PM_750_20_4532_6,1.01,76.0,750,20,4532,6,0.004321373782642578
255,20230713-3PM_750_20_4532_7,0.889,76.0,750,20,4532,7,-0.0510982390297863
256,20230713-3PM_680_20_2344_0,0.578,76.0,680,20,2344,0,-0.23807216157947098
257,20230713-3PM_680_20_2344_1,0.93,76.0,680,20,2344,1,-0.03151705144606486
258,20230713-3PM_680_20_2344_2,0.797,76.0,680,20,2344,2,-0.09854167860388763
259,20230713-3PM_680_20_2344_3,1.055,76.0,680,20,2344,3,0.023252459633711444
260,20230713-3PM_680_20_2344_4,0.633,76.0,680,20,2344,4,-0.1985962899826449
261,20230713-3PM_680_20_2344_5,0.614,76.0,680,20,2344,5,-0.21183162885883233
262,20230713-3PM_680_20_2344_6,0.774,76.0,680,20,2344,6,-0.11125903931710739
263,20230713-3PM_680_20_2344_7,1.355,76.0,680,20,2344,7,0.13193929521042452
264,20230713-3PM_750_20_2344_0,0.406,76.0,750,20,2344,0,-0.39147396642280585
265,20230713-3PM_750_20_2344_1,0.535,76.0,750,20,2344,1,-0.27164621797877153
266,20230713-3PM_750_20_2344_2,0.463,76.0,750,20,2344,2,-0.33441900898204685
267,20230713-3PM_750_20_2344_3,0.569,76.0,750,20,2344,3,-0.24488773360492885
268,20230713-3PM_750_20_2344_4,0.395,76.0,750,20,2344,4,-0.40340290437353976
269,20230713-3PM_750_20_2344_5,0.369,76.0,750,20,2344,5,-0.4329736338409396
270,20230713-3PM_750_20_2344_6,0.422,76.0,750,20,2344,6,-0.37468754903832613
271,20230713-3PM_750_20_2344_7,0.811,76.0,750,20,2344,7,-0.09097914578884395
272,20230713-3PM_680_20_2343_0,1.008,76.0,680,20,2343,0,0.003460532109506489
273,20230713-3PM_680_20_2343_1,1.447,76.0,680,20,2343,1,0.1604685311190375
274,20230713-3PM_680_20_2343_2,1.257,76.0,680,20,2343,2,0.0993352776859577
275,20230713-3PM_680_20_2343_3,1.269,76.0,680,20,2343,3,0.10346162209470475
276,20230713-3PM_680_20_2343_4,1.494,76.0,680,20,2343,4,0.17435059747937998
277,20230713-3PM_680_20_2343_5,1.032,76.0,680,20,2343,5,0.01367969729119256
278,20230713-3PM_680_20_2343_6,1.36,76.0,680,20,2343,6,0.13353890837021754
279,20230713-3PM_680_20_2343_7,1.434,76.0,680,20,2343,7,0.1565491513317813
280,20230713-3PM_750_20_2343_0,0.724,76.0,750,20,2343,0,-0.1402614338028531
281,20230713-3PM_750_20_2343_1,1.011,76.0,750,20,2343,1,0.00475115559100102
282,20230713-3PM_750_20_2343_2,0.806,76.0,750,20,2343,2,-0.09366495819490933
283,20230713-3PM_750_20_2343_3,0.844,76.0,750,20,2343,3,-0.07365755337434496
284,20230713-3PM_750_20_2343_4,1.006,76.0,750,20,2343,4,0.0025979807199085947
285,20230713-3PM_750_20_2343_5,0.662,76.0,750,20,2343,5,-0.17914201056030005
286,20230713-3PM_750_20_2343_6,0.881,76.0,750,20,2343,6,-0.05502409158795209
287,20230713-3PM_750_20_2343_7,0.988,76.0,750,20,2343,7,-0.005243055412371883
288,20230713-3PM_680_20_1952_0,1.081,76.0,680,20,1952,0,0.03382569395331033
289,20230713-3PM_680_20_1952_1,1.322,76.0,680,20,1952,1,0.12123145514962146
290,20230713-3PM_680_20_1952_2,1.236,76.0,680,20,1952,2,0.09201847075279702
291,20230713-3PM_680_20_1952_3,1.385,76.0,680,20,1952,3,0.14144977340046735
292,20230713-3PM_680_20_1952_4,0.895,76.0,680,20,1952,4,-0.04817696468408802
293,20230713-3PM_680_20_1952_5,1.063,76.0,680,20,1952,5,0.026533264523296733
294,20230713-3PM_680_20_1952_6,1.022,76.0,680,20,1952,6,0.009450895798693935
295,20230713-3PM_680_20_1952_7,1.281,76.0,680,20,1952,7,0.10754912974468628
296,20230713-3PM_750_20_1952_0,0.624,76.0,750,20,1952,0,-0.20481541031757602
297,20230713-3PM_750_20_1952_1,0.717,76.0,750,20,1952,1,-0.1444808443321999
298,20230713-3PM_750_20_1952_2,0.723,76.0,750,20,1952,2,-0.1408617027054692
299,20230713-3PM_750_20_1952_3,0.822,76.0,750,20,1952,3,-0.08512818245994963
300,20230713-3PM_750_20_1952_4,0.533,76.0,750,20,1952,4,-0.2732727909734277
301,20230713-3PM_750_20_1952_5,0.605,76.0,750,20,1952,5,-0.2182446253475311
302,20230713-3PM_750_20_1952_6,0.59,76.0,750,20,1952,6,-0.22914798835785583
303,20230713-3PM_750_20_1952_7,0.734,76.0,750,20,1952,7,-0.13430394008392949
304,20230713-3PM_680_20_2931_0,0.71,76.0,680,20,2931,0,-0.14874165128092473
305,20230713-3PM_680_20_2931_1,0.447,76.0,680,20,2931,1,-0.34969247686806354
306,20230713-3PM_680_20_2931_2,1.082,76.0,680,20,2931,2,0.03422726077055066
307,20230713-3PM_680_20_2931_3,0.774,76.0,680,20,2931,3,-0.11125903931710739
308,20230713-3PM_680_20_2931_4,0.683,76.0,680,20,2931,4,-0.1655792963184674
309,20230713-3PM_680_20_2931_5,0.91,76.0,680,20,2931,5,-0.040958607678906384
310,20230713-3PM_680_20_2931_6,0.72,76.0,680,20,2931,6,-0.14266750356873156
311,20230713-3PM_680_20_2931_7,1.116,76.0,680,20,2931,7,0.04766419460155998
312,20230713-3PM_750_20_2931_0,0.416,76.0,750,20,2931,0,-0.3809066693732573
313,20230713-3PM_750_20_2931_1,0.284,76.0,750,20,2931,1,-0.5466816599529624
314,20230713-3PM_750_20_2931_2,0.602,76.0,750,20,2931,2,-0.22040350874217546
315,20230713-3PM_750_20_2931_3,0.438,76.0,750,20,2931,3,-0.3585258894959005
316,20230713-3PM_750_20_2931_4,0.409,76.0,750,20,2931,4,-0.38827669199265824
317,20230713-3PM_750_20_2931_5,0.51,76.0,750,20,2931,5,-0.2924298239020636
318,20230713-3PM_750_20_2931_6,0.426,76.0,750,20,2931,6,-0.37059040089728107
319,20230713-3PM_750_20_2931_7,0.619,76.0,750,20,2931,7,-0.208309350979882
320,20230713-3PM_680_20_JG5_0,0.948,76.0,680,20,JG5,0,-0.023191662661933767
321,20230713-3PM_680_20_JG5_1,0.827,76.0,680,20,JG5,1,-0.08249449044745336
322,20230713-3PM_680_20_JG5_2,0.547,76.0,680,20,JG5,2,-0.2620126736665692
323,20230713-3PM_680_20_JG5_3,0.677,76.0,680,20,JG5,3,-0.16941133131485567
324,20230713-3PM_680_20_JG5_4,0.853,76.0,680,20,JG5,4,-0.06905096883247698
325,20230713-3PM_680_20_JG5_5,0.749,76.0,680,20,JG5,5,-0.12551818230053352
326,20230713-3PM_680_20_JG5_6,0.504,76.0,680,20,JG5,6,-0.2975694635544747
327,20230713-3PM_680_20_JG5_7,0.213,76.0,680,20,JG5,7,-0.6716203965612623
328,20230713-3PM_750_20_JG5_0,0.533,76.0,750,20,JG5,0,-0.2732727909734277
329,20230713-3PM_750_20_JG5_1,0.451,76.0,750,20,JG5,1,-0.34582345812203946
330,20230713-3PM_750_20_JG5_2,0.306,76.0,750,20,JG5,2,-0.51427857351842
331,20230713-3PM_750_20_JG5_3,0.367,76.0,750,20,JG5,3,-0.4353339357479107
332,20230713-3PM_750_20_JG5_4,0.464,76.0,750,20,JG5,4,-0.3334820194451191
333,20230713-3PM_750_20_JG5_5,0.409,76.0,750,20,JG5,5,-0.38827669199265824
334,20230713-3PM_750_20_JG5_6,0.285,76.0,750,20,JG5,6,-0.5451551399914898
335,20230713-3PM_750_20_JG5_7,0.136,76.0,750,20,JG5,7,-0.8664610916297825
336,20230713-3PM_680_20_BMS_0,1.502,76.0,680,20,BMS,0,0.1766699326681496
337,20230713-3PM_680_20_BMS_1,1.646,76.0,680,20,BMS,1,0.216429830876251
338,20230713-3PM_680_20_BMS_2,1.54,76.0,680,20,BMS,2,0.18752072083646307
339,20230713-3PM_680_20_BMS_3,1.53,76.0,680,20,BMS,3,0.1846914308175988
340,20230713-3PM_680_20_BMS_4,1.373,76.0,680,20,BMS,4,0.1376705372367551
341,20230713-3PM_680_20_BMS_5,1.444,76.0,680,20,BMS,5,0.15956719323362029
342,20230713-3PM_680_20_BMS_6,1.49,76.0,680,20,BMS,6,0.17318626841227402
343,20230713-3PM_680_20_BMS_7,1.536,76.0,680,20,BMS,7,0.1863912156954932
344,20230713-3PM_750_20_BMS_0,0.842,76.0,750,20,BMS,0,-0.07468790850035051
345,20230713-3PM_750_20_BMS_1,0.923,76.0,750,20,BMS,1,-0.03479829897408793
346,20230713-3PM_750_20_BMS_2,0.84,76.0,750,20,BMS,2,-0.07572071393811836
347,20230713-3PM_750_20_BMS_3,0.855,76.0,750,20,BMS,3,-0.06803388527182737
348,20230713-3PM_750_20_BMS_4,0.784,76.0,750,20,BMS,4,-0.10568393731556154
349,20230713-3PM_750_20_BMS_5,0.823,76.0,750,20,BMS,5,-0.08460016478773018
350,20230713-3PM_750_20_BMS_6,0.842,76.0,750,20,BMS,6,-0.07468790850035051
351,20230713-3PM_750_20_BMS_7,0.814,76.0,750,20,BMS,7,-0.0893755951107988
352,20230713-3PM_680_30_3059_0,1.527,76.0,680,30,3059,0,0.18383903705642116
353,20230713-3PM_680_30_3059_1,1.948,76.0,680,30,3059,1,0.2895889525425967
354,20230713-3PM_680_30_3059_2,1.495,76.0,680,30,3059,2,0.17464119266044847
355,20230713-3PM_680_30_3059_3,2.234,76.0,680,30,3059,3,0.3490831687795902
356,20230713-3PM_680_30_3059_4,1.513,76.0,680,30,3059,4,0.17983892802318668
357,20230713-3PM_680_30_3059_5,1.36,76.0,680,30,3059,5,0.13353890837021754
358,20230713-3PM_680_30_3059_6,1.888,76.0,680,30,3059,6,0.27600198996205016
359,20230713-3PM_680_30_3059_7,1.726,76.0,680,30,3059,7,0.2370407913791908
360,20230713-3PM_750_30_3059_0,0.912,76.0,750,30,3059,0,-0.04000516167158381
361,20230713-3PM_750_30_3059_1,1.146,76.0,750,30,3059,1,0.05918461763137114
362,20230713-3PM_750_30_3059_2,0.883,76.0,750,30,3059,2,-0.05403929642243141
363,20230713-3PM_750_30_3059_3,1.245,76.0,750,30,3059,3,0.09516935143175519
364,20230713-3PM_750_30_3059_4,0.903,76.0,750,30,3059,4,-0.04431224968649419
365,20230713-3PM_750_30_3059_5,0.815,76.0,750,30,3059,5,-0.08884239126002341
366,20230713-3PM_750_30_3059_6,1.067,76.0,750,30,3059,6,0.028164419424469872
367,20230713-3PM_750_30_3059_7,1.13,76.0,750,30,3059,7,0.05307844348341968
368,20230713-3PM_680_30_1691_0,2.049,76.0,680,30,1691,0,0.311541958401195
369,20230713-3PM_680_30_1691_1,1.957,76.0,680,30,1691,1,0.2915908256580012
370,20230713-3PM_680_30_1691_2,1.444,76.0,680,30,1691,2,0.15956719323362029
371,20230713-3PM_680_30_1691_3,1.794,76.0,680,30,1691,3,0.2538224387080733
372,20230713-3PM_680_30_1691_4,1.269,76.0,680,30,1691,4,0.10346162209470475
373,20230713-3PM_680_30_1691_5,1.539,76.0,680,30,1691,5,0.1872386198314787
374,20230713-3PM_680_30_1691_6,0.686,76.0,680,30,1691,6,-0.16367588429324828
375,20230713-3PM_680_30_1691_7,0.96,76.0,680,30,1691,7,-0.017728766960431602
376,20230713-3PM_750_30_1691_0,0.979,76.0,750,30,1691,0,-0.009217308196862183
377,20230713-3PM_750_30_1691_1,0.946,76.0,750,30,1691,1,-0.02410886359820726
378,20230713-3PM_750_30_1691_2,0.803,76.0,750,30,1691,2,-0.09528445472131904
379,20230713-3PM_750_30_1691_3,0.961,76.0,750,30,1691,3,-0.017276612331454656
380,20230713-3PM_750_30_1691_4,0.718,76.0,750,30,1691,4,-0.14387555575769967
381,20230713-3PM_750_30_1691_5,0.893,76.0,750,30,1691,5,-0.049148541111453566
382,20230713-3PM_750_30_1691_6,0.373,76.0,750,30,1691,6,-0.4282911681913124
383,20230713-3PM_750_30_1691_7,0.575,76.0,750,30,1691,7,-0.24033215531036956
384,20230713-3PM_680_30_1690_0,1.211,76.0,680,30,1690,0,0.08314414314305227
385,20230713-3PM_680_30_1690_1,2.381,76.0,680,30,1690,1,0.37675939540487985
386,20230713-3PM_680_30_1690_2,1.59,76.0,680,30,1690,2,0.2013971243204515
387,20230713-3PM_680_30_1690_3,2.073,76.0,680,30,1690,3,0.31659930209386083
388,20230713-3PM_680_30_1690_4,2.057,76.0,680,30,1690,4,0.313234291694724
389,20230713-3PM_680_30_1690_5,1.74,76.0,680,30,1690,5,0.24054924828259971
390,20230713-3PM_680_30_1690_6,1.694,76.0,680,30,1690,6,0.2289134059946881
391,20230713-3PM_680_30_1690_7,1.849,76.0,680,30,1690,7,0.26693691115917306
392,20230713-3PM_750_30_1690_0,0.755,76.0,750,30,1690,0,-0.12205304837081175
393,20230713-3PM_750_30_1690_1,1.303,76.0,750,30,1690,1,0.11494441571258467
394,20230713-3PM_750_30_1690_2,0.961,76.0,750,30,1690,2,-0.017276612331454656
395,20230713-3PM_750_30_1690_3,1.09,76.0,750,30,1690,3,0.037426497940623665
396,20230713-3PM_750_30_1690_4,1.053,76.0,750,30,1690,4,0.022428371185486493
397,20230713-3PM_750_30_1690_5,1.077,76.0,750,30,1690,5,0.03221570329798157
398,20230713-3PM_750_30_1690_6,0.955,76.0,750,30,1690,6,-0.019996628416253676
399,20230713-3PM_750_30_1690_7,1.027,76.0,750,30,1690,7,0.01157044359727816
400,20230713-3PM_680_30_2342_0,1.013,76.0,680,30,2342,0,0.005609445360280386
401,20230713-3PM_680_30_2342_1,1.386,76.0,680,30,2342,1,0.1417632302757879
402,20230713-3PM_680_30_2342_2,1.28,76.0,680,30,2342,2,0.10720996964786837
403,20230713-3PM_680_30_2342_3,1.02,76.0,680,30,2342,3,0.00860017176191757
404,20230713-3PM_680_30_2342_4,0.913,76.0,680,30,2342,4,-0.039529222465701036
405,20230713-3PM_680_30_2342_5,1.21,76.0,680,30,2342,5,0.08278537031645007
406,20230713-3PM_680_30_2342_6,1.005,76.0,680,30,2342,6,0.0021660617565076304
407,20230713-3PM_680_30_2342_7,0.868,76.0,680,30,2342,7,-0.0614802748235081
408,20230713-3PM_750_30_2342_0,0.616,76.0,750,30,2342,0,-0.21041928783557454
409,20230713-3PM_750_30_2342_1,0.927,76.0,750,30,2342,1,-0.0329202658555029
410,20230713-3PM_750_30_2342_2,0.701,76.0,750,30,2342,2,-0.15428198203334137
411,20230713-3PM_750_30_2342_3,0.761,76.0,750,30,2342,3,-0.11861534322942717
412,20230713-3PM_750_30_2342_4,0.593,76.0,750,30,2342,4,-0.22694530663573742
413,20230713-3PM_750_30_2342_5,0.714,76.0,750,30,2342,5,-0.14630178822382564
414,20230713-3PM_750_30_2342_6,0.731,76.0,750,30,2342,6,-0.13608262304213956
415,20230713-3PM_750_30_2342_7,0.606,76.0,750,30,2342,7,-0.21752737583371382
416,20230713-3PM_680_30_4532_0,1.788,76.0,680,30,4532,0,0.25236751445989886
417,20230713-3PM_680_30_4532_1,1.837,76.0,680,30,4532,1,0.26410915630580833
418,20230713-3PM_680_30_4532_2,1.476,76.0,680,30,4532,2,0.16908635748702275
419,20230713-3PM_680_30_4532_3,2.001,76.0,680,30,4532,3,0.30124708863621136
420,20230713-3PM_680_30_4532_4,2.189,76.0,680,30,4532,4,0.3402457615679317
421,20230713-3PM_680_30_4532_5,2.042,76.0,680,30,4532,5,0.3100557377508914
422,20230713-3PM_680_30_4532_6,1.669,76.0,680,30,4532,6,0.22245633667924672
423,20230713-3PM_680_30_4532_7,1.755,76.0,680,30,4532,7,0.24427712080184286
424,20230713-3PM_750_30_4532_0,0.959,76.0,750,30,4532,0,-0.018181392829336417
425,20230713-3PM_750_30_4532_1,0.876,76.0,750,30,4532,1,-0.05749589383191927
426,20230713-3PM_750_30_4532_2,0.864,76.0,750,30,4532,2,-0.06348625752110672
427,20230713-3PM_750_30_4532_3,0.939,76.0,750,30,4532,3,-0.027334407733889104
428,20230713-3PM_750_30_4532_4,1.005,76.0,750,30,4532,4,0.0021660617565076304
429,20230713-3PM_750_30_4532_5,1.002,76.0,750,30,4532,5,0.0008677215312269133
430,20230713-3PM_750_30_4532_6,0.959,76.0,750,30,4532,6,-0.018181392829336417
431,20230713-3PM_750_30_4532_7,1.029,76.0,750,30,4532,7,0.012415374762432893
432,20230713-3PM_680_30_2344_0,1.901,76.0,680,30,2344,0,0.27898211686544316
433,20230713-3PM_680_30_2344_1,1.247,76.0,680,30,2344,1,0.09586645347854265
434,20230713-3PM_680_30_2344_2,1.08,76.0,680,30,2344,2,0.03342375548694973
435,20230713-3PM_680_30_2344_3,1.418,76.0,680,30,2344,3,0.1516762308470477
436,20230713-3PM_680_30_2344_4,1.3,76.0,680,30,2344,4,0.11394335230683679
437,20230713-3PM_680_30_2344_5,1.385,76.0,680,30,2344,5,0.14144977340046735
438,20230713-3PM_680_30_2344_6,1.409,76.0,680,30,2344,6,0.14891099310935643
439,20230713-3PM_680_30_2344_7,1.604,76.0,680,30,2344,7,0.20520436394814473
440,20230713-3PM_750_30_2344_0,1.205,76.0,750,30,2344,0,0.08098704691088722
441,20230713-3PM_750_30_2344_1,0.761,76.0,750,30,2344,1,-0.11861534322942717
442,20230713-3PM_750_30_2344_2,0.674,76.0,750,30,2344,2,-0.17134010346468015
443,20230713-3PM_750_30_2344_3,0.847,76.0,750,30,2344,3,-0.0721165896692931
444,20230713-3PM_750_30_2344_4,0.761,76.0,750,30,2344,4,-0.11861534322942717
445,20230713-3PM_750_30_2344_5,0.855,76.0,750,30,2344,5,-0.06803388527182737
446,20230713-3PM_750_30_2344_6,0.84,76.0,750,30,2344,6,-0.07572071393811836
447,20230713-3PM_750_30_2344_7,0.909,76.0,750,30,2344,7,-0.041436116778032536
448,20230713-3PM_680_30_2343_0,2.01,76.0,680,30,2343,0,0.30319605742048883
449,20230713-3PM_680_30_2343_1,1.356,76.0,680,30,2343,1,0.13225968953104458
450,20230713-3PM_680_30_2343_2,2.06,76.0,680,30,2343,2,0.31386722036915343
451,20230713-3PM_680_30_2343_3,2.392,76.0,680,30,2343,3,0.3787611753163732
452,20230713-3PM_680_30_2343_4,1.435,76.0,680,30,2343,4,0.15685190107001115
453,20230713-3PM_680_30_2343_5,1.906,76.0,680,30,2343,5,0.2801228963023076
454,20230713-3PM_680_30_2343_6,1.459,76.0,680,30,2343,6,0.16405529189345164
455,20230713-3PM_680_30_2343_7,1.679,76.0,680,30,2343,7,0.2250506961380488
456,20230713-3PM_750_30_2343_0,1.169,76.0,750,30,2343,0,0.06781451116184012
457,20230713-3PM_750_30_2343_1,0.959,76.0,750,30,2343,1,-0.018181392829336417
458,20230713-3PM_750_30_2343_2,1.232,76.0,750,30,2343,2,0.09061070782840665
459,20230713-3PM_750_30_2343_3,1.337,76.0,750,30,2343,3,0.12613140726198435
460,20230713-3PM_750_30_2343_4,0.938,76.0,750,30,2343,4,-0.027797161620935564
461,20230713-3PM_750_30_2343_5,1.221,76.0,750,30,2343,5,0.0867156639448825
462,20230713-3PM_750_30_2343_6,0.951,76.0,750,30,2343,6,-0.02181948306258609
463,20230713-3PM_750_30_2343_7,1.05,76.0,750,30,2343,7,0.021189299069938092
464,20230713-3PM_680_30_1952_0,1.534,76.0,680,30,1952,0,0.18582535961296218
465,20230713-3PM_680_30_1952_1,1.716,76.0,680,30,1952,1,0.23451728351268664
466,20230713-3PM_680_30_1952_2,1.649,76.0,680,30,1952,2,0.21722065564451878
467,20230713-3PM_680_30_1952_3,1.452,76.0,680,30,1952,3,0.1619666163640749
468,20230713-3PM_680_30_1952_4,1.887,76.0,680,30,1952,4,0.27577190016493136
469,20230713-3PM_680_30_1952_5,1.655,76.0,680,30,1952,5,0.21879799811173756
470,20230713-3PM_680_30_1952_6,1.683,76.0,680,30,1952,6,0.22608411597582387
471,20230713-3PM_680_30_1952_7,2.464,76.0,680,30,1952,7,0.39164070349238783
472,20230713-3PM_750_30_1952_0,0.859,76.0,750,30,1952,0,-0.0660068361687577
473,20230713-3PM_750_30_1952_1,0.944,76.0,750,30,1952,1,-0.02502800570193105
474,20230713-3PM_750_30_1952_2,0.957,76.0,750,30,1952,2,-0.01908806222315645
475,20230713-3PM_750_30_1952_3,0.918,76.0,750,30,1952,3,-0.03715731879875755
476,20230713-3PM_750_30_1952_4,0.968,76.0,750,30,1952,4,-0.014124642691606345
477,20230713-3PM_750_30_1952_5,0.96,76.0,750,30,1952,5,-0.017728766960431602
478,20230713-3PM_750_30_1952_6,0.966,76.0,750,30,1952,6,-0.015022873584506671
479,20230713-3PM_750_30_1952_7,1.151,76.0,750,30,1952,7,0.06107532362979181
480,20230713-3PM_680_30_2931_0,1.606,76.0,680,30,2931,0,0.20574554094266218
481,20230713-3PM_680_30_2931_1,1.642,76.0,680,30,2931,1,0.21537315278342195
482,20230713-3PM_680_30_2931_2,1.978,76.0,680,30,2931,2,0.29622628726116057
483,20230713-3PM_680_30_2931_3,1.502,76.0,680,30,2931,3,0.1766699326681496
484,20230713-3PM_680_30_2931_4,1.656,76.0,680,30,2931,4,0.2190603324488613
485,20230713-3PM_680_30_2931_5,2.002,76.0,680,30,2931,5,0.3014640731432998
486,20230713-3PM_680_30_2931_6,1.664,76.0,680,30,2931,6,0.2211533219547051
487,20230713-3PM_680_30_2931_7,1.19,76.0,680,30,2931,7,0.07554696139253074
488,20230713-3PM_750_30_2931_0,1.024,76.0,750,30,2931,0,0.010299956639811961
489,20230713-3PM_750_30_2931_1,1.013,76.0,750,30,2931,1,0.005609445360280386
490,20230713-3PM_750_30_2931_2,1.141,76.0,750,30,2931,2,0.05728564441821465
491,20230713-3PM_750_30_2931_3,1.002,76.0,750,30,2931,3,0.0008677215312269133
492,20230713-3PM_750_30_2931_4,0.993,76.0,750,30,2931,4,-0.0030507515046188267
493,20230713-3PM_750_30_2931_5,1.14,76.0,750,30,2931,5,0.05690485133647256
494,20230713-3PM_750_30_2931_6,1.074,76.0,750,30,2931,6,0.031004281363536827
495,20230713-3PM_750_30_2931_7,0.923,76.0,750,30,2931,7,-0.03479829897408793
496,20230713-3PM_680_30_JG5_0,1.271,76.0,680,30,JG5,0,0.10414555055400815
497,20230713-3PM_680_30_JG5_1,1.051,76.0,680,30,JG5,1,0.021602716028242194
498,20230713-3PM_680_30_JG5_2,0.868,76.0,680,30,JG5,2,-0.0614802748235081
499,20230713-3PM_680_30_JG5_3,0.956,76.0,680,30,JG5,3,-0.019542107723899943
500,20230713-3PM_680_30_JG5_4,0.995,76.0,680,30,JG5,4,-0.002176919254274547
501,20230713-3PM_680_30_JG5_5,1.039,76.0,680,30,JG5,5,0.016615547557177382
502,20230713-3PM_680_30_JG5_6,1.006,76.0,680,30,JG5,6,0.0025979807199085947
503,20230713-3PM_680_30_JG5_7,1.146,76.0,680,30,JG5,7,0.05918461763137114
504,20230713-3PM_750_30_JG5_0,0.678,76.0,750,30,JG5,0,-0.16877030613293661
505,20230713-3PM_750_30_JG5_1,0.606,76.0,750,30,JG5,1,-0.21752737583371382
506,20230713-3PM_750_30_JG5_2,0.47,76.0,750,30,JG5,2,-0.3279021420642826
507,20230713-3PM_750_30_JG5_3,0.551,76.0,750,30,JG5,3,-0.2588484011482149
508,20230713-3PM_750_30_JG5_4,0.553,76.0,750,30,JG5,4,-0.2572748686953017
509,20230713-3PM_750_30_JG5_5,0.557,76.0,750,30,JG5,5,-0.25414480482627105
510,20230713-3PM_750_30_JG5_6,0.548,76.0,750,30,JG5,6,-0.2612194415156308
511,20230713-3PM_750_30_JG5_7,0.665,76.0,750,30,JG5,7,-0.17717835469689538
512,20230713-3PM_680_30_BMS_0,1.306,76.0,680,30,BMS,0,0.11594317693905513
513,20230713-3PM_680_30_BMS_1,1.932,76.0,680,30,BMS,1,0.28600712207947454
514,20230713-3PM_680_30_BMS_2,1.192,76.0,680,30,BMS,2,0.0762762554042176
515,20230713-3PM_680_30_BMS_3,1.552,76.0,680,30,BMS,3,0.19089171692216964
516,20230713-3PM_680_30_BMS_4,1.506,76.0,680,30,BMS,4,0.17782497186468177
517,20230713-3PM_680_30_BMS_5,1.4,76.0,680,30,BMS,5,0.146128035678238
518,20230713-3PM_680_30_BMS_6,1.132,76.0,680,30,BMS,6,0.053846426852252584
519,20230713-3PM_680_30_BMS_7,1.317,76.0,680,30,BMS,7,0.1195857749617838
520,20230713-3PM_750_30_BMS_0,0.841,76.0,750,30,BMS,0,-0.07520400420208784
521,20230713-3PM_750_30_BMS_1,1.098,76.0,750,30,BMS,1,0.04060234011407314
522,20230713-3PM_750_30_BMS_2,0.717,76.0,750,30,BMS,2,-0.1444808443321999
523,20230713-3PM_750_30_BMS_3,0.932,76.0,750,30,BMS,3,-0.030584087646018613
524,20230713-3PM_750_30_BMS_4,0.966,76.0,750,30,BMS,4,-0.015022873584506671
525,20230713-3PM_750_30_BMS_5,0.92,76.0,750,30,BMS,5,-0.036212172654444715
526,20230713-3PM_750_30_BMS_6,0.713,76.0,750,30,BMS,6,-0.14691047014813446
527,20230713-3PM_750_30_BMS_7,0.801,76.0,750,30,BMS,7,-0.09636748391576232
528,20230712-3PM_680_25_3059_0,1.145,52.0,680,25,3059,0,0.05880548667590681
529,20230712-3PM_680_25_3059_1,1.706,52.0,680,25,3059,1,0.2319790268315042
530,20230712-3PM_680_25_3059_2,1.305,52.0,680,25,3059,2,0.11561051167429974
531,20230712-3PM_680_25_3059_3,1.498,52.0,680,25,3059,3,0.17551181336344768
532,20230712-3PM_680_25_3059_4,1.487,52.0,680,25,3059,4,0.17231096852195424
533,20230712-3PM_680_25_3059_5,1.899,52.0,680,25,3059,5,0.27852496473701754
534,20230712-3PM_680_25_3059_6,1.6,52.0,680,25,3059,6,0.2041199826559248
535,20230712-3PM_680_25_3059_7,1.461,52.0,680,25,3059,7,0.1646502159342968
536,20230712-3PM_750_25_3059_0,0.639,52.0,750,25,3059,0,-0.19449914184159983
537,20230712-3PM_750_25_3059_1,0.973,52.0,750,25,3059,1,-0.0118871597316481
538,20230712-3PM_750_25_3059_2,0.848,52.0,750,25,3059,2,-0.07160414774328619
539,20230712-3PM_750_25_3059_3,0.925,52.0,750,25,3059,3,-0.03385826726096737
540,20230712-3PM_750_25_3059_4,0.886,52.0,750,25,3059,4,-0.05256627811294924
541,20230712-3PM_750_25_3059_5,1.083,52.0,750,25,3059,5,0.034628456625320346
542,20230712-3PM_750_25_3059_6,1.006,52.0,750,25,3059,6,0.0025979807199085947
543,20230712-3PM_750_25_3059_7,0.875,52.0,750,25,3059,7,-0.057991946977686754
544,20230712-3PM_680_25_1691_0,1.661,52.0,680,25,1691,0,0.2203696324513945
545,20230712-3PM_680_25_1691_1,1.748,52.0,680,25,1691,1,0.24254142829838424
546,20230712-3PM_680_25_1691_2,1.377,52.0,680,25,1691,2,0.13893394025692368
547,20230712-3PM_680_25_1691_3,1.397,52.0,680,25,1691,3,0.14519640611418191
548,20230712-3PM_680_25_1691_4,1.362,52.0,680,25,1691,4,0.13417710757676637
549,20230712-3PM_680_25_1691_5,1.364,52.0,680,25,1691,5,0.13481437032046015
550,20230712-3PM_680_25_1691_6,1.387,52.0,680,25,1691,6,0.14207646107328487
551,20230712-3PM_680_25_1691_7,1.649,52.0,680,25,1691,7,0.21722065564451878
552,20230712-3PM_750_25_1691_0,0.922,52.0,750,25,1691,0,-0.03526907894637064
553,20230712-3PM_750_25_1691_1,1.003,52.0,750,25,1691,1,0.001300933020418072
554,20230712-3PM_750_25_1691_2,0.698,52.0,750,25,1691,2,-0.15614457737683893
555,20230712-3PM_750_25_1691_3,0.851,52.0,750,25,1691,3,-0.07007043991541213
556,20230712-3PM_750_25_1691_4,0.754,52.0,750,25,1691,4,-0.12262865413022594
557,20230712-3PM_750_25_1691_5,0.784,52.0,750,25,1691,5,-0.10568393731556154
558,20230712-3PM_750_25_1691_6,0.792,52.0,750,25,1691,6,-0.10127481841050648
559,20230712-3PM_750_25_1691_7,0.894,52.0,750,25,1691,7,-0.04866248120408232
560,20230712-3PM_680_25_1690_0,1.851,52.0,680,25,1690,0,0.2674064187529041
561,20230712-3PM_680_25_1690_1,2.805,52.0,680,25,1690,1,0.44793286559218026
562,20230712-3PM_680_25_1690_2,1.241,52.0,680,25,1690,2,0.09377178149872986
563,20230712-3PM_680_25_1690_3,1.551,52.0,680,25,1690,3,0.19061179781360493
564,20230712-3PM_680_25_1690_4,1.837,52.0,680,25,1690,4,0.26410915630580833
565,20230712-3PM_680_25_1690_5,1.408,52.0,680,25,1690,5,0.1486026548060934
566,20230712-3PM_680_25_1690_6,1.435,52.0,680,25,1690,6,0.15685190107001115
567,20230712-3PM_680_25_1690_7,1.495,52.0,680,25,1690,7,0.17464119266044847
568,20230712-3PM_750_25_1690_0,1.086,52.0,750,25,1690,0,0.03582982525282817
569,20230712-3PM_750_25_1690_1,1.381,52.0,750,25,1690,1,0.1401936785786313
570,20230712-3PM_750_25_1690_2,0.685,52.0,750,25,1690,2,-0.1643094285075744
571,20230712-3PM_750_25_1690_3,0.895,52.0,750,25,1690,3,-0.04817696468408802
572,20230712-3PM_750_25_1690_4,0.987,52.0,750,25,1690,4,-0.005682847330363273
573,20230712-3PM_750_25_1690_5,0.773,52.0,750,25,1690,5,-0.11182050608167508
574,20230712-3PM_750_25_1690_6,0.809,52.0,750,25,1690,6,-0.09205147838772766
575,20230712-3PM_750_25_1690_7,0.871,52.0,750,25,1690,7,-0.059981844992336796
576,20230712-3PM_680_25_2342_0,1.09,52.0,680,25,2342,0,0.037426497940623665
577,20230712-3PM_680_25_2342_1,1.365,52.0,680,25,2342,1,0.13513265137677483
578,20230712-3PM_680_25_2342_2,1.314,52.0,680,25,2342,2,0.11859536522376199
579,20230712-3PM_680_25_2342_3,1.243,52.0,680,25,2342,3,0.0944711286416448
580,20230712-3PM_680_25_2342_4,1.229,52.0,680,25,2342,4,0.08955188288645412
581,20230712-3PM_680_25_2342_5,1.416,52.0,680,25,2342,5,0.15106325335375018
582,20230712-3PM_680_25_2342_6,1.17,52.0,680,25,2342,6,0.06818586174616162
583,20230712-3PM_680_25_2342_7,1.163,52.0,680,25,2342,7,0.06557971472844842
584,20230712-3PM_750_25_2342_0,0.599,52.0,750,25,2342,0,-0.22257317761068865
585,20230712-3PM_750_25_2342_1,0.778,52.0,750,25,2342,1,-0.10902040301031106
586,20230712-3PM_750_25_2342_2,0.783,52.0,750,25,2342,2,-0.10623823794205658
587,20230712-3PM_750_25_2342_3,0.701,52.0,750,25,2342,3,-0.15428198203334137
588,20230712-3PM_750_25_2342_4,0.716,52.0,750,25,2342,4,-0.14508697769214446
589,20230712-3PM_750_25_2342_5,0.842,52.0,750,25,2342,5,-0.07468790850035051
590,20230712-3PM_750_25_2342_6,0.717,52.0,750,25,2342,6,-0.1444808443321999
591,20230712-3PM_750_25_2342_7,0.689,52.0,750,25,2342,7,-0.1617807780923742
592,20230712-3PM_680_25_4532_0,1.629,52.0,680,25,4532,0,0.2119210843085094
593,20230712-3PM_680_25_4532_1,1.671,52.0,680,25,4532,1,0.22297644989339135
594,20230712-3PM_680_25_4532_2,1.462,52.0,680,25,4532,2,0.16494737262184164
595,20230712-3PM_680_25_4532_3,1.617,52.0,680,25,4532,3,0.20871001990640115
596,20230712-3PM_680_25_4532_4,1.889,52.0,680,25,4532,4,0.2762319579218336
597,20230712-3PM_680_25_4532_5,1.741,52.0,680,25,4532,5,0.24079877111733122
598,20230712-3PM_680_25_4532_6,1.685,52.0,680,25,4532,6,0.22659990520735745
599,20230712-3PM_680_25_4532_7,1.784,52.0,680,25,4532,7,0.25139485004010426
600,20230712-3PM_750_25_4532_0,0.892,52.0,750,25,4532,0,-0.04963514562387693
601,20230712-3PM_750_25_4532_1,0.883,52.0,750,25,4532,1,-0.05403929642243141
602,20230712-3PM_750_25_4532_2,0.892,52.0,750,25,4532,2,-0.04963514562387693
603,20230712-3PM_750_25_4532_3,0.856,52.0,750,25,4532,3,-0.06752623532284678
604,20230712-3PM_750_25_4532_4,0.996,52.0,750,25,4532,4,-0.00174066157630127
605,20230712-3PM_750_25_4532_5,0.999,52.0,750,25,4532,5,-0.0004345117740176917
606,20230712-3PM_750_25_4532_6,0.941,52.0,750,25,4532,6,-0.026410376572743116
607,20230712-3PM_750_25_4532_7,0.937,52.0,750,25,4532,7,-0.02826040911222171
608,20230712-3PM_680_25_2344_0,1.366,52.0,680,25,2344,0,0.1354506993455138
609,20230712-3PM_680_25_2344_1,1.043,52.0,680,25,2344,1,0.018284308426530838
610,20230712-3PM_680_25_2344_2,0.963,52.0,680,25,2344,2,-0.0163737128754655
611,20230712-3PM_680_25_2344_3,1.114,52.0,680,25,2344,3,0.04688519083771014
612,20230712-3PM_680_25_2344_4,0.416,52.0,680,25,2344,4,-0.3809066693732573
613,20230712-3PM_680_25_2344_5,1.113,52.0,680,25,2344,5,0.04649516433470831
614,20230712-3PM_680_25_2344_6,0.936,52.0,680,25,2344,6,-0.028724151261894745
615,20230712-3PM_680_25_2344_7,1.339,52.0,680,25,2344,7,0.12678057701200895
616,20230712-3PM_750_25_2344_0,0.785,52.0,750,25,2344,0,-0.10513034325474745
617,20230712-3PM_750_25_2344_1,0.587,52.0,750,25,2344,1,-0.23136189875238555
618,20230712-3PM_750_25_2344_2,0.534,52.0,750,25,2344,2,-0.27245874297144357
619,20230712-3PM_750_25_2344_3,0.606,52.0,750,25,2344,3,-0.21752737583371382
620,20230712-3PM_750_25_2344_4,0.284,52.0,750,25,2344,4,-0.5466816599529624
621,20230712-3PM_750_25_2344_5,0.617,52.0,750,25,2344,5,-0.20971483596675833
622,20230712-3PM_750_25_2344_6,0.509,52.0,750,25,2344,6,-0.29328221766324125
623,20230712-3PM_750_25_2344_7,0.779,52.0,750,25,2344,7,-0.10846254232743553
624,20230712-3PM_680_25_2343_0,1.035,52.0,680,25,2343,0,0.014940349792936524
625,20230712-3PM_680_25_2343_1,1.022,52.0,680,25,2343,1,0.009450895798693935
626,20230712-3PM_680_25_2343_2,1.393,52.0,680,25,2343,2,0.1439511164239635
627,20230712-3PM_680_25_2343_3,1.113,52.0,680,25,2343,3,0.04649516433470831
628,20230712-3PM_680_25_2343_4,1.438,52.0,680,25,2343,4,0.15775888604686378
629,20230712-3PM_680_25_2343_5,1.522,52.0,680,25,2343,5,0.18241465243455401
630,20230712-3PM_680_25_2343_6,1.494,52.0,680,25,2343,6,0.17435059747937998
631,20230712-3PM_680_25_2343_7,1.068,52.0,680,25,2343,7,0.028571252692537637
632,20230712-3PM_750_25_2343_0,0.633,52.0,750,25,2343,0,-0.1985962899826449
633,20230712-3PM_750_25_2343_1,0.644,52.0,750,25,2343,1,-0.1911141326401879
634,20230712-3PM_750_25_2343_2,0.87,52.0,750,25,2343,2,-0.060480747381381476
635,20230712-3PM_750_25_2343_3,0.739,52.0,750,25,2343,3,-0.13135556160517428
636,20230712-3PM_750_25_2343_4,0.909,52.0,750,25,2343,4,-0.041436116778032536
637,20230712-3PM_750_25_2343_5,0.941,52.0,750,25,2343,5,-0.026410376572743116
638,20230712-3PM_750_25_2343_6,0.907,52.0,750,25,2343,6,-0.04239271293990473
639,20230712-3PM_750_25_2343_7,0.665,52.0,750,25,2343,7,-0.17717835469689538
640,20230712-3PM_680_25_1952_0,0.957,52.0,680,25,1952,0,-0.01908806222315645
641,20230712-3PM_680_25_1952_1,1.008,52.0,680,25,1952,1,0.003460532109506489
642,20230712-3PM_680_25_1952_2,1.366,52.0,680,25,1952,2,0.1354506993455138
643,20230712-3PM_680_25_1952_3,1.881,52.0,680,25,1952,3,0.2743887955503789
644,20230712-3PM_680_25_1952_4,1.548,52.0,680,25,1952,4,0.1897709563468738
645,20230712-3PM_680_25_1952_5,0.877,52.0,680,25,1952,5,-0.05700040663395948
646,20230712-3PM_680_25_1952_6,1.196,52.0,680,25,1952,6,0.07773117965239203
647,20230712-3PM_680_25_1952_7,1.248,52.0,680,25,1952,7,0.09621458534640519
648,20230712-3PM_750_25_1952_0,0.564,52.0,750,25,1952,0,-0.24872089601665776
649,20230712-3PM_750_25_1952_1,0.575,52.0,750,25,1952,1,-0.24033215531036956
650,20230712-3PM_750_25_1952_2,0.721,52.0,750,25,1952,2,-0.14206473528057098
651,20230712-3PM_750_25_1952_3,0.995,52.0,750,25,1952,3,-0.002176919254274547
652,20230712-3PM_750_25_1952_4,0.826,52.0,750,25,1952,4,-0.0830199526796178
653,20230712-3PM_750_25_1952_5,0.514,52.0,750,25,1952,5,-0.28903688100472424
654,20230712-3PM_750_25_1952_6,0.667,52.0,750,25,1952,6,-0.17587416608345102
655,20230712-3PM_750_25_1952_7,0.71,52.0,750,25,1952,7,-0.14874165128092473
656,20230712-3PM_680_25_2931_0,0.861,52.0,680,25,2931,0,-0.06499684854634524
657,20230712-3PM_680_25_2931_1,0.602,52.0,680,25,2931,1,-0.22040350874217546
658,20230712-3PM_680_25_2931_2,1.123,52.0,680,25,2931,2,0.050379756261457784
659,20230712-3PM_680_25_2931_3,0.776,52.0,680,25,2931,3,-0.11013827874181155
660,20230712-3PM_680_25_2931_4,0.71,52.0,680,25,2931,4,-0.14874165128092473
661,20230712-3PM_680_25_2931_5,1.14,52.0,680,25,2931,5,0.05690485133647256
662,20230712-3PM_680_25_2931_6,1.437,52.0,680,25,2931,6,0.15745676813422568
663,20230712-3PM_680_25_2931_7,1.27,52.0,680,25,2931,7,0.10380372095595687
664,20230712-3PM_750_25_2931_0,0.5,52.0,750,25,2931,0,-0.3010299956639812
665,20230712-3PM_750_25_2931_1,0.366,52.0,750,25,2931,1,-0.43651891460558934
666,20230712-3PM_750_25_2931_2,0.597,52.0,750,25,2931,2,-0.22402566887063094
667,20230712-3PM_750_25_2931_3,0.447,52.0,750,25,2931,3,-0.34969247686806354
668,20230712-3PM_750_25_2931_4,0.428,52.0,750,25,2931,4,-0.368556230986828
669,20230712-3PM_750_25_2931_5,0.627,52.0,750,25,2931,5,-0.20273245916928356
670,20230712-3PM_750_25_2931_6,0.783,52.0,750,25,2931,6,-0.10623823794205658
671,20230712-3PM_750_25_2931_7,0.675,52.0,750,25,2931,7,-0.17069622716897506
672,20230712-3PM_680_25_JG5_0,0.545,52.0,680,25,JG5,0,-0.2636034977233575
673,20230712-3PM_680_25_JG5_1,0.728,52.0,680,25,JG5,1,-0.13786862068696282
674,20230712-3PM_680_25_JG5_2,0.525,52.0,680,25,JG5,2,-0.2798406965940431
675,20230712-3PM_680_25_JG5_3,0.998,52.0,680,25,JG5,3,-0.0008694587126288914
676,20230712-3PM_680_25_JG5_4,0.676,52.0,680,25,JG5,4,-0.17005330405836405
677,20230712-3PM_680_25_JG5_5,1.042,52.0,680,25,JG5,5,0.017867718963505686
678,20230712-3PM_680_25_JG5_6,0.887,52.0,680,25,JG5,6,-0.0520763801682736
679,20230712-3PM_680_25_JG5_7,0.553,52.0,680,25,JG5,7,-0.2572748686953017
680,20230712-3PM_750_25_JG5_0,0.298,52.0,750,25,JG5,0,-0.5257837359237448
681,20230712-3PM_750_25_JG5_1,0.426,52.0,750,25,JG5,1,-0.37059040089728107
682,20230712-3PM_750_25_JG5_2,0.282,52.0,750,25,JG5,2,-0.549750891680639
683,20230712-3PM_750_25_JG5_3,0.527,52.0,750,25,JG5,3,-0.27818938478745336
684,20230712-3PM_750_25_JG5_4,0.356,52.0,750,25,JG5,4,-0.44855000202712486
685,20230712-3PM_750_25_JG5_5,0.51,52.0,750,25,JG5,5,-0.2924298239020636
686,20230712-3PM_750_25_JG5_6,0.489,52.0,750,25,JG5,6,-0.3106911408763798
687,20230712-3PM_750_25_JG5_7,0.32,52.0,750,25,JG5,7,-0.494850021680094
688,20230712-3PM_680_25_BMS_0,1.474,52.0,680,25,BMS,0,0.16849748352303268
689,20230712-3PM_680_25_BMS_1,1.668,52.0,680,25,BMS,1,0.22219604630171988
690,20230712-3PM_680_25_BMS_2,1.682,52.0,680,25,BMS,2,0.22582599146189336
691,20230712-3PM_680_25_BMS_3,1.574,52.0,680,25,BMS,3,0.19700472802304578
692,20230712-3PM_680_25_BMS_4,1.448,52.0,680,25,BMS,4,0.1607685618611281
693,20230712-3PM_680_25_BMS_5,1.604,52.0,680,25,BMS,5,0.20520436394814473
694,20230712-3PM_680_25_BMS_6,1.484,52.0,680,25,BMS,6,0.17143390094300825
695,20230712-3PM_680_25_BMS_7,1.567,52.0,680,25,BMS,7,0.1950689964685901
696,20230712-3PM_750_25_BMS_0,0.778,52.0,750,25,BMS,0,-0.10902040301031106
697,20230712-3PM_750_25_BMS_1,0.833,52.0,750,25,BMS,1,-0.07935499859321243
698,20230712-3PM_750_25_BMS_2,0.869,52.0,750,25,BMS,2,-0.060980223551333534
699,20230712-3PM_750_25_BMS_3,0.815,52.0,750,25,BMS,3,-0.08884239126002341
700,20230712-3PM_750_25_BMS_4,0.747,52.0,750,25,BMS,4,-0.12667939818460122
701,20230712-3PM_750_25_BMS_5,0.783,52.0,750,25,BMS,5,-0.10623823794205658
702,20230712-3PM_750_25_BMS_6,0.775,52.0,750,25,BMS,6,-0.1106982974936897
703,20230712-3PM_750_25_BMS_7,0.798,52.0,750,25,BMS,7,-0.09799710864927055
704,20230712-3PM_680_20_3059_0,0.416,52.0,680,20,3059,0,-0.3809066693732573
705,20230712-3PM_680_20_3059_1,0.702,52.0,680,20,3059,1,-0.15366288787019475
706,20230712-3PM_680_20_3059_2,1.169,52.0,680,20,3059,2,0.06781451116184012
707,20230712-3PM_680_20_3059_3,0.669,52.0,680,20,3059,3,-0.17457388223217687
708,20230712-3PM_680_20_3059_4,0.672,52.0,680,20,3059,4,-0.17263072694617473
709,20230712-3PM_680_20_3059_5,1.223,52.0,680,20,3059,5,0.08742645703628549
710,20230712-3PM_680_20_3059_6,0.689,52.0,680,20,3059,6,-0.1617807780923742
711,20230712-3PM_680_20_3059_7,0.8,52.0,680,20,3059,7,-0.09691001300805639
712,20230712-3PM_750_20_3059_0,0.236,52.0,750,20,3059,0,-0.6270879970298935
713,20230712-3PM_750_20_3059_1,0.323,52.0,750,20,3059,1,-0.4907974776688971
714,20230712-3PM_750_20_3059_2,0.516,52.0,750,20,3059,2,-0.28735029837278864
715,20230712-3PM_750_20_3059_3,0.318,52.0,750,20,3059,3,-0.4975728800155673
716,20230712-3PM_750_20_3059_4,0.351,52.0,750,20,3059,4,-0.4546928835341759
717,20230712-3PM_750_20_3059_5,0.508,52.0,750,20,3059,5,-0.29413628771608075
718,20230712-3PM_750_20_3059_6,0.311,52.0,750,20,3059,6,-0.5072396109731625
719,20230712-3PM_750_20_3059_7,0.407,52.0,750,20,3059,7,-0.39040559077478
720,20230712-3PM_680_20_1691_0,1.079,52.0,680,20,1691,0,0.033021444682910656
721,20230712-3PM_680_20_1691_1,0.941,52.0,680,20,1691,1,-0.026410376572743116
722,20230712-3PM_680_20_1691_2,1.045,52.0,680,20,1691,2,0.01911629044707278
723,20230712-3PM_680_20_1691_3,1.032,52.0,680,20,1691,3,0.01367969729119256
724,20230712-3PM_680_20_1691_4,0.915,52.0,680,20,1691,4,-0.038578905933551705
725,20230712-3PM_680_20_1691_5,0.784,52.0,680,20,1691,5,-0.10568393731556154
726,20230712-3PM_680_20_1691_6,1.048,52.0,680,20,1691,6,0.020361282647707864
727,20230712-3PM_680_20_1691_7,1.436,52.0,680,20,1691,7,0.15715443990628153
728,20230712-3PM_750_20_1691_0,0.611,52.0,750,20,1691,0,-0.21395878975744578
729,20230712-3PM_750_20_1691_1,0.516,52.0,750,20,1691,1,-0.28735029837278864
730,20230712-3PM_750_20_1691_2,0.414,52.0,750,20,1691,2,-0.3829996588791011
731,20230712-3PM_750_20_1691_3,0.599,52.0,750,20,1691,3,-0.22257317761068865
732,20230712-3PM_750_20_1691_4,0.408,52.0,750,20,1691,4,-0.3893398369101201
733,20230712-3PM_750_20_1691_5,0.505,52.0,750,20,1691,5,-0.2967086218813386
734,20230712-3PM_750_20_1691_6,0.519,52.0,750,20,1691,6,-0.28483264215154214
735,20230712-3PM_750_20_1691_7,0.731,52.0,750,20,1691,7,-0.13608262304213956
736,20230712-3PM_680_20_1690_0,0.947,52.0,680,20,1690,0,-0.0236500209967266
737,20230712-3PM_680_20_1690_1,1.713,52.0,680,20,1690,1,0.2337573629655105
738,20230712-3PM_680_20_1690_2,0.807,52.0,680,20,1690,2,-0.09312646527792956
739,20230712-3PM_680_20_1690_3,1.204,52.0,680,20,1690,3,0.08062648692180573
740,20230712-3PM_680_20_1690_4,1.404,52.0,680,20,1690,4,0.14736710779378645
741,20230712-3PM_680_20_1690_5,0.561,52.0,680,20,1690,5,-0.25103713874383854
742,20230712-3PM_680_20_1690_6,0.968,52.0,680,20,1690,6,-0.014124642691606345
743,20230712-3PM_680_20_1690_7,0.687,52.0,680,20,1690,7,-0.16304326294044955
744,20230712-3PM_750_20_1690_0,0.547,52.0,750,20,1690,0,-0.2620126736665692
745,20230712-3PM_750_20_1690_1,1.012,52.0,750,20,1690,1,0.005180512503780314
746,20230712-3PM_750_20_1690_2,0.45,52.0,750,20,1690,2,-0.3467874862246563
747,20230712-3PM_750_20_1690_3,0.645,52.0,750,20,1690,3,-0.19044028536473223
748,20230712-3PM_750_20_1690_4,0.7,52.0,750,20,1690,4,-0.1549019599857432
749,20230712-3PM_750_20_1690_5,0.317,52.0,750,20,1690,5,-0.4989407377822485
750,20230712-3PM_750_20_1690_6,0.514,52.0,750,20,1690,6,-0.28903688100472424
751,20230712-3PM_750_20_1690_7,0.363,52.0,750,20,1690,7,-0.4400933749638875
752,20230712-3PM_680_20_2342_0,0.627,52.0,680,20,2342,0,-0.20273245916928356
753,20230712-3PM_680_20_2342_1,0.462,52.0,680,20,2342,1,-0.33535802444387447
754,20230712-3PM_680_20_2342_2,0.836,52.0,680,20,2342,2,-0.07779372256098363
755,20230712-3PM_680_20_2342_3,0.447,52.0,680,20,2342,3,-0.34969247686806354
756,20230712-3PM_680_20_2342_4,0.542,52.0,680,20,2342,4,-0.266000713461613
757,20230712-3PM_680_20_2342_5,0.737,52.0,680,20,2342,5,-0.13253251214094852
758,20230712-3PM_680_20_2342_6,0.438,52.0,680,20,2342,6,-0.3585258894959005
759,20230712-3PM_680_20_2342_7,1.017,52.0,680,20,2342,7,0.0073209529227445565
760,20230712-3PM_750_20_2342_0,0.355,52.0,750,20,2342,0,-0.44977164694490596
761,20230712-3PM_750_20_2342_1,0.242,52.0,750,20,2342,1,-0.6161846340195687
762,20230712-3PM_750_20_2342_2,0.456,52.0,750,20,2342,2,-0.341035157335565
763,20230712-3PM_750_20_2342_3,0.2,52.0,750,20,2342,3,-0.6989700043360187
764,20230712-3PM_750_20_2342_4,0.247,52.0,750,20,2342,4,-0.6073030467403343
765,20230712-3PM_750_20_2342_5,0.478,52.0,750,20,2342,5,-0.3205721033878811
766,20230712-3PM_750_20_2342_6,0.16,52.0,750,20,2342,6,-0.7958800173440752
767,20230712-3PM_750_20_2342_7,0.528,52.0,750,20,2342,7,-0.27736607746618774
768,20230712-3PM_680_20_4532_0,1.031,52.0,680,20,4532,0,0.013258665283516512
769,20230712-3PM_680_20_4532_1,1.083,52.0,680,20,4532,1,0.034628456625320346
770,20230712-3PM_680_20_4532_2,0.826,52.0,680,20,4532,2,-0.0830199526796178
771,20230712-3PM_680_20_4532_3,1.065,52.0,680,20,4532,3,0.027349607774756507
772,20230712-3PM_680_20_4532_4,1.249,52.0,680,20,4532,4,0.09656243837413556
773,20230712-3PM_680_20_4532_5,1.621,52.0,680,20,4532,5,0.20978301484851494
774,20230712-3PM_680_20_4532_6,1.419,52.0,680,20,4532,6,0.15198239545747402
775,20230712-3PM_680_20_4532_7,1.112,52.0,680,20,4532,7,0.046104787246038705
776,20230712-3PM_750_20_4532_0,0.533,52.0,750,20,4532,0,-0.2732727909734277
777,20230712-3PM_750_20_4532_1,0.606,52.0,750,20,4532,1,-0.21752737583371382
778,20230712-3PM_750_20_4532_2,0.436,52.0,750,20,4532,2,-0.36051351073141397
779,20230712-3PM_750_20_4532_3,0.565,52.0,750,20,4532,3,-0.2479515521805615
780,20230712-3PM_750_20_4532_4,0.761,52.0,750,20,4532,4,-0.11861534322942717
781,20230712-3PM_750_20_4532_5,0.89,52.0,750,20,4532,5,-0.05060999335508721
782,20230712-3PM_750_20_4532_6,0.835,52.0,750,20,4532,6,-0.07831352451639793
783,20230712-3PM_750_20_4532_7,0.612,52.0,750,20,4532,7,-0.21324857785443882
784,20230712-3PM_680_20_2344_0,1.006,52.0,680,20,2344,0,0.0025979807199085947
785,20230712-3PM_680_20_2344_1,0.578,52.0,680,20,2344,1,-0.23807216157947098
786,20230712-3PM_680_20_2344_2,0.456,52.0,680,20,2344,2,-0.341035157335565
787,20230712-3PM_680_20_2344_3,0.509,52.0,680,20,2344,3,-0.29328221766324125
788,20230712-3PM_680_20_2344_4,0.227,52.0,680,20,2344,4,-0.6439741428068773
789,20230712-3PM_680_20_2344_5,0.337,52.0,680,20,2344,5,-0.47237009912866135
790,20230712-3PM_680_20_2344_6,0.422,52.0,680,20,2344,6,-0.37468754903832613
791,20230712-3PM_680_20_2344_7,0.596,52.0,680,20,2344,7,-0.22475374025976358
792,20230712-3PM_750_20_2344_0,0.514,52.0,750,20,2344,0,-0.28903688100472424
793,20230712-3PM_750_20_2344_1,0.345,52.0,750,20,2344,1,-0.4621809049267259
794,20230712-3PM_750_20_2344_2,0.274,52.0,750,20,2344,2,-0.562249437179612
795,20230712-3PM_750_20_2344_3,0.277,52.0,750,20,2344,3,-0.5575202309355514
796,20230712-3PM_750_20_2344_4,0.153,52.0,750,20,2344,4,-0.8153085691824012
797,20230712-3PM_750_20_2344_5,0.217,52.0,750,20,2344,5,-0.6635402661514705
798,20230712-3PM_750_20_2344_6,0.234,52.0,750,20,2344,6,-0.6307841425898572
799,20230712-3PM_750_20_2344_7,0.307,52.0,750,20,2344,7,-0.5128616245228135
800,20230712-3PM_680_20_2343_0,0.744,52.0,680,20,2343,0,-0.1284270644541213
801,20230712-3PM_680_20_2343_1,0.817,52.0,680,20,2343,1,-0.08777794346758454
802,20230712-3PM_680_20_2343_2,0.862,52.0,680,20,2343,2,-0.06449273417528721
803,20230712-3PM_680_20_2343_3,0.99,52.0,680,20,2343,3,-0.004364805402450088
804,20230712-3PM_680_20_2343_4,0.97,52.0,680,20,2343,4,-0.01322826573375516
805,20230712-3PM_680_20_2343_5,0.638,52.0,680,20,2343,5,-0.19517932127883766
806,20230712-3PM_680_20_2343_6,0.775,52.0,680,20,2343,6,-0.1106982974936897
807,20230712-3PM_680_20_2343_7,0.883,52.0,680,20,2343,7,-0.05403929642243141
808,20230712-3PM_750_20_2343_0,0.447,52.0,750,20,2343,0,-0.34969247686806354
809,20230712-3PM_750_20_2343_1,0.515,52.0,750,20,2343,1,-0.28819277095880896
810,20230712-3PM_750_20_2343_2,0.481,52.0,750,20,2343,2,-0.31785492362616824
811,20230712-3PM_750_20_2343_3,0.498,52.0,750,20,2343,3,-0.30277065724028246
812,20230712-3PM_750_20_2343_4,0.459,52.0,750,20,2343,4,-0.33818731446273875
813,20230712-3PM_750_20_2343_5,0.374,52.0,750,20,2343,5,-0.42712839779951983
814,20230712-3PM_750_20_2343_6,0.399,52.0,750,20,2343,6,-0.3990271043132517
815,20230712-3PM_750_20_2343_7,0.493,52.0,750,20,2343,7,-0.30715308072277
816,20230712-3PM_680_20_1952_0,0.502,52.0,680,20,1952,0,-0.29929628285498067
817,20230712-3PM_680_20_1952_1,0.625,52.0,680,20,1952,1,-0.2041199826559248
818,20230712-3PM_680_20_1952_2,0.575,52.0,680,20,1952,2,-0.24033215531036956
819,20230712-3PM_680_20_1952_3,0.7,52.0,680,20,1952,3,-0.1549019599857432
820,20230712-3PM_680_20_1952_4,0.466,52.0,680,20,1952,4,-0.3316140833099998
821,20230712-3PM_680_20_1952_5,0.49,52.0,680,20,1952,5,-0.3098039199714863
822,20230712-3PM_680_20_1952_6,0.483,52.0,680,20,1952,6,-0.31605286924848786
823,20230712-3PM_680_20_1952_7,0.49,52.0,680,20,1952,7,-0.3098039199714863
824,20230712-3PM_750_20_1952_0,0.316,52.0,750,20,1952,0,-0.5003129173815962
825,20230712-3PM_750_20_1952_1,0.379,52.0,750,20,1952,1,-0.42136079003192767
826,20230712-3PM_750_20_1952_2,0.344,52.0,750,20,1952,2,-0.46344155742846993
827,20230712-3PM_750_20_1952_3,0.402,52.0,750,20,1952,3,-0.3957739469155299
828,20230712-3PM_750_20_1952_4,0.297,52.0,750,20,1952,4,-0.5272435506827877
829,20230712-3PM_750_20_1952_5,0.303,52.0,750,20,1952,5,-0.518557371497695
830,20230712-3PM_750_20_1952_6,0.298,52.0,750,20,1952,6,-0.5257837359237448
831,20230712-3PM_750_20_1952_7,0.306,52.0,750,20,1952,7,-0.51427857351842
832,20230712-3PM_680_20_2931_0,0.321,52.0,680,20,2931,0,-0.4934949675951279
833,20230712-3PM_680_20_2931_1,0.21,52.0,680,20,2931,1,-0.6777807052660807
834,20230712-3PM_680_20_2931_2,0.45,52.0,680,20,2931,2,-0.3467874862246563
835,20230712-3PM_680_20_2931_3,0.334,52.0,680,20,2931,3,-0.4762535331884355
836,20230712-3PM_680_20_2931_4,0.403,52.0,680,20,2931,4,-0.39469495385889053
837,20230712-3PM_680_20_2931_5,0.395,52.0,680,20,2931,5,-0.40340290437353976
838,20230712-3PM_680_20_2931_6,0.394,52.0,680,20,2931,6,-0.40450377817442584
839,20230712-3PM_680_20_2931_7,0.502,52.0,680,20,2931,7,-0.29929628285498067
840,20230712-3PM_750_20_2931_0,0.187,52.0,750,20,2931,0,-0.7281583934635011
841,20230712-3PM_750_20_2931_1,0.141,52.0,750,20,2931,1,-0.8507808873446201
842,20230712-3PM_750_20_2931_2,0.26,52.0,750,20,2931,2,-0.585026652029182
843,20230712-3PM_750_20_2931_3,0.194,52.0,750,20,2931,3,-0.712198270069774
844,20230712-3PM_750_20_2931_4,0.24,52.0,750,20,2931,4,-0.619788758288394
845,20230712-3PM_750_20_2931_5,0.228,52.0,750,20,2931,5,-0.6420651529995461
846,20230712-3PM_750_20_2931_6,0.241,52.0,750,20,2931,6,-0.6179829574251317
847,20230712-3PM_750_20_2931_7,0.285,52.0,750,20,2931,7,-0.5451551399914898
848,20230712-3PM_680_20_JG5_0,0.513,52.0,680,20,JG5,0,-0.2898826348881837
849,20230712-3PM_680_20_JG5_1,0.394,52.0,680,20,JG5,1,-0.40450377817442584
850,20230712-3PM_680_20_JG5_2,0.324,52.0,680,20,JG5,2,-0.48945498979338786
851,20230712-3PM_680_20_JG5_3,0.33,52.0,680,20,JG5,3,-0.4814860601221125
852,20230712-3PM_680_20_JG5_4,0.426,52.0,680,20,JG5,4,-0.37059040089728107
853,20230712-3PM_680_20_JG5_5,0.401,52.0,680,20,JG5,5,-0.39685562737981767
854,20230712-3PM_680_20_JG5_6,0.222,52.0,680,20,JG5,6,-0.6536470255493614
855,20230712-3PM_680_20_JG5_7,0.08,52.0,680,20,JG5,7,-1.0969100130080565
856,20230712-3PM_750_20_JG5_0,0.287,52.0,750,20,JG5,0,-0.5421181032660077
857,20230712-3PM_750_20_JG5_1,0.237,52.0,750,20,JG5,1,-0.6252516539898961
858,20230712-3PM_750_20_JG5_2,0.185,52.0,750,20,JG5,2,-0.7328282715969862
859,20230712-3PM_750_20_JG5_3,0.189,52.0,750,20,JG5,3,-0.7235381958267558
860,20230712-3PM_750_20_JG5_4,0.245,52.0,750,20,JG5,4,-0.6108339156354675
861,20230712-3PM_750_20_JG5_5,0.225,52.0,750,20,JG5,5,-0.6478174818886375
862,20230712-3PM_750_20_JG5_6,0.136,52.0,750,20,JG5,6,-0.8664610916297825
863,20230712-3PM_750_20_JG5_7,0.065,52.0,750,20,JG5,7,-1.1870866433571443
864,20230712-3PM_680_20_BMS_0,0.872,52.0,680,20,BMS,0,-0.05948351506743278
865,20230712-3PM_680_20_BMS_1,1.124,52.0,680,20,BMS,1,0.05076631123304232
866,20230712-3PM_680_20_BMS_2,0.887,52.0,680,20,BMS,2,-0.0520763801682736
867,20230712-3PM_680_20_BMS_3,1.064,52.0,680,20,BMS,3,0.0269416279590294
868,20230712-3PM_680_20_BMS_4,0.787,52.0,680,20,BMS,4,-0.10402526764093542
869,20230712-3PM_680_20_BMS_5,0.907,52.0,680,20,BMS,5,-0.04239271293990473
870,20230712-3PM_680_20_BMS_6,0.844,52.0,680,20,BMS,6,-0.07365755337434496
871,20230712-3PM_680_20_BMS_7,0.834,52.0,680,20,BMS,7,-0.0788339493622613
872,20230712-3PM_750_20_BMS_0,0.498,52.0,750,20,BMS,0,-0.30277065724028246
873,20230712-3PM_750_20_BMS_1,0.632,52.0,750,20,BMS,1,-0.19928292171761497
874,20230712-3PM_750_20_BMS_2,0.504,52.0,750,20,BMS,2,-0.2975694635544747
875,20230712-3PM_750_20_BMS_3,0.595,52.0,750,20,BMS,3,-0.22548303427145044
876,20230712-3PM_750_20_BMS_4,0.456,52.0,750,20,BMS,4,-0.341035157335565
877,20230712-3PM_750_20_BMS_5,0.519,52.0,750,20,BMS,5,-0.28483264215154214
878,20230712-3PM_750_20_BMS_6,0.485,52.0,750,20,BMS,6,-0.3142582613977364
879,20230712-3PM_750_20_BMS_7,0.48,52.0,750,20,BMS,7,-0.3187587626244128
880,20230712-3PM_680_30_3059_0,1.092,52.0,680,30,3059,0,0.03822263836871846
881,20230712-3PM_680_30_3059_1,1.435,52.0,680,30,3059,1,0.15685190107001115
882,20230712-3PM_680_30_3059_2,1.353,52.0,680,30,3059,2,0.13129779659762297
883,20230712-3PM_680_30_3059_3,1.325,52.0,680,30,3059,3,0.12221587827282664
884,20230712-3PM_680_30_3059_4,1.289,52.0,680,30,3059,4,0.110252917353403
885,20230712-3PM_680_30_3059_5,1.295,52.0,680,30,3059,5,0.11226976841727061
886,20230712-3PM_680_30_3059_6,1.721,52.0,680,30,3059,6,0.2357808703275603
887,20230712-3PM_680_30_3059_7,1.482,52.0,680,30,3059,7,0.17084820364330935
888,20230712-3PM_750_30_3059_0,0.614,52.0,750,30,3059,0,-0.21183162885883233
889,20230712-3PM_750_30_3059_1,0.846,52.0,750,30,3059,1,-0.07262963696097648
890,20230712-3PM_750_30_3059_2,0.788,52.0,750,30,3059,2,-0.10347378251044466
891,20230712-3PM_750_30_3059_3,0.816,52.0,750,30,3059,3,-0.08830984124613889
892,20230712-3PM_750_30_3059_4,0.781,52.0,750,30,3059,4,-0.10734896612269966
893,20230712-3PM_750_30_3059_5,0.755,52.0,750,30,3059,5,-0.12205304837081175
894,20230712-3PM_750_30_3059_6,0.942,52.0,750,30,3059,6,-0.025949097207122653
895,20230712-3PM_750_30_3059_7,0.941,52.0,750,30,3059,7,-0.026410376572743116
896,20230712-3PM_680_30_1691_0,1.657,52.0,680,30,1691,0,0.21932250841933676
897,20230712-3PM_680_30_1691_1,1.567,52.0,680,30,1691,1,0.1950689964685901
898,20230712-3PM_680_30_1691_2,1.793,52.0,680,30,1691,2,0.2535802895621828
899,20230712-3PM_680_30_1691_3,1.568,52.0,680,30,1691,3,0.19534605834841964
900,20230712-3PM_680_30_1691_4,1.426,52.0,680,30,1691,4,0.15411952551584673
901,20230712-3PM_680_30_1691_5,1.354,52.0,680,30,1691,5,0.13161866434912553
902,20230712-3PM_680_30_1691_6,1.405,52.0,680,30,1691,6,0.1476763242410987
903,20230712-3PM_680_30_1691_7,1.592,52.0,680,30,1691,7,0.20194306340165025
904,20230712-3PM_750_30_1691_0,0.784,52.0,750,30,1691,0,-0.10568393731556154
905,20230712-3PM_750_30_1691_1,0.755,52.0,750,30,1691,1,-0.12205304837081175
906,20230712-3PM_750_30_1691_2,0.912,52.0,750,30,1691,2,-0.04000516167158381
907,20230712-3PM_750_30_1691_3,0.857,52.0,750,30,1691,3,-0.06701917807680184
908,20230712-3PM_750_30_1691_4,0.715,52.0,750,30,1691,4,-0.1456939581989194
909,20230712-3PM_750_30_1691_5,0.758,52.0,750,30,1691,5,-0.12033079436794646
910,20230712-3PM_750_30_1691_6,0.754,52.0,750,30,1691,6,-0.12262865413022594
911,20230712-3PM_750_30_1691_7,0.824,52.0,750,30,1691,7,-0.08407278830288423
912,20230712-3PM_680_30_1690_0,0.989,52.0,680,30,1690,0,-0.004803708402820599
913,20230712-3PM_680_30_1690_1,2.638,52.0,680,30,1690,1,0.4212747912103465
914,20230712-3PM_680_30_1690_2,1.438,52.0,680,30,1690,2,0.15775888604686378
915,20230712-3PM_680_30_1690_3,2.039,52.0,680,30,1690,3,0.30941722577814
916,20230712-3PM_680_30_1690_4,1.064,52.0,680,30,1690,4,0.0269416279590294
917,20230712-3PM_680_30_1690_5,1.369,52.0,680,30,1690,5,0.13640344813399
918,20230712-3PM_680_30_1690_6,1.523,52.0,680,30,1690,6,0.18269990333604255
919,20230712-3PM_680_30_1690_7,1.817,52.0,680,30,1690,7,0.2593549273080343
920,20230712-3PM_750_30_1690_0,0.611,52.0,750,30,1690,0,-0.21395878975744578
921,20230712-3PM_750_30_1690_1,1.296,52.0,750,30,1690,1,0.11260500153457455
922,20230712-3PM_750_30_1690_2,0.877,52.0,750,30,1690,2,-0.05700040663395948
923,20230712-3PM_750_30_1690_3,1.041,52.0,750,30,1690,3,0.017450729510536125
924,20230712-3PM_750_30_1690_4,0.549,52.0,750,30,1690,4,-0.26042765554990804
925,20230712-3PM_750_30_1690_5,0.847,52.0,750,30,1690,5,-0.0721165896692931
926,20230712-3PM_750_30_1690_6,0.851,52.0,750,30,1690,6,-0.07007043991541213
927,20230712-3PM_750_30_1690_7,0.971,52.0,750,30,1690,7,-0.012780770091995148
928,20230712-3PM_680_30_2342_0,1.481,52.0,680,30,2342,0,0.1705550585212085
929,20230712-3PM_680_30_2342_1,1.159,52.0,680,30,2342,1,0.064083435963596
930,20230712-3PM_680_30_2342_2,1.722,52.0,680,30,2342,2,0.23603314711763596
931,20230712-3PM_680_30_2342_3,1.126,52.0,680,30,2342,3,0.05153839051532738
932,20230712-3PM_680_30_2342_4,1.267,52.0,680,30,2342,4,0.10277661488344131
933,20230712-3PM_680_30_2342_5,1.391,52.0,680,30,2342,5,0.14332712999204641
934,20230712-3PM_680_30_2342_6,0.887,52.0,680,30,2342,6,-0.0520763801682736
935,20230712-3PM_680_30_2342_7,1.124,52.0,680,30,2342,7,0.05076631123304232
936,20230712-3PM_750_30_2342_0,0.698,52.0,750,30,2342,0,-0.15614457737683893
937,20230712-3PM_750_30_2342_1,0.688,52.0,750,30,2342,1,-0.16241156176448873
938,20230712-3PM_750_30_2342_2,0.833,52.0,750,30,2342,2,-0.07935499859321243
939,20230712-3PM_750_30_2342_3,0.595,52.0,750,30,2342,3,-0.22548303427145044
940,20230712-3PM_750_30_2342_4,0.639,52.0,750,30,2342,4,-0.19449914184159983
941,20230712-3PM_750_30_2342_5,0.658,52.0,750,30,2342,5,-0.1817741063860445
942,20230712-3PM_750_30_2342_6,0.555,52.0,750,30,2342,6,-0.2557070168773237
943,20230712-3PM_750_30_2342_7,0.585,52.0,750,30,2342,7,-0.23284413391781958
944,20230712-3PM_680_30_4532_0,1.555,52.0,680,30,4532,0,0.1917303933628563
945,20230712-3PM_680_30_4532_1,1.756,52.0,680,30,4532,1,0.24452451157008376
946,20230712-3PM_680_30_4532_2,1.644,52.0,680,30,4532,2,0.21590181320403157
947,20230712-3PM_680_30_4532_3,1.466,52.0,680,30,4532,3,0.16613397030510912
948,20230712-3PM_680_30_4532_4,1.556,52.0,680,30,4532,4,0.19200959265367015
949,20230712-3PM_680_30_4532_5,1.483,52.0,680,30,4532,5,0.17114115102838207
950,20230712-3PM_680_30_4532_6,1.551,52.0,680,30,4532,6,0.19061179781360493
951,20230712-3PM_680_30_4532_7,1.645,52.0,680,30,4532,7,0.2161659022859931
952,20230712-3PM_750_30_4532_0,0.925,52.0,750,30,4532,0,-0.03385826726096737
953,20230712-3PM_750_30_4532_1,0.771,52.0,750,30,4532,1,-0.11294562194904302
954,20230712-3PM_750_30_4532_2,0.825,52.0,750,30,4532,2,-0.08354605145007493
955,20230712-3PM_750_30_4532_3,0.855,52.0,750,30,4532,3,-0.06803388527182737
956,20230712-3PM_750_30_4532_4,0.91,52.0,750,30,4532,4,-0.040958607678906384
957,20230712-3PM_750_30_4532_5,0.931,52.0,750,30,4532,5,-0.031050319018657353
958,20230712-3PM_750_30_4532_6,0.852,52.0,750,30,4532,6,-0.0695604052332999
959,20230712-3PM_750_30_4532_7,0.924,52.0,750,30,4532,7,-0.03432802877989328
960,20230712-3PM_680_30_2344_0,1.488,52.0,680,30,2344,0,0.1726029312098599
961,20230712-3PM_680_30_2344_1,1.209,52.0,680,30,2344,1,0.0824263008607719
962,20230712-3PM_680_30_2344_2,0.832,52.0,680,30,2344,2,-0.07987667370927608
963,20230712-3PM_680_30_2344_3,1.19,52.0,680,30,2344,3,0.07554696139253074
964,20230712-3PM_680_30_2344_4,1.101,52.0,680,30,2344,4,0.041787318971751766
965,20230712-3PM_680_30_2344_5,1.243,52.0,680,30,2344,5,0.0944711286416448
966,20230712-3PM_680_30_2344_6,1.107,52.0,680,30,2344,6,0.0441476208787228
967,20230712-3PM_680_30_2344_7,1.547,52.0,680,30,2344,7,0.1894903136993675
968,20230712-3PM_750_30_2344_0,0.777,52.0,750,30,2344,0,-0.10957898119908573
969,20230712-3PM_750_30_2344_1,0.715,52.0,750,30,2344,1,-0.1456939581989194
970,20230712-3PM_750_30_2344_2,0.515,52.0,750,30,2344,2,-0.28819277095880896
971,20230712-3PM_750_30_2344_3,0.681,52.0,750,30,2344,3,-0.16685288808721482
972,20230712-3PM_750_30_2344_4,0.641,52.0,750,30,2344,4,-0.19314197048118256
973,20230712-3PM_750_30_2344_5,0.743,52.0,750,30,2344,5,-0.1290111862394247
974,20230712-3PM_750_30_2344_6,0.634,52.0,750,30,2344,6,-0.1979107421182673
975,20230712-3PM_750_30_2344_7,0.861,52.0,750,30,2344,7,-0.06499684854634524
976,20230712-3PM_680_30_2343_0,1.579,52.0,680,30,2343,0,0.19838213000829422
977,20230712-3PM_680_30_2343_1,1.255,52.0,680,30,2343,1,0.09864372581705691
978,20230712-3PM_680_30_2343_2,1.726,52.0,680,30,2343,2,0.2370407913791908
979,20230712-3PM_680_30_2343_3,1.519,52.0,680,30,2343,3,0.18155777386278632
980,20230712-3PM_680_30_2343_4,1.02,52.0,680,30,2343,4,0.00860017176191757
981,20230712-3PM_680_30_2343_5,1.854,52.0,680,30,2343,5,0.2681097298084783
982,20230712-3PM_680_30_2343_6,1.131,52.0,680,30,2343,6,0.05346260492545529
983,20230712-3PM_680_30_2343_7,1.107,52.0,680,30,2343,7,0.0441476208787228
984,20230712-3PM_750_30_2343_0,0.912,52.0,750,30,2343,0,-0.04000516167158381
985,20230712-3PM_750_30_2343_1,0.871,52.0,750,30,2343,1,-0.059981844992336796
986,20230712-3PM_750_30_2343_2,1.027,52.0,750,30,2343,2,0.01157044359727816
987,20230712-3PM_750_30_2343_3,0.962,52.0,750,30,2343,3,-0.016824927962187056
988,20230712-3PM_750_30_2343_4,0.627,52.0,750,30,2343,4,-0.20273245916928356
989,20230712-3PM_750_30_2343_5,1.146,52.0,750,30,2343,5,0.05918461763137114
990,20230712-3PM_750_30_2343_6,0.665,52.0,750,30,2343,6,-0.17717835469689538
991,20230712-3PM_750_30_2343_7,0.687,52.0,750,30,2343,7,-0.16304326294044955
992,20230712-3PM_680_30_1952_0,1.388,52.0,680,30,1952,0,0.14238946611883607
993,20230712-3PM_680_30_1952_1,1.453,52.0,680,30,1952,1,0.16226561429802155
994,20230712-3PM_680_30_1952_2,1.557,52.0,680,30,1952,2,0.19228861256812027
995,20230712-3PM_680_30_1952_3,1.316,52.0,680,30,1952,3,0.1192558892779367
996,20230712-3PM_680_30_1952_4,1.488,52.0,680,30,1952,4,0.1726029312098599
997,20230712-3PM_680_30_1952_5,1.432,52.0,680,30,1952,5,0.15594301797183674
998,20230712-3PM_680_30_1952_6,1.601,52.0,680,30,1952,6,0.20439133191929973
999,20230712-3PM_680_30_1952_7,1.918,52.0,680,30,1952,7,0.2828486028346448
1000,20230712-3PM_750_30_1952_0,0.777,52.0,750,30,1952,0,-0.10957898119908573
1001,20230712-3PM_750_30_1952_1,0.791,52.0,750,30,1952,1,-0.10182351650232342
1002,20230712-3PM_750_30_1952_2,0.869,52.0,750,30,1952,2,-0.060980223551333534
1003,20230712-3PM_750_30_1952_3,0.893,52.0,750,30,1952,3,-0.049148541111453566
1004,20230712-3PM_750_30_1952_4,0.792,52.0,750,30,1952,4,-0.10127481841050648
1005,20230712-3PM_750_30_1952_5,0.818,52.0,750,30,1952,5,-0.08724669632867703
1006,20230712-3PM_750_30_1952_6,0.867,52.0,750,30,1952,6,-0.06198090252378971
1007,20230712-3PM_750_30_1952_7,0.956,52.0,750,30,1952,7,-0.019542107723899943
1008,20230712-3PM_680_30_2931_0,1.615,52.0,680,30,2931,0,0.2081725266671217
1009,20230712-3PM_680_30_2931_1,1.472,52.0,680,30,2931,1,0.16790781000148003
1010,20230712-3PM_680_30_2931_2,1.627,52.0,680,30,2931,2,0.2113875529368588
1011,20230712-3PM_680_30_2931_3,1.473,52.0,680,30,2931,3,0.16820274684263092
1012,20230712-3PM_680_30_2931_4,1.313,52.0,680,30,2931,4,0.11826472608947933
1013,20230712-3PM_680_30_2931_5,1.744,52.0,680,30,2931,5,0.2415464805965484
1014,20230712-3PM_680_30_2931_6,1.526,52.0,680,30,2931,6,0.18355453361886168
1015,20230712-3PM_680_30_2931_7,1.522,52.0,680,30,2931,7,0.18241465243455401
1016,20230712-3PM_750_30_2931_0,0.873,52.0,750,30,2931,0,-0.05898575629443027
1017,20230712-3PM_750_30_2931_1,0.821,52.0,750,30,2931,1,-0.08565684288055925
1018,20230712-3PM_750_30_2931_2,0.821,52.0,750,30,2931,2,-0.08565684288055925
1019,20230712-3PM_750_30_2931_3,0.824,52.0,750,30,2931,3,-0.08407278830288423
1020,20230712-3PM_750_30_2931_4,0.752,52.0,750,30,2931,4,-0.12378215940835775
1021,20230712-3PM_750_30_2931_5,0.869,52.0,750,30,2931,5,-0.060980223551333534
1022,20230712-3PM_750_30_2931_6,0.877,52.0,750,30,2931,6,-0.05700040663395948
1023,20230712-3PM_750_30_2931_7,0.979,52.0,750,30,2931,7,-0.009217308196862183
1024,20230712-3PM_680_30_JG5_0,1.388,52.0,680,30,JG5,0,0.14238946611883607
1025,20230712-3PM_680_30_JG5_1,1.073,52.0,680,30,JG5,1,0.030599721965951066
1026,20230712-3PM_680_30_JG5_2,0.724,52.0,680,30,JG5,2,-0.1402614338028531
1027,20230712-3PM_680_30_JG5_3,1.346,52.0,680,30,JG5,3,0.12904505988795806
1028,20230712-3PM_680_30_JG5_4,1.008,52.0,680,30,JG5,4,0.003460532109506489
1029,20230712-3PM_680_30_JG5_5,0.997,52.0,680,30,JG5,5,-0.0013048416883442813
1030,20230712-3PM_680_30_JG5_6,1.045,52.0,680,30,JG5,6,0.01911629044707278
1031,20230712-3PM_680_30_JG5_7,1.188,52.0,680,30,JG5,7,0.07481644064517472
1032,20230712-3PM_750_30_JG5_0,0.645,52.0,750,30,JG5,0,-0.19044028536473223
1033,20230712-3PM_750_30_JG5_1,0.521,52.0,750,30,JG5,1,-0.2831622767004755
1034,20230712-3PM_750_30_JG5_2,0.354,52.0,750,30,JG5,2,-0.4509967379742122
1035,20230712-3PM_750_30_JG5_3,0.653,52.0,750,30,JG5,3,-0.18508681872492605
1036,20230712-3PM_750_30_JG5_4,0.481,52.0,750,30,JG5,4,-0.31785492362616824
1037,20230712-3PM_750_30_JG5_5,0.469,52.0,750,30,JG5,5,-0.32882715728491674
1038,20230712-3PM_750_30_JG5_6,0.499,52.0,750,30,JG5,6,-0.3018994543766101
1039,20230712-3PM_750_30_JG5_7,0.538,52.0,750,30,JG5,7,-0.2692177243336108
1040,20230712-3PM_680_30_BMS_0,1.46,52.0,680,30,BMS,0,0.1643528557844371
1041,20230712-3PM_680_30_BMS_1,1.484,52.0,680,30,BMS,1,0.17143390094300825
1042,20230712-3PM_680_30_BMS_2,1.449,52.0,680,30,BMS,2,0.1610683854711746
1043,20230712-3PM_680_30_BMS_3,1.645,52.0,680,30,BMS,3,0.2161659022859931
1044,20230712-3PM_680_30_BMS_4,1.497,52.0,680,30,BMS,4,0.17522180034305238
1045,20230712-3PM_680_30_BMS_5,1.448,52.0,680,30,BMS,5,0.1607685618611281
1046,20230712-3PM_680_30_BMS_6,1.079,52.0,680,30,BMS,6,0.033021444682910656
1047,20230712-3PM_680_30_BMS_7,1.581,52.0,680,30,BMS,7,0.19893186993220904
1048,20230712-3PM_750_30_BMS_0,0.732,52.0,750,30,BMS,0,-0.13548891894160814
1049,20230712-3PM_750_30_BMS_1,0.77,52.0,750,30,BMS,1,-0.11350927482751812
1050,20230712-3PM_750_30_BMS_2,0.8,52.0,750,30,BMS,2,-0.09691001300805639
1051,20230712-3PM_750_30_BMS_3,0.82,52.0,750,30,BMS,3,-0.08618614761628333
1052,20230712-3PM_750_30_BMS_4,0.829,52.0,750,30,BMS,4,-0.08144546944972647
1053,20230712-3PM_750_30_BMS_5,0.837,52.0,750,30,BMS,5,-0.07727454200674003
1054,20230712-3PM_750_30_BMS_6,0.689,52.0,750,30,BMS,6,-0.1617807780923742
1055,20230712-3PM_750_30_BMS_7,0.784,52.0,750,30,BMS,7,-0.10568393731556154
1056,20230711-9AM_680_25_3059_0,0.231,22.0,680,25,3059,0,-0.6363880201078557
1057,20230711-9AM_680_25_3059_1,0.242,22.0,680,25,3059,1,-0.6161846340195687
1058,20230711-9AM_680_25_3059_2,0.583,22.0,680,25,3059,2,-0.23433144524098595
1059,20230711-9AM_680_25_3059_3,0.341,22.0,680,25,3059,3,-0.4672456210075022
1060,20230711-9AM_680_25_3059_4,0.549,22.0,680,25,3059,4,-0.26042765554990804
1061,20230711-9AM_680_25_3059_5,0.548,22.0,680,25,3059,5,-0.2612194415156308
1062,20230711-9AM_680_25_3059_6,0.458,22.0,680,25,3059,6,-0.3391345219961308
1063,20230711-9AM_680_25_3059_7,0.429,22.0,680,25,3059,7,-0.36754270781527576
1064,20230711-9AM_750_25_3059_0,0.141,22.0,750,25,3059,0,-0.8507808873446201
1065,20230711-9AM_750_25_3059_1,0.146,22.0,750,25,3059,1,-0.835647144215563
1066,20230711-9AM_750_25_3059_2,0.25,22.0,750,25,3059,2,-0.6020599913279624
1067,20230711-9AM_750_25_3059_3,0.195,22.0,750,25,3059,3,-0.7099653886374819
1068,20230711-9AM_750_25_3059_4,0.243,22.0,750,25,3059,4,-0.6143937264016879
1069,20230711-9AM_750_25_3059_5,0.229,22.0,750,25,3059,5,-0.640164517660112
1070,20230711-9AM_750_25_3059_6,0.207,22.0,750,25,3059,6,-0.6840296545430823
1071,20230711-9AM_750_25_3059_7,0.233,22.0,750,25,3059,7,-0.632644078973981
1072,20230711-9AM_680_25_1691_0,0.446,22.0,680,25,1691,0,-0.35066514128785814
1073,20230711-9AM_680_25_1691_1,0.512,22.0,680,25,1691,1,-0.2907300390241692
1074,20230711-9AM_680_25_1691_2,0.364,22.0,680,25,1691,2,-0.438898616350944
1075,20230711-9AM_680_25_1691_3,0.404,22.0,680,25,1691,3,-0.393618634889395
1076,20230711-9AM_680_25_1691_4,0.351,22.0,680,25,1691,4,-0.4546928835341759
1077,20230711-9AM_680_25_1691_5,0.352,22.0,680,25,1691,5,-0.453457336521869
1078,20230711-9AM_680_25_1691_6,0.263,22.0,680,25,1691,6,-0.5800442515102421
1079,20230711-9AM_680_25_1691_7,0.466,22.0,680,25,1691,7,-0.3316140833099998
1080,20230711-9AM_750_25_1691_0,0.259,22.0,750,25,1691,0,-0.5867002359187482
1081,20230711-9AM_750_25_1691_1,0.275,22.0,750,25,1691,1,-0.5606673061697374
1082,20230711-9AM_750_25_1691_2,0.2,22.0,750,25,1691,2,-0.6989700043360187
1083,20230711-9AM_750_25_1691_3,0.207,22.0,750,25,1691,3,-0.6840296545430823
1084,20230711-9AM_750_25_1691_4,0.216,22.0,750,25,1691,4,-0.6655462488490691
1085,20230711-9AM_750_25_1691_5,0.212,22.0,750,25,1691,5,-0.6736641390712486
1086,20230711-9AM_750_25_1691_6,0.211,22.0,750,25,1691,6,-0.6757175447023074
1087,20230711-9AM_750_25_1691_7,0.248,22.0,750,25,1691,7,-0.6055483191737837
1088,20230711-9AM_680_25_1690_0,0.361,22.0,680,25,1690,0,-0.4424927980943421
1089,20230711-9AM_680_25_1690_1,0.587,22.0,680,25,1690,1,-0.23136189875238555
1090,20230711-9AM_680_25_1690_2,0.253,22.0,680,25,1690,2,-0.5968794788241821
1091,20230711-9AM_680_25_1690_3,0.453,22.0,680,25,1690,3,-0.34390179798716813
1092,20230711-9AM_680_25_1690_4,0.376,22.0,680,25,1690,4,-0.42481215507233894
1093,20230711-9AM_680_25_1690_5,0.207,22.0,680,25,1690,5,-0.6840296545430823
1094,20230711-9AM_680_25_1690_6,0.3,22.0,680,25,1690,6,-0.5228787452803376
1095,20230711-9AM_680_25_1690_7,0.299,22.0,680,25,1690,7,-0.5243288116755703
1096,20230711-9AM_750_25_1690_0,0.215,22.0,750,25,1690,0,-0.6675615400843947
1097,20230711-9AM_750_25_1690_1,0.347,22.0,750,25,1690,1,-0.4596705252091263
1098,20230711-9AM_750_25_1690_2,0.149,22.0,750,25,1690,2,-0.826813731587726
1099,20230711-9AM_750_25_1690_3,0.246,22.0,750,25,1690,3,-0.6090648928966209
1100,20230711-9AM_750_25_1690_4,0.199,22.0,750,25,1690,4,-0.7011469235902933
1101,20230711-9AM_750_25_1690_5,0.137,22.0,750,25,1690,5,-0.8632794328435932
1102,20230711-9AM_750_25_1690_6,0.182,22.0,750,25,1690,6,-0.7399286120149252
1103,20230711-9AM_750_25_1690_7,0.186,22.0,750,25,1690,7,-0.7304870557820837
1104,20230711-9AM_680_25_2342_0,0.412,22.0,680,25,2342,0,-0.3851027839668654
1105,20230711-9AM_680_25_2342_1,0.337,22.0,680,25,2342,1,-0.47237009912866135
1106,20230711-9AM_680_25_2342_2,0.342,22.0,680,25,2342,2,-0.46597389394386496
1107,20230711-9AM_680_25_2342_3,0.276,22.0,680,25,2342,3,-0.5590909179347823
1108,20230711-9AM_680_25_2342_4,0.345,22.0,680,25,2342,4,-0.4621809049267259
1109,20230711-9AM_680_25_2342_5,0.401,22.0,680,25,2342,5,-0.39685562737981767
1110,20230711-9AM_680_25_2342_6,0.219,22.0,680,25,2342,6,-0.6595558851598816
1111,20230711-9AM_680_25_2342_7,0.393,22.0,680,25,2342,7,-0.4056074496245733
1112,20230711-9AM_750_25_2342_0,0.174,22.0,750,25,2342,0,-0.7594507517174003
1113,20230711-9AM_750_25_2342_1,0.207,22.0,750,25,2342,1,-0.6840296545430823
1114,20230711-9AM_750_25_2342_2,0.161,22.0,750,25,2342,2,-0.7931741239681502
1115,20230711-9AM_750_25_2342_3,0.181,22.0,750,25,2342,3,-0.7423214251308154
1116,20230711-9AM_750_25_2342_4,0.152,22.0,750,25,2342,4,-0.8181564120552275
1117,20230711-9AM_750_25_2342_5,0.178,22.0,750,25,2342,5,-0.7495799976911061
1118,20230711-9AM_750_25_2342_6,0.121,22.0,750,25,2342,6,-0.9172146296835499
1119,20230711-9AM_750_25_2342_7,0.187,22.0,750,25,2342,7,-0.7281583934635011
1120,20230711-9AM_680_25_4532_0,0.385,22.0,680,25,4532,0,-0.4145392704914993
1121,20230711-9AM_680_25_4532_1,0.352,22.0,680,25,4532,1,-0.453457336521869
1122,20230711-9AM_680_25_4532_2,0.287,22.0,680,25,4532,2,-0.5421181032660077
1123,20230711-9AM_680_25_4532_3,0.362,22.0,680,25,4532,3,-0.4412914294668343
1124,20230711-9AM_680_25_4532_4,0.581,22.0,680,25,4532,4,-0.2358238676096693
1125,20230711-9AM_680_25_4532_5,0.385,22.0,680,25,4532,5,-0.4145392704914993
1126,20230711-9AM_680_25_4532_6,0.492,22.0,680,25,4532,6,-0.30803489723263966
1127,20230711-9AM_680_25_4532_7,0.902,22.0,680,25,4532,7,-0.04479346245805826
1128,20230711-9AM_750_25_4532_0,0.199,22.0,750,25,4532,0,-0.7011469235902933
1129,20230711-9AM_750_25_4532_1,0.191,22.0,750,25,4532,1,-0.7189666327522725
1130,20230711-9AM_750_25_4532_2,0.136,22.0,750,25,4532,2,-0.8664610916297825
1131,20230711-9AM_750_25_4532_3,0.188,22.0,750,25,4532,3,-0.7258421507363202
1132,20230711-9AM_750_25_4532_4,0.277,22.0,750,25,4532,4,-0.5575202309355514
1133,20230711-9AM_750_25_4532_5,0.189,22.0,750,25,4532,5,-0.7235381958267558
1134,20230711-9AM_750_25_4532_6,0.203,22.0,750,25,4532,6,-0.6925039620867871
1135,20230711-9AM_750_25_4532_7,0.292,22.0,750,25,4532,7,-0.5346171485515817
1136,20230711-9AM_680_25_2344_0,0.253,22.0,680,25,2344,0,-0.5968794788241821
1137,20230711-9AM_680_25_2344_1,0.334,22.0,680,25,2344,1,-0.4762535331884355
1138,20230711-9AM_680_25_2344_2,0.234,22.0,680,25,2344,2,-0.6307841425898572
1139,20230711-9AM_680_25_2344_3,0.302,22.0,680,25,2344,3,-0.5199930570428494
1140,20230711-9AM_680_25_2344_4,0.113,22.0,680,25,2344,4,-0.9469215565165803
1141,20230711-9AM_680_25_2344_5,0.357,22.0,680,25,2344,5,-0.4473317838878068
1142,20230711-9AM_680_25_2344_6,0.279,22.0,680,25,2344,6,-0.5543957967264024
1143,20230711-9AM_680_25_2344_7,0.273,22.0,680,25,2344,7,-0.563837352959244
1144,20230711-9AM_750_25_2344_0,0.162,22.0,750,25,2344,0,-0.790484985457369
1145,20230711-9AM_750_25_2344_1,0.218,22.0,750,25,2344,1,-0.6615435063953952
1146,20230711-9AM_750_25_2344_2,0.152,22.0,750,25,2344,2,-0.8181564120552275
1147,20230711-9AM_750_25_2344_3,0.175,22.0,750,25,2344,3,-0.7569619513137056
1148,20230711-9AM_750_25_2344_4,0.091,22.0,750,25,2344,4,-1.0409586076789064
1149,20230711-9AM_750_25_2344_5,0.227,22.0,750,25,2344,5,-0.6439741428068773
1150,20230711-9AM_750_25_2344_6,0.162,22.0,750,25,2344,6,-0.790484985457369
1151,20230711-9AM_750_25_2344_7,0.166,22.0,750,25,2344,7,-0.7798919119599449
1152,20230711-9AM_680_25_2343_0,0.45,22.0,680,25,2343,0,-0.3467874862246563
1153,20230711-9AM_680_25_2343_1,0.381,22.0,680,25,2343,1,-0.4190750243243807
1154,20230711-9AM_680_25_2343_2,0.442,22.0,680,25,2343,2,-0.3545777306509081
1155,20230711-9AM_680_25_2343_3,0.508,22.0,680,25,2343,3,-0.29413628771608075
1156,20230711-9AM_680_25_2343_4,0.626,22.0,680,25,2343,4,-0.20342566678957033
1157,20230711-9AM_680_25_2343_5,0.288,22.0,680,25,2343,5,-0.5406075122407692
1158,20230711-9AM_680_25_2343_6,0.409,22.0,680,25,2343,6,-0.38827669199265824
1159,20230711-9AM_680_25_2343_7,0.23,22.0,680,25,2343,7,-0.638272163982407
1160,20230711-9AM_750_25_2343_0,0.291,22.0,750,25,2343,0,-0.5361070110140927
1161,20230711-9AM_750_25_2343_1,0.238,22.0,750,25,2343,1,-0.623423042943488
1162,20230711-9AM_750_25_2343_2,0.264,22.0,750,25,2343,2,-0.5783960731301689
1163,20230711-9AM_750_25_2343_3,0.295,22.0,750,25,2343,3,-0.530177984021837
1164,20230711-9AM_750_25_2343_4,0.343,22.0,750,25,2343,4,-0.46470587995722945
1165,20230711-9AM_750_25_2343_5,0.187,22.0,750,25,2343,5,-0.7281583934635011
1166,20230711-9AM_750_25_2343_6,0.216,22.0,750,25,2343,6,-0.6655462488490691
1167,20230711-9AM_750_25_2343_7,0.152,22.0,750,25,2343,7,-0.8181564120552275
1168,20230711-9AM_680_25_1952_0,0.202,22.0,680,25,1952,0,-0.6946486305533762
1169,20230711-9AM_680_25_1952_1,0.239,22.0,680,25,1952,1,-0.6216020990518624
1170,20230711-9AM_680_25_1952_2,0.281,22.0,680,25,1952,2,-0.5512936800949201
1171,20230711-9AM_680_25_1952_3,0.328,22.0,680,25,1952,3,-0.4841261562883209
1172,20230711-9AM_680_25_1952_4,0.231,22.0,680,25,1952,4,-0.6363880201078557
1173,20230711-9AM_680_25_1952_5,0.15,22.0,680,25,1952,5,-0.8239087409443188
1174,20230711-9AM_680_25_1952_6,0.288,22.0,680,25,1952,6,-0.5406075122407692
1175,20230711-9AM_680_25_1952_7,0.265,22.0,680,25,1952,7,-0.5767541260631921
1176,20230711-9AM_750_25_1952_0,0.137,22.0,750,25,1952,0,-0.8632794328435932
1177,20230711-9AM_750_25_1952_1,0.161,22.0,750,25,1952,1,-0.7931741239681502
1178,20230711-9AM_750_25_1952_2,0.181,22.0,750,25,1952,2,-0.7423214251308154
1179,20230711-9AM_750_25_1952_3,0.202,22.0,750,25,1952,3,-0.6946486305533762
1180,20230711-9AM_750_25_1952_4,0.162,22.0,750,25,1952,4,-0.790484985457369
1181,20230711-9AM_750_25_1952_5,0.108,22.0,750,25,1952,5,-0.9665762445130504
1182,20230711-9AM_750_25_1952_6,0.185,22.0,750,25,1952,6,-0.7328282715969862
1183,20230711-9AM_750_25_1952_7,0.17,22.0,750,25,1952,7,-0.769551078621726
1184,20230711-9AM_680_25_2931_0,0.199,22.0,680,25,2931,0,-0.7011469235902933
1185,20230711-9AM_680_25_2931_1,0.134,22.0,680,25,2931,1,-0.8728952016351923
1186,20230711-9AM_680_25_2931_2,0.227,22.0,680,25,2931,2,-0.6439741428068773
1187,20230711-9AM_680_25_2931_3,0.158,22.0,680,25,2931,3,-0.8013429130455774
1188,20230711-9AM_680_25_2931_4,0.237,22.0,680,25,2931,4,-0.6252516539898961
1189,20230711-9AM_680_25_2931_5,0.227,22.0,680,25,2931,5,-0.6439741428068773
1190,20230711-9AM_680_25_2931_6,0.309,22.0,680,25,2931,6,-0.5100415205751654
1191,20230711-9AM_680_25_2931_7,0.316,22.0,680,25,2931,7,-0.5003129173815962
1192,20230711-9AM_750_25_2931_0,0.129,22.0,750,25,2931,0,-0.889410289700751
1193,20230711-9AM_750_25_2931_1,0.095,22.0,750,25,2931,1,-1.0222763947111522
1194,20230711-9AM_750_25_2931_2,0.143,22.0,750,25,2931,2,-0.8446639625349383
1195,20230711-9AM_750_25_2931_3,0.105,22.0,750,25,2931,3,-0.978810700930062
1196,20230711-9AM_750_25_2931_4,0.141,22.0,750,25,2931,4,-0.8507808873446201
1197,20230711-9AM_750_25_2931_5,0.148,22.0,750,25,2931,5,-0.8297382846050426
1198,20230711-9AM_750_25_2931_6,0.186,22.0,750,25,2931,6,-0.7304870557820837
1199,20230711-9AM_750_25_2931_7,0.197,22.0,750,25,2931,7,-0.7055337738384071
1200,20230711-9AM_680_25_JG5_0,0.103,22.0,680,25,JG5,0,-0.9871627752948278
1201,20230711-9AM_680_25_JG5_1,0.371,22.0,680,25,JG5,1,-0.43062609038495414
1202,20230711-9AM_680_25_JG5_2,0.075,22.0,680,25,JG5,2,-1.1249387366083
1203,20230711-9AM_680_25_JG5_3,0.445,22.0,680,25,JG5,3,-0.3516399890190684
1204,20230711-9AM_680_25_JG5_4,0.119,22.0,680,25,JG5,4,-0.9244530386074693
1205,20230711-9AM_680_25_JG5_5,0.346,22.0,680,25,JG5,5,-0.46092390120722343
1206,20230711-9AM_680_25_JG5_6,0.118,22.0,680,25,JG5,6,-0.9281179926938746
1207,20230711-9AM_680_25_JG5_7,0.05,22.0,680,25,JG5,7,-1.3010299956639813
1208,20230711-9AM_750_25_JG5_0,0.08,22.0,750,25,JG5,0,-1.0969100130080565
1209,20230711-9AM_750_25_JG5_1,0.197,22.0,750,25,JG5,1,-0.7055337738384071
1210,20230711-9AM_750_25_JG5_2,0.067,22.0,750,25,JG5,2,-1.1739251972991736
1211,20230711-9AM_750_25_JG5_3,0.252,22.0,750,25,JG5,3,-0.5985994592184559
1212,20230711-9AM_750_25_JG5_4,0.088,22.0,750,25,JG5,4,-1.0555173278498313
1213,20230711-9AM_750_25_JG5_5,0.191,22.0,750,25,JG5,5,-0.7189666327522725
1214,20230711-9AM_750_25_JG5_6,0.087,22.0,750,25,JG5,6,-1.0604807473813815
1215,20230711-9AM_750_25_JG5_7,0.062,22.0,750,25,JG5,7,-1.207608310501746
1216,20230711-9AM_680_25_BMS_0,0.482,22.0,680,25,BMS,0,-0.31695296176115045
1217,20230711-9AM_680_25_BMS_1,0.493,22.0,680,25,BMS,1,-0.30715308072277
1218,20230711-9AM_680_25_BMS_2,0.615,22.0,680,25,BMS,2,-0.21112488422458328
1219,20230711-9AM_680_25_BMS_3,0.424,22.0,680,25,BMS,3,-0.37263414340726736
1220,20230711-9AM_680_25_BMS_4,0.389,22.0,680,25,BMS,4,-0.41005039867429227
1221,20230711-9AM_680_25_BMS_5,0.535,22.0,680,25,BMS,5,-0.27164621797877153
1222,20230711-9AM_680_25_BMS_6,0.468,22.0,680,25,BMS,6,-0.32975414692587596
1223,20230711-9AM_680_25_BMS_7,0.49,22.0,680,25,BMS,7,-0.3098039199714863
1224,20230711-9AM_750_25_BMS_0,0.278,22.0,750,25,BMS,0,-0.5559552040819237
1225,20230711-9AM_750_25_BMS_1,0.285,22.0,750,25,BMS,1,-0.5451551399914898
1226,20230711-9AM_750_25_BMS_2,0.351,22.0,750,25,BMS,2,-0.4546928835341759
1227,20230711-9AM_750_25_BMS_3,0.245,22.0,750,25,BMS,3,-0.6108339156354675
1228,20230711-9AM_750_25_BMS_4,0.23,22.0,750,25,BMS,4,-0.638272163982407
1229,20230711-9AM_750_25_BMS_5,0.303,22.0,750,25,BMS,5,-0.518557371497695
1230,20230711-9AM_750_25_BMS_6,0.272,22.0,750,25,BMS,6,-0.5654310959658012
1231,20230711-9AM_750_25_BMS_7,0.283,22.0,750,25,BMS,7,-0.5482135644757098
1232,20230711-9AM_680_20_3059_0,0.2,22.0,680,20,3059,0,-0.6989700043360187
1233,20230711-9AM_680_20_3059_1,0.224,22.0,680,20,3059,1,-0.6497519816658371
1234,20230711-9AM_680_20_3059_2,0.31,22.0,680,20,3059,2,-0.5086383061657274
1235,20230711-9AM_680_20_3059_3,0.184,22.0,680,20,3059,3,-0.7351821769904635
1236,20230711-9AM_680_20_3059_4,0.371,22.0,680,20,3059,4,-0.43062609038495414
1237,20230711-9AM_680_20_3059_5,0.419,22.0,680,20,3059,5,-0.3777859770337047
1238,20230711-9AM_680_20_3059_6,0.27,22.0,680,20,3059,6,-0.5686362358410126
1239,20230711-9AM_680_20_3059_7,0.252,22.0,680,20,3059,7,-0.5985994592184559
1240,20230711-9AM_750_20_3059_0,0.127,22.0,750,20,3059,0,-0.8961962790440431
1241,20230711-9AM_750_20_3059_1,0.14,22.0,750,20,3059,1,-0.8538719643217619
1242,20230711-9AM_750_20_3059_2,0.175,22.0,750,20,3059,2,-0.7569619513137056
1243,20230711-9AM_750_20_3059_3,0.116,22.0,750,20,3059,3,-0.9355420107730815
1244,20230711-9AM_750_20_3059_4,0.199,22.0,750,20,3059,4,-0.7011469235902933
1245,20230711-9AM_750_20_3059_5,0.217,22.0,750,20,3059,5,-0.6635402661514705
1246,20230711-9AM_750_20_3059_6,0.156,22.0,750,20,3059,6,-0.8068754016455384
1247,20230711-9AM_750_20_3059_7,0.152,22.0,750,20,3059,7,-0.8181564120552275
1248,20230711-9AM_680_20_1691_0,0.485,22.0,680,20,1691,0,-0.3142582613977364
1249,20230711-9AM_680_20_1691_1,0.544,22.0,680,20,1691,1,-0.26440110030182007
1250,20230711-9AM_680_20_1691_2,0.435,22.0,680,20,1691,2,-0.3615107430453627
1251,20230711-9AM_680_20_1691_3,0.476,22.0,680,20,1691,3,-0.32239304727950685
1252,20230711-9AM_680_20_1691_4,0.434,22.0,680,20,1691,4,-0.3625102704874893
1253,20230711-9AM_680_20_1691_5,0.438,22.0,680,20,1691,5,-0.3585258894959005
1254,20230711-9AM_680_20_1691_6,0.351,22.0,680,20,1691,6,-0.4546928835341759
1255,20230711-9AM_680_20_1691_7,0.422,22.0,680,20,1691,7,-0.37468754903832613
1256,20230711-9AM_750_20_1691_0,0.267,22.0,750,20,1691,0,-0.5734887386354247
1257,20230711-9AM_750_20_1691_1,0.287,22.0,750,20,1691,1,-0.5421181032660077
1258,20230711-9AM_750_20_1691_2,0.238,22.0,750,20,1691,2,-0.623423042943488
1259,20230711-9AM_750_20_1691_3,0.259,22.0,750,20,1691,3,-0.5867002359187482
1260,20230711-9AM_750_20_1691_4,0.248,22.0,750,20,1691,4,-0.6055483191737837
1261,20230711-9AM_750_20_1691_5,0.246,22.0,750,20,1691,5,-0.6090648928966209
1262,20230711-9AM_750_20_1691_6,0.201,22.0,750,20,1691,6,-0.6968039425795111
1263,20230711-9AM_750_20_1691_7,0.239,22.0,750,20,1691,7,-0.6216020990518624
1264,20230711-9AM_680_20_1690_0,0.209,22.0,680,20,1690,0,-0.679853713888946
1265,20230711-9AM_680_20_1690_1,0.429,22.0,680,20,1690,1,-0.36754270781527576
1266,20230711-9AM_680_20_1690_2,0.235,22.0,680,20,1690,2,-0.6289321377282637
1267,20230711-9AM_680_20_1690_3,0.338,22.0,680,20,1690,3,-0.47108329972234525
1268,20230711-9AM_680_20_1690_4,0.273,22.0,680,20,1690,4,-0.563837352959244
1269,20230711-9AM_680_20_1690_5,0.175,22.0,680,20,1690,5,-0.7569619513137056
1270,20230711-9AM_680_20_1690_6,0.203,22.0,680,20,1690,6,-0.6925039620867871
1271,20230711-9AM_680_20_1690_7,0.175,22.0,680,20,1690,7,-0.7569619513137056
1272,20230711-9AM_750_20_1690_0,0.143,22.0,750,20,1690,0,-0.8446639625349383
1273,20230711-9AM_750_20_1690_1,0.249,22.0,750,20,1690,1,-0.6038006529042637
1274,20230711-9AM_750_20_1690_2,0.157,22.0,750,20,1690,2,-0.8041003475907662
1275,20230711-9AM_750_20_1690_3,0.191,22.0,750,20,1690,3,-0.7189666327522725
1276,20230711-9AM_750_20_1690_4,0.155,22.0,750,20,1690,4,-0.8096683018297085
1277,20230711-9AM_750_20_1690_5,0.118,22.0,750,20,1690,5,-0.9281179926938746
1278,20230711-9AM_750_20_1690_6,0.133,22.0,750,20,1690,6,-0.8761483590329142
1279,20230711-9AM_750_20_1690_7,0.119,22.0,750,20,1690,7,-0.9244530386074693
1280,20230711-9AM_680_20_2342_0,0.202,22.0,680,20,2342,0,-0.6946486305533762
1281,20230711-9AM_680_20_2342_1,0.166,22.0,680,20,2342,1,-0.7798919119599449
1282,20230711-9AM_680_20_2342_2,0.232,22.0,680,20,2342,2,-0.6345120151091003
1283,20230711-9AM_680_20_2342_3,0.136,22.0,680,20,2342,3,-0.8664610916297825
1284,20230711-9AM_680_20_2342_4,0.186,22.0,680,20,2342,4,-0.7304870557820837
1285,20230711-9AM_680_20_2342_5,0.221,22.0,680,20,2342,5,-0.6556077263148893
1286,20230711-9AM_680_20_2342_6,0.153,22.0,680,20,2342,6,-0.8153085691824012
1287,20230711-9AM_680_20_2342_7,0.19,22.0,680,20,2342,7,-0.721246399047171
1288,20230711-9AM_750_20_2342_0,0.126,22.0,750,20,2342,0,-0.8996294548824371
1289,20230711-9AM_750_20_2342_1,0.111,22.0,750,20,2342,1,-0.9546770212133425
1290,20230711-9AM_750_20_2342_2,0.124,22.0,750,20,2342,2,-0.906578314837765
1291,20230711-9AM_750_20_2342_3,0.089,22.0,750,20,2342,3,-1.0506099933550872
1292,20230711-9AM_750_20_2342_4,0.124,22.0,750,20,2342,4,-0.906578314837765
1293,20230711-9AM_750_20_2342_5,0.137,22.0,750,20,2342,5,-0.8632794328435932
1294,20230711-9AM_750_20_2342_6,0.094,22.0,750,20,2342,6,-1.0268721464003014
1295,20230711-9AM_750_20_2342_7,0.116,22.0,750,20,2342,7,-0.9355420107730815
1296,20230711-9AM_680_20_4532_0,0.189,22.0,680,20,4532,0,-0.7235381958267558
1297,20230711-9AM_680_20_4532_1,0.211,22.0,680,20,4532,1,-0.6757175447023074
1298,20230711-9AM_680_20_4532_2,0.162,22.0,680,20,4532,2,-0.790484985457369
1299,20230711-9AM_680_20_4532_3,0.25,22.0,680,20,4532,3,-0.6020599913279624
1300,20230711-9AM_680_20_4532_4,0.2,22.0,680,20,4532,4,-0.6989700043360187
1301,20230711-9AM_680_20_4532_5,0.374,22.0,680,20,4532,5,-0.42712839779951983
1302,20230711-9AM_680_20_4532_6,0.227,22.0,680,20,4532,6,-0.6439741428068773
1303,20230711-9AM_680_20_4532_7,0.208,22.0,680,20,4532,7,-0.6819366650372385
1304,20230711-9AM_750_20_4532_0,0.118,22.0,750,20,4532,0,-0.9281179926938746
1305,20230711-9AM_750_20_4532_1,0.12,22.0,750,20,4532,1,-0.9208187539523752
1306,20230711-9AM_750_20_4532_2,0.092,22.0,750,20,4532,2,-1.0362121726544447
1307,20230711-9AM_750_20_4532_3,0.126,22.0,750,20,4532,3,-0.8996294548824371
1308,20230711-9AM_750_20_4532_4,0.111,22.0,750,20,4532,4,-0.9546770212133425
1309,20230711-9AM_750_20_4532_5,0.169,22.0,750,20,4532,5,-0.7721132953863264
1310,20230711-9AM_750_20_4532_6,0.121,22.0,750,20,4532,6,-0.9172146296835499
1311,20230711-9AM_750_20_4532_7,0.115,22.0,750,20,4532,7,-0.9393021596463883
1312,20230711-9AM_680_20_2344_0,0.262,22.0,680,20,2344,0,-0.5816987086802545
1313,20230711-9AM_680_20_2344_1,0.282,22.0,680,20,2344,1,-0.549750891680639
1314,20230711-9AM_680_20_2344_2,0.201,22.0,680,20,2344,2,-0.6968039425795111
1315,20230711-9AM_680_20_2344_3,0.232,22.0,680,20,2344,3,-0.6345120151091003
1316,20230711-9AM_680_20_2344_4,0.105,22.0,680,20,2344,4,-0.978810700930062
1317,20230711-9AM_680_20_2344_5,0.168,22.0,680,20,2344,5,-0.7746907182741372
1318,20230711-9AM_680_20_2344_6,0.2,22.0,680,20,2344,6,-0.6989700043360187
1319,20230711-9AM_680_20_2344_7,0.205,22.0,680,20,2344,7,-0.6882461389442457
1320,20230711-9AM_750_20_2344_0,0.164,22.0,750,20,2344,0,-0.7851561519523022
1321,20230711-9AM_750_20_2344_1,0.177,22.0,750,20,2344,1,-0.7520267336381934
1322,20230711-9AM_750_20_2344_2,0.129,22.0,750,20,2344,2,-0.889410289700751
1323,20230711-9AM_750_20_2344_3,0.137,22.0,750,20,2344,3,-0.8632794328435932
1324,20230711-9AM_750_20_2344_4,0.085,22.0,750,20,2344,4,-1.0705810742857071
1325,20230711-9AM_750_20_2344_5,0.118,22.0,750,20,2344,5,-0.9281179926938746
1326,20230711-9AM_750_20_2344_6,0.123,22.0,750,20,2344,6,-0.9100948885606021
1327,20230711-9AM_750_20_2344_7,0.131,22.0,750,20,2344,7,-0.8827287043442357
1328,20230711-9AM_680_20_2343_0,0.298,22.0,680,20,2343,0,-0.5257837359237448
1329,20230711-9AM_680_20_2343_1,0.345,22.0,680,20,2343,1,-0.4621809049267259
1330,20230711-9AM_680_20_2343_2,0.262,22.0,680,20,2343,2,-0.5816987086802545
1331,20230711-9AM_680_20_2343_3,0.452,22.0,680,20,2343,3,-0.3448615651886179
1332,20230711-9AM_680_20_2343_4,0.299,22.0,680,20,2343,4,-0.5243288116755703
1333,20230711-9AM_680_20_2343_5,0.178,22.0,680,20,2343,5,-0.7495799976911061
1334,20230711-9AM_680_20_2343_6,0.23,22.0,680,20,2343,6,-0.638272163982407
1335,20230711-9AM_680_20_2343_7,0.17,22.0,680,20,2343,7,-0.769551078621726
1336,20230711-9AM_750_20_2343_0,0.174,22.0,750,20,2343,0,-0.7594507517174003
1337,20230711-9AM_750_20_2343_1,0.202,22.0,750,20,2343,1,-0.6946486305533762
1338,20230711-9AM_750_20_2343_2,0.155,22.0,750,20,2343,2,-0.8096683018297085
1339,20230711-9AM_750_20_2343_3,0.251,22.0,750,20,2343,3,-0.6003262785189618
1340,20230711-9AM_750_20_2343_4,0.167,22.0,750,20,2343,4,-0.7772835288524167
1341,20230711-9AM_750_20_2343_5,0.116,22.0,750,20,2343,5,-0.9355420107730815
1342,20230711-9AM_750_20_2343_6,0.148,22.0,750,20,2343,6,-0.8297382846050426
1343,20230711-9AM_750_20_2343_7,0.114,22.0,750,20,2343,7,-0.9430951486635274
1344,20230711-9AM_680_20_1952_0,0.215,22.0,680,20,1952,0,-0.6675615400843947
1345,20230711-9AM_680_20_1952_1,0.264,22.0,680,20,1952,1,-0.5783960731301689
1346,20230711-9AM_680_20_1952_2,0.222,22.0,680,20,1952,2,-0.6536470255493614
1347,20230711-9AM_680_20_1952_3,0.229,22.0,680,20,1952,3,-0.640164517660112
1348,20230711-9AM_680_20_1952_4,0.177,22.0,680,20,1952,4,-0.7520267336381934
1349,20230711-9AM_680_20_1952_5,0.194,22.0,680,20,1952,5,-0.712198270069774
1350,20230711-9AM_680_20_1952_6,0.192,22.0,680,20,1952,6,-0.7166987712964504
1351,20230711-9AM_680_20_1952_7,0.208,22.0,680,20,1952,7,-0.6819366650372385
1352,20230711-9AM_750_20_1952_0,0.141,22.0,750,20,1952,0,-0.8507808873446201
1353,20230711-9AM_750_20_1952_1,0.17,22.0,750,20,1952,1,-0.769551078621726
1354,20230711-9AM_750_20_1952_2,0.144,22.0,750,20,1952,2,-0.8416375079047503
1355,20230711-9AM_750_20_1952_3,0.144,22.0,750,20,1952,3,-0.8416375079047503
1356,20230711-9AM_750_20_1952_4,0.126,22.0,750,20,1952,4,-0.8996294548824371
1357,20230711-9AM_750_20_1952_5,0.129,22.0,750,20,1952,5,-0.889410289700751
1358,20230711-9AM_750_20_1952_6,0.13,22.0,750,20,1952,6,-0.8860566476931632
1359,20230711-9AM_750_20_1952_7,0.138,22.0,750,20,1952,7,-0.8601209135987634
1360,20230711-9AM_680_20_2931_0,0.193,22.0,680,20,2931,0,-0.7144426909922262
1361,20230711-9AM_680_20_2931_1,0.117,22.0,680,20,2931,1,-0.9318141382538383
1362,20230711-9AM_680_20_2931_2,0.184,22.0,680,20,2931,2,-0.7351821769904635
1363,20230711-9AM_680_20_2931_3,0.12,22.0,680,20,2931,3,-0.9208187539523752
1364,20230711-9AM_680_20_2931_4,0.206,22.0,680,20,2931,4,-0.6861327796308466
1365,20230711-9AM_680_20_2931_5,0.17,22.0,680,20,2931,5,-0.769551078621726
1366,20230711-9AM_680_20_2931_6,0.19,22.0,680,20,2931,6,-0.721246399047171
1367,20230711-9AM_680_20_2931_7,0.28,22.0,680,20,2931,7,-0.5528419686577808
1368,20230711-9AM_750_20_2931_0,0.121,22.0,750,20,2931,0,-0.9172146296835499
1369,20230711-9AM_750_20_2931_1,0.085,22.0,750,20,2931,1,-1.0705810742857071
1370,20230711-9AM_750_20_2931_2,0.116,22.0,750,20,2931,2,-0.9355420107730815
1371,20230711-9AM_750_20_2931_3,0.086,22.0,750,20,2931,3,-1.0655015487564323
1372,20230711-9AM_750_20_2931_4,0.129,22.0,750,20,2931,4,-0.889410289700751
1373,20230711-9AM_750_20_2931_5,0.112,22.0,750,20,2931,5,-0.9507819773298184
1374,20230711-9AM_750_20_2931_6,0.122,22.0,750,20,2931,6,-0.9136401693252518
1375,20230711-9AM_750_20_2931_7,0.161,22.0,750,20,2931,7,-0.7931741239681502
1376,20230711-9AM_680_20_JG5_0,0.2,22.0,680,20,JG5,0,-0.6989700043360187
1377,20230711-9AM_680_20_JG5_1,0.34,22.0,680,20,JG5,1,-0.46852108295774486
1378,20230711-9AM_680_20_JG5_2,0.149,22.0,680,20,JG5,2,-0.826813731587726
1379,20230711-9AM_680_20_JG5_3,0.11,22.0,680,20,JG5,3,-0.958607314841775
1380,20230711-9AM_680_20_JG5_4,0.185,22.0,680,20,JG5,4,-0.7328282715969862
1381,20230711-9AM_680_20_JG5_5,0.162,22.0,680,20,JG5,5,-0.790484985457369
1382,20230711-9AM_680_20_JG5_6,0.063,22.0,680,20,JG5,6,-1.2006594505464183
1383,20230711-9AM_680_20_JG5_7,0.038,22.0,680,20,JG5,7,-1.4202164033831899
1384,20230711-9AM_750_20_JG5_0,0.13,22.0,750,20,JG5,0,-0.8860566476931632
1385,20230711-9AM_750_20_JG5_1,0.192,22.0,750,20,JG5,1,-0.7166987712964504
1386,20230711-9AM_750_20_JG5_2,0.116,22.0,750,20,JG5,2,-0.9355420107730815
1387,20230711-9AM_750_20_JG5_3,0.085,22.0,750,20,JG5,3,-1.0705810742857071
1388,20230711-9AM_750_20_JG5_4,0.125,22.0,750,20,JG5,4,-0.9030899869919435
1389,20230711-9AM_750_20_JG5_5,0.115,22.0,750,20,JG5,5,-0.9393021596463883
1390,20230711-9AM_750_20_JG5_6,0.06,22.0,750,20,JG5,6,-1.2218487496163564
1391,20230711-9AM_750_20_JG5_7,0.042,22.0,750,20,JG5,7,-1.3767507096020994
1392,20230711-9AM_680_20_BMS_0,0.22,22.0,680,20,BMS,0,-0.6575773191777937
1393,20230711-9AM_680_20_BMS_1,0.332,22.0,680,20,BMS,1,-0.4788619162959637
1394,20230711-9AM_680_20_BMS_2,0.252,22.0,680,20,BMS,2,-0.5985994592184559
1395,20230711-9AM_680_20_BMS_3,0.294,22.0,680,20,BMS,3,-0.5316526695878427
1396,20230711-9AM_680_20_BMS_4,0.226,22.0,680,20,BMS,4,-0.645891560852599
1397,20230711-9AM_680_20_BMS_5,0.261,22.0,680,20,BMS,5,-0.583359492661719
1398,20230711-9AM_680_20_BMS_6,0.242,22.0,680,20,BMS,6,-0.6161846340195687
1399,20230711-9AM_680_20_BMS_7,0.224,22.0,680,20,BMS,7,-0.6497519816658371
1400,20230711-9AM_750_20_BMS_0,0.141,22.0,750,20,BMS,0,-0.8507808873446201
1401,20230711-9AM_750_20_BMS_1,0.195,22.0,750,20,BMS,1,-0.7099653886374819
1402,20230711-9AM_750_20_BMS_2,0.156,22.0,750,20,BMS,2,-0.8068754016455384
1403,20230711-9AM_750_20_BMS_3,0.176,22.0,750,20,BMS,3,-0.7544873321858502
1404,20230711-9AM_750_20_BMS_4,0.144,22.0,750,20,BMS,4,-0.8416375079047503
1405,20230711-9AM_750_20_BMS_5,0.156,22.0,750,20,BMS,5,-0.8068754016455384
1406,20230711-9AM_750_20_BMS_6,0.15,22.0,750,20,BMS,6,-0.8239087409443188
1407,20230711-9AM_750_20_BMS_7,0.143,22.0,750,20,BMS,7,-0.8446639625349383
1408,20230711-9AM_680_30_3059_0,0.218,22.0,680,30,3059,0,-0.6615435063953952
1409,20230711-9AM_680_30_3059_1,0.353,22.0,680,30,3059,1,-0.4522252946121775
1410,20230711-9AM_680_30_3059_2,0.861,22.0,680,30,3059,2,-0.06499684854634524
1411,20230711-9AM_680_30_3059_3,0.454,22.0,680,30,3059,3,-0.34294414714289606
1412,20230711-9AM_680_30_3059_4,0.709,22.0,680,30,3059,4,-0.1493537648169335
1413,20230711-9AM_680_30_3059_5,0.818,22.0,680,30,3059,5,-0.08724669632867703
1414,20230711-9AM_680_30_3059_6,0.731,22.0,680,30,3059,6,-0.13608262304213956
1415,20230711-9AM_680_30_3059_7,0.634,22.0,680,30,3059,7,-0.1979107421182673
1416,20230711-9AM_750_30_3059_0,0.135,22.0,750,30,3059,0,-0.8696662315049939
1417,20230711-9AM_750_30_3059_1,0.194,22.0,750,30,3059,1,-0.712198270069774
1418,20230711-9AM_750_30_3059_2,0.322,22.0,750,30,3059,2,-0.4921441283041691
1419,20230711-9AM_750_30_3059_3,0.221,22.0,750,30,3059,3,-0.6556077263148893
1420,20230711-9AM_750_30_3059_4,0.306,22.0,750,30,3059,4,-0.51427857351842
1421,20230711-9AM_750_30_3059_5,0.343,22.0,750,30,3059,5,-0.46470587995722945
1422,20230711-9AM_750_30_3059_6,0.292,22.0,750,30,3059,6,-0.5346171485515817
1423,20230711-9AM_750_30_3059_7,0.313,22.0,750,30,3059,7,-0.5044556624535516
1424,20230711-9AM_680_30_1691_0,0.622,22.0,680,30,1691,0,-0.2062096153091813
1425,20230711-9AM_680_30_1691_1,0.718,22.0,680,30,1691,1,-0.14387555575769967
1426,20230711-9AM_680_30_1691_2,0.375,22.0,680,30,1691,2,-0.42596873227228116
1427,20230711-9AM_680_30_1691_3,0.544,22.0,680,30,1691,3,-0.26440110030182007
1428,20230711-9AM_680_30_1691_4,0.414,22.0,680,30,1691,4,-0.3829996588791011
1429,20230711-9AM_680_30_1691_5,0.481,22.0,680,30,1691,5,-0.31785492362616824
1430,20230711-9AM_680_30_1691_6,0.478,22.0,680,30,1691,6,-0.3205721033878811
1431,20230711-9AM_680_30_1691_7,0.821,22.0,680,30,1691,7,-0.08565684288055925
1432,20230711-9AM_750_30_1691_0,0.372,22.0,750,30,1691,0,-0.4294570601181025
1433,20230711-9AM_750_30_1691_1,0.373,22.0,750,30,1691,1,-0.4282911681913124
1434,20230711-9AM_750_30_1691_2,0.2,22.0,750,30,1691,2,-0.6989700043360187
1435,20230711-9AM_750_30_1691_3,0.372,22.0,750,30,1691,3,-0.4294570601181025
1436,20230711-9AM_750_30_1691_4,0.212,22.0,750,30,1691,4,-0.6736641390712486
1437,20230711-9AM_750_30_1691_5,0.327,22.0,750,30,1691,5,-0.4854522473397139
1438,20230711-9AM_750_30_1691_6,0.256,22.0,750,30,1691,6,-0.5917600346881504
1439,20230711-9AM_750_30_1691_7,0.407,22.0,750,30,1691,7,-0.39040559077478
1440,20230711-9AM_680_30_1690_0,0.3,22.0,680,30,1690,0,-0.5228787452803376
1441,20230711-9AM_680_30_1690_1,0.524,22.0,680,30,1690,1,-0.28066871301627333
1442,20230711-9AM_680_30_1690_2,0.554,22.0,680,30,1690,2,-0.2564902352715702
1443,20230711-9AM_680_30_1690_3,0.628,22.0,680,30,1690,3,-0.20204035626280387
1444,20230711-9AM_680_30_1690_4,0.785,22.0,680,30,1690,4,-0.10513034325474745
1445,20230711-9AM_680_30_1690_5,0.416,22.0,680,30,1690,5,-0.3809066693732573
1446,20230711-9AM_680_30_1690_6,0.469,22.0,680,30,1690,6,-0.32882715728491674
1447,20230711-9AM_680_30_1690_7,0.548,22.0,680,30,1690,7,-0.2612194415156308
1448,20230711-9AM_750_30_1690_0,0.207,22.0,750,30,1690,0,-0.6840296545430823
1449,20230711-9AM_750_30_1690_1,0.297,22.0,750,30,1690,1,-0.5272435506827877
1450,20230711-9AM_750_30_1690_2,0.336,22.0,750,30,1690,2,-0.4736607226101559
1451,20230711-9AM_750_30_1690_3,0.29,22.0,750,30,1690,3,-0.5376020021010439
1452,20230711-9AM_750_30_1690_4,0.453,22.0,750,30,1690,4,-0.34390179798716813
1453,20230711-9AM_750_30_1690_5,0.254,22.0,750,30,1690,5,-0.595166283380062
1454,20230711-9AM_750_30_1690_6,0.281,22.0,750,30,1690,6,-0.5512936800949201
1455,20230711-9AM_750_30_1690_7,0.329,22.0,750,30,1690,7,-0.48280410205002566
1456,20230711-9AM_680_30_2342_0,0.96,22.0,680,30,2342,0,-0.017728766960431602
1457,20230711-9AM_680_30_2342_1,0.666,22.0,680,30,2342,1,-0.17652577082969892
1458,20230711-9AM_680_30_2342_2,1.057,22.0,680,30,2342,2,0.024074987307426243
1459,20230711-9AM_680_30_2342_3,0.576,22.0,680,30,2342,3,-0.239577516576788
1460,20230711-9AM_680_30_2342_4,0.668,22.0,680,30,2342,4,-0.1752235375244543
1461,20230711-9AM_680_30_2342_5,1.194,22.0,680,30,2342,5,0.07700432679335026
1462,20230711-9AM_680_30_2342_6,0.634,22.0,680,30,2342,6,-0.1979107421182673
1463,20230711-9AM_680_30_2342_7,0.68,22.0,680,30,2342,7,-0.16749108729376366
1464,20230711-9AM_750_30_2342_0,0.475,22.0,750,30,2342,0,-0.3233063903751334
1465,20230711-9AM_750_30_2342_1,0.317,22.0,750,30,2342,1,-0.4989407377822485
1466,20230711-9AM_750_30_2342_2,0.438,22.0,750,30,2342,2,-0.3585258894959005
1467,20230711-9AM_750_30_2342_3,0.253,22.0,750,30,2342,3,-0.5968794788241821
1468,20230711-9AM_750_30_2342_4,0.367,22.0,750,30,2342,4,-0.4353339357479107
1469,20230711-9AM_750_30_2342_5,0.493,22.0,750,30,2342,5,-0.30715308072277
1470,20230711-9AM_750_30_2342_6,0.335,22.0,750,30,2342,6,-0.47495519296315475
1471,20230711-9AM_750_30_2342_7,0.279,22.0,750,30,2342,7,-0.5543957967264024
1472,20230711-9AM_680_30_4532_0,0.952,22.0,680,30,4532,0,-0.021363051615525673
1473,20230711-9AM_680_30_4532_1,0.963,22.0,680,30,4532,1,-0.0163737128754655
1474,20230711-9AM_680_30_4532_2,0.604,22.0,680,30,4532,2,-0.21896306137886817
1475,20230711-9AM_680_30_4532_3,0.863,22.0,680,30,4532,3,-0.06398920428479041
1476,20230711-9AM_680_30_4532_4,1.255,22.0,680,30,4532,4,0.09864372581705691
1477,20230711-9AM_680_30_4532_5,1.121,22.0,680,30,4532,5,0.04960561259497315
1478,20230711-9AM_680_30_4532_6,0.679,22.0,680,30,4532,6,-0.1681302257194983
1479,20230711-9AM_680_30_4532_7,1.295,22.0,680,30,4532,7,0.11226976841727061
1480,20230711-9AM_750_30_4532_0,0.455,22.0,750,30,4532,0,-0.34198860334288755
1481,20230711-9AM_750_30_4532_1,0.455,22.0,750,30,4532,1,-0.34198860334288755
1482,20230711-9AM_750_30_4532_2,0.22,22.0,750,30,4532,2,-0.6575773191777937
1483,20230711-9AM_750_30_4532_3,0.446,22.0,750,30,4532,3,-0.35066514128785814
1484,20230711-9AM_750_30_4532_4,0.593,22.0,750,30,4532,4,-0.22694530663573742
1485,20230711-9AM_750_30_4532_5,0.512,22.0,750,30,4532,5,-0.2907300390241692
1486,20230711-9AM_750_30_4532_6,0.496,22.0,750,30,4532,6,-0.30451832350980257
1487,20230711-9AM_750_30_4532_7,0.509,22.0,750,30,4532,7,-0.29328221766324125
1488,20230711-9AM_680_30_2344_0,0.737,22.0,680,30,2344,0,-0.13253251214094852
1489,20230711-9AM_680_30_2344_1,0.617,22.0,680,30,2344,1,-0.20971483596675833
1490,20230711-9AM_680_30_2344_2,0.541,22.0,680,30,2344,2,-0.26680273489343054
1491,20230711-9AM_680_30_2344_3,0.521,22.0,680,30,2344,3,-0.2831622767004755
1492,20230711-9AM_680_30_2344_4,0.183,22.0,680,30,2344,4,-0.7375489102695706
1493,20230711-9AM_680_30_2344_5,0.751,22.0,680,30,2344,5,-0.1243600629958316
1494,20230711-9AM_680_30_2344_6,0.573,22.0,680,30,2344,6,-0.24184537803261005
1495,20230711-9AM_680_30_2344_7,0.42,22.0,680,30,2344,7,-0.37675070960209955
1496,20230711-9AM_750_30_2344_0,0.37,22.0,750,30,2344,0,-0.431798275933005
1497,20230711-9AM_750_30_2344_1,0.395,22.0,750,30,2344,1,-0.40340290437353976
1498,20230711-9AM_750_30_2344_2,0.348,22.0,750,30,2344,2,-0.4584207560534191
1499,20230711-9AM_750_30_2344_3,0.306,22.0,750,30,2344,3,-0.51427857351842
1500,20230711-9AM_750_30_2344_4,0.141,22.0,750,30,2344,4,-0.8507808873446201
1501,20230711-9AM_750_30_2344_5,0.476,22.0,750,30,2344,5,-0.32239304727950685
1502,20230711-9AM_750_30_2344_6,0.334,22.0,750,30,2344,6,-0.4762535331884355
1503,20230711-9AM_750_30_2344_7,0.239,22.0,750,30,2344,7,-0.6216020990518624
1504,20230711-9AM_680_30_2343_0,0.643,22.0,680,30,2343,0,-0.1917890270757779
1505,20230711-9AM_680_30_2343_1,0.412,22.0,680,30,2343,1,-0.3851027839668654
1506,20230711-9AM_680_30_2343_2,0.556,22.0,680,30,2343,2,-0.2549252084179425
1507,20230711-9AM_680_30_2343_3,0.903,22.0,680,30,2343,3,-0.04431224968649419
1508,20230711-9AM_680_30_2343_4,0.575,22.0,680,30,2343,4,-0.24033215531036956
1509,20230711-9AM_680_30_2343_5,0.604,22.0,680,30,2343,5,-0.21896306137886817
1510,20230711-9AM_680_30_2343_6,0.542,22.0,680,30,2343,6,-0.266000713461613
1511,20230711-9AM_680_30_2343_7,0.657,22.0,680,30,2343,7,-0.1824346304402192
1512,20230711-9AM_750_30_2343_0,0.384,22.0,750,30,2343,0,-0.4156687756324692
1513,20230711-9AM_750_30_2343_1,0.217,22.0,750,30,2343,1,-0.6635402661514705
1514,20230711-9AM_750_30_2343_2,0.338,22.0,750,30,2343,2,-0.47108329972234525
1515,20230711-9AM_750_30_2343_3,0.482,22.0,750,30,2343,3,-0.31695296176115045
1516,20230711-9AM_750_30_2343_4,0.312,22.0,750,30,2343,4,-0.5058454059815573
1517,20230711-9AM_750_30_2343_5,0.346,22.0,750,30,2343,5,-0.46092390120722343
1518,20230711-9AM_750_30_2343_6,0.298,22.0,750,30,2343,6,-0.5257837359237448
1519,20230711-9AM_750_30_2343_7,0.412,22.0,750,30,2343,7,-0.3851027839668654
1520,20230711-9AM_680_30_1952_0,0.471,22.0,680,30,1952,0,-0.3269790928711038
1521,20230711-9AM_680_30_1952_1,0.498,22.0,680,30,1952,1,-0.30277065724028246
1522,20230711-9AM_680_30_1952_2,0.642,22.0,680,30,1952,2,-0.19246497193114673
1523,20230711-9AM_680_30_1952_3,0.533,22.0,680,30,1952,3,-0.2732727909734277
1524,20230711-9AM_680_30_1952_4,0.472,22.0,680,30,1952,4,-0.32605800136591223
1525,20230711-9AM_680_30_1952_5,0.403,22.0,680,30,1952,5,-0.39469495385889053
1526,20230711-9AM_680_30_1952_6,0.417,22.0,680,30,1952,6,-0.3798639450262425
1527,20230711-9AM_680_30_1952_7,0.303,22.0,680,30,1952,7,-0.518557371497695
1528,20230711-9AM_750_30_1952_0,0.273,22.0,750,30,1952,0,-0.563837352959244
1529,20230711-9AM_750_30_1952_1,0.286,22.0,750,30,1952,1,-0.543633966870957
1530,20230711-9AM_750_30_1952_2,0.371,22.0,750,30,1952,2,-0.43062609038495414
1531,20230711-9AM_750_30_1952_3,0.275,22.0,750,30,1952,3,-0.5606673061697374
1532,20230711-9AM_750_30_1952_4,0.284,22.0,750,30,1952,4,-0.5466816599529624
1533,20230711-9AM_750_30_1952_5,0.249,22.0,750,30,1952,5,-0.6038006529042637
1534,20230711-9AM_750_30_1952_6,0.245,22.0,750,30,1952,6,-0.6108339156354675
1535,20230711-9AM_750_30_1952_7,0.2,22.0,750,30,1952,7,-0.6989700043360187
1536,20230711-9AM_680_30_2931_0,0.356,22.0,680,30,2931,0,-0.44855000202712486
1537,20230711-9AM_680_30_2931_1,0.195,22.0,680,30,2931,1,-0.7099653886374819
1538,20230711-9AM_680_30_2931_2,0.523,22.0,680,30,2931,2,-0.2814983111327257
1539,20230711-9AM_680_30_2931_3,0.263,22.0,680,30,2931,3,-0.5800442515102421
1540,20230711-9AM_680_30_2931_4,0.352,22.0,680,30,2931,4,-0.453457336521869
1541,20230711-9AM_680_30_2931_5,0.453,22.0,680,30,2931,5,-0.34390179798716813
1542,20230711-9AM_680_30_2931_6,0.492,22.0,680,30,2931,6,-0.30803489723263966
1543,20230711-9AM_680_30_2931_7,0.375,22.0,680,30,2931,7,-0.42596873227228116
1544,20230711-9AM_750_30_2931_0,0.227,22.0,750,30,2931,0,-0.6439741428068773
1545,20230711-9AM_750_30_2931_1,0.139,22.0,750,30,2931,1,-0.8569851997459049
1546,20230711-9AM_750_30_2931_2,0.318,22.0,750,30,2931,2,-0.4975728800155673
1547,20230711-9AM_750_30_2931_3,0.175,22.0,750,30,2931,3,-0.7569619513137056
1548,20230711-9AM_750_30_2931_4,0.219,22.0,750,30,2931,4,-0.6595558851598816
1549,20230711-9AM_750_30_2931_5,0.281,22.0,750,30,2931,5,-0.5512936800949201
1550,20230711-9AM_750_30_2931_6,0.307,22.0,750,30,2931,6,-0.5128616245228135
1551,20230711-9AM_750_30_2931_7,0.255,22.0,750,30,2931,7,-0.5934598195660449
1552,20230711-9AM_680_30_JG5_0,0.499,22.0,680,30,JG5,0,-0.3018994543766101
1553,20230711-9AM_680_30_JG5_1,0.393,22.0,680,30,JG5,1,-0.4056074496245733
1554,20230711-9AM_680_30_JG5_2,0.438,22.0,680,30,JG5,2,-0.3585258894959005
1555,20230711-9AM_680_30_JG5_3,0.396,22.0,680,30,JG5,3,-0.40230481407448765
1556,20230711-9AM_680_30_JG5_4,0.399,22.0,680,30,JG5,4,-0.3990271043132517
1557,20230711-9AM_680_30_JG5_5,0.352,22.0,680,30,JG5,5,-0.453457336521869
1558,20230711-9AM_680_30_JG5_6,0.603,22.0,680,30,JG5,6,-0.2196826878598487
1559,20230711-9AM_680_30_JG5_7,0.416,22.0,680,30,JG5,7,-0.3809066693732573
1560,20230711-9AM_750_30_JG5_0,0.245,22.0,750,30,JG5,0,-0.6108339156354675
1561,20230711-9AM_750_30_JG5_1,0.196,22.0,750,30,JG5,1,-0.707743928643524
1562,20230711-9AM_750_30_JG5_2,0.22,22.0,750,30,JG5,2,-0.6575773191777937
1563,20230711-9AM_750_30_JG5_3,0.205,22.0,750,30,JG5,3,-0.6882461389442457
1564,20230711-9AM_750_30_JG5_4,0.206,22.0,750,30,JG5,4,-0.6861327796308466
1565,20230711-9AM_750_30_JG5_5,0.181,22.0,750,30,JG5,5,-0.7423214251308154
1566,20230711-9AM_750_30_JG5_6,0.286,22.0,750,30,JG5,6,-0.543633966870957
1567,20230711-9AM_750_30_JG5_7,0.208,22.0,750,30,JG5,7,-0.6819366650372385
1568,20230711-9AM_680_30_BMS_0,0.646,22.0,680,30,BMS,0,-0.1897674820049159
1569,20230711-9AM_680_30_BMS_1,0.988,22.0,680,30,BMS,1,-0.005243055412371883
1570,20230711-9AM_680_30_BMS_2,0.633,22.0,680,30,BMS,2,-0.1985962899826449
1571,20230711-9AM_680_30_BMS_3,1.012,22.0,680,30,BMS,3,0.005180512503780314
1572,20230711-9AM_680_30_BMS_4,0.723,22.0,680,30,BMS,4,-0.1408617027054692
1573,20230711-9AM_680_30_BMS_5,1.035,22.0,680,30,BMS,5,0.014940349792936524
1574,20230711-9AM_680_30_BMS_6,0.755,22.0,680,30,BMS,6,-0.12205304837081175
1575,20230711-9AM_680_30_BMS_7,0.96,22.0,680,30,BMS,7,-0.017728766960431602
1576,20230711-9AM_750_30_BMS_0,0.378,22.0,750,30,BMS,0,-0.4225082001627747
1577,20230711-9AM_750_30_BMS_1,0.552,22.0,750,30,BMS,1,-0.2580609222708011
1578,20230711-9AM_750_30_BMS_2,0.374,22.0,750,30,BMS,2,-0.42712839779951983
1579,20230711-9AM_750_30_BMS_3,0.568,22.0,750,30,BMS,3,-0.24565166428898116
1580,20230711-9AM_750_30_BMS_4,0.409,22.0,750,30,BMS,4,-0.38827669199265824
1581,20230711-9AM_750_30_BMS_5,0.567,22.0,750,30,BMS,5,-0.24641694110709345
1582,20230711-9AM_750_30_BMS_6,0.443,22.0,750,30,BMS,6,-0.3535962737769304
1583,20230711-9AM_750_30_BMS_7,0.544,22.0,750,30,BMS,7,-0.26440110030182007
1584,20230710-3PM_680_25_3059_0,0.135,4.0,680,25,3059,0,-0.8696662315049939
1585,20230710-3PM_680_25_3059_1,0.098,4.0,680,25,3059,1,-1.0087739243075051
1586,20230710-3PM_680_25_3059_2,0.152,4.0,680,25,3059,2,-0.8181564120552275
1587,20230710-3PM_680_25_3059_3,0.126,4.0,680,25,3059,3,-0.8996294548824371
1588,20230710-3PM_680_25_3059_4,0.091,4.0,680,25,3059,4,-1.0409586076789064
1589,20230710-3PM_680_25_3059_5,0.139,4.0,680,25,3059,5,-0.8569851997459049
1590,20230710-3PM_680_25_3059_6,0.135,4.0,680,25,3059,6,-0.8696662315049939
1591,20230710-3PM_680_25_3059_7,0.19,4.0,680,25,3059,7,-0.721246399047171
1592,20230710-3PM_750_25_3059_0,0.098,4.0,750,25,3059,0,-1.0087739243075051
1593,20230710-3PM_750_25_3059_1,0.075,4.0,750,25,3059,1,-1.1249387366083
1594,20230710-3PM_750_25_3059_2,0.101,4.0,750,25,3059,2,-0.9956786262173574
1595,20230710-3PM_750_25_3059_3,0.089,4.0,750,25,3059,3,-1.0506099933550872
1596,20230710-3PM_750_25_3059_4,0.067,4.0,750,25,3059,4,-1.1739251972991736
1597,20230710-3PM_750_25_3059_5,0.086,4.0,750,25,3059,5,-1.0655015487564323
1598,20230710-3PM_750_25_3059_6,0.09,4.0,750,25,3059,6,-1.0457574905606752
1599,20230710-3PM_750_25_3059_7,0.123,4.0,750,25,3059,7,-0.9100948885606021
1600,20230710-3PM_680_25_1691_0,0.178,4.0,680,25,1691,0,-0.7495799976911061
1601,20230710-3PM_680_25_1691_1,0.241,4.0,680,25,1691,1,-0.6179829574251317
1602,20230710-3PM_680_25_1691_2,0.133,4.0,680,25,1691,2,-0.8761483590329142
1603,20230710-3PM_680_25_1691_3,0.16,4.0,680,25,1691,3,-0.7958800173440752
1604,20230710-3PM_680_25_1691_4,0.142,4.0,680,25,1691,4,-0.8477116556169435
1605,20230710-3PM_680_25_1691_5,0.103,4.0,680,25,1691,5,-0.9871627752948278
1606,20230710-3PM_680_25_1691_6,0.164,4.0,680,25,1691,6,-0.7851561519523022
1607,20230710-3PM_680_25_1691_7,0.265,4.0,680,25,1691,7,-0.5767541260631921
1608,20230710-3PM_750_25_1691_0,0.115,4.0,750,25,1691,0,-0.9393021596463883
1609,20230710-3PM_750_25_1691_1,0.158,4.0,750,25,1691,1,-0.8013429130455774
1610,20230710-3PM_750_25_1691_2,0.095,4.0,750,25,1691,2,-1.0222763947111522
1611,20230710-3PM_750_25_1691_3,0.114,4.0,750,25,1691,3,-0.9430951486635274
1612,20230710-3PM_750_25_1691_4,0.102,4.0,750,25,1691,4,-0.9913998282380825
1613,20230710-3PM_750_25_1691_5,0.079,4.0,750,25,1691,5,-1.1023729087095586
1614,20230710-3PM_750_25_1691_6,0.111,4.0,750,25,1691,6,-0.9546770212133425
1615,20230710-3PM_750_25_1691_7,0.168,4.0,750,25,1691,7,-0.7746907182741372
1616,20230710-3PM_680_25_1690_0,0.123,4.0,680,25,1690,0,-0.9100948885606021
1617,20230710-3PM_680_25_1690_1,0.248,4.0,680,25,1690,1,-0.6055483191737837
1618,20230710-3PM_680_25_1690_2,0.065,4.0,680,25,1690,2,-1.1870866433571443
1619,20230710-3PM_680_25_1690_3,0.116,4.0,680,25,1690,3,-0.9355420107730815
1620,20230710-3PM_680_25_1690_4,0.145,4.0,680,25,1690,4,-0.8386319977650252
1621,20230710-3PM_680_25_1690_5,0.095,4.0,680,25,1690,5,-1.0222763947111522
1622,20230710-3PM_680_25_1690_6,0.125,4.0,680,25,1690,6,-0.9030899869919435
1623,20230710-3PM_680_25_1690_7,0.123,4.0,680,25,1690,7,-0.9100948885606021
1624,20230710-3PM_750_25_1690_0,0.096,4.0,750,25,1690,0,-1.0177287669604316
1625,20230710-3PM_750_25_1690_1,0.163,4.0,750,25,1690,1,-0.7878123955960422
1626,20230710-3PM_750_25_1690_2,0.061,4.0,750,25,1690,2,-1.214670164989233
1627,20230710-3PM_750_25_1690_3,0.087,4.0,750,25,1690,3,-1.0604807473813815
1628,20230710-3PM_750_25_1690_4,0.089,4.0,750,25,1690,4,-1.0506099933550872
1629,20230710-3PM_750_25_1690_5,0.074,4.0,750,25,1690,5,-1.1307682802690238
1630,20230710-3PM_750_25_1690_6,0.089,4.0,750,25,1690,6,-1.0506099933550872
1631,20230710-3PM_750_25_1690_7,0.089,4.0,750,25,1690,7,-1.0506099933550872
1632,20230710-3PM_680_25_2342_0,0.125,4.0,680,25,2342,0,-0.9030899869919435
1633,20230710-3PM_680_25_2342_1,0.119,4.0,680,25,2342,1,-0.9244530386074693
1634,20230710-3PM_680_25_2342_2,0.135,4.0,680,25,2342,2,-0.8696662315049939
1635,20230710-3PM_680_25_2342_3,0.111,4.0,680,25,2342,3,-0.9546770212133425
1636,20230710-3PM_680_25_2342_4,0.116,4.0,680,25,2342,4,-0.9355420107730815
1637,20230710-3PM_680_25_2342_5,0.129,4.0,680,25,2342,5,-0.889410289700751
1638,20230710-3PM_680_25_2342_6,0.115,4.0,680,25,2342,6,-0.9393021596463883
1639,20230710-3PM_680_25_2342_7,0.156,4.0,680,25,2342,7,-0.8068754016455384
1640,20230710-3PM_750_25_2342_0,0.071,4.0,750,25,2342,0,-1.1487416512809248
1641,20230710-3PM_750_25_2342_1,0.079,4.0,750,25,2342,1,-1.1023729087095586
1642,20230710-3PM_750_25_2342_2,0.085,4.0,750,25,2342,2,-1.0705810742857071
1643,20230710-3PM_750_25_2342_3,0.081,4.0,750,25,2342,3,-1.0915149811213503
1644,20230710-3PM_750_25_2342_4,0.073,4.0,750,25,2342,4,-1.136677139879544
1645,20230710-3PM_750_25_2342_5,0.073,4.0,750,25,2342,5,-1.136677139879544
1646,20230710-3PM_750_25_2342_6,0.073,4.0,750,25,2342,6,-1.136677139879544
1647,20230710-3PM_750_25_2342_7,0.093,4.0,750,25,2342,7,-1.031517051446065
1648,20230710-3PM_680_25_4532_0,0.086,4.0,680,25,4532,0,-1.0655015487564323
1649,20230710-3PM_680_25_4532_1,0.068,4.0,680,25,4532,1,-1.1674910872937636
1650,20230710-3PM_680_25_4532_2,0.078,4.0,680,25,4532,2,-1.1079053973095196
1651,20230710-3PM_680_25_4532_3,0.123,4.0,680,25,4532,3,-0.9100948885606021
1652,20230710-3PM_680_25_4532_4,0.108,4.0,680,25,4532,4,-0.9665762445130504
1653,20230710-3PM_680_25_4532_5,0.081,4.0,680,25,4532,5,-1.0915149811213503
1654,20230710-3PM_680_25_4532_6,0.085,4.0,680,25,4532,6,-1.0705810742857071
1655,20230710-3PM_680_25_4532_7,0.082,4.0,680,25,4532,7,-1.0861861476162833
1656,20230710-3PM_750_25_4532_0,0.073,4.0,750,25,4532,0,-1.136677139879544
1657,20230710-3PM_750_25_4532_1,0.067,4.0,750,25,4532,1,-1.1739251972991736
1658,20230710-3PM_750_25_4532_2,0.067,4.0,750,25,4532,2,-1.1739251972991736
1659,20230710-3PM_750_25_4532_3,0.093,4.0,750,25,4532,3,-1.031517051446065
1660,20230710-3PM_750_25_4532_4,0.088,4.0,750,25,4532,4,-1.0555173278498313
1661,20230710-3PM_750_25_4532_5,0.076,4.0,750,25,4532,5,-1.1191864077192086
1662,20230710-3PM_750_25_4532_6,0.073,4.0,750,25,4532,6,-1.136677139879544
1663,20230710-3PM_750_25_4532_7,0.068,4.0,750,25,4532,7,-1.1674910872937636
1664,20230710-3PM_680_25_2344_0,0.112,4.0,680,25,2344,0,-0.9507819773298184
1665,20230710-3PM_680_25_2344_1,0.196,4.0,680,25,2344,1,-0.707743928643524
1666,20230710-3PM_680_25_2344_2,0.123,4.0,680,25,2344,2,-0.9100948885606021
1667,20230710-3PM_680_25_2344_3,0.164,4.0,680,25,2344,3,-0.7851561519523022
1668,20230710-3PM_680_25_2344_4,0.072,4.0,680,25,2344,4,-1.1426675035687315
1669,20230710-3PM_680_25_2344_5,0.197,4.0,680,25,2344,5,-0.7055337738384071
1670,20230710-3PM_680_25_2344_6,0.153,4.0,680,25,2344,6,-0.8153085691824012
1671,20230710-3PM_680_25_2344_7,0.13,4.0,680,25,2344,7,-0.8860566476931632
1672,20230710-3PM_750_25_2344_0,0.086,4.0,750,25,2344,0,-1.0655015487564323
1673,20230710-3PM_750_25_2344_1,0.134,4.0,750,25,2344,1,-0.8728952016351923
1674,20230710-3PM_750_25_2344_2,0.087,4.0,750,25,2344,2,-1.0604807473813815
1675,20230710-3PM_750_25_2344_3,0.107,4.0,750,25,2344,3,-0.9706162223147904
1676,20230710-3PM_750_25_2344_4,0.065,4.0,750,25,2344,4,-1.1870866433571443
1677,20230710-3PM_750_25_2344_5,0.133,4.0,750,25,2344,5,-0.8761483590329142
1678,20230710-3PM_750_25_2344_6,0.103,4.0,750,25,2344,6,-0.9871627752948278
1679,20230710-3PM_750_25_2344_7,0.093,4.0,750,25,2344,7,-1.031517051446065
1680,20230710-3PM_680_25_2343_0,0.153,4.0,680,25,2343,0,-0.8153085691824012
1681,20230710-3PM_680_25_2343_1,0.091,4.0,680,25,2343,1,-1.0409586076789064
1682,20230710-3PM_680_25_2343_2,0.099,4.0,680,25,2343,2,-1.00436480540245
1683,20230710-3PM_680_25_2343_3,0.145,4.0,680,25,2343,3,-0.8386319977650252
1684,20230710-3PM_680_25_2343_4,0.34,4.0,680,25,2343,4,-0.46852108295774486
1685,20230710-3PM_680_25_2343_5,0.09,4.0,680,25,2343,5,-1.0457574905606752
1686,20230710-3PM_680_25_2343_6,0.161,4.0,680,25,2343,6,-0.7931741239681502
1687,20230710-3PM_680_25_2343_7,0.104,4.0,680,25,2343,7,-0.9829666607012196
1688,20230710-3PM_750_25_2343_0,0.1,4.0,750,25,2343,0,-1.0
1689,20230710-3PM_750_25_2343_1,0.072,4.0,750,25,2343,1,-1.1426675035687315
1690,20230710-3PM_750_25_2343_2,0.075,4.0,750,25,2343,2,-1.1249387366083
1691,20230710-3PM_750_25_2343_3,0.102,4.0,750,25,2343,3,-0.9913998282380825
1692,20230710-3PM_750_25_2343_4,0.195,4.0,750,25,2343,4,-0.7099653886374819
1693,20230710-3PM_750_25_2343_5,0.072,4.0,750,25,2343,5,-1.1426675035687315
1694,20230710-3PM_750_25_2343_6,0.108,4.0,750,25,2343,6,-0.9665762445130504
1695,20230710-3PM_750_25_2343_7,0.077,4.0,750,25,2343,7,-1.1135092748275182
1696,20230710-3PM_680_25_1952_0,0.113,4.0,680,25,1952,0,-0.9469215565165803
1697,20230710-3PM_680_25_1952_1,0.137,4.0,680,25,1952,1,-0.8632794328435932
1698,20230710-3PM_680_25_1952_2,0.158,4.0,680,25,1952,2,-0.8013429130455774
1699,20230710-3PM_680_25_1952_3,0.179,4.0,680,25,1952,3,-0.7471469690201068
1700,20230710-3PM_680_25_1952_4,0.103,4.0,680,25,1952,4,-0.9871627752948278
1701,20230710-3PM_680_25_1952_5,0.087,4.0,680,25,1952,5,-1.0604807473813815
1702,20230710-3PM_680_25_1952_6,0.154,4.0,680,25,1952,6,-0.8124792791635369
1703,20230710-3PM_680_25_1952_7,0.149,4.0,680,25,1952,7,-0.826813731587726
1704,20230710-3PM_750_25_1952_0,0.086,4.0,750,25,1952,0,-1.0655015487564323
1705,20230710-3PM_750_25_1952_1,0.101,4.0,750,25,1952,1,-0.9956786262173574
1706,20230710-3PM_750_25_1952_2,0.113,4.0,750,25,1952,2,-0.9469215565165803
1707,20230710-3PM_750_25_1952_3,0.12,4.0,750,25,1952,3,-0.9208187539523752
1708,20230710-3PM_750_25_1952_4,0.083,4.0,750,25,1952,4,-1.080921907623926
1709,20230710-3PM_750_25_1952_5,0.071,4.0,750,25,1952,5,-1.1487416512809248
1710,20230710-3PM_750_25_1952_6,0.107,4.0,750,25,1952,6,-0.9706162223147904
1711,20230710-3PM_750_25_1952_7,0.105,4.0,750,25,1952,7,-0.978810700930062
1712,20230710-3PM_680_25_2931_0,0.108,4.0,680,25,2931,0,-0.9665762445130504
1713,20230710-3PM_680_25_2931_1,0.089,4.0,680,25,2931,1,-1.0506099933550872
1714,20230710-3PM_680_25_2931_2,0.133,4.0,680,25,2931,2,-0.8761483590329142
1715,20230710-3PM_680_25_2931_3,0.101,4.0,680,25,2931,3,-0.9956786262173574
1716,20230710-3PM_680_25_2931_4,0.173,4.0,680,25,2931,4,-0.7619538968712046
1717,20230710-3PM_680_25_2931_5,0.141,4.0,680,25,2931,5,-0.8507808873446201
1718,20230710-3PM_680_25_2931_6,0.144,4.0,680,25,2931,6,-0.8416375079047503
1719,20230710-3PM_680_25_2931_7,0.165,4.0,680,25,2931,7,-0.7825160557860937
1720,20230710-3PM_750_25_2931_0,0.081,4.0,750,25,2931,0,-1.0915149811213503
1721,20230710-3PM_750_25_2931_1,0.072,4.0,750,25,2931,1,-1.1426675035687315
1722,20230710-3PM_750_25_2931_2,0.096,4.0,750,25,2931,2,-1.0177287669604316
1723,20230710-3PM_750_25_2931_3,0.078,4.0,750,25,2931,3,-1.1079053973095196
1724,20230710-3PM_750_25_2931_4,0.116,4.0,750,25,2931,4,-0.9355420107730815
1725,20230710-3PM_750_25_2931_5,0.097,4.0,750,25,2931,5,-1.0132282657337552
1726,20230710-3PM_750_25_2931_6,0.095,4.0,750,25,2931,6,-1.0222763947111522
1727,20230710-3PM_750_25_2931_7,0.105,4.0,750,25,2931,7,-0.978810700930062
1728,20230710-3PM_680_25_JG5_0,0.046,4.0,680,25,JG5,0,-1.337242168318426
1729,20230710-3PM_680_25_JG5_1,0.044,4.0,680,25,JG5,1,-1.3565473235138126
1730,20230710-3PM_680_25_JG5_2,0.05,4.0,680,25,JG5,2,-1.3010299956639813
1731,20230710-3PM_680_25_JG5_3,0.107,4.0,680,25,JG5,3,-0.9706162223147904
1732,20230710-3PM_680_25_JG5_4,0.051,4.0,680,25,JG5,4,-1.2924298239020637
1733,20230710-3PM_680_25_JG5_5,0.053,4.0,680,25,JG5,5,-1.275724130399211
1734,20230710-3PM_680_25_JG5_6,0.059,4.0,680,25,JG5,6,-1.2291479883578558
1735,20230710-3PM_680_25_JG5_7,0.052,4.0,680,25,JG5,7,-1.2839966563652008
1736,20230710-3PM_750_25_JG5_0,0.047,4.0,750,25,JG5,0,-1.3279021420642825
1737,20230710-3PM_750_25_JG5_1,0.047,4.0,750,25,JG5,1,-1.3279021420642825
1738,20230710-3PM_750_25_JG5_2,0.048,4.0,750,25,JG5,2,-1.3187587626244128
1739,20230710-3PM_750_25_JG5_3,0.081,4.0,750,25,JG5,3,-1.0915149811213503
1740,20230710-3PM_750_25_JG5_4,0.051,4.0,750,25,JG5,4,-1.2924298239020637
1741,20230710-3PM_750_25_JG5_5,0.051,4.0,750,25,JG5,5,-1.2924298239020637
1742,20230710-3PM_750_25_JG5_6,0.054,4.0,750,25,JG5,6,-1.2676062401770316
1743,20230710-3PM_750_25_JG5_7,0.046,4.0,750,25,JG5,7,-1.337242168318426
1744,20230710-3PM_680_25_BMS_0,0.172,4.0,680,25,BMS,0,-0.7644715530924511
1745,20230710-3PM_680_25_BMS_1,0.185,4.0,680,25,BMS,1,-0.7328282715969862
1746,20230710-3PM_680_25_BMS_2,0.255,4.0,680,25,BMS,2,-0.5934598195660449
1747,20230710-3PM_680_25_BMS_3,0.152,4.0,680,25,BMS,3,-0.8181564120552275
1748,20230710-3PM_680_25_BMS_4,0.146,4.0,680,25,BMS,4,-0.835647144215563
1749,20230710-3PM_680_25_BMS_5,0.227,4.0,680,25,BMS,5,-0.6439741428068773
1750,20230710-3PM_680_25_BMS_6,0.169,4.0,680,25,BMS,6,-0.7721132953863264
1751,20230710-3PM_680_25_BMS_7,0.176,4.0,680,25,BMS,7,-0.7544873321858502
1752,20230710-3PM_750_25_BMS_0,0.109,4.0,750,25,BMS,0,-0.9625735020593764
1753,20230710-3PM_750_25_BMS_1,0.119,4.0,750,25,BMS,1,-0.9244530386074693
1754,20230710-3PM_750_25_BMS_2,0.152,4.0,750,25,BMS,2,-0.8181564120552275
1755,20230710-3PM_750_25_BMS_3,0.101,4.0,750,25,BMS,3,-0.9956786262173574
1756,20230710-3PM_750_25_BMS_4,0.1,4.0,750,25,BMS,4,-1.0
1757,20230710-3PM_750_25_BMS_5,0.141,4.0,750,25,BMS,5,-0.8507808873446201
1758,20230710-3PM_750_25_BMS_6,0.109,4.0,750,25,BMS,6,-0.9625735020593764
1759,20230710-3PM_750_25_BMS_7,0.113,4.0,750,25,BMS,7,-0.9469215565165803
1760,20230710-3PM_680_20_3059_0,0.152,4.0,680,20,3059,0,-0.8181564120552275
1761,20230710-3PM_680_20_3059_1,0.137,4.0,680,20,3059,1,-0.8632794328435932
1762,20230710-3PM_680_20_3059_2,0.169,4.0,680,20,3059,2,-0.7721132953863264
1763,20230710-3PM_680_20_3059_3,0.103,4.0,680,20,3059,3,-0.9871627752948278
1764,20230710-3PM_680_20_3059_4,0.114,4.0,680,20,3059,4,-0.9430951486635274
1765,20230710-3PM_680_20_3059_5,0.139,4.0,680,20,3059,5,-0.8569851997459049
1766,20230710-3PM_680_20_3059_6,0.13,4.0,680,20,3059,6,-0.8860566476931632
1767,20230710-3PM_680_20_3059_7,0.149,4.0,680,20,3059,7,-0.826813731587726
1768,20230710-3PM_750_20_3059_0,0.112,4.0,750,20,3059,0,-0.9507819773298184
1769,20230710-3PM_750_20_3059_1,0.097,4.0,750,20,3059,1,-1.0132282657337552
1770,20230710-3PM_750_20_3059_2,0.114,4.0,750,20,3059,2,-0.9430951486635274
1771,20230710-3PM_750_20_3059_3,0.08,4.0,750,20,3059,3,-1.0969100130080565
1772,20230710-3PM_750_20_3059_4,0.082,4.0,750,20,3059,4,-1.0861861476162833
1773,20230710-3PM_750_20_3059_5,0.091,4.0,750,20,3059,5,-1.0409586076789064
1774,20230710-3PM_750_20_3059_6,0.092,4.0,750,20,3059,6,-1.0362121726544447
1775,20230710-3PM_750_20_3059_7,0.106,4.0,750,20,3059,7,-0.9746941347352298
1776,20230710-3PM_680_20_1691_0,0.211,4.0,680,20,1691,0,-0.6757175447023074
1777,20230710-3PM_680_20_1691_1,0.242,4.0,680,20,1691,1,-0.6161846340195687
1778,20230710-3PM_680_20_1691_2,0.13,4.0,680,20,1691,2,-0.8860566476931632
1779,20230710-3PM_680_20_1691_3,0.298,4.0,680,20,1691,3,-0.5257837359237448
1780,20230710-3PM_680_20_1691_4,0.182,4.0,680,20,1691,4,-0.7399286120149252
1781,20230710-3PM_680_20_1691_5,0.175,4.0,680,20,1691,5,-0.7569619513137056
1782,20230710-3PM_680_20_1691_6,0.149,4.0,680,20,1691,6,-0.826813731587726
1783,20230710-3PM_680_20_1691_7,0.199,4.0,680,20,1691,7,-0.7011469235902933
1784,20230710-3PM_750_20_1691_0,0.141,4.0,750,20,1691,0,-0.8507808873446201
1785,20230710-3PM_750_20_1691_1,0.159,4.0,750,20,1691,1,-0.7986028756795485
1786,20230710-3PM_750_20_1691_2,0.094,4.0,750,20,1691,2,-1.0268721464003014
1787,20230710-3PM_750_20_1691_3,0.199,4.0,750,20,1691,3,-0.7011469235902933
1788,20230710-3PM_750_20_1691_4,0.126,4.0,750,20,1691,4,-0.8996294548824371
1789,20230710-3PM_750_20_1691_5,0.122,4.0,750,20,1691,5,-0.9136401693252518
1790,20230710-3PM_750_20_1691_6,0.107,4.0,750,20,1691,6,-0.9706162223147904
1791,20230710-3PM_750_20_1691_7,0.134,4.0,750,20,1691,7,-0.8728952016351923
1792,20230710-3PM_680_20_1690_0,0.11,4.0,680,20,1690,0,-0.958607314841775
1793,20230710-3PM_680_20_1690_1,0.197,4.0,680,20,1690,1,-0.7055337738384071
1794,20230710-3PM_680_20_1690_2,0.138,4.0,680,20,1690,2,-0.8601209135987634
1795,20230710-3PM_680_20_1690_3,0.129,4.0,680,20,1690,3,-0.889410289700751
1796,20230710-3PM_680_20_1690_4,0.147,4.0,680,20,1690,4,-0.8326826652518239
1797,20230710-3PM_680_20_1690_5,0.113,4.0,680,20,1690,5,-0.9469215565165803
1798,20230710-3PM_680_20_1690_6,0.112,4.0,680,20,1690,6,-0.9507819773298184
1799,20230710-3PM_680_20_1690_7,0.103,4.0,680,20,1690,7,-0.9871627752948278
1800,20230710-3PM_750_20_1690_0,0.09,4.0,750,20,1690,0,-1.0457574905606752
1801,20230710-3PM_750_20_1690_1,0.129,4.0,750,20,1690,1,-0.889410289700751
1802,20230710-3PM_750_20_1690_2,0.106,4.0,750,20,1690,2,-0.9746941347352298
1803,20230710-3PM_750_20_1690_3,0.098,4.0,750,20,1690,3,-1.0087739243075051
1804,20230710-3PM_750_20_1690_4,0.101,4.0,750,20,1690,4,-0.9956786262173574
1805,20230710-3PM_750_20_1690_5,0.086,4.0,750,20,1690,5,-1.0655015487564323
1806,20230710-3PM_750_20_1690_6,0.086,4.0,750,20,1690,6,-1.0655015487564323
1807,20230710-3PM_750_20_1690_7,0.08,4.0,750,20,1690,7,-1.0969100130080565
1808,20230710-3PM_680_20_2342_0,0.149,4.0,680,20,2342,0,-0.826813731587726
1809,20230710-3PM_680_20_2342_1,0.117,4.0,680,20,2342,1,-0.9318141382538383
1810,20230710-3PM_680_20_2342_2,0.2,4.0,680,20,2342,2,-0.6989700043360187
1811,20230710-3PM_680_20_2342_3,0.145,4.0,680,20,2342,3,-0.8386319977650252
1812,20230710-3PM_680_20_2342_4,0.125,4.0,680,20,2342,4,-0.9030899869919435
1813,20230710-3PM_680_20_2342_5,0.166,4.0,680,20,2342,5,-0.7798919119599449
1814,20230710-3PM_680_20_2342_6,0.127,4.0,680,20,2342,6,-0.8961962790440431
1815,20230710-3PM_680_20_2342_7,0.141,4.0,680,20,2342,7,-0.8507808873446201
1816,20230710-3PM_750_20_2342_0,0.088,4.0,750,20,2342,0,-1.0555173278498313
1817,20230710-3PM_750_20_2342_1,0.082,4.0,750,20,2342,1,-1.0861861476162833
1818,20230710-3PM_750_20_2342_2,0.128,4.0,750,20,2342,2,-0.8927900303521317
1819,20230710-3PM_750_20_2342_3,0.096,4.0,750,20,2342,3,-1.0177287669604316
1820,20230710-3PM_750_20_2342_4,0.078,4.0,750,20,2342,4,-1.1079053973095196
1821,20230710-3PM_750_20_2342_5,0.099,4.0,750,20,2342,5,-1.00436480540245
1822,20230710-3PM_750_20_2342_6,0.08,4.0,750,20,2342,6,-1.0969100130080565
1823,20230710-3PM_750_20_2342_7,0.089,4.0,750,20,2342,7,-1.0506099933550872
1824,20230710-3PM_680_20_4532_0,0.129,4.0,680,20,4532,0,-0.889410289700751
1825,20230710-3PM_680_20_4532_1,0.09,4.0,680,20,4532,1,-1.0457574905606752
1826,20230710-3PM_680_20_4532_2,0.097,4.0,680,20,4532,2,-1.0132282657337552
1827,20230710-3PM_680_20_4532_3,0.17,4.0,680,20,4532,3,-0.769551078621726
1828,20230710-3PM_680_20_4532_4,0.115,4.0,680,20,4532,4,-0.9393021596463883
1829,20230710-3PM_680_20_4532_5,0.111,4.0,680,20,4532,5,-0.9546770212133425
1830,20230710-3PM_680_20_4532_6,0.115,4.0,680,20,4532,6,-0.9393021596463883
1831,20230710-3PM_680_20_4532_7,0.099,4.0,680,20,4532,7,-1.00436480540245
1832,20230710-3PM_750_20_4532_0,0.093,4.0,750,20,4532,0,-1.031517051446065
1833,20230710-3PM_750_20_4532_1,0.072,4.0,750,20,4532,1,-1.1426675035687315
1834,20230710-3PM_750_20_4532_2,0.085,4.0,750,20,4532,2,-1.0705810742857071
1835,20230710-3PM_750_20_4532_3,0.132,4.0,750,20,4532,3,-0.8794260687941501
1836,20230710-3PM_750_20_4532_4,0.086,4.0,750,20,4532,4,-1.0655015487564323
1837,20230710-3PM_750_20_4532_5,0.097,4.0,750,20,4532,5,-1.0132282657337552
1838,20230710-3PM_750_20_4532_6,0.082,4.0,750,20,4532,6,-1.0861861476162833
1839,20230710-3PM_750_20_4532_7,0.076,4.0,750,20,4532,7,-1.1191864077192086
1840,20230710-3PM_680_20_2344_0,0.153,4.0,680,20,2344,0,-0.8153085691824012
1841,20230710-3PM_680_20_2344_1,0.207,4.0,680,20,2344,1,-0.6840296545430823
1842,20230710-3PM_680_20_2344_2,0.141,4.0,680,20,2344,2,-0.8507808873446201
1843,20230710-3PM_680_20_2344_3,0.162,4.0,680,20,2344,3,-0.790484985457369
1844,20230710-3PM_680_20_2344_4,0.068,4.0,680,20,2344,4,-1.1674910872937636
1845,20230710-3PM_680_20_2344_5,0.124,4.0,680,20,2344,5,-0.906578314837765
1846,20230710-3PM_680_20_2344_6,0.148,4.0,680,20,2344,6,-0.8297382846050426
1847,20230710-3PM_680_20_2344_7,0.147,4.0,680,20,2344,7,-0.8326826652518239
1848,20230710-3PM_750_20_2344_0,0.11,4.0,750,20,2344,0,-0.958607314841775
1849,20230710-3PM_750_20_2344_1,0.141,4.0,750,20,2344,1,-0.8507808873446201
1850,20230710-3PM_750_20_2344_2,0.099,4.0,750,20,2344,2,-1.00436480540245
1851,20230710-3PM_750_20_2344_3,0.111,4.0,750,20,2344,3,-0.9546770212133425
1852,20230710-3PM_750_20_2344_4,0.062,4.0,750,20,2344,4,-1.207608310501746
1853,20230710-3PM_750_20_2344_5,0.095,4.0,750,20,2344,5,-1.0222763947111522
1854,20230710-3PM_750_20_2344_6,0.104,4.0,750,20,2344,6,-0.9829666607012196
1855,20230710-3PM_750_20_2344_7,0.105,4.0,750,20,2344,7,-0.978810700930062
1856,20230710-3PM_680_20_2343_0,0.186,4.0,680,20,2343,0,-0.7304870557820837
1857,20230710-3PM_680_20_2343_1,0.203,4.0,680,20,2343,1,-0.6925039620867871
1858,20230710-3PM_680_20_2343_2,0.108,4.0,680,20,2343,2,-0.9665762445130504
1859,20230710-3PM_680_20_2343_3,0.338,4.0,680,20,2343,3,-0.47108329972234525
1860,20230710-3PM_680_20_2343_4,0.169,4.0,680,20,2343,4,-0.7721132953863264
1861,20230710-3PM_680_20_2343_5,0.095,4.0,680,20,2343,5,-1.0222763947111522
1862,20230710-3PM_680_20_2343_6,0.122,4.0,680,20,2343,6,-0.9136401693252518
1863,20230710-3PM_680_20_2343_7,0.075,4.0,680,20,2343,7,-1.1249387366083
1864,20230710-3PM_750_20_2343_0,0.122,4.0,750,20,2343,0,-0.9136401693252518
1865,20230710-3PM_750_20_2343_1,0.132,4.0,750,20,2343,1,-0.8794260687941501
1866,20230710-3PM_750_20_2343_2,0.083,4.0,750,20,2343,2,-1.080921907623926
1867,20230710-3PM_750_20_2343_3,0.2,4.0,750,20,2343,3,-0.6989700043360187
1868,20230710-3PM_750_20_2343_4,0.117,4.0,750,20,2343,4,-0.9318141382538383
1869,20230710-3PM_750_20_2343_5,0.075,4.0,750,20,2343,5,-1.1249387366083
1870,20230710-3PM_750_20_2343_6,0.092,4.0,750,20,2343,6,-1.0362121726544447
1871,20230710-3PM_750_20_2343_7,0.065,4.0,750,20,2343,7,-1.1870866433571443
1872,20230710-3PM_680_20_1952_0,0.148,4.0,680,20,1952,0,-0.8297382846050426
1873,20230710-3PM_680_20_1952_1,0.197,4.0,680,20,1952,1,-0.7055337738384071
1874,20230710-3PM_680_20_1952_2,0.163,4.0,680,20,1952,2,-0.7878123955960422
1875,20230710-3PM_680_20_1952_3,0.185,4.0,680,20,1952,3,-0.7328282715969862
1876,20230710-3PM_680_20_1952_4,0.127,4.0,680,20,1952,4,-0.8961962790440431
1877,20230710-3PM_680_20_1952_5,0.138,4.0,680,20,1952,5,-0.8601209135987634
1878,20230710-3PM_680_20_1952_6,0.137,4.0,680,20,1952,6,-0.8632794328435932
1879,20230710-3PM_680_20_1952_7,0.147,4.0,680,20,1952,7,-0.8326826652518239
1880,20230710-3PM_750_20_1952_0,0.106,4.0,750,20,1952,0,-0.9746941347352298
1881,20230710-3PM_750_20_1952_1,0.132,4.0,750,20,1952,1,-0.8794260687941501
1882,20230710-3PM_750_20_1952_2,0.116,4.0,750,20,1952,2,-0.9355420107730815
1883,20230710-3PM_750_20_1952_3,0.126,4.0,750,20,1952,3,-0.8996294548824371
1884,20230710-3PM_750_20_1952_4,0.099,4.0,750,20,1952,4,-1.00436480540245
1885,20230710-3PM_750_20_1952_5,0.1,4.0,750,20,1952,5,-1.0
1886,20230710-3PM_750_20_1952_6,0.1,4.0,750,20,1952,6,-1.0
1887,20230710-3PM_750_20_1952_7,0.108,4.0,750,20,1952,7,-0.9665762445130504
1888,20230710-3PM_680_20_2931_0,0.12,4.0,680,20,2931,0,-0.9208187539523752
1889,20230710-3PM_680_20_2931_1,0.082,4.0,680,20,2931,1,-1.0861861476162833
1890,20230710-3PM_680_20_2931_2,0.143,4.0,680,20,2931,2,-0.8446639625349383
1891,20230710-3PM_680_20_2931_3,0.097,4.0,680,20,2931,3,-1.0132282657337552
1892,20230710-3PM_680_20_2931_4,0.197,4.0,680,20,2931,4,-0.7055337738384071
1893,20230710-3PM_680_20_2931_5,0.122,4.0,680,20,2931,5,-0.9136401693252518
1894,20230710-3PM_680_20_2931_6,0.151,4.0,680,20,2931,6,-0.8210230527068306
1895,20230710-3PM_680_20_2931_7,0.175,4.0,680,20,2931,7,-0.7569619513137056
1896,20230710-3PM_750_20_2931_0,0.088,4.0,750,20,2931,0,-1.0555173278498313
1897,20230710-3PM_750_20_2931_1,0.069,4.0,750,20,2931,1,-1.1611509092627446
1898,20230710-3PM_750_20_2931_2,0.106,4.0,750,20,2931,2,-0.9746941347352298
1899,20230710-3PM_750_20_2931_3,0.076,4.0,750,20,2931,3,-1.1191864077192086
1900,20230710-3PM_750_20_2931_4,0.13,4.0,750,20,2931,4,-0.8860566476931632
1901,20230710-3PM_750_20_2931_5,0.091,4.0,750,20,2931,5,-1.0409586076789064
1902,20230710-3PM_750_20_2931_6,0.106,4.0,750,20,2931,6,-0.9746941347352298
1903,20230710-3PM_750_20_2931_7,0.118,4.0,750,20,2931,7,-0.9281179926938746
1904,20230710-3PM_680_20_JG5_0,0.076,4.0,680,20,JG5,0,-1.1191864077192086
1905,20230710-3PM_680_20_JG5_1,0.07,4.0,680,20,JG5,1,-1.154901959985743
1906,20230710-3PM_680_20_JG5_2,0.109,4.0,680,20,JG5,2,-0.9625735020593764
1907,20230710-3PM_680_20_JG5_3,0.058,4.0,680,20,JG5,3,-1.2365720064370627
1908,20230710-3PM_680_20_JG5_4,0.061,4.0,680,20,JG5,4,-1.214670164989233
1909,20230710-3PM_680_20_JG5_5,0.086,4.0,680,20,JG5,5,-1.0655015487564323
1910,20230710-3PM_680_20_JG5_6,0.047,4.0,680,20,JG5,6,-1.3279021420642825
1911,20230710-3PM_680_20_JG5_7,0.041,4.0,680,20,JG5,7,-1.3872161432802645
1912,20230710-3PM_750_20_JG5_0,0.06,4.0,750,20,JG5,0,-1.2218487496163564
1913,20230710-3PM_750_20_JG5_1,0.06,4.0,750,20,JG5,1,-1.2218487496163564
1914,20230710-3PM_750_20_JG5_2,0.081,4.0,750,20,JG5,2,-1.0915149811213503
1915,20230710-3PM_750_20_JG5_3,0.055,4.0,750,20,JG5,3,-1.2596373105057561
1916,20230710-3PM_750_20_JG5_4,0.057,4.0,750,20,JG5,4,-1.2441251443275085
1917,20230710-3PM_750_20_JG5_5,0.07,4.0,750,20,JG5,5,-1.154901959985743
1918,20230710-3PM_750_20_JG5_6,0.047,4.0,750,20,JG5,6,-1.3279021420642825
1919,20230710-3PM_750_20_JG5_7,0.043,4.0,750,20,JG5,7,-1.3665315444204136
1920,20230710-3PM_680_20_BMS_0,0.122,4.0,680,20,BMS,0,-0.9136401693252518
1921,20230710-3PM_680_20_BMS_1,0.19,4.0,680,20,BMS,1,-0.721246399047171
1922,20230710-3PM_680_20_BMS_2,0.151,4.0,680,20,BMS,2,-0.8210230527068306
1923,20230710-3PM_680_20_BMS_3,0.187,4.0,680,20,BMS,3,-0.7281583934635011
1924,20230710-3PM_680_20_BMS_4,0.136,4.0,680,20,BMS,4,-0.8664610916297825
1925,20230710-3PM_680_20_BMS_5,0.167,4.0,680,20,BMS,5,-0.7772835288524167
1926,20230710-3PM_680_20_BMS_6,0.141,4.0,680,20,BMS,6,-0.8507808873446201
1927,20230710-3PM_680_20_BMS_7,0.125,4.0,680,20,BMS,7,-0.9030899869919435
1928,20230710-3PM_750_20_BMS_0,0.09,4.0,750,20,BMS,0,-1.0457574905606752
1929,20230710-3PM_750_20_BMS_1,0.127,4.0,750,20,BMS,1,-0.8961962790440431
1930,20230710-3PM_750_20_BMS_2,0.107,4.0,750,20,BMS,2,-0.9706162223147904
1931,20230710-3PM_750_20_BMS_3,0.127,4.0,750,20,BMS,3,-0.8961962790440431
1932,20230710-3PM_750_20_BMS_4,0.098,4.0,750,20,BMS,4,-1.0087739243075051
1933,20230710-3PM_750_20_BMS_5,0.116,4.0,750,20,BMS,5,-0.9355420107730815
1934,20230710-3PM_750_20_BMS_6,0.101,4.0,750,20,BMS,6,-0.9956786262173574
1935,20230710-3PM_750_20_BMS_7,0.092,4.0,750,20,BMS,7,-1.0362121726544447
1936,20230710-3PM_680_30_3059_0,0.097,4.0,680,30,3059,0,-1.0132282657337552
1937,20230710-3PM_680_30_3059_1,0.12,4.0,680,30,3059,1,-0.9208187539523752
1938,20230710-3PM_680_30_3059_2,0.179,4.0,680,30,3059,2,-0.7471469690201068
1939,20230710-3PM_680_30_3059_3,0.129,4.0,680,30,3059,3,-0.889410289700751
1940,20230710-3PM_680_30_3059_4,0.132,4.0,680,30,3059,4,-0.8794260687941501
1941,20230710-3PM_680_30_3059_5,0.187,4.0,680,30,3059,5,-0.7281583934635011
1942,20230710-3PM_680_30_3059_6,0.194,4.0,680,30,3059,6,-0.712198270069774
1943,20230710-3PM_680_30_3059_7,0.17,4.0,680,30,3059,7,-0.769551078621726
1944,20230710-3PM_750_30_3059_0,0.073,4.0,750,30,3059,0,-1.136677139879544
1945,20230710-3PM_750_30_3059_1,0.077,4.0,750,30,3059,1,-1.1135092748275182
1946,20230710-3PM_750_30_3059_2,0.101,4.0,750,30,3059,2,-0.9956786262173574
1947,20230710-3PM_750_30_3059_3,0.086,4.0,750,30,3059,3,-1.0655015487564323
1948,20230710-3PM_750_30_3059_4,0.079,4.0,750,30,3059,4,-1.1023729087095586
1949,20230710-3PM_750_30_3059_5,0.099,4.0,750,30,3059,5,-1.00436480540245
1950,20230710-3PM_750_30_3059_6,0.11,4.0,750,30,3059,6,-0.958607314841775
1951,20230710-3PM_750_30_3059_7,0.105,4.0,750,30,3059,7,-0.978810700930062
1952,20230710-3PM_680_30_1691_0,0.177,4.0,680,30,1691,0,-0.7520267336381934
1953,20230710-3PM_680_30_1691_1,0.199,4.0,680,30,1691,1,-0.7011469235902933
1954,20230710-3PM_680_30_1691_2,0.23,4.0,680,30,1691,2,-0.638272163982407
1955,20230710-3PM_680_30_1691_3,0.212,4.0,680,30,1691,3,-0.6736641390712486
1956,20230710-3PM_680_30_1691_4,0.147,4.0,680,30,1691,4,-0.8326826652518239
1957,20230710-3PM_680_30_1691_5,0.199,4.0,680,30,1691,5,-0.7011469235902933
1958,20230710-3PM_680_30_1691_6,0.143,4.0,680,30,1691,6,-0.8446639625349383
1959,20230710-3PM_680_30_1691_7,0.221,4.0,680,30,1691,7,-0.6556077263148893
1960,20230710-3PM_750_30_1691_0,0.098,4.0,750,30,1691,0,-1.0087739243075051
1961,20230710-3PM_750_30_1691_1,0.118,4.0,750,30,1691,1,-0.9281179926938746
1962,20230710-3PM_750_30_1691_2,0.141,4.0,750,30,1691,2,-0.8507808873446201
1963,20230710-3PM_750_30_1691_3,0.13,4.0,750,30,1691,3,-0.8860566476931632
1964,20230710-3PM_750_30_1691_4,0.103,4.0,750,30,1691,4,-0.9871627752948278
1965,20230710-3PM_750_30_1691_5,0.125,4.0,750,30,1691,5,-0.9030899869919435
1966,20230710-3PM_750_30_1691_6,0.092,4.0,750,30,1691,6,-1.0362121726544447
1967,20230710-3PM_750_30_1691_7,0.131,4.0,750,30,1691,7,-0.8827287043442357
1968,20230710-3PM_680_30_1690_0,0.116,4.0,680,30,1690,0,-0.9355420107730815
1969,20230710-3PM_680_30_1690_1,0.113,4.0,680,30,1690,1,-0.9469215565165803
1970,20230710-3PM_680_30_1690_2,0.171,4.0,680,30,1690,2,-0.7670038896078462
1971,20230710-3PM_680_30_1690_3,0.134,4.0,680,30,1690,3,-0.8728952016351923
1972,20230710-3PM_680_30_1690_4,0.145,4.0,680,30,1690,4,-0.8386319977650252
1973,20230710-3PM_680_30_1690_5,0.112,4.0,680,30,1690,5,-0.9507819773298184
1974,20230710-3PM_680_30_1690_6,0.137,4.0,680,30,1690,6,-0.8632794328435932
1975,20230710-3PM_680_30_1690_7,0.158,4.0,680,30,1690,7,-0.8013429130455774
1976,20230710-3PM_750_30_1690_0,0.086,4.0,750,30,1690,0,-1.0655015487564323
1977,20230710-3PM_750_30_1690_1,0.083,4.0,750,30,1690,1,-1.080921907623926
1978,20230710-3PM_750_30_1690_2,0.119,4.0,750,30,1690,2,-0.9244530386074693
1979,20230710-3PM_750_30_1690_3,0.093,4.0,750,30,1690,3,-1.031517051446065
1980,20230710-3PM_750_30_1690_4,0.108,4.0,750,30,1690,4,-0.9665762445130504
1981,20230710-3PM_750_30_1690_5,0.079,4.0,750,30,1690,5,-1.1023729087095586
1982,20230710-3PM_750_30_1690_6,0.093,4.0,750,30,1690,6,-1.031517051446065
1983,20230710-3PM_750_30_1690_7,0.105,4.0,750,30,1690,7,-0.978810700930062
1984,20230710-3PM_680_30_2342_0,0.117,4.0,680,30,2342,0,-0.9318141382538383
1985,20230710-3PM_680_30_2342_1,0.113,4.0,680,30,2342,1,-0.9469215565165803
1986,20230710-3PM_680_30_2342_2,0.155,4.0,680,30,2342,2,-0.8096683018297085
1987,20230710-3PM_680_30_2342_3,0.095,4.0,680,30,2342,3,-1.0222763947111522
1988,20230710-3PM_680_30_2342_4,0.107,4.0,680,30,2342,4,-0.9706162223147904
1989,20230710-3PM_680_30_2342_5,0.184,4.0,680,30,2342,5,-0.7351821769904635
1990,20230710-3PM_680_30_2342_6,0.097,4.0,680,30,2342,6,-1.0132282657337552
1991,20230710-3PM_680_30_2342_7,0.138,4.0,680,30,2342,7,-0.8601209135987634
1992,20230710-3PM_750_30_2342_0,0.079,4.0,750,30,2342,0,-1.1023729087095586
1993,20230710-3PM_750_30_2342_1,0.083,4.0,750,30,2342,1,-1.080921907623926
1994,20230710-3PM_750_30_2342_2,0.111,4.0,750,30,2342,2,-0.9546770212133425
1995,20230710-3PM_750_30_2342_3,0.078,4.0,750,30,2342,3,-1.1079053973095196
1996,20230710-3PM_750_30_2342_4,0.069,4.0,750,30,2342,4,-1.1611509092627446
1997,20230710-3PM_750_30_2342_5,0.102,4.0,750,30,2342,5,-0.9913998282380825
1998,20230710-3PM_750_30_2342_6,0.08,4.0,750,30,2342,6,-1.0969100130080565
1999,20230710-3PM_750_30_2342_7,0.08,4.0,750,30,2342,7,-1.0969100130080565
2000,20230710-3PM_680_30_4532_0,0.093,4.0,680,30,4532,0,-1.031517051446065
2001,20230710-3PM_680_30_4532_1,0.075,4.0,680,30,4532,1,-1.1249387366083
2002,20230710-3PM_680_30_4532_2,0.062,4.0,680,30,4532,2,-1.207608310501746
2003,20230710-3PM_680_30_4532_3,0.154,4.0,680,30,4532,3,-0.8124792791635369
2004,20230710-3PM_680_30_4532_4,0.077,4.0,680,30,4532,4,-1.1135092748275182
2005,20230710-3PM_680_30_4532_5,0.076,4.0,680,30,4532,5,-1.1191864077192086
2006,20230710-3PM_680_30_4532_6,0.071,4.0,680,30,4532,6,-1.1487416512809248
2007,20230710-3PM_680_30_4532_7,0.066,4.0,680,30,4532,7,-1.1804560644581312
2008,20230710-3PM_750_30_4532_0,0.079,4.0,750,30,4532,0,-1.1023729087095586
2009,20230710-3PM_750_30_4532_1,0.065,4.0,750,30,4532,1,-1.1870866433571443
2010,20230710-3PM_750_30_4532_2,0.055,4.0,750,30,4532,2,-1.2596373105057561
2011,20230710-3PM_750_30_4532_3,0.123,4.0,750,30,4532,3,-0.9100948885606021
2012,20230710-3PM_750_30_4532_4,0.058,4.0,750,30,4532,4,-1.2365720064370627
2013,20230710-3PM_750_30_4532_5,0.084,4.0,750,30,4532,5,-1.0757207139381184
2014,20230710-3PM_750_30_4532_6,0.073,4.0,750,30,4532,6,-1.136677139879544
2015,20230710-3PM_750_30_4532_7,0.054,4.0,750,30,4532,7,-1.2676062401770316
2016,20230710-3PM_680_30_2344_0,0.201,4.0,680,30,2344,0,-0.6968039425795111
2017,20230710-3PM_680_30_2344_1,0.199,4.0,680,30,2344,1,-0.7011469235902933
2018,20230710-3PM_680_30_2344_2,0.148,4.0,680,30,2344,2,-0.8297382846050426
2019,20230710-3PM_680_30_2344_3,0.175,4.0,680,30,2344,3,-0.7569619513137056
2020,20230710-3PM_680_30_2344_4,0.078,4.0,680,30,2344,4,-1.1079053973095196
2021,20230710-3PM_680_30_2344_5,0.219,4.0,680,30,2344,5,-0.6595558851598816
2022,20230710-3PM_680_30_2344_6,0.197,4.0,680,30,2344,6,-0.7055337738384071
2023,20230710-3PM_680_30_2344_7,0.134,4.0,680,30,2344,7,-0.8728952016351923
2024,20230710-3PM_750_30_2344_0,0.131,4.0,750,30,2344,0,-0.8827287043442357
2025,20230710-3PM_750_30_2344_1,0.13,4.0,750,30,2344,1,-0.8860566476931632
2026,20230710-3PM_750_30_2344_2,0.097,4.0,750,30,2344,2,-1.0132282657337552
2027,20230710-3PM_750_30_2344_3,0.106,4.0,750,30,2344,3,-0.9746941347352298
2028,20230710-3PM_750_30_2344_4,0.067,4.0,750,30,2344,4,-1.1739251972991736
2029,20230710-3PM_750_30_2344_5,0.139,4.0,750,30,2344,5,-0.8569851997459049
2030,20230710-3PM_750_30_2344_6,0.118,4.0,750,30,2344,6,-0.9281179926938746
2031,20230710-3PM_750_30_2344_7,0.092,4.0,750,30,2344,7,-1.0362121726544447
2032,20230710-3PM_680_30_2343_0,0.151,4.0,680,30,2343,0,-0.8210230527068306
2033,20230710-3PM_680_30_2343_1,0.145,4.0,680,30,2343,1,-0.8386319977650252
2034,20230710-3PM_680_30_2343_2,0.104,4.0,680,30,2343,2,-0.9829666607012196
2035,20230710-3PM_680_30_2343_3,0.179,4.0,680,30,2343,3,-0.7471469690201068
2036,20230710-3PM_680_30_2343_4,0.183,4.0,680,30,2343,4,-0.7375489102695706
2037,20230710-3PM_680_30_2343_5,0.118,4.0,680,30,2343,5,-0.9281179926938746
2038,20230710-3PM_680_30_2343_6,0.187,4.0,680,30,2343,6,-0.7281583934635011
2039,20230710-3PM_680_30_2343_7,0.153,4.0,680,30,2343,7,-0.8153085691824012
2040,20230710-3PM_750_30_2343_0,0.098,4.0,750,30,2343,0,-1.0087739243075051
2041,20230710-3PM_750_30_2343_1,0.088,4.0,750,30,2343,1,-1.0555173278498313
2042,20230710-3PM_750_30_2343_2,0.072,4.0,750,30,2343,2,-1.1426675035687315
2043,20230710-3PM_750_30_2343_3,0.11,4.0,750,30,2343,3,-0.958607314841775
2044,20230710-3PM_750_30_2343_4,0.113,4.0,750,30,2343,4,-0.9469215565165803
2045,20230710-3PM_750_30_2343_5,0.079,4.0,750,30,2343,5,-1.1023729087095586
2046,20230710-3PM_750_30_2343_6,0.109,4.0,750,30,2343,6,-0.9625735020593764
2047,20230710-3PM_750_30_2343_7,0.098,4.0,750,30,2343,7,-1.0087739243075051
2048,20230710-3PM_680_30_1952_0,0.161,4.0,680,30,1952,0,-0.7931741239681502
2049,20230710-3PM_680_30_1952_1,0.166,4.0,680,30,1952,1,-0.7798919119599449
2050,20230710-3PM_680_30_1952_2,0.175,4.0,680,30,1952,2,-0.7569619513137056
2051,20230710-3PM_680_30_1952_3,0.187,4.0,680,30,1952,3,-0.7281583934635011
2052,20230710-3PM_680_30_1952_4,0.164,4.0,680,30,1952,4,-0.7851561519523022
2053,20230710-3PM_680_30_1952_5,0.119,4.0,680,30,1952,5,-0.9244530386074693
2054,20230710-3PM_680_30_1952_6,0.134,4.0,680,30,1952,6,-0.8728952016351923
2055,20230710-3PM_680_30_1952_7,0.108,4.0,680,30,1952,7,-0.9665762445130504
2056,20230710-3PM_750_30_1952_0,0.109,4.0,750,30,1952,0,-0.9625735020593764
2057,20230710-3PM_750_30_1952_1,0.112,4.0,750,30,1952,1,-0.9507819773298184
2058,20230710-3PM_750_30_1952_2,0.119,4.0,750,30,1952,2,-0.9244530386074693
2059,20230710-3PM_750_30_1952_3,0.123,4.0,750,30,1952,3,-0.9100948885606021
2060,20230710-3PM_750_30_1952_4,0.115,4.0,750,30,1952,4,-0.9393021596463883
2061,20230710-3PM_750_30_1952_5,0.087,4.0,750,30,1952,5,-1.0604807473813815
2062,20230710-3PM_750_30_1952_6,0.094,4.0,750,30,1952,6,-1.0268721464003014
2063,20230710-3PM_750_30_1952_7,0.083,4.0,750,30,1952,7,-1.080921907623926
2064,20230710-3PM_680_30_2931_0,0.134,4.0,680,30,2931,0,-0.8728952016351923
2065,20230710-3PM_680_30_2931_1,0.094,4.0,680,30,2931,1,-1.0268721464003014
2066,20230710-3PM_680_30_2931_2,0.137,4.0,680,30,2931,2,-0.8632794328435932
2067,20230710-3PM_680_30_2931_3,0.088,4.0,680,30,2931,3,-1.0555173278498313
2068,20230710-3PM_680_30_2931_4,0.133,4.0,680,30,2931,4,-0.8761483590329142
2069,20230710-3PM_680_30_2931_5,0.14,4.0,680,30,2931,5,-0.8538719643217619
2070,20230710-3PM_680_30_2931_6,0.131,4.0,680,30,2931,6,-0.8827287043442357
2071,20230710-3PM_680_30_2931_7,0.139,4.0,680,30,2931,7,-0.8569851997459049
2072,20230710-3PM_750_30_2931_0,0.087,4.0,750,30,2931,0,-1.0604807473813815
2073,20230710-3PM_750_30_2931_1,0.071,4.0,750,30,2931,1,-1.1487416512809248
2074,20230710-3PM_750_30_2931_2,0.094,4.0,750,30,2931,2,-1.0268721464003014
2075,20230710-3PM_750_30_2931_3,0.071,4.0,750,30,2931,3,-1.1487416512809248
2076,20230710-3PM_750_30_2931_4,0.093,4.0,750,30,2931,4,-1.031517051446065
2077,20230710-3PM_750_30_2931_5,0.098,4.0,750,30,2931,5,-1.0087739243075051
2078,20230710-3PM_750_30_2931_6,0.088,4.0,750,30,2931,6,-1.0555173278498313
2079,20230710-3PM_750_30_2931_7,0.089,4.0,750,30,2931,7,-1.0506099933550872
2080,20230710-3PM_680_30_JG5_0,0.065,4.0,680,30,JG5,0,-1.1870866433571443
2081,20230710-3PM_680_30_JG5_1,0.112,4.0,680,30,JG5,1,-0.9507819773298184
2082,20230710-3PM_680_30_JG5_2,0.072,4.0,680,30,JG5,2,-1.1426675035687315
2083,20230710-3PM_680_30_JG5_3,0.082,4.0,680,30,JG5,3,-1.0861861476162833
2084,20230710-3PM_680_30_JG5_4,0.061,4.0,680,30,JG5,4,-1.214670164989233
2085,20230710-3PM_680_30_JG5_5,0.077,4.0,680,30,JG5,5,-1.1135092748275182
2086,20230710-3PM_680_30_JG5_6,0.083,4.0,680,30,JG5,6,-1.080921907623926
2087,20230710-3PM_680_30_JG5_7,0.1,4.0,680,30,JG5,7,-1.0
2088,20230710-3PM_750_30_JG5_0,0.059,4.0,750,30,JG5,0,-1.2291479883578558
2089,20230710-3PM_750_30_JG5_1,0.064,4.0,750,30,JG5,1,-1.193820026016113
2090,20230710-3PM_750_30_JG5_2,0.057,4.0,750,30,JG5,2,-1.2441251443275085
2091,20230710-3PM_750_30_JG5_3,0.063,4.0,750,30,JG5,3,-1.2006594505464183
2092,20230710-3PM_750_30_JG5_4,0.056,4.0,750,30,JG5,4,-1.2518119729937995
2093,20230710-3PM_750_30_JG5_5,0.058,4.0,750,30,JG5,5,-1.2365720064370627
2094,20230710-3PM_750_30_JG5_6,0.067,4.0,750,30,JG5,6,-1.1739251972991736
2095,20230710-3PM_750_30_JG5_7,0.065,4.0,750,30,JG5,7,-1.1870866433571443
2096,20230710-3PM_680_30_BMS_0,0.142,4.0,680,30,BMS,0,-0.8477116556169435
2097,20230710-3PM_680_30_BMS_1,0.202,4.0,680,30,BMS,1,-0.6946486305533762
2098,20230710-3PM_680_30_BMS_2,0.128,4.0,680,30,BMS,2,-0.8927900303521317
2099,20230710-3PM_680_30_BMS_3,0.235,4.0,680,30,BMS,3,-0.6289321377282637
2100,20230710-3PM_680_30_BMS_4,0.142,4.0,680,30,BMS,4,-0.8477116556169435
2101,20230710-3PM_680_30_BMS_5,0.205,4.0,680,30,BMS,5,-0.6882461389442457
2102,20230710-3PM_680_30_BMS_6,0.16,4.0,680,30,BMS,6,-0.7958800173440752
2103,20230710-3PM_680_30_BMS_7,0.211,4.0,680,30,BMS,7,-0.6757175447023074
2104,20230710-3PM_750_30_BMS_0,0.094,4.0,750,30,BMS,0,-1.0268721464003014
2105,20230710-3PM_750_30_BMS_1,0.123,4.0,750,30,BMS,1,-0.9100948885606021
2106,20230710-3PM_750_30_BMS_2,0.087,4.0,750,30,BMS,2,-1.0604807473813815
2107,20230710-3PM_750_30_BMS_3,0.137,4.0,750,30,BMS,3,-0.8632794328435932
2108,20230710-3PM_750_30_BMS_4,0.092,4.0,750,30,BMS,4,-1.0362121726544447
2109,20230710-3PM_750_30_BMS_5,0.125,4.0,750,30,BMS,5,-0.9030899869919435
2110,20230710-3PM_750_30_BMS_6,0.101,4.0,750,30,BMS,6,-0.9956786262173574
2111,20230710-3PM_750_30_BMS_7,0.129,4.0,750,30,BMS,7,-0.889410289700751
2112,20230710-11AM_680_25_3059_0,0.132,0.0,680,25,3059,0,-0.8794260687941501
2113,20230710-11AM_680_25_3059_1,0.097,0.0,680,25,3059,1,-1.0132282657337552
2114,20230710-11AM_680_25_3059_2,0.14,0.0,680,25,3059,2,-0.8538719643217619
2115,20230710-11AM_680_25_3059_3,0.122,0.0,680,25,3059,3,-0.9136401693252518
2116,20230710-11AM_680_25_3059_4,0.086,0.0,680,25,3059,4,-1.0655015487564323
2117,20230710-11AM_680_25_3059_5,0.126,0.0,680,25,3059,5,-0.8996294548824371
2118,20230710-11AM_680_25_3059_6,0.113,0.0,680,25,3059,6,-0.9469215565165803
2119,20230710-11AM_680_25_3059_7,0.174,0.0,680,25,3059,7,-0.7594507517174003
2120,20230710-11AM_750_25_3059_0,0.099,0.0,750,25,3059,0,-1.00436480540245
2121,20230710-11AM_750_25_3059_1,0.072,0.0,750,25,3059,1,-1.1426675035687315
2122,20230710-11AM_750_25_3059_2,0.095,0.0,750,25,3059,2,-1.0222763947111522
2123,20230710-11AM_750_25_3059_3,0.088,0.0,750,25,3059,3,-1.0555173278498313
2124,20230710-11AM_750_25_3059_4,0.066,0.0,750,25,3059,4,-1.1804560644581312
2125,20230710-11AM_750_25_3059_5,0.082,0.0,750,25,3059,5,-1.0861861476162833
2126,20230710-11AM_750_25_3059_6,0.082,0.0,750,25,3059,6,-1.0861861476162833
2127,20230710-11AM_750_25_3059_7,0.115,0.0,750,25,3059,7,-0.9393021596463883
2128,20230710-11AM_680_25_1691_0,0.12,0.0,680,25,1691,0,-0.9208187539523752
2129,20230710-11AM_680_25_1691_1,0.168,0.0,680,25,1691,1,-0.7746907182741372
2130,20230710-11AM_680_25_1691_2,0.122,0.0,680,25,1691,2,-0.9136401693252518
2131,20230710-11AM_680_25_1691_3,0.107,0.0,680,25,1691,3,-0.9706162223147904
2132,20230710-11AM_680_25_1691_4,0.126,0.0,680,25,1691,4,-0.8996294548824371
2133,20230710-11AM_680_25_1691_5,0.079,0.0,680,25,1691,5,-1.1023729087095586
2134,20230710-11AM_680_25_1691_6,0.107,0.0,680,25,1691,6,-0.9706162223147904
2135,20230710-11AM_680_25_1691_7,0.276,0.0,680,25,1691,7,-0.5590909179347823
2136,20230710-11AM_750_25_1691_0,0.087,0.0,750,25,1691,0,-1.0604807473813815
2137,20230710-11AM_750_25_1691_1,0.117,0.0,750,25,1691,1,-0.9318141382538383
2138,20230710-11AM_750_25_1691_2,0.087,0.0,750,25,1691,2,-1.0604807473813815
2139,20230710-11AM_750_25_1691_3,0.08,0.0,750,25,1691,3,-1.0969100130080565
2140,20230710-11AM_750_25_1691_4,0.088,0.0,750,25,1691,4,-1.0555173278498313
2141,20230710-11AM_750_25_1691_5,0.064,0.0,750,25,1691,5,-1.193820026016113
2142,20230710-11AM_750_25_1691_6,0.083,0.0,750,25,1691,6,-1.080921907623926
2143,20230710-11AM_750_25_1691_7,0.168,0.0,750,25,1691,7,-0.7746907182741372
2144,20230710-11AM_680_25_1690_0,0.083,0.0,680,25,1690,0,-1.080921907623926
2145,20230710-11AM_680_25_1690_1,0.275,0.0,680,25,1690,1,-0.5606673061697374
2146,20230710-11AM_680_25_1690_2,0.166,0.0,680,25,1690,2,-0.7798919119599449
2147,20230710-11AM_680_25_1690_3,0.096,0.0,680,25,1690,3,-1.0177287669604316
2148,20230710-11AM_680_25_1690_4,0.099,0.0,680,25,1690,4,-1.00436480540245
2149,20230710-11AM_680_25_1690_5,0.086,0.0,680,25,1690,5,-1.0655015487564323
2150,20230710-11AM_680_25_1690_6,0.11,0.0,680,25,1690,6,-0.958607314841775
2151,20230710-11AM_680_25_1690_7,0.115,0.0,680,25,1690,7,-0.9393021596463883
2152,20230710-11AM_750_25_1690_0,0.083,0.0,750,25,1690,0,-1.080921907623926
2153,20230710-11AM_750_25_1690_1,0.138,0.0,750,25,1690,1,-0.8601209135987634
2154,20230710-11AM_750_25_1690_2,0.133,0.0,750,25,1690,2,-0.8761483590329142
2155,20230710-11AM_750_25_1690_3,0.078,0.0,750,25,1690,3,-1.1079053973095196
2156,20230710-11AM_750_25_1690_4,0.07,0.0,750,25,1690,4,-1.154901959985743
2157,20230710-11AM_750_25_1690_5,0.07,0.0,750,25,1690,5,-1.154901959985743
2158,20230710-11AM_750_25_1690_6,0.082,0.0,750,25,1690,6,-1.0861861476162833
2159,20230710-11AM_750_25_1690_7,0.084,0.0,750,25,1690,7,-1.0757207139381184
2160,20230710-11AM_680_25_2342_0,0.124,0.0,680,25,2342,0,-0.906578314837765
2161,20230710-11AM_680_25_2342_1,0.098,0.0,680,25,2342,1,-1.0087739243075051
2162,20230710-11AM_680_25_2342_2,0.085,0.0,680,25,2342,2,-1.0705810742857071
2163,20230710-11AM_680_25_2342_3,0.13,0.0,680,25,2342,3,-0.8860566476931632
2164,20230710-11AM_680_25_2342_4,0.109,0.0,680,25,2342,4,-0.9625735020593764
2165,20230710-11AM_680_25_2342_5,0.105,0.0,680,25,2342,5,-0.978810700930062
2166,20230710-11AM_680_25_2342_6,0.083,0.0,680,25,2342,6,-1.080921907623926
2167,20230710-11AM_680_25_2342_7,0.17,0.0,680,25,2342,7,-0.769551078621726
2168,20230710-11AM_750_25_2342_0,0.076,0.0,750,25,2342,0,-1.1191864077192086
2169,20230710-11AM_750_25_2342_1,0.066,0.0,750,25,2342,1,-1.1804560644581312
2170,20230710-11AM_750_25_2342_2,0.066,0.0,750,25,2342,2,-1.1804560644581312
2171,20230710-11AM_750_25_2342_3,0.079,0.0,750,25,2342,3,-1.1023729087095586
2172,20230710-11AM_750_25_2342_4,0.067,0.0,750,25,2342,4,-1.1739251972991736
2173,20230710-11AM_750_25_2342_5,0.065,0.0,750,25,2342,5,-1.1870866433571443
2174,20230710-11AM_750_25_2342_6,0.062,0.0,750,25,2342,6,-1.207608310501746
2175,20230710-11AM_750_25_2342_7,0.086,0.0,750,25,2342,7,-1.0655015487564323
2176,20230710-11AM_680_25_4532_0,0.1,0.0,680,25,4532,0,-1.0
2177,20230710-11AM_680_25_4532_1,0.07,0.0,680,25,4532,1,-1.154901959985743
2178,20230710-11AM_680_25_4532_2,0.084,0.0,680,25,4532,2,-1.0757207139381184
2179,20230710-11AM_680_25_4532_3,0.104,0.0,680,25,4532,3,-0.9829666607012196
2180,20230710-11AM_680_25_4532_4,0.135,0.0,680,25,4532,4,-0.8696662315049939
2181,20230710-11AM_680_25_4532_5,0.081,0.0,680,25,4532,5,-1.0915149811213503
2182,20230710-11AM_680_25_4532_6,0.087,0.0,680,25,4532,6,-1.0604807473813815
2183,20230710-11AM_680_25_4532_7,0.084,0.0,680,25,4532,7,-1.0757207139381184
2184,20230710-11AM_750_25_4532_0,0.074,0.0,750,25,4532,0,-1.1307682802690238
2185,20230710-11AM_750_25_4532_1,0.059,0.0,750,25,4532,1,-1.2291479883578558
2186,20230710-11AM_750_25_4532_2,0.067,0.0,750,25,4532,2,-1.1739251972991736
2187,20230710-11AM_750_25_4532_3,0.072,0.0,750,25,4532,3,-1.1426675035687315
2188,20230710-11AM_750_25_4532_4,0.083,0.0,750,25,4532,4,-1.080921907623926
2189,20230710-11AM_750_25_4532_5,0.058,0.0,750,25,4532,5,-1.2365720064370627
2190,20230710-11AM_750_25_4532_6,0.064,0.0,750,25,4532,6,-1.193820026016113
2191,20230710-11AM_750_25_4532_7,0.057,0.0,750,25,4532,7,-1.2441251443275085
2192,20230710-11AM_680_25_2344_0,0.109,0.0,680,25,2344,0,-0.9625735020593764
2193,20230710-11AM_680_25_2344_1,0.183,0.0,680,25,2344,1,-0.7375489102695706
2194,20230710-11AM_680_25_2344_2,0.116,0.0,680,25,2344,2,-0.9355420107730815
2195,20230710-11AM_680_25_2344_3,0.149,0.0,680,25,2344,3,-0.826813731587726
2196,20230710-11AM_680_25_2344_4,0.085,0.0,680,25,2344,4,-1.0705810742857071
2197,20230710-11AM_680_25_2344_5,0.191,0.0,680,25,2344,5,-0.7189666327522725
2198,20230710-11AM_680_25_2344_6,0.142,0.0,680,25,2344,6,-0.8477116556169435
2199,20230710-11AM_680_25_2344_7,0.125,0.0,680,25,2344,7,-0.9030899869919435
2200,20230710-11AM_750_25_2344_0,0.089,0.0,750,25,2344,0,-1.0506099933550872
2201,20230710-11AM_750_25_2344_1,0.129,0.0,750,25,2344,1,-0.889410289700751
2202,20230710-11AM_750_25_2344_2,0.083,0.0,750,25,2344,2,-1.080921907623926
2203,20230710-11AM_750_25_2344_3,0.103,0.0,750,25,2344,3,-0.9871627752948278
2204,20230710-11AM_750_25_2344_4,0.067,0.0,750,25,2344,4,-1.1739251972991736
2205,20230710-11AM_750_25_2344_5,0.131,0.0,750,25,2344,5,-0.8827287043442357
2206,20230710-11AM_750_25_2344_6,0.097,0.0,750,25,2344,6,-1.0132282657337552
2207,20230710-11AM_750_25_2344_7,0.088,0.0,750,25,2344,7,-1.0555173278498313
2208,20230710-11AM_680_25_2343_0,0.129,0.0,680,25,2343,0,-0.889410289700751
2209,20230710-11AM_680_25_2343_1,0.074,0.0,680,25,2343,1,-1.1307682802690238
2210,20230710-11AM_680_25_2343_2,0.09,0.0,680,25,2343,2,-1.0457574905606752
2211,20230710-11AM_680_25_2343_3,0.119,0.0,680,25,2343,3,-0.9244530386074693
2212,20230710-11AM_680_25_2343_4,0.249,0.0,680,25,2343,4,-0.6038006529042637
2213,20230710-11AM_680_25_2343_5,0.082,0.0,680,25,2343,5,-1.0861861476162833
2214,20230710-11AM_680_25_2343_6,0.137,0.0,680,25,2343,6,-0.8632794328435932
2215,20230710-11AM_680_25_2343_7,0.096,0.0,680,25,2343,7,-1.0177287669604316
2216,20230710-11AM_750_25_2343_0,0.092,0.0,750,25,2343,0,-1.0362121726544447
2217,20230710-11AM_750_25_2343_1,0.062,0.0,750,25,2343,1,-1.207608310501746
2218,20230710-11AM_750_25_2343_2,0.069,0.0,750,25,2343,2,-1.1611509092627446
2219,20230710-11AM_750_25_2343_3,0.085,0.0,750,25,2343,3,-1.0705810742857071
2220,20230710-11AM_750_25_2343_4,0.156,0.0,750,25,2343,4,-0.8068754016455384
2221,20230710-11AM_750_25_2343_5,0.068,0.0,750,25,2343,5,-1.1674910872937636
2222,20230710-11AM_750_25_2343_6,0.099,0.0,750,25,2343,6,-1.00436480540245
2223,20230710-11AM_750_25_2343_7,0.073,0.0,750,25,2343,7,-1.136677139879544
2224,20230710-11AM_680_25_1952_0,0.099,0.0,680,25,1952,0,-1.00436480540245
2225,20230710-11AM_680_25_1952_1,0.131,0.0,680,25,1952,1,-0.8827287043442357
2226,20230710-11AM_680_25_1952_2,0.146,0.0,680,25,1952,2,-0.835647144215563
2227,20230710-11AM_680_25_1952_3,0.132,0.0,680,25,1952,3,-0.8794260687941501
2228,20230710-11AM_680_25_1952_4,0.097,0.0,680,25,1952,4,-1.0132282657337552
2229,20230710-11AM_680_25_1952_5,0.079,0.0,680,25,1952,5,-1.1023729087095586
2230,20230710-11AM_680_25_1952_6,0.135,0.0,680,25,1952,6,-0.8696662315049939
2231,20230710-11AM_680_25_1952_7,0.142,0.0,680,25,1952,7,-0.8477116556169435
2232,20230710-11AM_750_25_1952_0,0.078,0.0,750,25,1952,0,-1.1079053973095196
2233,20230710-11AM_750_25_1952_1,0.094,0.0,750,25,1952,1,-1.0268721464003014
2234,20230710-11AM_750_25_1952_2,0.1,0.0,750,25,1952,2,-1.0
2235,20230710-11AM_750_25_1952_3,0.092,0.0,750,25,1952,3,-1.0362121726544447
2236,20230710-11AM_750_25_1952_4,0.077,0.0,750,25,1952,4,-1.1135092748275182
2237,20230710-11AM_750_25_1952_5,0.065,0.0,750,25,1952,5,-1.1870866433571443
2238,20230710-11AM_750_25_1952_6,0.094,0.0,750,25,1952,6,-1.0268721464003014
2239,20230710-11AM_750_25_1952_7,0.096,0.0,750,25,1952,7,-1.0177287669604316
2240,20230710-11AM_680_25_2931_0,0.1,0.0,680,25,2931,0,-1.0
2241,20230710-11AM_680_25_2931_1,0.082,0.0,680,25,2931,1,-1.0861861476162833
2242,20230710-11AM_680_25_2931_2,0.111,0.0,680,25,2931,2,-0.9546770212133425
2243,20230710-11AM_680_25_2931_3,0.093,0.0,680,25,2931,3,-1.031517051446065
2244,20230710-11AM_680_25_2931_4,0.176,0.0,680,25,2931,4,-0.7544873321858502
2245,20230710-11AM_680_25_2931_5,0.126,0.0,680,25,2931,5,-0.8996294548824371
2246,20230710-11AM_680_25_2931_6,0.133,0.0,680,25,2931,6,-0.8761483590329142
2247,20230710-11AM_680_25_2931_7,0.12,0.0,680,25,2931,7,-0.9208187539523752
2248,20230710-11AM_750_25_2931_0,0.074,0.0,750,25,2931,0,-1.1307682802690238
2249,20230710-11AM_750_25_2931_1,0.067,0.0,750,25,2931,1,-1.1739251972991736
2250,20230710-11AM_750_25_2931_2,0.079,0.0,750,25,2931,2,-1.1023729087095586
2251,20230710-11AM_750_25_2931_3,0.073,0.0,750,25,2931,3,-1.136677139879544
2252,20230710-11AM_750_25_2931_4,0.117,0.0,750,25,2931,4,-0.9318141382538383
2253,20230710-11AM_750_25_2931_5,0.09,0.0,750,25,2931,5,-1.0457574905606752
2254,20230710-11AM_750_25_2931_6,0.088,0.0,750,25,2931,6,-1.0555173278498313
2255,20230710-11AM_750_25_2931_7,0.081,0.0,750,25,2931,7,-1.0915149811213503
2256,20230710-11AM_680_25_JG5_0,0.065,0.0,680,25,JG5,0,-1.1870866433571443
2257,20230710-11AM_680_25_JG5_1,0.062,0.0,680,25,JG5,1,-1.207608310501746
2258,20230710-11AM_680_25_JG5_2,0.057,0.0,680,25,JG5,2,-1.2441251443275085
2259,20230710-11AM_680_25_JG5_3,0.062,0.0,680,25,JG5,3,-1.207608310501746
2260,20230710-11AM_680_25_JG5_4,0.057,0.0,680,25,JG5,4,-1.2441251443275085
2261,20230710-11AM_680_25_JG5_5,0.052,0.0,680,25,JG5,5,-1.2839966563652008
2262,20230710-11AM_680_25_JG5_6,0.103,0.0,680,25,JG5,6,-0.9871627752948278
2263,20230710-11AM_680_25_JG5_7,0.062,0.0,680,25,JG5,7,-1.207608310501746
2264,20230710-11AM_750_25_JG5_0,0.052,0.0,750,25,JG5,0,-1.2839966563652008
2265,20230710-11AM_750_25_JG5_1,0.053,0.0,750,25,JG5,1,-1.275724130399211
2266,20230710-11AM_750_25_JG5_2,0.051,0.0,750,25,JG5,2,-1.2924298239020637
2267,20230710-11AM_750_25_JG5_3,0.056,0.0,750,25,JG5,3,-1.2518119729937995
2268,20230710-11AM_750_25_JG5_4,0.053,0.0,750,25,JG5,4,-1.275724130399211
2269,20230710-11AM_750_25_JG5_5,0.052,0.0,750,25,JG5,5,-1.2839966563652008
2270,20230710-11AM_750_25_JG5_6,0.075,0.0,750,25,JG5,6,-1.1249387366083
2271,20230710-11AM_750_25_JG5_7,0.051,0.0,750,25,JG5,7,-1.2924298239020637
2272,20230710-11AM_680_25_BMS_0,0.156,0.0,680,25,BMS,0,-0.8068754016455384
2273,20230710-11AM_680_25_BMS_1,0.165,0.0,680,25,BMS,1,-0.7825160557860937
2274,20230710-11AM_680_25_BMS_2,0.225,0.0,680,25,BMS,2,-0.6478174818886375
2275,20230710-11AM_680_25_BMS_3,0.129,0.0,680,25,BMS,3,-0.889410289700751
2276,20230710-11AM_680_25_BMS_4,0.131,0.0,680,25,BMS,4,-0.8827287043442357
2277,20230710-11AM_680_25_BMS_5,0.201,0.0,680,25,BMS,5,-0.6968039425795111
2278,20230710-11AM_680_25_BMS_6,0.159,0.0,680,25,BMS,6,-0.7986028756795485
2279,20230710-11AM_680_25_BMS_7,0.156,0.0,680,25,BMS,7,-0.8068754016455384
2280,20230710-11AM_750_25_BMS_0,0.105,0.0,750,25,BMS,0,-0.978810700930062
2281,20230710-11AM_750_25_BMS_1,0.112,0.0,750,25,BMS,1,-0.9507819773298184
2282,20230710-11AM_750_25_BMS_2,0.146,0.0,750,25,BMS,2,-0.835647144215563
2283,20230710-11AM_750_25_BMS_3,0.092,0.0,750,25,BMS,3,-1.0362121726544447
2284,20230710-11AM_750_25_BMS_4,0.093,0.0,750,25,BMS,4,-1.031517051446065
2285,20230710-11AM_750_25_BMS_5,0.132,0.0,750,25,BMS,5,-0.8794260687941501
2286,20230710-11AM_750_25_BMS_6,0.109,0.0,750,25,BMS,6,-0.9625735020593764
2287,20230710-11AM_750_25_BMS_7,0.108,0.0,750,25,BMS,7,-0.9665762445130504
2288,20230710-11AM_680_20_3059_0,0.145,0.0,680,20,3059,0,-0.8386319977650252
2289,20230710-11AM_680_20_3059_1,0.127,0.0,680,20,3059,1,-0.8961962790440431
2290,20230710-11AM_680_20_3059_2,0.146,0.0,680,20,3059,2,-0.835647144215563
2291,20230710-11AM_680_20_3059_3,0.094,0.0,680,20,3059,3,-1.0268721464003014
2292,20230710-11AM_680_20_3059_4,0.098,0.0,680,20,3059,4,-1.0087739243075051
2293,20230710-11AM_680_20_3059_5,0.09,0.0,680,20,3059,5,-1.0457574905606752
2294,20230710-11AM_680_20_3059_6,0.126,0.0,680,20,3059,6,-0.8996294548824371
2295,20230710-11AM_680_20_3059_7,0.128,0.0,680,20,3059,7,-0.8927900303521317
2296,20230710-11AM_750_20_3059_0,0.105,0.0,750,20,3059,0,-0.978810700930062
2297,20230710-11AM_750_20_3059_1,0.086,0.0,750,20,3059,1,-1.0655015487564323
2298,20230710-11AM_750_20_3059_2,0.099,0.0,750,20,3059,2,-1.00436480540245
2299,20230710-11AM_750_20_3059_3,0.076,0.0,750,20,3059,3,-1.1191864077192086
2300,20230710-11AM_750_20_3059_4,0.073,0.0,750,20,3059,4,-1.136677139879544
2301,20230710-11AM_750_20_3059_5,0.069,0.0,750,20,3059,5,-1.1611509092627446
2302,20230710-11AM_750_20_3059_6,0.087,0.0,750,20,3059,6,-1.0604807473813815
2303,20230710-11AM_750_20_3059_7,0.09,0.0,750,20,3059,7,-1.0457574905606752
2304,20230710-11AM_680_20_1691_0,0.118,0.0,680,20,1691,0,-0.9281179926938746
2305,20230710-11AM_680_20_1691_1,0.16,0.0,680,20,1691,1,-0.7958800173440752
2306,20230710-11AM_680_20_1691_2,0.122,0.0,680,20,1691,2,-0.9136401693252518
2307,20230710-11AM_680_20_1691_3,0.184,0.0,680,20,1691,3,-0.7351821769904635
2308,20230710-11AM_680_20_1691_4,0.163,0.0,680,20,1691,4,-0.7878123955960422
2309,20230710-11AM_680_20_1691_5,0.109,0.0,680,20,1691,5,-0.9625735020593764
2310,20230710-11AM_680_20_1691_6,0.086,0.0,680,20,1691,6,-1.0655015487564323
2311,20230710-11AM_680_20_1691_7,0.227,0.0,680,20,1691,7,-0.6439741428068773
2312,20230710-11AM_750_20_1691_0,0.085,0.0,750,20,1691,0,-1.0705810742857071
2313,20230710-11AM_750_20_1691_1,0.108,0.0,750,20,1691,1,-0.9665762445130504
2314,20230710-11AM_750_20_1691_2,0.093,0.0,750,20,1691,2,-1.031517051446065
2315,20230710-11AM_750_20_1691_3,0.13,0.0,750,20,1691,3,-0.8860566476931632
2316,20230710-11AM_750_20_1691_4,0.106,0.0,750,20,1691,4,-0.9746941347352298
2317,20230710-11AM_750_20_1691_5,0.083,0.0,750,20,1691,5,-1.080921907623926
2318,20230710-11AM_750_20_1691_6,0.071,0.0,750,20,1691,6,-1.1487416512809248
2319,20230710-11AM_750_20_1691_7,0.143,0.0,750,20,1691,7,-0.8446639625349383
2320,20230710-11AM_680_20_1690_0,0.117,0.0,680,20,1690,0,-0.9318141382538383
2321,20230710-11AM_680_20_1690_1,0.232,0.0,680,20,1690,1,-0.6345120151091003
2322,20230710-11AM_680_20_1690_2,0.152,0.0,680,20,1690,2,-0.8181564120552275
2323,20230710-11AM_680_20_1690_3,0.148,0.0,680,20,1690,3,-0.8297382846050426
2324,20230710-11AM_680_20_1690_4,0.224,0.0,680,20,1690,4,-0.6497519816658371
2325,20230710-11AM_680_20_1690_5,0.106,0.0,680,20,1690,5,-0.9746941347352298
2326,20230710-11AM_680_20_1690_6,0.102,0.0,680,20,1690,6,-0.9913998282380825
2327,20230710-11AM_680_20_1690_7,0.091,0.0,680,20,1690,7,-1.0409586076789064
2328,20230710-11AM_750_20_1690_0,0.079,0.0,750,20,1690,0,-1.1023729087095586
2329,20230710-11AM_750_20_1690_1,0.141,0.0,750,20,1690,1,-0.8507808873446201
2330,20230710-11AM_750_20_1690_2,0.109,0.0,750,20,1690,2,-0.9625735020593764
2331,20230710-11AM_750_20_1690_3,0.089,0.0,750,20,1690,3,-1.0506099933550872
2332,20230710-11AM_750_20_1690_4,0.136,0.0,750,20,1690,4,-0.8664610916297825
2333,20230710-11AM_750_20_1690_5,0.08,0.0,750,20,1690,5,-1.0969100130080565
2334,20230710-11AM_750_20_1690_6,0.078,0.0,750,20,1690,6,-1.1079053973095196
2335,20230710-11AM_750_20_1690_7,0.072,0.0,750,20,1690,7,-1.1426675035687315
2336,20230710-11AM_680_20_2342_0,0.166,0.0,680,20,2342,0,-0.7798919119599449
2337,20230710-11AM_680_20_2342_1,0.114,0.0,680,20,2342,1,-0.9430951486635274
2338,20230710-11AM_680_20_2342_2,0.098,0.0,680,20,2342,2,-1.0087739243075051
2339,20230710-11AM_680_20_2342_3,0.18,0.0,680,20,2342,3,-0.744727494896694
2340,20230710-11AM_680_20_2342_4,0.111,0.0,680,20,2342,4,-0.9546770212133425
2341,20230710-11AM_680_20_2342_5,0.181,0.0,680,20,2342,5,-0.7423214251308154
2342,20230710-11AM_680_20_2342_6,0.103,0.0,680,20,2342,6,-0.9871627752948278
2343,20230710-11AM_680_20_2342_7,0.199,0.0,680,20,2342,7,-0.7011469235902933
2344,20230710-11AM_750_20_2342_0,0.103,0.0,750,20,2342,0,-0.9871627752948278
2345,20230710-11AM_750_20_2342_1,0.074,0.0,750,20,2342,1,-1.1307682802690238
2346,20230710-11AM_750_20_2342_2,0.068,0.0,750,20,2342,2,-1.1674910872937636
2347,20230710-11AM_750_20_2342_3,0.103,0.0,750,20,2342,3,-0.9871627752948278
2348,20230710-11AM_750_20_2342_4,0.07,0.0,750,20,2342,4,-1.154901959985743
2349,20230710-11AM_750_20_2342_5,0.092,0.0,750,20,2342,5,-1.0362121726544447
2350,20230710-11AM_750_20_2342_6,0.07,0.0,750,20,2342,6,-1.154901959985743
2351,20230710-11AM_750_20_2342_7,0.099,0.0,750,20,2342,7,-1.00436480540245
2352,20230710-11AM_680_20_4532_0,0.082,0.0,680,20,4532,0,-1.0861861476162833
2353,20230710-11AM_680_20_4532_1,0.082,0.0,680,20,4532,1,-1.0861861476162833
2354,20230710-11AM_680_20_4532_2,0.135,0.0,680,20,4532,2,-0.8696662315049939
2355,20230710-11AM_680_20_4532_3,0.105,0.0,680,20,4532,3,-0.978810700930062
2356,20230710-11AM_680_20_4532_4,0.09,0.0,680,20,4532,4,-1.0457574905606752
2357,20230710-11AM_680_20_4532_5,0.107,0.0,680,20,4532,5,-0.9706162223147904
2358,20230710-11AM_680_20_4532_6,0.088,0.0,680,20,4532,6,-1.0555173278498313
2359,20230710-11AM_680_20_4532_7,0.098,0.0,680,20,4532,7,-1.0087739243075051
2360,20230710-11AM_750_20_4532_0,0.07,0.0,750,20,4532,0,-1.154901959985743
2361,20230710-11AM_750_20_4532_1,0.059,0.0,750,20,4532,1,-1.2291479883578558
2362,20230710-11AM_750_20_4532_2,0.086,0.0,750,20,4532,2,-1.0655015487564323
2363,20230710-11AM_750_20_4532_3,0.075,0.0,750,20,4532,3,-1.1249387366083
2364,20230710-11AM_750_20_4532_4,0.071,0.0,750,20,4532,4,-1.1487416512809248
2365,20230710-11AM_750_20_4532_5,0.071,0.0,750,20,4532,5,-1.1487416512809248
2366,20230710-11AM_750_20_4532_6,0.061,0.0,750,20,4532,6,-1.214670164989233
2367,20230710-11AM_750_20_4532_7,0.066,0.0,750,20,4532,7,-1.1804560644581312
2368,20230710-11AM_680_20_2344_0,0.113,0.0,680,20,2344,0,-0.9469215565165803
2369,20230710-11AM_680_20_2344_1,0.197,0.0,680,20,2344,1,-0.7055337738384071
2370,20230710-11AM_680_20_2344_2,0.132,0.0,680,20,2344,2,-0.8794260687941501
2371,20230710-11AM_680_20_2344_3,0.153,0.0,680,20,2344,3,-0.8153085691824012
2372,20230710-11AM_680_20_2344_4,0.069,0.0,680,20,2344,4,-1.1611509092627446
2373,20230710-11AM_680_20_2344_5,0.117,0.0,680,20,2344,5,-0.9318141382538383
2374,20230710-11AM_680_20_2344_6,0.133,0.0,680,20,2344,6,-0.8761483590329142
2375,20230710-11AM_680_20_2344_7,0.145,0.0,680,20,2344,7,-0.8386319977650252
2376,20230710-11AM_750_20_2344_0,0.082,0.0,750,20,2344,0,-1.0861861476162833
2377,20230710-11AM_750_20_2344_1,0.131,0.0,750,20,2344,1,-0.8827287043442357
2378,20230710-11AM_750_20_2344_2,0.091,0.0,750,20,2344,2,-1.0409586076789064
2379,20230710-11AM_750_20_2344_3,0.102,0.0,750,20,2344,3,-0.9913998282380825
2380,20230710-11AM_750_20_2344_4,0.06,0.0,750,20,2344,4,-1.2218487496163564
2381,20230710-11AM_750_20_2344_5,0.089,0.0,750,20,2344,5,-1.0506099933550872
2382,20230710-11AM_750_20_2344_6,0.093,0.0,750,20,2344,6,-1.031517051446065
2383,20230710-11AM_750_20_2344_7,0.099,0.0,750,20,2344,7,-1.00436480540245
2384,20230710-11AM_680_20_2343_0,0.161,0.0,680,20,2343,0,-0.7931741239681502
2385,20230710-11AM_680_20_2343_1,0.098,0.0,680,20,2343,1,-1.0087739243075051
2386,20230710-11AM_680_20_2343_2,0.07,0.0,680,20,2343,2,-1.154901959985743
2387,20230710-11AM_680_20_2343_3,0.236,0.0,680,20,2343,3,-0.6270879970298935
2388,20230710-11AM_680_20_2343_4,0.116,0.0,680,20,2343,4,-0.9355420107730815
2389,20230710-11AM_680_20_2343_5,0.084,0.0,680,20,2343,5,-1.0757207139381184
2390,20230710-11AM_680_20_2343_6,0.114,0.0,680,20,2343,6,-0.9430951486635274
2391,20230710-11AM_680_20_2343_7,0.059,0.0,680,20,2343,7,-1.2291479883578558
2392,20230710-11AM_750_20_2343_0,0.109,0.0,750,20,2343,0,-0.9625735020593764
2393,20230710-11AM_750_20_2343_1,0.075,0.0,750,20,2343,1,-1.1249387366083
2394,20230710-11AM_750_20_2343_2,0.061,0.0,750,20,2343,2,-1.214670164989233
2395,20230710-11AM_750_20_2343_3,0.132,0.0,750,20,2343,3,-0.8794260687941501
2396,20230710-11AM_750_20_2343_4,0.077,0.0,750,20,2343,4,-1.1135092748275182
2397,20230710-11AM_750_20_2343_5,0.067,0.0,750,20,2343,5,-1.1739251972991736
2398,20230710-11AM_750_20_2343_6,0.083,0.0,750,20,2343,6,-1.080921907623926
2399,20230710-11AM_750_20_2343_7,0.055,0.0,750,20,2343,7,-1.2596373105057561
2400,20230710-11AM_680_20_1952_0,0.136,0.0,680,20,1952,0,-0.8664610916297825
2401,20230710-11AM_680_20_1952_1,0.187,0.0,680,20,1952,1,-0.7281583934635011
2402,20230710-11AM_680_20_1952_2,0.157,0.0,680,20,1952,2,-0.8041003475907662
2403,20230710-11AM_680_20_1952_3,0.143,0.0,680,20,1952,3,-0.8446639625349383
2404,20230710-11AM_680_20_1952_4,0.121,0.0,680,20,1952,4,-0.9172146296835499
2405,20230710-11AM_680_20_1952_5,0.13,0.0,680,20,1952,5,-0.8860566476931632
2406,20230710-11AM_680_20_1952_6,0.13,0.0,680,20,1952,6,-0.8860566476931632
2407,20230710-11AM_680_20_1952_7,0.133,0.0,680,20,1952,7,-0.8761483590329142
2408,20230710-11AM_750_20_1952_0,0.097,0.0,750,20,1952,0,-1.0132282657337552
2409,20230710-11AM_750_20_1952_1,0.121,0.0,750,20,1952,1,-0.9172146296835499
2410,20230710-11AM_750_20_1952_2,0.107,0.0,750,20,1952,2,-0.9706162223147904
2411,20230710-11AM_750_20_1952_3,0.098,0.0,750,20,1952,3,-1.0087739243075051
2412,20230710-11AM_750_20_1952_4,0.091,0.0,750,20,1952,4,-1.0409586076789064
2413,20230710-11AM_750_20_1952_5,0.092,0.0,750,20,1952,5,-1.0362121726544447
2414,20230710-11AM_750_20_1952_6,0.088,0.0,750,20,1952,6,-1.0555173278498313
2415,20230710-11AM_750_20_1952_7,0.094,0.0,750,20,1952,7,-1.0268721464003014
2416,20230710-11AM_680_20_2931_0,0.108,0.0,680,20,2931,0,-0.9665762445130504
2417,20230710-11AM_680_20_2931_1,0.08,0.0,680,20,2931,1,-1.0969100130080565
2418,20230710-11AM_680_20_2931_2,0.127,0.0,680,20,2931,2,-0.8961962790440431
2419,20230710-11AM_680_20_2931_3,0.085,0.0,680,20,2931,3,-1.0705810742857071
2420,20230710-11AM_680_20_2931_4,0.189,0.0,680,20,2931,4,-0.7235381958267558
2421,20230710-11AM_680_20_2931_5,0.115,0.0,680,20,2931,5,-0.9393021596463883
2422,20230710-11AM_680_20_2931_6,0.145,0.0,680,20,2931,6,-0.8386319977650252
2423,20230710-11AM_680_20_2931_7,0.135,0.0,680,20,2931,7,-0.8696662315049939
2424,20230710-11AM_750_20_2931_0,0.078,0.0,750,20,2931,0,-1.1079053973095196
2425,20230710-11AM_750_20_2931_1,0.066,0.0,750,20,2931,1,-1.1804560644581312
2426,20230710-11AM_750_20_2931_2,0.09,0.0,750,20,2931,2,-1.0457574905606752
2427,20230710-11AM_750_20_2931_3,0.068,0.0,750,20,2931,3,-1.1674910872937636
2428,20230710-11AM_750_20_2931_4,0.12,0.0,750,20,2931,4,-0.9208187539523752
2429,20230710-11AM_750_20_2931_5,0.084,0.0,750,20,2931,5,-1.0757207139381184
2430,20230710-11AM_750_20_2931_6,0.097,0.0,750,20,2931,6,-1.0132282657337552
2431,20230710-11AM_750_20_2931_7,0.091,0.0,750,20,2931,7,-1.0409586076789064
2432,20230710-11AM_680_20_JG5_0,0.074,0.0,680,20,JG5,0,-1.1307682802690238
2433,20230710-11AM_680_20_JG5_1,0.082,0.0,680,20,JG5,1,-1.0861861476162833
2434,20230710-11AM_680_20_JG5_2,0.048,0.0,680,20,JG5,2,-1.3187587626244128
2435,20230710-11AM_680_20_JG5_3,0.05,0.0,680,20,JG5,3,-1.3010299956639813
2436,20230710-11AM_680_20_JG5_4,0.053,0.0,680,20,JG5,4,-1.275724130399211
2437,20230710-11AM_680_20_JG5_5,0.051,0.0,680,20,JG5,5,-1.2924298239020637
2438,20230710-11AM_680_20_JG5_6,0.056,0.0,680,20,JG5,6,-1.2518119729937995
2439,20230710-11AM_680_20_JG5_7,0.043,0.0,680,20,JG5,7,-1.3665315444204136
2440,20230710-11AM_750_20_JG5_0,0.056,0.0,750,20,JG5,0,-1.2518119729937995
2441,20230710-11AM_750_20_JG5_1,0.063,0.0,750,20,JG5,1,-1.2006594505464183
2442,20230710-11AM_750_20_JG5_2,0.046,0.0,750,20,JG5,2,-1.337242168318426
2443,20230710-11AM_750_20_JG5_3,0.05,0.0,750,20,JG5,3,-1.3010299956639813
2444,20230710-11AM_750_20_JG5_4,0.051,0.0,750,20,JG5,4,-1.2924298239020637
2445,20230710-11AM_750_20_JG5_5,0.051,0.0,750,20,JG5,5,-1.2924298239020637
2446,20230710-11AM_750_20_JG5_6,0.051,0.0,750,20,JG5,6,-1.2924298239020637
2447,20230710-11AM_750_20_JG5_7,0.044,0.0,750,20,JG5,7,-1.3565473235138126
2448,20230710-11AM_680_20_BMS_0,0.113,0.0,680,20,BMS,0,-0.9469215565165803
2449,20230710-11AM_680_20_BMS_1,0.171,0.0,680,20,BMS,1,-0.7670038896078462
2450,20230710-11AM_680_20_BMS_2,0.134,0.0,680,20,BMS,2,-0.8728952016351923
2451,20230710-11AM_680_20_BMS_3,0.168,0.0,680,20,BMS,3,-0.7746907182741372
2452,20230710-11AM_680_20_BMS_4,0.124,0.0,680,20,BMS,4,-0.906578314837765
2453,20230710-11AM_680_20_BMS_5,0.151,0.0,680,20,BMS,5,-0.8210230527068306
2454,20230710-11AM_680_20_BMS_6,0.135,0.0,680,20,BMS,6,-0.8696662315049939
2455,20230710-11AM_680_20_BMS_7,0.118,0.0,680,20,BMS,7,-0.9281179926938746
2456,20230710-11AM_750_20_BMS_0,0.084,0.0,750,20,BMS,0,-1.0757207139381184
2457,20230710-11AM_750_20_BMS_1,0.115,0.0,750,20,BMS,1,-0.9393021596463883
2458,20230710-11AM_750_20_BMS_2,0.095,0.0,750,20,BMS,2,-1.0222763947111522
2459,20230710-11AM_750_20_BMS_3,0.113,0.0,750,20,BMS,3,-0.9469215565165803
2460,20230710-11AM_750_20_BMS_4,0.09,0.0,750,20,BMS,4,-1.0457574905606752
2461,20230710-11AM_750_20_BMS_5,0.104,0.0,750,20,BMS,5,-0.9829666607012196
2462,20230710-11AM_750_20_BMS_6,0.094,0.0,750,20,BMS,6,-1.0268721464003014
2463,20230710-11AM_750_20_BMS_7,0.087,0.0,750,20,BMS,7,-1.0604807473813815
2464,20230710-11AM_680_30_3059_0,0.091,0.0,680,30,3059,0,-1.0409586076789064
2465,20230710-11AM_680_30_3059_1,0.101,0.0,680,30,3059,1,-0.9956786262173574
2466,20230710-11AM_680_30_3059_2,0.13,0.0,680,30,3059,2,-0.8860566476931632
2467,20230710-11AM_680_30_3059_3,0.112,0.0,680,30,3059,3,-0.9507819773298184
2468,20230710-11AM_680_30_3059_4,0.106,0.0,680,30,3059,4,-0.9746941347352298
2469,20230710-11AM_680_30_3059_5,0.107,0.0,680,30,3059,5,-0.9706162223147904
2470,20230710-11AM_680_30_3059_6,0.171,0.0,680,30,3059,6,-0.7670038896078462
2471,20230710-11AM_680_30_3059_7,0.147,0.0,680,30,3059,7,-0.8326826652518239
2472,20230710-11AM_750_30_3059_0,0.072,0.0,750,30,3059,0,-1.1426675035687315
2473,20230710-11AM_750_30_3059_1,0.074,0.0,750,30,3059,1,-1.1307682802690238
2474,20230710-11AM_750_30_3059_2,0.091,0.0,750,30,3059,2,-1.0409586076789064
2475,20230710-11AM_750_30_3059_3,0.086,0.0,750,30,3059,3,-1.0655015487564323
2476,20230710-11AM_750_30_3059_4,0.082,0.0,750,30,3059,4,-1.0861861476162833
2477,20230710-11AM_750_30_3059_5,0.071,0.0,750,30,3059,5,-1.1487416512809248
2478,20230710-11AM_750_30_3059_6,0.114,0.0,750,30,3059,6,-0.9430951486635274
2479,20230710-11AM_750_30_3059_7,0.1,0.0,750,30,3059,7,-1.0
2480,20230710-11AM_680_30_1691_0,0.121,0.0,680,30,1691,0,-0.9172146296835499
2481,20230710-11AM_680_30_1691_1,0.14,0.0,680,30,1691,1,-0.8538719643217619
2482,20230710-11AM_680_30_1691_2,0.213,0.0,680,30,1691,2,-0.6716203965612623
2483,20230710-11AM_680_30_1691_3,0.17,0.0,680,30,1691,3,-0.769551078621726
2484,20230710-11AM_680_30_1691_4,0.133,0.0,680,30,1691,4,-0.8761483590329142
2485,20230710-11AM_680_30_1691_5,0.161,0.0,680,30,1691,5,-0.7931741239681502
2486,20230710-11AM_680_30_1691_6,0.082,0.0,680,30,1691,6,-1.0861861476162833
2487,20230710-11AM_680_30_1691_7,0.222,0.0,680,30,1691,7,-0.6536470255493614
2488,20230710-11AM_750_30_1691_0,0.083,0.0,750,30,1691,0,-1.080921907623926
2489,20230710-11AM_750_30_1691_1,0.099,0.0,750,30,1691,1,-1.00436480540245
2490,20230710-11AM_750_30_1691_2,0.14,0.0,750,30,1691,2,-0.8538719643217619
2491,20230710-11AM_750_30_1691_3,0.11,0.0,750,30,1691,3,-0.958607314841775
2492,20230710-11AM_750_30_1691_4,0.095,0.0,750,30,1691,4,-1.0222763947111522
2493,20230710-11AM_750_30_1691_5,0.076,0.0,750,30,1691,5,-1.1191864077192086
2494,20230710-11AM_750_30_1691_6,0.068,0.0,750,30,1691,6,-1.1674910872937636
2495,20230710-11AM_750_30_1691_7,0.141,0.0,750,30,1691,7,-0.8507808873446201
2496,20230710-11AM_680_30_1690_0,0.096,0.0,680,30,1690,0,-1.0177287669604316
2497,20230710-11AM_680_30_1690_1,0.096,0.0,680,30,1690,1,-1.0177287669604316
2498,20230710-11AM_680_30_1690_2,0.155,0.0,680,30,1690,2,-0.8096683018297085
2499,20230710-11AM_680_30_1690_3,0.2,0.0,680,30,1690,3,-0.6989700043360187
2500,20230710-11AM_680_30_1690_4,0.267,0.0,680,30,1690,4,-0.5734887386354247
2501,20230710-11AM_680_30_1690_5,0.098,0.0,680,30,1690,5,-1.0087739243075051
2502,20230710-11AM_680_30_1690_6,0.126,0.0,680,30,1690,6,-0.8996294548824371
2503,20230710-11AM_680_30_1690_7,0.141,0.0,680,30,1690,7,-0.8507808873446201
2504,20230710-11AM_750_30_1690_0,0.081,0.0,750,30,1690,0,-1.0915149811213503
2505,20230710-11AM_750_30_1690_1,0.087,0.0,750,30,1690,1,-1.0604807473813815
2506,20230710-11AM_750_30_1690_2,0.134,0.0,750,30,1690,2,-0.8728952016351923
2507,20230710-11AM_750_30_1690_3,0.129,0.0,750,30,1690,3,-0.889410289700751
2508,20230710-11AM_750_30_1690_4,0.154,0.0,750,30,1690,4,-0.8124792791635369
2509,20230710-11AM_750_30_1690_5,0.076,0.0,750,30,1690,5,-1.1191864077192086
2510,20230710-11AM_750_30_1690_6,0.087,0.0,750,30,1690,6,-1.0604807473813815
2511,20230710-11AM_750_30_1690_7,0.099,0.0,750,30,1690,7,-1.00436480540245
2512,20230710-11AM_680_30_2342_0,0.203,0.0,680,30,2342,0,-0.6925039620867871
2513,20230710-11AM_680_30_2342_1,0.104,0.0,680,30,2342,1,-0.9829666607012196
2514,20230710-11AM_680_30_2342_2,0.146,0.0,680,30,2342,2,-0.835647144215563
2515,20230710-11AM_680_30_2342_3,0.119,0.0,680,30,2342,3,-0.9244530386074693
2516,20230710-11AM_680_30_2342_4,0.098,0.0,680,30,2342,4,-1.0087739243075051
2517,20230710-11AM_680_30_2342_5,0.224,0.0,680,30,2342,5,-0.6497519816658371
2518,20230710-11AM_680_30_2342_6,0.116,0.0,680,30,2342,6,-0.9355420107730815
2519,20230710-11AM_680_30_2342_7,0.098,0.0,680,30,2342,7,-1.0087739243075051
2520,20230710-11AM_750_30_2342_0,0.112,0.0,750,30,2342,0,-0.9507819773298184
2521,20230710-11AM_750_30_2342_1,0.076,0.0,750,30,2342,1,-1.1191864077192086
2522,20230710-11AM_750_30_2342_2,0.093,0.0,750,30,2342,2,-1.031517051446065
2523,20230710-11AM_750_30_2342_3,0.077,0.0,750,30,2342,3,-1.1135092748275182
2524,20230710-11AM_750_30_2342_4,0.064,0.0,750,30,2342,4,-1.193820026016113
2525,20230710-11AM_750_30_2342_5,0.115,0.0,750,30,2342,5,-0.9393021596463883
2526,20230710-11AM_750_30_2342_6,0.073,0.0,750,30,2342,6,-1.136677139879544
2527,20230710-11AM_750_30_2342_7,0.066,0.0,750,30,2342,7,-1.1804560644581312
2528,20230710-11AM_680_30_4532_0,0.096,0.0,680,30,4532,0,-1.0177287669604316
2529,20230710-11AM_680_30_4532_1,0.11,0.0,680,30,4532,1,-0.958607314841775
2530,20230710-11AM_680_30_4532_2,0.079,0.0,680,30,4532,2,-1.1023729087095586
2531,20230710-11AM_680_30_4532_3,0.079,0.0,680,30,4532,3,-1.1023729087095586
2532,20230710-11AM_680_30_4532_4,0.08,0.0,680,30,4532,4,-1.0969100130080565
2533,20230710-11AM_680_30_4532_5,0.084,0.0,680,30,4532,5,-1.0757207139381184
2534,20230710-11AM_680_30_4532_6,0.121,0.0,680,30,4532,6,-0.9172146296835499
2535,20230710-11AM_680_30_4532_7,0.081,0.0,680,30,4532,7,-1.0915149811213503
2536,20230710-11AM_750_30_4532_0,0.075,0.0,750,30,4532,0,-1.1249387366083
2537,20230710-11AM_750_30_4532_1,0.07,0.0,750,30,4532,1,-1.154901959985743
2538,20230710-11AM_750_30_4532_2,0.062,0.0,750,30,4532,2,-1.207608310501746
2539,20230710-11AM_750_30_4532_3,0.082,0.0,750,30,4532,3,-1.0861861476162833
2540,20230710-11AM_750_30_4532_4,0.076,0.0,750,30,4532,4,-1.1191864077192086
2541,20230710-11AM_750_30_4532_5,0.061,0.0,750,30,4532,5,-1.214670164989233
2542,20230710-11AM_750_30_4532_6,0.07,0.0,750,30,4532,6,-1.154901959985743
2543,20230710-11AM_750_30_4532_7,0.056,0.0,750,30,4532,7,-1.2518119729937995
2544,20230710-11AM_680_30_2344_0,0.173,0.0,680,30,2344,0,-0.7619538968712046
2545,20230710-11AM_680_30_2344_1,0.18,0.0,680,30,2344,1,-0.744727494896694
2546,20230710-11AM_680_30_2344_2,0.132,0.0,680,30,2344,2,-0.8794260687941501
2547,20230710-11AM_680_30_2344_3,0.154,0.0,680,30,2344,3,-0.8124792791635369
2548,20230710-11AM_680_30_2344_4,0.067,0.0,680,30,2344,4,-1.1739251972991736
2549,20230710-11AM_680_30_2344_5,0.193,0.0,680,30,2344,5,-0.7144426909922262
2550,20230710-11AM_680_30_2344_6,0.176,0.0,680,30,2344,6,-0.7544873321858502
2551,20230710-11AM_680_30_2344_7,0.117,0.0,680,30,2344,7,-0.9318141382538383
2552,20230710-11AM_750_30_2344_0,0.115,0.0,750,30,2344,0,-0.9393021596463883
2553,20230710-11AM_750_30_2344_1,0.125,0.0,750,30,2344,1,-0.9030899869919435
2554,20230710-11AM_750_30_2344_2,0.094,0.0,750,30,2344,2,-1.0268721464003014
2555,20230710-11AM_750_30_2344_3,0.101,0.0,750,30,2344,3,-0.9956786262173574
2556,20230710-11AM_750_30_2344_4,0.06,0.0,750,30,2344,4,-1.2218487496163564
2557,20230710-11AM_750_30_2344_5,0.132,0.0,750,30,2344,5,-0.8794260687941501
2558,20230710-11AM_750_30_2344_6,0.115,0.0,750,30,2344,6,-0.9393021596463883
2559,20230710-11AM_750_30_2344_7,0.086,0.0,750,30,2344,7,-1.0655015487564323
2560,20230710-11AM_680_30_2343_0,0.118,0.0,680,30,2343,0,-0.9281179926938746
2561,20230710-11AM_680_30_2343_1,0.089,0.0,680,30,2343,1,-1.0506099933550872
2562,20230710-11AM_680_30_2343_2,0.078,0.0,680,30,2343,2,-1.1079053973095196
2563,20230710-11AM_680_30_2343_3,0.137,0.0,680,30,2343,3,-0.8632794328435932
2564,20230710-11AM_680_30_2343_4,0.164,0.0,680,30,2343,4,-0.7851561519523022
2565,20230710-11AM_680_30_2343_5,0.102,0.0,680,30,2343,5,-0.9913998282380825
2566,20230710-11AM_680_30_2343_6,0.145,0.0,680,30,2343,6,-0.8386319977650252
2567,20230710-11AM_680_30_2343_7,0.133,0.0,680,30,2343,7,-0.8761483590329142
2568,20230710-11AM_750_30_2343_0,0.088,0.0,750,30,2343,0,-1.0555173278498313
2569,20230710-11AM_750_30_2343_1,0.065,0.0,750,30,2343,1,-1.1870866433571443
2570,20230710-11AM_750_30_2343_2,0.062,0.0,750,30,2343,2,-1.207608310501746
2571,20230710-11AM_750_30_2343_3,0.096,0.0,750,30,2343,3,-1.0177287669604316
2572,20230710-11AM_750_30_2343_4,0.123,0.0,750,30,2343,4,-0.9100948885606021
2573,20230710-11AM_750_30_2343_5,0.077,0.0,750,30,2343,5,-1.1135092748275182
2574,20230710-11AM_750_30_2343_6,0.113,0.0,750,30,2343,6,-0.9469215565165803
2575,20230710-11AM_750_30_2343_7,0.093,0.0,750,30,2343,7,-1.031517051446065
2576,20230710-11AM_680_30_1952_0,0.147,0.0,680,30,1952,0,-0.8326826652518239
2577,20230710-11AM_680_30_1952_1,0.153,0.0,680,30,1952,1,-0.8153085691824012
2578,20230710-11AM_680_30_1952_2,0.163,0.0,680,30,1952,2,-0.7878123955960422
2579,20230710-11AM_680_30_1952_3,0.16,0.0,680,30,1952,3,-0.7958800173440752
2580,20230710-11AM_680_30_1952_4,0.148,0.0,680,30,1952,4,-0.8297382846050426
2581,20230710-11AM_680_30_1952_5,0.11,0.0,680,30,1952,5,-0.958607314841775
2582,20230710-11AM_680_30_1952_6,0.121,0.0,680,30,1952,6,-0.9172146296835499
2583,20230710-11AM_680_30_1952_7,0.096,0.0,680,30,1952,7,-1.0177287669604316
2584,20230710-11AM_750_30_1952_0,0.103,0.0,750,30,1952,0,-0.9871627752948278
2585,20230710-11AM_750_30_1952_1,0.105,0.0,750,30,1952,1,-0.978810700930062
2586,20230710-11AM_750_30_1952_2,0.114,0.0,750,30,1952,2,-0.9430951486635274
2587,20230710-11AM_750_30_1952_3,0.109,0.0,750,30,1952,3,-0.9625735020593764
2588,20230710-11AM_750_30_1952_4,0.106,0.0,750,30,1952,4,-0.9746941347352298
2589,20230710-11AM_750_30_1952_5,0.082,0.0,750,30,1952,5,-1.0861861476162833
2590,20230710-11AM_750_30_1952_6,0.086,0.0,750,30,1952,6,-1.0655015487564323
2591,20230710-11AM_750_30_1952_7,0.075,0.0,750,30,1952,7,-1.1249387366083
2592,20230710-11AM_680_30_2931_0,0.127,0.0,680,30,2931,0,-0.8961962790440431
2593,20230710-11AM_680_30_2931_1,0.093,0.0,680,30,2931,1,-1.031517051446065
2594,20230710-11AM_680_30_2931_2,0.129,0.0,680,30,2931,2,-0.889410289700751
2595,20230710-11AM_680_30_2931_3,0.091,0.0,680,30,2931,3,-1.0409586076789064
2596,20230710-11AM_680_30_2931_4,0.147,0.0,680,30,2931,4,-0.8326826652518239
2597,20230710-11AM_680_30_2931_5,0.136,0.0,680,30,2931,5,-0.8664610916297825
2598,20230710-11AM_680_30_2931_6,0.129,0.0,680,30,2931,6,-0.889410289700751
2599,20230710-11AM_680_30_2931_7,0.103,0.0,680,30,2931,7,-0.9871627752948278
2600,20230710-11AM_750_30_2931_0,0.087,0.0,750,30,2931,0,-1.0604807473813815
2601,20230710-11AM_750_30_2931_1,0.072,0.0,750,30,2931,1,-1.1426675035687315
2602,20230710-11AM_750_30_2931_2,0.093,0.0,750,30,2931,2,-1.031517051446065
2603,20230710-11AM_750_30_2931_3,0.071,0.0,750,30,2931,3,-1.1487416512809248
2604,20230710-11AM_750_30_2931_4,0.101,0.0,750,30,2931,4,-0.9956786262173574
2605,20230710-11AM_750_30_2931_5,0.097,0.0,750,30,2931,5,-1.0132282657337552
2606,20230710-11AM_750_30_2931_6,0.091,0.0,750,30,2931,6,-1.0409586076789064
2607,20230710-11AM_750_30_2931_7,0.076,0.0,750,30,2931,7,-1.1191864077192086
2608,20230710-11AM_680_30_JG5_0,0.066,0.0,680,30,JG5,0,-1.1804560644581312
2609,20230710-11AM_680_30_JG5_1,0.061,0.0,680,30,JG5,1,-1.214670164989233
2610,20230710-11AM_680_30_JG5_2,0.052,0.0,680,30,JG5,2,-1.2839966563652008
2611,20230710-11AM_680_30_JG5_3,0.063,0.0,680,30,JG5,3,-1.2006594505464183
2612,20230710-11AM_680_30_JG5_4,0.052,0.0,680,30,JG5,4,-1.2839966563652008
2613,20230710-11AM_680_30_JG5_5,0.055,0.0,680,30,JG5,5,-1.2596373105057561
2614,20230710-11AM_680_30_JG5_6,0.058,0.0,680,30,JG5,6,-1.2365720064370627
2615,20230710-11AM_680_30_JG5_7,0.06,0.0,680,30,JG5,7,-1.2218487496163564
2616,20230710-11AM_750_30_JG5_0,0.055,0.0,750,30,JG5,0,-1.2596373105057561
2617,20230710-11AM_750_30_JG5_1,0.053,0.0,750,30,JG5,1,-1.275724130399211
2618,20230710-11AM_750_30_JG5_2,0.048,0.0,750,30,JG5,2,-1.3187587626244128
2619,20230710-11AM_750_30_JG5_3,0.058,0.0,750,30,JG5,3,-1.2365720064370627
2620,20230710-11AM_750_30_JG5_4,0.051,0.0,750,30,JG5,4,-1.2924298239020637
2621,20230710-11AM_750_30_JG5_5,0.053,0.0,750,30,JG5,5,-1.275724130399211
2622,20230710-11AM_750_30_JG5_6,0.051,0.0,750,30,JG5,6,-1.2924298239020637
2623,20230710-11AM_750_30_JG5_7,0.05,0.0,750,30,JG5,7,-1.3010299956639813
2624,20230710-11AM_680_30_BMS_0,0.116,0.0,680,30,BMS,0,-0.9355420107730815
2625,20230710-11AM_680_30_BMS_1,0.164,0.0,680,30,BMS,1,-0.7851561519523022
2626,20230710-11AM_680_30_BMS_2,0.113,0.0,680,30,BMS,2,-0.9469215565165803
2627,20230710-11AM_680_30_BMS_3,0.192,0.0,680,30,BMS,3,-0.7166987712964504
2628,20230710-11AM_680_30_BMS_4,0.118,0.0,680,30,BMS,4,-0.9281179926938746
2629,20230710-11AM_680_30_BMS_5,0.168,0.0,680,30,BMS,5,-0.7746907182741372
2630,20230710-11AM_680_30_BMS_6,0.134,0.0,680,30,BMS,6,-0.8728952016351923
2631,20230710-11AM_680_30_BMS_7,0.167,0.0,680,30,BMS,7,-0.7772835288524167
2632,20230710-11AM_750_30_BMS_0,0.086,0.0,750,30,BMS,0,-1.0655015487564323
2633,20230710-11AM_750_30_BMS_1,0.114,0.0,750,30,BMS,1,-0.9430951486635274
2634,20230710-11AM_750_30_BMS_2,0.085,0.0,750,30,BMS,2,-1.0705810742857071
2635,20230710-11AM_750_30_BMS_3,0.126,0.0,750,30,BMS,3,-0.8996294548824371
2636,20230710-11AM_750_30_BMS_4,0.085,0.0,750,30,BMS,4,-1.0705810742857071
2637,20230710-11AM_750_30_BMS_5,0.118,0.0,750,30,BMS,5,-0.9281179926938746
2638,20230710-11AM_750_30_BMS_6,0.094,0.0,750,30,BMS,6,-1.0268721464003014
2639,20230710-11AM_750_30_BMS_7,0.115,0.0,750,30,BMS,7,-0.9393021596463883
2640,20230713-9AM_680_25_3059_0,1.831,70.0,680,25,3059,0,0.26268834430169646
2641,20230713-9AM_680_25_3059_1,1.639,70.0,680,25,3059,1,0.21457895357049908
2642,20230713-9AM_680_25_3059_2,1.574,70.0,680,25,3059,2,0.19700472802304578
2643,20230713-9AM_680_25_3059_3,1.722,70.0,680,25,3059,3,0.23603314711763596
2644,20230713-9AM_680_25_3059_4,1.943,70.0,680,25,3059,4,0.28847280059978253
2645,20230713-9AM_680_25_3059_5,1.878,70.0,680,25,3059,5,0.2736955879300921
2646,20230713-9AM_680_25_3059_6,1.746,70.0,680,25,3059,6,0.2420442393695509
2647,20230713-9AM_680_25_3059_7,1.615,70.0,680,25,3059,7,0.2081725266671217
2648,20230713-9AM_750_25_3059_0,1.145,70.0,750,25,3059,0,0.05880548667590681
2649,20230713-9AM_750_25_3059_1,1.011,70.0,750,25,3059,1,0.00475115559100102
2650,20230713-9AM_750_25_3059_2,1.118,70.0,750,25,3059,2,0.04844180355040453
2651,20230713-9AM_750_25_3059_3,1.072,70.0,750,25,3059,3,0.03019478535675124
2652,20230713-9AM_750_25_3059_4,1.19,70.0,750,25,3059,4,0.07554696139253074
2653,20230713-9AM_750_25_3059_5,1.188,70.0,750,25,3059,5,0.07481644064517472
2654,20230713-9AM_750_25_3059_6,1.175,70.0,750,25,3059,6,0.07003786660775509
2655,20230713-9AM_750_25_3059_7,1.098,70.0,750,25,3059,7,0.04060234011407314
2656,20230713-9AM_680_25_1691_0,2.074,70.0,680,25,1691,0,0.3168087520530221
2657,20230713-9AM_680_25_1691_1,2.087,70.0,680,25,1691,1,0.3195224490654541
2658,20230713-9AM_680_25_1691_2,1.335,70.0,680,25,1691,2,0.125481265700594
2659,20230713-9AM_680_25_1691_3,2.059,70.0,680,25,1691,3,0.31365634661803143
2660,20230713-9AM_680_25_1691_4,1.101,70.0,680,25,1691,4,0.041787318971751766
2661,20230713-9AM_680_25_1691_5,1.979,70.0,680,25,1691,5,0.2964457942063963
2662,20230713-9AM_680_25_1691_6,1.387,70.0,680,25,1691,6,0.14207646107328487
2663,20230713-9AM_680_25_1691_7,1.505,70.0,680,25,1691,7,0.17753649992986212
2664,20230713-9AM_750_25_1691_0,1.179,70.0,750,25,1691,0,0.07151380509508916
2665,20230713-9AM_750_25_1691_1,1.151,70.0,750,25,1691,1,0.06107532362979181
2666,20230713-9AM_750_25_1691_2,0.663,70.0,750,25,1691,2,-0.17848647159522685
2667,20230713-9AM_750_25_1691_3,1.217,70.0,750,25,1691,3,0.08529057823006501
2668,20230713-9AM_750_25_1691_4,0.635,70.0,750,25,1691,4,-0.1972262747080243
2669,20230713-9AM_750_25_1691_5,1.186,70.0,750,25,1691,5,0.07408468902824378
2670,20230713-9AM_750_25_1691_6,0.844,70.0,750,25,1691,6,-0.07365755337434496
2671,20230713-9AM_750_25_1691_7,0.911,70.0,750,25,1691,7,-0.040481623027001735
2672,20230713-9AM_680_25_1690_0,1.918,70.0,680,25,1690,0,0.2828486028346448
2673,20230713-9AM_680_25_1690_1,2.813,70.0,680,25,1690,1,0.44916973216520095
2674,20230713-9AM_680_25_1690_2,1.177,70.0,680,25,1690,2,0.0707764628434347
2675,20230713-9AM_680_25_1690_3,1.654,70.0,680,25,1690,3,0.21853550521652784
2676,20230713-9AM_680_25_1690_4,1.77,70.0,680,25,1690,4,0.24797326636180664
2677,20230713-9AM_680_25_1690_5,1.614,70.0,680,25,1690,5,0.20790353038605164
2678,20230713-9AM_680_25_1690_6,1.591,70.0,680,25,1690,6,0.20167017964658152
2679,20230713-9AM_680_25_1690_7,1.574,70.0,680,25,1690,7,0.19700472802304578
2680,20230713-9AM_750_25_1690_0,1.146,70.0,750,25,1690,0,0.05918461763137114
2681,20230713-9AM_750_25_1690_1,1.393,70.0,750,25,1690,1,0.1439511164239635
2682,20230713-9AM_750_25_1690_2,0.758,70.0,750,25,1690,2,-0.12033079436794646
2683,20230713-9AM_750_25_1690_3,0.957,70.0,750,25,1690,3,-0.01908806222315645
2684,20230713-9AM_750_25_1690_4,1.079,70.0,750,25,1690,4,0.033021444682910656
2685,20230713-9AM_750_25_1690_5,0.895,70.0,750,25,1690,5,-0.04817696468408802
2686,20230713-9AM_750_25_1690_6,0.92,70.0,750,25,1690,6,-0.036212172654444715
2687,20230713-9AM_750_25_1690_7,0.927,70.0,750,25,1690,7,-0.0329202658555029
2688,20230713-9AM_680_25_2342_0,1.221,70.0,680,25,2342,0,0.0867156639448825
2689,20230713-9AM_680_25_2342_1,1.468,70.0,680,25,2342,1,0.1667260555800517
2690,20230713-9AM_680_25_2342_2,1.42,70.0,680,25,2342,2,0.15228834438305647
2691,20230713-9AM_680_25_2342_3,1.246,70.0,680,25,2342,3,0.09551804232315081
2692,20230713-9AM_680_25_2342_4,1.345,70.0,680,25,2342,4,0.12872228433842678
2693,20230713-9AM_680_25_2342_5,1.43,70.0,680,25,2342,5,0.1553360374650618
2694,20230713-9AM_680_25_2342_6,1.463,70.0,680,25,2342,6,0.16524432612531087
2695,20230713-9AM_680_25_2342_7,1.252,70.0,680,25,2342,7,0.09760432887441088
2696,20230713-9AM_750_25_2342_0,0.862,70.0,750,25,2342,0,-0.06449273417528721
2697,20230713-9AM_750_25_2342_1,0.998,70.0,750,25,2342,1,-0.0008694587126288914
2698,20230713-9AM_750_25_2342_2,0.986,70.0,750,25,2342,2,-0.0061230850587887945
2699,20230713-9AM_750_25_2342_3,0.848,70.0,750,25,2342,3,-0.07160414774328619
2700,20230713-9AM_750_25_2342_4,0.819,70.0,750,25,2342,4,-0.08671609823958155
2701,20230713-9AM_750_25_2342_5,0.957,70.0,750,25,2342,5,-0.01908806222315645
2702,20230713-9AM_750_25_2342_6,0.958,70.0,750,25,2342,6,-0.018634490921455603
2703,20230713-9AM_750_25_2342_7,0.911,70.0,750,25,2342,7,-0.040481623027001735
2704,20230713-9AM_680_25_4532_0,1.769,70.0,680,25,4532,0,0.2477278329097231
2705,20230713-9AM_680_25_4532_1,1.795,70.0,680,25,4532,1,0.25406445291433793
2706,20230713-9AM_680_25_4532_2,1.714,70.0,680,25,4532,2,0.23401081758717934
2707,20230713-9AM_680_25_4532_3,1.676,70.0,680,25,4532,3,0.2242740142942577
2708,20230713-9AM_680_25_4532_4,2.019,70.0,680,25,4532,4,0.3051363189436393
2709,20230713-9AM_680_25_4532_5,1.859,70.0,680,25,4532,5,0.2692793897718986
2710,20230713-9AM_680_25_4532_6,1.907,70.0,680,25,4532,6,0.28035069304600563
2711,20230713-9AM_680_25_4532_7,1.937,70.0,680,25,4532,7,0.2871296207191108
2712,20230713-9AM_750_25_4532_0,0.898,70.0,750,25,4532,0,-0.04672366333269562
2713,20230713-9AM_750_25_4532_1,0.997,70.0,750,25,4532,1,-0.0013048416883442813
2714,20230713-9AM_750_25_4532_2,0.973,70.0,750,25,4532,2,-0.0118871597316481
2715,20230713-9AM_750_25_4532_3,0.947,70.0,750,25,4532,3,-0.0236500209967266
2716,20230713-9AM_750_25_4532_4,0.952,70.0,750,25,4532,4,-0.021363051615525673
2717,20230713-9AM_750_25_4532_5,1.055,70.0,750,25,4532,5,0.023252459633711444
2718,20230713-9AM_750_25_4532_6,1.048,70.0,750,25,4532,6,0.020361282647707864
2719,20230713-9AM_750_25_4532_7,1.023,70.0,750,25,4532,7,0.009875633712160119
2720,20230713-9AM_680_25_2344_0,2.288,70.0,680,25,2344,0,0.35945602012098654
2721,20230713-9AM_680_25_2344_1,1.32,70.0,680,25,2344,1,0.12057393120584989
2722,20230713-9AM_680_25_2344_2,1.272,70.0,680,25,2344,2,0.10448711131239508
2723,20230713-9AM_680_25_2344_3,1.569,70.0,680,25,2344,3,0.19562294358693666
2724,20230713-9AM_680_25_2344_4,1.016,70.0,680,25,2344,4,0.006893707947900456
2725,20230713-9AM_680_25_2344_5,1.323,70.0,680,25,2344,5,0.12155984418750096
2726,20230713-9AM_680_25_2344_6,1.041,70.0,680,25,2344,6,0.017450729510536125
2727,20230713-9AM_680_25_2344_7,1.408,70.0,680,25,2344,7,0.1486026548060934
2728,20230713-9AM_750_25_2344_0,1.333,70.0,750,25,2344,0,0.1248301494138592
2729,20230713-9AM_750_25_2344_1,0.745,70.0,750,25,2344,1,-0.12784372725170717
2730,20230713-9AM_750_25_2344_2,0.717,70.0,750,25,2344,2,-0.1444808443321999
2731,20230713-9AM_750_25_2344_3,0.98,70.0,750,25,2344,3,-0.00877392430750515
2732,20230713-9AM_750_25_2344_4,0.68,70.0,750,25,2344,4,-0.16749108729376366
2733,20230713-9AM_750_25_2344_5,0.762,70.0,750,25,2344,5,-0.1180450286603995
2734,20230713-9AM_750_25_2344_6,0.665,70.0,750,25,2344,6,-0.17717835469689538
2735,20230713-9AM_750_25_2344_7,0.924,70.0,750,25,2344,7,-0.03432802877989328
2736,20230713-9AM_680_25_2343_0,1.364,70.0,680,25,2343,0,0.13481437032046015
2737,20230713-9AM_680_25_2343_1,1.457,70.0,680,25,2343,1,0.16345955176999016
2738,20230713-9AM_680_25_2343_2,1.879,70.0,680,25,2343,2,0.2739267801005256
2739,20230713-9AM_680_25_2343_3,1.716,70.0,680,25,2343,3,0.23451728351268664
2740,20230713-9AM_680_25_2343_4,1.581,70.0,680,25,2343,4,0.19893186993220904
2741,20230713-9AM_680_25_2343_5,1.71,70.0,680,25,2343,5,0.23299611039215382
2742,20230713-9AM_680_25_2343_6,1.447,70.0,680,25,2343,6,0.1604685311190375
2743,20230713-9AM_680_25_2343_7,1.342,70.0,680,25,2343,7,0.12775251583297328
2744,20230713-9AM_750_25_2343_0,0.903,70.0,750,25,2343,0,-0.04431224968649419
2745,20230713-9AM_750_25_2343_1,1.016,70.0,750,25,2343,1,0.006893707947900456
2746,20230713-9AM_750_25_2343_2,1.278,70.0,750,25,2343,2,0.10653085382238137
2747,20230713-9AM_750_25_2343_3,1.122,70.0,750,25,2343,3,0.049992856920142645
2748,20230713-9AM_750_25_2343_4,1.047,70.0,750,25,2343,4,0.019946681678842306
2749,20230713-9AM_750_25_2343_5,1.116,70.0,750,25,2343,5,0.04766419460155998
2750,20230713-9AM_750_25_2343_6,0.961,70.0,750,25,2343,6,-0.017276612331454656
2751,20230713-9AM_750_25_2343_7,0.911,70.0,750,25,2343,7,-0.040481623027001735
2752,20230713-9AM_680_25_1952_0,1.436,70.0,680,25,1952,0,0.15715443990628153
2753,20230713-9AM_680_25_1952_1,1.577,70.0,680,25,1952,1,0.19783169332890285
2754,20230713-9AM_680_25_1952_2,1.712,70.0,680,25,1952,2,0.2335037603411344
2755,20230713-9AM_680_25_1952_3,0.856,70.0,680,25,1952,3,-0.06752623532284678
2756,20230713-9AM_680_25_1952_4,1.583,70.0,680,25,1952,4,0.1994809148623559
2757,20230713-9AM_680_25_1952_5,1.507,70.0,680,25,1952,5,0.1781132523146318
2758,20230713-9AM_680_25_1952_6,1.541,70.0,680,25,1952,6,0.1878026387184193
2759,20230713-9AM_680_25_1952_7,1.599,70.0,680,25,1952,7,0.2038484637462347
2760,20230713-9AM_750_25_1952_0,0.784,70.0,750,25,1952,0,-0.10568393731556154
2761,20230713-9AM_750_25_1952_1,0.863,70.0,750,25,1952,1,-0.06398920428479041
2762,20230713-9AM_750_25_1952_2,0.91,70.0,750,25,1952,2,-0.040958607678906384
2763,20230713-9AM_750_25_1952_3,0.633,70.0,750,25,1952,3,-0.1985962899826449
2764,20230713-9AM_750_25_1952_4,0.914,70.0,750,25,1952,4,-0.039053804266168564
2765,20230713-9AM_750_25_1952_5,0.866,70.0,750,25,1952,5,-0.06248210798265336
2766,20230713-9AM_750_25_1952_6,0.927,70.0,750,25,1952,6,-0.0329202658555029
2767,20230713-9AM_750_25_1952_7,0.884,70.0,750,25,1952,7,-0.05354773498692691
2768,20230713-9AM_680_25_2931_0,1.426,70.0,680,25,2931,0,0.15411952551584673
2769,20230713-9AM_680_25_2931_1,1.627,70.0,680,25,2931,1,0.2113875529368588
2770,20230713-9AM_680_25_2931_2,1.706,70.0,680,25,2931,2,0.2319790268315042
2771,20230713-9AM_680_25_2931_3,1.256,70.0,680,25,2931,3,0.09898963940117732
2772,20230713-9AM_680_25_2931_4,1.28,70.0,680,25,2931,4,0.10720996964786837
2773,20230713-9AM_680_25_2931_5,1.621,70.0,680,25,2931,5,0.20978301484851494
2774,20230713-9AM_680_25_2931_6,1.484,70.0,680,25,2931,6,0.17143390094300825
2775,20230713-9AM_680_25_2931_7,1.687,70.0,680,25,2931,7,0.22711508258912522
2776,20230713-9AM_750_25_2931_0,0.776,70.0,750,25,2931,0,-0.11013827874181155
2777,20230713-9AM_750_25_2931_1,0.848,70.0,750,25,2931,1,-0.07160414774328619
2778,20230713-9AM_750_25_2931_2,0.905,70.0,750,25,2931,2,-0.043351420794796675
2779,20230713-9AM_750_25_2931_3,0.722,70.0,750,25,2931,3,-0.14146280243036088
2780,20230713-9AM_750_25_2931_4,0.731,70.0,750,25,2931,4,-0.13608262304213956
2781,20230713-9AM_750_25_2931_5,0.902,70.0,750,25,2931,5,-0.04479346245805826
2782,20230713-9AM_750_25_2931_6,0.9,70.0,750,25,2931,6,-0.045757490560675115
2783,20230713-9AM_750_25_2931_7,0.928,70.0,750,25,2931,7,-0.032452023781137915
2784,20230713-9AM_680_25_JG5_0,0.984,70.0,680,25,JG5,0,-0.007004901568658489
2785,20230713-9AM_680_25_JG5_1,0.998,70.0,680,25,JG5,1,-0.0008694587126288914
2786,20230713-9AM_680_25_JG5_2,0.807,70.0,680,25,JG5,2,-0.09312646527792956
2787,20230713-9AM_680_25_JG5_3,0.908,70.0,680,25,JG5,3,-0.04191415147891488
2788,20230713-9AM_680_25_JG5_4,1.106,70.0,680,25,JG5,4,0.04375512696867949
2789,20230713-9AM_680_25_JG5_5,1.106,70.0,680,25,JG5,5,0.04375512696867949
2790,20230713-9AM_680_25_JG5_6,0.864,70.0,680,25,JG5,6,-0.06348625752110672
2791,20230713-9AM_680_25_JG5_7,1.182,70.0,680,25,JG5,7,0.07261747654523654
2792,20230713-9AM_750_25_JG5_0,0.603,70.0,750,25,JG5,0,-0.2196826878598487
2793,20230713-9AM_750_25_JG5_1,0.579,70.0,750,25,JG5,1,-0.23732143627256383
2794,20230713-9AM_750_25_JG5_2,0.434,70.0,750,25,JG5,2,-0.3625102704874893
2795,20230713-9AM_750_25_JG5_3,0.545,70.0,750,25,JG5,3,-0.2636034977233575
2796,20230713-9AM_750_25_JG5_4,0.619,70.0,750,25,JG5,4,-0.208309350979882
2797,20230713-9AM_750_25_JG5_5,0.587,70.0,750,25,JG5,5,-0.23136189875238555
2798,20230713-9AM_750_25_JG5_6,0.488,70.0,750,25,JG5,6,-0.3115801779972894
2799,20230713-9AM_750_25_JG5_7,0.592,70.0,750,25,JG5,7,-0.22767829327708025
2800,20230713-9AM_680_25_BMS_0,1.627,70.0,680,25,BMS,0,0.2113875529368588
2801,20230713-9AM_680_25_BMS_1,1.605,70.0,680,25,BMS,1,0.20547503674089088
2802,20230713-9AM_680_25_BMS_2,1.86,70.0,680,25,BMS,2,0.26951294421791633
2803,20230713-9AM_680_25_BMS_3,0.952,70.0,680,25,BMS,3,-0.021363051615525673
2804,20230713-9AM_680_25_BMS_4,1.503,70.0,680,25,BMS,4,0.17695898058690812
2805,20230713-9AM_680_25_BMS_5,1.736,70.0,680,25,BMS,5,0.2395497208404731
2806,20230713-9AM_680_25_BMS_6,1.616,70.0,680,25,BMS,6,0.20844135643856737
2807,20230713-9AM_680_25_BMS_7,1.471,70.0,680,25,BMS,7,0.16761267272753014
2808,20230713-9AM_750_25_BMS_0,0.886,70.0,750,25,BMS,0,-0.05256627811294924
2809,20230713-9AM_750_25_BMS_1,0.897,70.0,750,25,BMS,1,-0.047207556955907906
2810,20230713-9AM_750_25_BMS_2,1.057,70.0,750,25,BMS,2,0.024074987307426243
2811,20230713-9AM_750_25_BMS_3,0.606,70.0,750,25,BMS,3,-0.21752737583371382
2812,20230713-9AM_750_25_BMS_4,0.844,70.0,750,25,BMS,4,-0.07365755337434496
2813,20230713-9AM_750_25_BMS_5,0.931,70.0,750,25,BMS,5,-0.031050319018657353
2814,20230713-9AM_750_25_BMS_6,0.923,70.0,750,25,BMS,6,-0.03479829897408793
2815,20230713-9AM_750_25_BMS_7,0.824,70.0,750,25,BMS,7,-0.08407278830288423
2816,20230713-9AM_680_20_3059_0,0.715,70.0,680,20,3059,0,-0.1456939581989194
2817,20230713-9AM_680_20_3059_1,1.18,70.0,680,20,3059,1,0.07188200730612536
2818,20230713-9AM_680_20_3059_2,1.538,70.0,680,20,3059,2,0.18695633546541224
2819,20230713-9AM_680_20_3059_3,1.323,70.0,680,20,3059,3,0.12155984418750096
2820,20230713-9AM_680_20_3059_4,1.355,70.0,680,20,3059,4,0.13193929521042452
2821,20230713-9AM_680_20_3059_5,1.448,70.0,680,20,3059,5,0.1607685618611281
2822,20230713-9AM_680_20_3059_6,1.374,70.0,680,20,3059,6,0.13798673272353165
2823,20230713-9AM_680_20_3059_7,1.218,70.0,680,20,3059,7,0.08564728829685654
2824,20230713-9AM_750_20_3059_0,0.389,70.0,750,20,3059,0,-0.41005039867429227
2825,20230713-9AM_750_20_3059_1,0.715,70.0,750,20,3059,1,-0.1456939581989194
2826,20230713-9AM_750_20_3059_2,0.982,70.0,750,20,3059,2,-0.00788851221305034
2827,20230713-9AM_750_20_3059_3,0.794,70.0,750,20,3059,3,-0.10017949757290372
2828,20230713-9AM_750_20_3059_4,0.912,70.0,750,20,3059,4,-0.04000516167158381
2829,20230713-9AM_750_20_3059_5,0.902,70.0,750,20,3059,5,-0.04479346245805826
2830,20230713-9AM_750_20_3059_6,0.86,70.0,750,20,3059,6,-0.06550154875643228
2831,20230713-9AM_750_20_3059_7,0.758,70.0,750,20,3059,7,-0.12033079436794646
2832,20230713-9AM_680_20_1691_0,1.475,70.0,680,20,1691,0,0.16879202031418183
2833,20230713-9AM_680_20_1691_1,1.309,70.0,680,20,1691,1,0.11693964655075578
2834,20230713-9AM_680_20_1691_2,1.173,70.0,680,20,1691,2,0.06929801211552926
2835,20230713-9AM_680_20_1691_3,0.949,70.0,680,20,1691,3,-0.022733787572707352
2836,20230713-9AM_680_20_1691_4,1.255,70.0,680,20,1691,4,0.09864372581705691
2837,20230713-9AM_680_20_1691_5,1.277,70.0,680,20,1691,5,0.10619089726341525
2838,20230713-9AM_680_20_1691_6,1.29,70.0,680,20,1691,6,0.11058971029924898
2839,20230713-9AM_680_20_1691_7,1.384,70.0,680,20,1691,7,0.14113609012073897
2840,20230713-9AM_750_20_1691_0,0.798,70.0,750,20,1691,0,-0.09799710864927055
2841,20230713-9AM_750_20_1691_1,0.678,70.0,750,20,1691,1,-0.16877030613293661
2842,20230713-9AM_750_20_1691_2,0.6,70.0,750,20,1691,2,-0.2218487496163564
2843,20230713-9AM_750_20_1691_3,0.597,70.0,750,20,1691,3,-0.22402566887063094
2844,20230713-9AM_750_20_1691_4,0.676,70.0,750,20,1691,4,-0.17005330405836405
2845,20230713-9AM_750_20_1691_5,0.763,70.0,750,20,1691,5,-0.11747546204511952
2846,20230713-9AM_750_20_1691_6,0.785,70.0,750,20,1691,6,-0.10513034325474745
2847,20230713-9AM_750_20_1691_7,0.841,70.0,750,20,1691,7,-0.07520400420208784
2848,20230713-9AM_680_20_1690_0,1.543,70.0,680,20,1690,0,0.18836592606314825
2849,20230713-9AM_680_20_1690_1,2.126,70.0,680,20,1690,1,0.32756326018727794
2850,20230713-9AM_680_20_1690_2,1.539,70.0,680,20,1690,2,0.1872386198314787
2851,20230713-9AM_680_20_1690_3,1.522,70.0,680,20,1690,3,0.18241465243455401
2852,20230713-9AM_680_20_1690_4,1.661,70.0,680,20,1690,4,0.2203696324513945
2853,20230713-9AM_680_20_1690_5,1.178,70.0,680,20,1690,5,0.07114529045108281
2854,20230713-9AM_680_20_1690_6,1.404,70.0,680,20,1690,6,0.14736710779378645
2855,20230713-9AM_680_20_1690_7,1.349,70.0,680,20,1690,7,0.13001194967190424
2856,20230713-9AM_750_20_1690_0,0.954,70.0,750,20,1690,0,-0.020451625295904902
2857,20230713-9AM_750_20_1690_1,1.375,70.0,750,20,1690,1,0.13830269816628146
2858,20230713-9AM_750_20_1690_2,0.954,70.0,750,20,1690,2,-0.020451625295904902
2859,20230713-9AM_750_20_1690_3,0.895,70.0,750,20,1690,3,-0.04817696468408802
2860,20230713-9AM_750_20_1690_4,0.982,70.0,750,20,1690,4,-0.00788851221305034
2861,20230713-9AM_750_20_1690_5,0.722,70.0,750,20,1690,5,-0.14146280243036088
2862,20230713-9AM_750_20_1690_6,0.856,70.0,750,20,1690,6,-0.06752623532284678
2863,20230713-9AM_750_20_1690_7,0.8,70.0,750,20,1690,7,-0.09691001300805639
2864,20230713-9AM_680_20_2342_0,1.254,70.0,680,20,2342,0,0.09829753649469763
2865,20230713-9AM_680_20_2342_1,1.613,70.0,680,20,2342,1,0.20763436738896152
2866,20230713-9AM_680_20_2342_2,1.438,70.0,680,20,2342,2,0.15775888604686378
2867,20230713-9AM_680_20_2342_3,1.499,70.0,680,20,2342,3,0.1758016328482795
2868,20230713-9AM_680_20_2342_4,1.318,70.0,680,20,2342,4,0.11991541025799107
2869,20230713-9AM_680_20_2342_5,1.34,70.0,680,20,2342,5,0.12710479836480765
2870,20230713-9AM_680_20_2342_6,1.155,70.0,680,20,2342,6,0.06258198422816312
2871,20230713-9AM_680_20_2342_7,1.267,70.0,680,20,2342,7,0.10277661488344131
2872,20230713-9AM_750_20_2342_0,0.707,70.0,750,20,2342,0,-0.1505805862031006
2873,20230713-9AM_750_20_2342_1,0.959,70.0,750,20,2342,1,-0.018181392829336417
2874,20230713-9AM_750_20_2342_2,0.82,70.0,750,20,2342,2,-0.08618614761628333
2875,20230713-9AM_750_20_2342_3,0.92,70.0,750,20,2342,3,-0.036212172654444715
2876,20230713-9AM_750_20_2342_4,0.763,70.0,750,20,2342,4,-0.11747546204511952
2877,20230713-9AM_750_20_2342_5,0.735,70.0,750,20,2342,5,-0.1337126609158051
2878,20230713-9AM_750_20_2342_6,0.631,70.0,750,20,2342,6,-0.19997064075586568
2879,20230713-9AM_750_20_2342_7,0.734,70.0,750,20,2342,7,-0.13430394008392949
2880,20230713-9AM_680_20_4532_0,1.613,70.0,680,20,4532,0,0.20763436738896152
2881,20230713-9AM_680_20_4532_1,1.664,70.0,680,20,4532,1,0.2211533219547051
2882,20230713-9AM_680_20_4532_2,1.413,70.0,680,20,4532,2,0.1501421618485586
2883,20230713-9AM_680_20_4532_3,1.573,70.0,680,20,4532,3,0.19672872262328683
2884,20230713-9AM_680_20_4532_4,1.607,70.0,680,20,4532,4,0.20601587676334454
2885,20230713-9AM_680_20_4532_5,1.882,70.0,680,20,4532,5,0.27461961909123805
2886,20230713-9AM_680_20_4532_6,1.587,70.0,680,20,4532,6,0.20057692675484817
2887,20230713-9AM_680_20_4532_7,1.535,70.0,680,20,4532,7,0.18610837981320527
2888,20230713-9AM_750_20_4532_0,0.941,70.0,750,20,4532,0,-0.026410376572743116
2889,20230713-9AM_750_20_4532_1,1.13,70.0,750,20,4532,1,0.05307844348341968
2890,20230713-9AM_750_20_4532_2,0.889,70.0,750,20,4532,2,-0.0510982390297863
2891,20230713-9AM_750_20_4532_3,0.973,70.0,750,20,4532,3,-0.0118871597316481
2892,20230713-9AM_750_20_4532_4,1.026,70.0,750,20,4532,4,0.011147360775797479
2893,20230713-9AM_750_20_4532_5,1.057,70.0,750,20,4532,5,0.024074987307426243
2894,20230713-9AM_750_20_4532_6,0.992,70.0,750,20,4532,6,-0.0034883278458213473
2895,20230713-9AM_750_20_4532_7,0.905,70.0,750,20,4532,7,-0.043351420794796675
2896,20230713-9AM_680_20_2344_0,1.7,70.0,680,20,2344,0,0.2304489213782739
2897,20230713-9AM_680_20_2344_1,0.839,70.0,680,20,2344,1,-0.07623803917129975
2898,20230713-9AM_680_20_2344_2,0.658,70.0,680,20,2344,2,-0.1817741063860445
2899,20230713-9AM_680_20_2344_3,0.851,70.0,680,20,2344,3,-0.07007043991541213
2900,20230713-9AM_680_20_2344_4,0.382,70.0,680,20,2344,4,-0.41793663708829126
2901,20230713-9AM_680_20_2344_5,0.532,70.0,680,20,2344,5,-0.2740883677049518
2902,20230713-9AM_680_20_2344_6,0.681,70.0,680,20,2344,6,-0.16685288808721482
2903,20230713-9AM_680_20_2344_7,1.115,70.0,680,20,2344,7,0.04727486738417948
2904,20230713-9AM_750_20_2344_0,0.924,70.0,750,20,2344,0,-0.03432802877989328
2905,20230713-9AM_750_20_2344_1,0.48,70.0,750,20,2344,1,-0.3187587626244128
2906,20230713-9AM_750_20_2344_2,0.393,70.0,750,20,2344,2,-0.4056074496245733
2907,20230713-9AM_750_20_2344_3,0.449,70.0,750,20,2344,3,-0.3477536589966768
2908,20230713-9AM_750_20_2344_4,0.246,70.0,750,20,2344,4,-0.6090648928966209
2909,20230713-9AM_750_20_2344_5,0.321,70.0,750,20,2344,5,-0.4934949675951279
2910,20230713-9AM_750_20_2344_6,0.368,70.0,750,20,2344,6,-0.43415218132648237
2911,20230713-9AM_750_20_2344_7,0.626,70.0,750,20,2344,7,-0.20342566678957033
2912,20230713-9AM_680_20_2343_0,0.784,70.0,680,20,2343,0,-0.10568393731556154
2913,20230713-9AM_680_20_2343_1,1.079,70.0,680,20,2343,1,0.033021444682910656
2914,20230713-9AM_680_20_2343_2,1.057,70.0,680,20,2343,2,0.024074987307426243
2915,20230713-9AM_680_20_2343_3,1.094,70.0,680,20,2343,3,0.039017321997412
2916,20230713-9AM_680_20_2343_4,1.618,70.0,680,20,2343,4,0.20897851727625352
2917,20230713-9AM_680_20_2343_5,0.697,70.0,680,20,2343,5,-0.1567672219019906
2918,20230713-9AM_680_20_2343_6,1.291,70.0,680,20,2343,6,0.11092624226642028
2919,20230713-9AM_680_20_2343_7,1.049,70.0,680,20,2343,7,0.02077548819355783
2920,20230713-9AM_750_20_2343_0,0.525,70.0,750,20,2343,0,-0.2798406965940431
2921,20230713-9AM_750_20_2343_1,0.728,70.0,750,20,2343,1,-0.13786862068696282
2922,20230713-9AM_750_20_2343_2,0.635,70.0,750,20,2343,2,-0.1972262747080243
2923,20230713-9AM_750_20_2343_3,0.782,70.0,750,20,2343,3,-0.10679324694015198
2924,20230713-9AM_750_20_2343_4,1.016,70.0,750,20,2343,4,0.006893707947900456
2925,20230713-9AM_750_20_2343_5,0.462,70.0,750,20,2343,5,-0.33535802444387447
2926,20230713-9AM_750_20_2343_6,0.733,70.0,750,20,2343,6,-0.13489602535887207
2927,20230713-9AM_750_20_2343_7,0.736,70.0,750,20,2343,7,-0.13312218566250114
2928,20230713-9AM_680_20_1952_0,0.894,70.0,680,20,1952,0,-0.04866248120408232
2929,20230713-9AM_680_20_1952_1,1.143,70.0,680,20,1952,1,0.05804623039528174
2930,20230713-9AM_680_20_1952_2,1.061,70.0,680,20,1952,2,0.025715383901340642
2931,20230713-9AM_680_20_1952_3,1.187,70.0,680,20,1952,3,0.07445071895459124
2932,20230713-9AM_680_20_1952_4,0.919,70.0,680,20,1952,4,-0.03668448861388872
2933,20230713-9AM_680_20_1952_5,0.826,70.0,680,20,1952,5,-0.0830199526796178
2934,20230713-9AM_680_20_1952_6,0.849,70.0,680,20,1952,6,-0.07109230975604734
2935,20230713-9AM_680_20_1952_7,1.09,70.0,680,20,1952,7,0.037426497940623665
2936,20230713-9AM_750_20_1952_0,0.532,70.0,750,20,1952,0,-0.2740883677049518
2937,20230713-9AM_750_20_1952_1,0.64,70.0,750,20,1952,1,-0.1938200260161128
2938,20230713-9AM_750_20_1952_2,0.6,70.0,750,20,1952,2,-0.2218487496163564
2939,20230713-9AM_750_20_1952_3,0.71,70.0,750,20,1952,3,-0.14874165128092473
2940,20230713-9AM_750_20_1952_4,0.547,70.0,750,20,1952,4,-0.2620126736665692
2941,20230713-9AM_750_20_1952_5,0.489,70.0,750,20,1952,5,-0.3106911408763798
2942,20230713-9AM_750_20_1952_6,0.497,70.0,750,20,1952,6,-0.3036436112666679
2943,20230713-9AM_750_20_1952_7,0.637,70.0,750,20,1952,7,-0.19586056766464957
2944,20230713-9AM_680_20_2931_0,0.581,70.0,680,20,2931,0,-0.2358238676096693
2945,20230713-9AM_680_20_2931_1,0.394,70.0,680,20,2931,1,-0.40450377817442584
2946,20230713-9AM_680_20_2931_2,0.753,70.0,680,20,2931,2,-0.12320502379929942
2947,20230713-9AM_680_20_2931_3,0.659,70.0,680,20,2931,3,-0.18111458540599013
2948,20230713-9AM_680_20_2931_4,0.562,70.0,680,20,2931,4,-0.2502636844309389
2949,20230713-9AM_680_20_2931_5,0.735,70.0,680,20,2931,5,-0.1337126609158051
2950,20230713-9AM_680_20_2931_6,0.757,70.0,680,20,2931,6,-0.12090412049992724
2951,20230713-9AM_680_20_2931_7,0.914,70.0,680,20,2931,7,-0.039053804266168564
2952,20230713-9AM_750_20_2931_0,0.344,70.0,750,20,2931,0,-0.46344155742846993
2953,20230713-9AM_750_20_2931_1,0.246,70.0,750,20,2931,1,-0.6090648928966209
2954,20230713-9AM_750_20_2931_2,0.429,70.0,750,20,2931,2,-0.36754270781527576
2955,20230713-9AM_750_20_2931_3,0.373,70.0,750,20,2931,3,-0.4282911681913124
2956,20230713-9AM_750_20_2931_4,0.335,70.0,750,20,2931,4,-0.47495519296315475
2957,20230713-9AM_750_20_2931_5,0.413,70.0,750,20,2931,5,-0.384049948343599
2958,20230713-9AM_750_20_2931_6,0.449,70.0,750,20,2931,6,-0.3477536589966768
2959,20230713-9AM_750_20_2931_7,0.542,70.0,750,20,2931,7,-0.266000713461613
2960,20230713-9AM_680_20_JG5_0,0.838,70.0,680,20,JG5,0,-0.07675598136972352
2961,20230713-9AM_680_20_JG5_1,0.793,70.0,680,20,JG5,1,-0.10072681268239618
2962,20230713-9AM_680_20_JG5_2,0.485,70.0,680,20,JG5,2,-0.3142582613977364
2963,20230713-9AM_680_20_JG5_3,0.574,70.0,680,20,JG5,3,-0.2410881076020265
2964,20230713-9AM_680_20_JG5_4,0.732,70.0,680,20,JG5,4,-0.13548891894160814
2965,20230713-9AM_680_20_JG5_5,0.641,70.0,680,20,JG5,5,-0.19314197048118256
2966,20230713-9AM_680_20_JG5_6,0.421,70.0,680,20,JG5,6,-0.3757179041643317
2967,20230713-9AM_680_20_JG5_7,0.175,70.0,680,20,JG5,7,-0.7569619513137056
2968,20230713-9AM_750_20_JG5_0,0.453,70.0,750,20,JG5,0,-0.34390179798716813
2969,20230713-9AM_750_20_JG5_1,0.441,70.0,750,20,JG5,1,-0.35556141053216145
2970,20230713-9AM_750_20_JG5_2,0.273,70.0,750,20,JG5,2,-0.563837352959244
2971,20230713-9AM_750_20_JG5_3,0.315,70.0,750,20,JG5,3,-0.5016894462103995
2972,20230713-9AM_750_20_JG5_4,0.405,70.0,750,20,JG5,4,-0.3925449767853314
2973,20230713-9AM_750_20_JG5_5,0.354,70.0,750,20,JG5,5,-0.4509967379742122
2974,20230713-9AM_750_20_JG5_6,0.24,70.0,750,20,JG5,6,-0.619788758288394
2975,20230713-9AM_750_20_JG5_7,0.116,70.0,750,20,JG5,7,-0.9355420107730815
2976,20230713-9AM_680_20_BMS_0,1.385,70.0,680,20,BMS,0,0.14144977340046735
2977,20230713-9AM_680_20_BMS_1,1.586,70.0,680,20,BMS,1,0.20030318298158503
2978,20230713-9AM_680_20_BMS_2,1.439,70.0,680,20,BMS,2,0.15806079393660522
2979,20230713-9AM_680_20_BMS_3,1.437,70.0,680,20,BMS,3,0.15745676813422568
2980,20230713-9AM_680_20_BMS_4,1.303,70.0,680,20,BMS,4,0.11494441571258467
2981,20230713-9AM_680_20_BMS_5,1.206,70.0,680,20,BMS,5,0.08134730780413249
2982,20230713-9AM_680_20_BMS_6,1.392,70.0,680,20,BMS,6,0.14363923527454328
2983,20230713-9AM_680_20_BMS_7,1.453,70.0,680,20,BMS,7,0.16226561429802155
2984,20230713-9AM_750_20_BMS_0,0.775,70.0,750,20,BMS,0,-0.1106982974936897
2985,20230713-9AM_750_20_BMS_1,0.881,70.0,750,20,BMS,1,-0.05502409158795209
2986,20230713-9AM_750_20_BMS_2,0.785,70.0,750,20,BMS,2,-0.10513034325474745
2987,20230713-9AM_750_20_BMS_3,0.799,70.0,750,20,BMS,3,-0.09745322068600859
2988,20230713-9AM_750_20_BMS_4,0.729,70.0,750,20,BMS,4,-0.1372724716820254
2989,20230713-9AM_750_20_BMS_5,0.706,70.0,750,20,BMS,5,-0.15119529894819625
2990,20230713-9AM_750_20_BMS_6,0.784,70.0,750,20,BMS,6,-0.10568393731556154
2991,20230713-9AM_750_20_BMS_7,0.77,70.0,750,20,BMS,7,-0.11350927482751812
2992,20230713-9AM_680_30_3059_0,1.299,70.0,680,30,3059,0,0.11360915107302785
2993,20230713-9AM_680_30_3059_1,1.905,70.0,680,30,3059,1,0.2798949800116381
2994,20230713-9AM_680_30_3059_2,1.343,70.0,680,30,3059,2,0.12807601266871535
2995,20230713-9AM_680_30_3059_3,2.237,70.0,680,30,3059,3,0.3496659840966297
2996,20230713-9AM_680_30_3059_4,1.437,70.0,680,30,3059,4,0.15745676813422568
2997,20230713-9AM_680_30_3059_5,1.253,70.0,680,30,3059,5,0.09795107099414996
2998,20230713-9AM_680_30_3059_6,1.849,70.0,680,30,3059,6,0.26693691115917306
2999,20230713-9AM_680_30_3059_7,1.335,70.0,680,30,3059,7,0.125481265700594
3000,20230713-9AM_750_30_3059_0,0.81,70.0,750,30,3059,0,-0.09151498112135022
3001,20230713-9AM_750_30_3059_1,1.108,70.0,750,30,3059,1,0.04453976039241098
3002,20230713-9AM_750_30_3059_2,0.873,70.0,750,30,3059,2,-0.05898575629443027
3003,20230713-9AM_750_30_3059_3,1.223,70.0,750,30,3059,3,0.08742645703628549
3004,20230713-9AM_750_30_3059_4,0.872,70.0,750,30,3059,4,-0.05948351506743278
3005,20230713-9AM_750_30_3059_5,0.847,70.0,750,30,3059,5,-0.0721165896692931
3006,20230713-9AM_750_30_3059_6,1.048,70.0,750,30,3059,6,0.020361282647707864
3007,20230713-9AM_750_30_3059_7,1.009,70.0,750,30,3059,7,0.0038911662369104775
3008,20230713-9AM_680_30_1691_0,1.895,70.0,680,30,1691,0,0.27760921430409113
3009,20230713-9AM_680_30_1691_1,1.47,70.0,680,30,1691,1,0.1673173347481761
3010,20230713-9AM_680_30_1691_2,1.613,70.0,680,30,1691,2,0.20763436738896152
3011,20230713-9AM_680_30_1691_3,1.691,70.0,680,30,1691,3,0.22814360759774177
3012,20230713-9AM_680_30_1691_4,1.252,70.0,680,30,1691,4,0.09760432887441088
3013,20230713-9AM_680_30_1691_5,1.527,70.0,680,30,1691,5,0.18383903705642116
3014,20230713-9AM_680_30_1691_6,0.98,70.0,680,30,1691,6,-0.00877392430750515
3015,20230713-9AM_680_30_1691_7,1.024,70.0,680,30,1691,7,0.010299956639811961
3016,20230713-9AM_750_30_1691_0,0.921,70.0,750,30,1691,0,-0.03574036980315106
3017,20230713-9AM_750_30_1691_1,0.806,70.0,750,30,1691,1,-0.09366495819490933
3018,20230713-9AM_750_30_1691_2,0.852,70.0,750,30,1691,2,-0.0695604052332999
3019,20230713-9AM_750_30_1691_3,0.909,70.0,750,30,1691,3,-0.041436116778032536
3020,20230713-9AM_750_30_1691_4,0.722,70.0,750,30,1691,4,-0.14146280243036088
3021,20230713-9AM_750_30_1691_5,0.871,70.0,750,30,1691,5,-0.059981844992336796
3022,20230713-9AM_750_30_1691_6,0.621,70.0,750,30,1691,6,-0.20690839982341983
3023,20230713-9AM_750_30_1691_7,0.597,70.0,750,30,1691,7,-0.22402566887063094
3024,20230713-9AM_680_30_1690_0,1.111,70.0,680,30,1690,0,0.04571405894086761
3025,20230713-9AM_680_30_1690_1,2.619,70.0,680,30,1690,1,0.4181354984252322
3026,20230713-9AM_680_30_1690_2,1.543,70.0,680,30,1690,2,0.18836592606314825
3027,20230713-9AM_680_30_1690_3,1.955,70.0,680,30,1690,3,0.29114676173188564
3028,20230713-9AM_680_30_1690_4,1.9,70.0,680,30,1690,4,0.2787536009528289
3029,20230713-9AM_680_30_1690_5,1.672,70.0,680,30,1690,5,0.22323627310299757
3030,20230713-9AM_680_30_1690_6,1.651,70.0,680,30,1690,6,0.21774707326279363
3031,20230713-9AM_680_30_1690_7,1.839,70.0,680,30,1690,7,0.2645817292380775
3032,20230713-9AM_750_30_1690_0,0.689,70.0,750,30,1690,0,-0.1617807780923742
3033,20230713-9AM_750_30_1690_1,1.315,70.0,750,30,1690,1,0.11892575282577665
3034,20230713-9AM_750_30_1690_2,0.944,70.0,750,30,1690,2,-0.02502800570193105
3035,20230713-9AM_750_30_1690_3,1.048,70.0,750,30,1690,3,0.020361282647707864
3036,20230713-9AM_750_30_1690_4,1.021,70.0,750,30,1690,4,0.009025742086910208
3037,20230713-9AM_750_30_1690_5,1.043,70.0,750,30,1690,5,0.018284308426530838
3038,20230713-9AM_750_30_1690_6,0.937,70.0,750,30,1690,6,-0.02826040911222171
3039,20230713-9AM_750_30_1690_7,1.013,70.0,750,30,1690,7,0.005609445360280386
3040,20230713-9AM_680_30_2342_0,0.971,70.0,680,30,2342,0,-0.012780770091995148
3041,20230713-9AM_680_30_2342_1,1.303,70.0,680,30,2342,1,0.11494441571258467
3042,20230713-9AM_680_30_2342_2,1.381,70.0,680,30,2342,2,0.1401936785786313
3043,20230713-9AM_680_30_2342_3,1.056,70.0,680,30,2342,3,0.023663918197793475
3044,20230713-9AM_680_30_2342_4,0.753,70.0,680,30,2342,4,-0.12320502379929942
3045,20230713-9AM_680_30_2342_5,1.205,70.0,680,30,2342,5,0.08098704691088722
3046,20230713-9AM_680_30_2342_6,0.862,70.0,680,30,2342,6,-0.06449273417528721
3047,20230713-9AM_680_30_2342_7,0.849,70.0,680,30,2342,7,-0.07109230975604734
3048,20230713-9AM_750_30_2342_0,0.498,70.0,750,30,2342,0,-0.30277065724028246
3049,20230713-9AM_750_30_2342_1,0.873,70.0,750,30,2342,1,-0.05898575629443027
3050,20230713-9AM_750_30_2342_2,0.772,70.0,750,30,2342,2,-0.11238269966426384
3051,20230713-9AM_750_30_2342_3,0.666,70.0,750,30,2342,3,-0.17652577082969892
3052,20230713-9AM_750_30_2342_4,0.473,70.0,750,30,2342,4,-0.32513885926218844
3053,20230713-9AM_750_30_2342_5,0.663,70.0,750,30,2342,5,-0.17848647159522685
3054,20230713-9AM_750_30_2342_6,0.631,70.0,750,30,2342,6,-0.19997064075586568
3055,20230713-9AM_750_30_2342_7,0.541,70.0,750,30,2342,7,-0.26680273489343054
3056,20230713-9AM_680_30_4532_0,1.851,70.0,680,30,4532,0,0.2674064187529041
3057,20230713-9AM_680_30_4532_1,1.706,70.0,680,30,4532,1,0.2319790268315042
3058,20230713-9AM_680_30_4532_2,1.595,70.0,680,30,4532,2,0.2027606873931999
3059,20230713-9AM_680_30_4532_3,1.658,70.0,680,30,4532,3,0.21958452621425473
3060,20230713-9AM_680_30_4532_4,2.343,70.0,680,30,4532,4,0.36977228859696276
3061,20230713-9AM_680_30_4532_5,1.869,70.0,680,30,4532,5,0.27160930137883205
3062,20230713-9AM_680_30_4532_6,1.85,70.0,680,30,4532,6,0.26717172840301384
3063,20230713-9AM_680_30_4532_7,1.918,70.0,680,30,4532,7,0.2828486028346448
3064,20230713-9AM_750_30_4532_0,0.935,70.0,750,30,4532,0,-0.0291883891274822
3065,20230713-9AM_750_30_4532_1,0.814,70.0,750,30,4532,1,-0.0893755951107988
3066,20230713-9AM_750_30_4532_2,0.844,70.0,750,30,4532,2,-0.07365755337434496
3067,20230713-9AM_750_30_4532_3,0.908,70.0,750,30,4532,3,-0.04191415147891488
3068,20230713-9AM_750_30_4532_4,1.152,70.0,750,30,4532,4,0.06145247908719321
3069,20230713-9AM_750_30_4532_5,0.99,70.0,750,30,4532,5,-0.004364805402450088
3070,20230713-9AM_750_30_4532_6,0.984,70.0,750,30,4532,6,-0.007004901568658489
3071,20230713-9AM_750_30_4532_7,1.027,70.0,750,30,4532,7,0.01157044359727816
3072,20230713-9AM_680_30_2344_0,0.731,70.0,680,30,2344,0,-0.13608262304213956
3073,20230713-9AM_680_30_2344_1,1.339,70.0,680,30,2344,1,0.12678057701200895
3074,20230713-9AM_680_30_2344_2,0.985,70.0,680,30,2344,2,-0.006563769502388274
3075,20230713-9AM_680_30_2344_3,1.198,70.0,680,30,2344,3,0.07845681805329256
3076,20230713-9AM_680_30_2344_4,1.273,70.0,680,30,2344,4,0.10482840365365537
3077,20230713-9AM_680_30_2344_5,1.325,70.0,680,30,2344,5,0.12221587827282664
3078,20230713-9AM_680_30_2344_6,1.138,70.0,680,30,2344,6,0.05614226205905233
3079,20230713-9AM_680_30_2344_7,1.61,70.0,680,30,2344,7,0.20682587603184974
3080,20230713-9AM_750_30_2344_0,0.567,70.0,750,30,2344,0,-0.24641694110709345
3081,20230713-9AM_750_30_2344_1,0.784,70.0,750,30,2344,1,-0.10568393731556154
3082,20230713-9AM_750_30_2344_2,0.643,70.0,750,30,2344,2,-0.1917890270757779
3083,20230713-9AM_750_30_2344_3,0.726,70.0,750,30,2344,3,-0.1390633792999063
3084,20230713-9AM_750_30_2344_4,0.732,70.0,750,30,2344,4,-0.13548891894160814
3085,20230713-9AM_750_30_2344_5,0.818,70.0,750,30,2344,5,-0.08724669632867703
3086,20230713-9AM_750_30_2344_6,0.703,70.0,750,30,2344,6,-0.15304467498017607
3087,20230713-9AM_750_30_2344_7,0.907,70.0,750,30,2344,7,-0.04239271293990473
3088,20230713-9AM_680_30_2343_0,2.041,70.0,680,30,2343,0,0.3098430047160705
3089,20230713-9AM_680_30_2343_1,1.369,70.0,680,30,2343,1,0.13640344813399
3090,20230713-9AM_680_30_2343_2,2.102,70.0,680,30,2343,2,0.3226327116922234
3091,20230713-9AM_680_30_2343_3,2.285,70.0,680,30,2343,3,0.35888620440586905
3092,20230713-9AM_680_30_2343_4,1.204,70.0,680,30,2343,4,0.08062648692180573
3093,20230713-9AM_680_30_2343_5,1.928,70.0,680,30,2343,5,0.28510702956681194
3094,20230713-9AM_680_30_2343_6,1.176,70.0,680,30,2343,6,0.07040732174011965
3095,20230713-9AM_680_30_2343_7,1.578,70.0,680,30,2343,7,0.19810699887340152
3096,20230713-9AM_750_30_2343_0,1.153,70.0,750,30,2343,0,0.06182930729469903
3097,20230713-9AM_750_30_2343_1,0.964,70.0,750,30,2343,1,-0.01592296609716924
3098,20230713-9AM_750_30_2343_2,1.235,70.0,750,30,2343,2,0.09166695759568456
3099,20230713-9AM_750_30_2343_3,1.287,70.0,750,30,2343,3,0.10957854690438666
3100,20230713-9AM_750_30_2343_4,0.734,70.0,750,30,2343,4,-0.13430394008392949
3101,20230713-9AM_750_30_2343_5,1.221,70.0,750,30,2343,5,0.0867156639448825
3102,20230713-9AM_750_30_2343_6,0.766,70.0,750,30,2343,6,-0.11577123036739606
3103,20230713-9AM_750_30_2343_7,0.998,70.0,750,30,2343,7,-0.0008694587126288914
3104,20230713-9AM_680_30_1952_0,1.529,70.0,680,30,1952,0,0.1844074854123201
3105,20230713-9AM_680_30_1952_1,1.615,70.0,680,30,1952,1,0.2081725266671217
3106,20230713-9AM_680_30_1952_2,1.591,70.0,680,30,1952,2,0.20167017964658152
3107,20230713-9AM_680_30_1952_3,1.772,70.0,680,30,1952,3,0.24846371755103194
3108,20230713-9AM_680_30_1952_4,1.78,70.0,680,30,1952,4,0.250420002308894
3109,20230713-9AM_680_30_1952_5,1.567,70.0,680,30,1952,5,0.1950689964685901
3110,20230713-9AM_680_30_1952_6,0.608,70.0,680,30,1952,6,-0.21609642072726507
3111,20230713-9AM_680_30_1952_7,2.517,70.0,680,30,1952,7,0.4008832155483627
3112,20230713-9AM_750_30_1952_0,0.85,70.0,750,30,1952,0,-0.07058107428570728
3113,20230713-9AM_750_30_1952_1,0.899,70.0,750,30,1952,1,-0.046240308266771224
3114,20230713-9AM_750_30_1952_2,0.922,70.0,750,30,1952,2,-0.03526907894637064
3115,20230713-9AM_750_30_1952_3,1.075,70.0,750,30,1952,3,0.03140846425162412
3116,20230713-9AM_750_30_1952_4,0.925,70.0,750,30,1952,4,-0.03385826726096737
3117,20230713-9AM_750_30_1952_5,0.918,70.0,750,30,1952,5,-0.03715731879875755
3118,20230713-9AM_750_30_1952_6,0.488,70.0,750,30,1952,6,-0.3115801779972894
3119,20230713-9AM_750_30_1952_7,1.142,70.0,750,30,1952,7,0.05766610390982921
3120,20230713-9AM_680_30_2931_0,1.631,70.0,680,30,2931,0,0.2124539610402758
3121,20230713-9AM_680_30_2931_1,1.244,70.0,680,30,2931,1,0.0948203803547999
3122,20230713-9AM_680_30_2931_2,1.976,70.0,680,30,2931,2,0.2957869402516093
3123,20230713-9AM_680_30_2931_3,1.56,70.0,680,30,2931,3,0.1931245983544616
3124,20230713-9AM_680_30_2931_4,1.313,70.0,680,30,2931,4,0.11826472608947933
3125,20230713-9AM_680_30_2931_5,1.962,70.0,680,30,2931,5,0.2926990030439297
3126,20230713-9AM_680_30_2931_6,1.708,70.0,680,30,2931,6,0.23248786635298624
3127,20230713-9AM_680_30_2931_7,1.964,70.0,680,30,2931,7,0.29314148345093083
3128,20230713-9AM_750_30_2931_0,0.998,70.0,750,30,2931,0,-0.0008694587126288914
3129,20230713-9AM_750_30_2931_1,0.786,70.0,750,30,2931,1,-0.10457745396059209
3130,20230713-9AM_750_30_2931_2,1.112,70.0,750,30,2931,2,0.046104787246038705
3131,20230713-9AM_750_30_2931_3,0.979,70.0,750,30,2931,3,-0.009217308196862183
3132,20230713-9AM_750_30_2931_4,0.84,70.0,750,30,2931,4,-0.07572071393811836
3133,20230713-9AM_750_30_2931_5,1.102,70.0,750,30,2931,5,0.04218159451576628
3134,20230713-9AM_750_30_2931_6,1.058,70.0,750,30,2931,6,0.024485667699166973
3135,20230713-9AM_750_30_2931_7,1.211,70.0,750,30,2931,7,0.08314414314305227
3136,20230713-9AM_680_30_JG5_0,1.299,70.0,680,30,JG5,0,0.11360915107302785
3137,20230713-9AM_680_30_JG5_1,1.316,70.0,680,30,JG5,1,0.1192558892779367
3138,20230713-9AM_680_30_JG5_2,0.878,70.0,680,30,JG5,2,-0.05650548409389743
3139,20230713-9AM_680_30_JG5_3,0.971,70.0,680,30,JG5,3,-0.012780770091995148
3140,20230713-9AM_680_30_JG5_4,1.055,70.0,680,30,JG5,4,0.023252459633711444
3141,20230713-9AM_680_30_JG5_5,1.089,70.0,680,30,JG5,5,0.03702787975577494
3142,20230713-9AM_680_30_JG5_6,1.129,70.0,680,30,JG5,6,0.05269394192496786
3143,20230713-9AM_680_30_JG5_7,1.171,70.0,680,30,JG5,7,0.06855689507236315
3144,20230713-9AM_750_30_JG5_0,0.661,70.0,750,30,JG5,0,-0.17979854051435976
3145,20230713-9AM_750_30_JG5_1,0.748,70.0,750,30,JG5,1,-0.12609840213553863
3146,20230713-9AM_750_30_JG5_2,0.465,70.0,750,30,JG5,2,-0.33254704711004607
3147,20230713-9AM_750_30_JG5_3,0.539,70.0,750,30,JG5,3,-0.2684112348132613
3148,20230713-9AM_750_30_JG5_4,0.646,70.0,750,30,JG5,4,-0.1897674820049159
3149,20230713-9AM_750_30_JG5_5,0.57,70.0,750,30,JG5,5,-0.24412514432750865
3150,20230713-9AM_750_30_JG5_6,0.6,70.0,750,30,JG5,6,-0.2218487496163564
3151,20230713-9AM_750_30_JG5_7,0.73,70.0,750,30,JG5,7,-0.1366771398795441
3152,20230713-9AM_680_30_BMS_0,1.77,70.0,680,30,BMS,0,0.24797326636180664
3153,20230713-9AM_680_30_BMS_1,1.939,70.0,680,30,BMS,1,0.2875778090787054
3154,20230713-9AM_680_30_BMS_2,1.002,70.0,680,30,BMS,2,0.0008677215312269133
3155,20230713-9AM_680_30_BMS_3,1.994,70.0,680,30,BMS,3,0.2997251539756369
3156,20230713-9AM_680_30_BMS_4,1.627,70.0,680,30,BMS,4,0.2113875529368588
3157,20230713-9AM_680_30_BMS_5,1.494,70.0,680,30,BMS,5,0.17435059747937998
3158,20230713-9AM_680_30_BMS_6,1.125,70.0,680,30,BMS,6,0.05115252244738129
3159,20230713-9AM_680_30_BMS_7,1.458,70.0,680,30,BMS,7,0.1637575239819558
3160,20230713-9AM_750_30_BMS_0,0.977,70.0,750,30,BMS,0,-0.010105436281226938
3161,20230713-9AM_750_30_BMS_1,1.053,70.0,750,30,BMS,1,0.022428371185486493
3162,20230713-9AM_750_30_BMS_2,0.645,70.0,750,30,BMS,2,-0.19044028536473223
3163,20230713-9AM_750_30_BMS_3,1.051,70.0,750,30,BMS,3,0.021602716028242194
3164,20230713-9AM_750_30_BMS_4,0.994,70.0,750,30,BMS,4,-0.00261361560268669
3165,20230713-9AM_750_30_BMS_5,0.938,70.0,750,30,BMS,5,-0.027797161620935564
3166,20230713-9AM_750_30_BMS_6,0.703,70.0,750,30,BMS,6,-0.15304467498017607
3167,20230713-9AM_750_30_BMS_7,0.891,70.0,750,30,BMS,7,-0.0501222959631252
3168,20230714-9PM_680_25_3059_0,1.987,106.0,680,25,3059,0,0.29819786710981516
3169,20230714-9PM_680_25_3059_1,1.868,106.0,680,25,3059,1,0.27137687189407456
3170,20230714-9PM_680_25_3059_2,1.604,106.0,680,25,3059,2,0.20520436394814473
3171,20230714-9PM_680_25_3059_3,1.958,106.0,680,25,3059,3,0.291812687467119
3172,20230714-9PM_680_25_3059_4,2.045,106.0,680,25,3059,4,0.3106933123433606
3173,20230714-9PM_680_25_3059_5,1.536,106.0,680,25,3059,5,0.1863912156954932
3174,20230714-9PM_680_25_3059_6,1.87,106.0,680,25,3059,6,0.27184160653649897
3175,20230714-9PM_680_25_3059_7,1.711,106.0,680,25,3059,7,0.23325000954110028
3176,20230714-9PM_750_25_3059_0,1.306,106.0,750,25,3059,0,0.11594317693905513
3177,20230714-9PM_750_25_3059_1,1.285,106.0,750,25,3059,1,0.10890312766731332
3178,20230714-9PM_750_25_3059_2,1.182,106.0,750,25,3059,2,0.07261747654523654
3179,20230714-9PM_750_25_3059_3,1.375,106.0,750,25,3059,3,0.13830269816628146
3180,20230714-9PM_750_25_3059_4,1.337,106.0,750,25,3059,4,0.12613140726198435
3181,20230714-9PM_750_25_3059_5,1.08,106.0,750,25,3059,5,0.03342375548694973
3182,20230714-9PM_750_25_3059_6,1.316,106.0,750,25,3059,6,0.1192558892779367
3183,20230714-9PM_750_25_3059_7,1.239,106.0,750,25,3059,7,0.09307130637606349
3184,20230714-9PM_680_25_1691_0,2.117,106.0,680,25,1691,0,0.325720858019412
3185,20230714-9PM_680_25_1691_1,2.217,106.0,680,25,1691,1,0.3457656931144882
3186,20230714-9PM_680_25_1691_2,2.014,106.0,680,25,1691,2,0.30405946621759916
3187,20230714-9PM_680_25_1691_3,1.759,106.0,680,25,1691,3,0.24526583945746125
3188,20230714-9PM_680_25_1691_4,1.935,106.0,680,25,1691,4,0.2866809693549302
3189,20230714-9PM_680_25_1691_5,1.717,106.0,680,25,1691,5,0.23477029516091652
3190,20230714-9PM_680_25_1691_6,1.296,106.0,680,25,1691,6,0.11260500153457455
3191,20230714-9PM_680_25_1691_7,1.497,106.0,680,25,1691,7,0.17522180034305238
3192,20230714-9PM_750_25_1691_0,1.246,106.0,750,25,1691,0,0.09551804232315081
3193,20230714-9PM_750_25_1691_1,1.267,106.0,750,25,1691,1,0.10277661488344131
3194,20230714-9PM_750_25_1691_2,1.191,106.0,750,25,1691,2,0.07591176148277752
3195,20230714-9PM_750_25_1691_3,1.193,106.0,750,25,1691,3,0.0766404436703419
3196,20230714-9PM_750_25_1691_4,1.182,106.0,750,25,1691,4,0.07261747654523654
3197,20230714-9PM_750_25_1691_5,1.141,106.0,750,25,1691,5,0.05728564441821465
3198,20230714-9PM_750_25_1691_6,0.864,106.0,750,25,1691,6,-0.06348625752110672
3199,20230714-9PM_750_25_1691_7,0.953,106.0,750,25,1691,7,-0.02090709936167361
3200,20230714-9PM_680_25_1690_0,1.894,106.0,680,25,1690,0,0.2773799746672546
3201,20230714-9PM_680_25_1690_1,2.672,106.0,680,25,1690,1,0.4268364538035081
3202,20230714-9PM_680_25_1690_2,0.701,106.0,680,25,1690,2,-0.15428198203334137
3203,20230714-9PM_680_25_1690_3,1.722,106.0,680,25,1690,3,0.23603314711763596
3204,20230714-9PM_680_25_1690_4,1.889,106.0,680,25,1690,4,0.2762319579218336
3205,20230714-9PM_680_25_1690_5,1.657,106.0,680,25,1690,5,0.21932250841933676
3206,20230714-9PM_680_25_1690_6,1.686,106.0,680,25,1690,6,0.2268575702887235
3207,20230714-9PM_680_25_1690_7,1.698,106.0,680,25,1690,7,0.22993768590793387
3208,20230714-9PM_750_25_1690_0,1.2,106.0,750,25,1690,0,0.07918124604762482
3209,20230714-9PM_750_25_1690_1,1.384,106.0,750,25,1690,1,0.14113609012073897
3210,20230714-9PM_750_25_1690_2,0.666,106.0,750,25,1690,2,-0.17652577082969892
3211,20230714-9PM_750_25_1690_3,1.052,106.0,750,25,1690,3,0.02201573981772028
3212,20230714-9PM_750_25_1690_4,1.25,106.0,750,25,1690,4,0.09691001300805642
3213,20230714-9PM_750_25_1690_5,0.979,106.0,750,25,1690,5,-0.009217308196862183
3214,20230714-9PM_750_25_1690_6,1.015,106.0,750,25,1690,6,0.006466042249231681
3215,20230714-9PM_750_25_1690_7,1.064,106.0,750,25,1690,7,0.0269416279590294
3216,20230714-9PM_680_25_2342_0,1.311,106.0,680,25,2342,0,0.11760269169008426
3217,20230714-9PM_680_25_2342_1,1.657,106.0,680,25,2342,1,0.21932250841933676
3218,20230714-9PM_680_25_2342_2,1.524,106.0,680,25,2342,2,0.1829849670035817
3219,20230714-9PM_680_25_2342_3,1.466,106.0,680,25,2342,3,0.16613397030510912
3220,20230714-9PM_680_25_2342_4,1.369,106.0,680,25,2342,4,0.13640344813399
3221,20230714-9PM_680_25_2342_5,1.461,106.0,680,25,2342,5,0.1646502159342968
3222,20230714-9PM_680_25_2342_6,1.636,106.0,680,25,2342,6,0.21378329933530416
3223,20230714-9PM_680_25_2342_7,1.297,106.0,680,25,2342,7,0.11293997608408006
3224,20230714-9PM_750_25_2342_0,1.105,106.0,750,25,2342,0,0.0433622780211295
3225,20230714-9PM_750_25_2342_1,1.209,106.0,750,25,2342,1,0.0824263008607719
3226,20230714-9PM_750_25_2342_2,1.208,106.0,750,25,2342,2,0.08206693428511301
3227,20230714-9PM_750_25_2342_3,1.113,106.0,750,25,2342,3,0.04649516433470831
3228,20230714-9PM_750_25_2342_4,1.07,106.0,750,25,2342,4,0.029383777685209667
3229,20230714-9PM_750_25_2342_5,1.162,106.0,750,25,2342,5,0.0652061280543119
3230,20230714-9PM_750_25_2342_6,1.178,106.0,750,25,2342,6,0.07114529045108281
3231,20230714-9PM_750_25_2342_7,1.069,106.0,750,25,2342,7,0.028977705208777998
3232,20230714-9PM_680_25_4532_0,1.833,106.0,680,25,4532,0,0.2631624649622167
3233,20230714-9PM_680_25_4532_1,1.733,106.0,680,25,4532,1,0.23879856271391703
3234,20230714-9PM_680_25_4532_2,1.712,106.0,680,25,4532,2,0.2335037603411344
3235,20230714-9PM_680_25_4532_3,1.653,106.0,680,25,4532,3,0.2182728535714475
3236,20230714-9PM_680_25_4532_4,2.018,106.0,680,25,4532,4,0.3049211619008917
3237,20230714-9PM_680_25_4532_5,1.805,106.0,680,25,4532,5,0.2564772062416767
3238,20230714-9PM_680_25_4532_6,1.819,106.0,680,25,4532,6,0.25983269906348355
3239,20230714-9PM_680_25_4532_7,1.896,106.0,680,25,4532,7,0.2778383330020474
3240,20230714-9PM_750_25_4532_0,1.055,106.0,750,25,4532,0,0.023252459633711444
3241,20230714-9PM_750_25_4532_1,1.052,106.0,750,25,4532,1,0.02201573981772028
3242,20230714-9PM_750_25_4532_2,0.977,106.0,750,25,4532,2,-0.010105436281226938
3243,20230714-9PM_750_25_4532_3,1.028,106.0,750,25,4532,3,0.011993114659256938
3244,20230714-9PM_750_25_4532_4,1.124,106.0,750,25,4532,4,0.05076631123304232
3245,20230714-9PM_750_25_4532_5,1.033,106.0,750,25,4532,5,0.014100321519620545
3246,20230714-9PM_750_25_4532_6,1.041,106.0,750,25,4532,6,0.017450729510536125
3247,20230714-9PM_750_25_4532_7,1.11,106.0,750,25,4532,7,0.045322978786657475
3248,20230714-9PM_680_25_2344_0,2.339,106.0,680,25,2344,0,0.369030221809153
3249,20230714-9PM_680_25_2344_1,1.435,106.0,680,25,2344,1,0.15685190107001115
3250,20230714-9PM_680_25_2344_2,1.558,106.0,680,25,2344,2,0.19256745333654565
3251,20230714-9PM_680_25_2344_3,1.819,106.0,680,25,2344,3,0.25983269906348355
3252,20230714-9PM_680_25_2344_4,1.388,106.0,680,25,2344,4,0.14238946611883607
3253,20230714-9PM_680_25_2344_5,1.621,106.0,680,25,2344,5,0.20978301484851494
3254,20230714-9PM_680_25_2344_6,1.348,106.0,680,25,2344,6,0.12968989219930105
3255,20230714-9PM_680_25_2344_7,1.567,106.0,680,25,2344,7,0.1950689964685901
3256,20230714-9PM_750_25_2344_0,1.408,106.0,750,25,2344,0,0.1486026548060934
3257,20230714-9PM_750_25_2344_1,0.832,106.0,750,25,2344,1,-0.07987667370927608
3258,20230714-9PM_750_25_2344_2,0.86,106.0,750,25,2344,2,-0.06550154875643228
3259,20230714-9PM_750_25_2344_3,1.122,106.0,750,25,2344,3,0.049992856920142645
3260,20230714-9PM_750_25_2344_4,0.906,106.0,750,25,2344,4,-0.042871802323186915
3261,20230714-9PM_750_25_2344_5,0.949,106.0,750,25,2344,5,-0.022733787572707352
3262,20230714-9PM_750_25_2344_6,0.886,106.0,750,25,2344,6,-0.05256627811294924
3263,20230714-9PM_750_25_2344_7,1.098,106.0,750,25,2344,7,0.04060234011407314
3264,20230714-9PM_680_25_2343_0,1.623,106.0,680,25,2343,0,0.21031851982623187
3265,20230714-9PM_680_25_2343_1,1.808,106.0,680,25,2343,1,0.2571984261393445
3266,20230714-9PM_680_25_2343_2,1.85,106.0,680,25,2343,2,0.26717172840301384
3267,20230714-9PM_680_25_2343_3,1.902,106.0,680,25,2343,3,0.2792105126013951
3268,20230714-9PM_680_25_2343_4,1.888,106.0,680,25,2343,4,0.27600198996205016
3269,20230714-9PM_680_25_2343_5,1.702,106.0,680,25,2343,5,0.23095955574856905
3270,20230714-9PM_680_25_2343_6,1.42,106.0,680,25,2343,6,0.15228834438305647
3271,20230714-9PM_680_25_2343_7,1.512,106.0,680,25,2343,7,0.17955179116518774
3272,20230714-9PM_750_25_2343_0,1.2,106.0,750,25,2343,0,0.07918124604762482
3273,20230714-9PM_750_25_2343_1,1.298,106.0,750,25,2343,1,0.11327469246435044
3274,20230714-9PM_750_25_2343_2,1.357,106.0,750,25,2343,2,0.13257984765973707
3275,20230714-9PM_750_25_2343_3,1.3,106.0,750,25,2343,3,0.11394335230683679
3276,20230714-9PM_750_25_2343_4,1.282,106.0,750,25,2343,4,0.10788802518279862
3277,20230714-9PM_750_25_2343_5,1.24,106.0,750,25,2343,5,0.09342168516223506
3278,20230714-9PM_750_25_2343_6,1.046,106.0,750,25,2343,6,0.01953168453125545
3279,20230714-9PM_750_25_2343_7,1.132,106.0,750,25,2343,7,0.053846426852252584
3280,20230714-9PM_680_25_1952_0,1.056,106.0,680,25,1952,0,0.023663918197793475
3281,20230714-9PM_680_25_1952_1,1.124,106.0,680,25,1952,1,0.05076631123304232
3282,20230714-9PM_680_25_1952_2,1.585,106.0,680,25,1952,2,0.2000292665537703
3283,20230714-9PM_680_25_1952_3,0.982,106.0,680,25,1952,3,-0.00788851221305034
3284,20230714-9PM_680_25_1952_4,0.903,106.0,680,25,1952,4,-0.04431224968649419
3285,20230714-9PM_680_25_1952_5,0.974,106.0,680,25,1952,5,-0.011441043121384482
3286,20230714-9PM_680_25_1952_6,0.755,106.0,680,25,1952,6,-0.12205304837081175
3287,20230714-9PM_680_25_1952_7,1.949,106.0,680,25,1952,7,0.28981183911762143
3288,20230714-9PM_750_25_1952_0,0.792,106.0,750,25,1952,0,-0.10127481841050648
3289,20230714-9PM_750_25_1952_1,0.749,106.0,750,25,1952,1,-0.12551818230053352
3290,20230714-9PM_750_25_1952_2,1.067,106.0,750,25,1952,2,0.028164419424469872
3291,20230714-9PM_750_25_1952_3,0.624,106.0,750,25,1952,3,-0.20481541031757602
3292,20230714-9PM_750_25_1952_4,0.625,106.0,750,25,1952,4,-0.2041199826559248
3293,20230714-9PM_750_25_1952_5,0.73,106.0,750,25,1952,5,-0.1366771398795441
3294,20230714-9PM_750_25_1952_6,0.478,106.0,750,25,1952,6,-0.3205721033878811
3295,20230714-9PM_750_25_1952_7,1.204,106.0,750,25,1952,7,0.08062648692180573
3296,20230714-9PM_680_25_2931_0,1.605,106.0,680,25,2931,0,0.20547503674089088
3297,20230714-9PM_680_25_2931_1,1.779,106.0,680,25,2931,1,0.250175948083925
3298,20230714-9PM_680_25_2931_2,1.766,106.0,680,25,2931,2,0.2469906992415498
3299,20230714-9PM_680_25_2931_3,1.372,106.0,680,25,2931,3,0.13735411137073292
3300,20230714-9PM_680_25_2931_4,1.527,106.0,680,25,2931,4,0.18383903705642116
3301,20230714-9PM_680_25_2931_5,1.695,106.0,680,25,2931,5,0.229169702539101
3302,20230714-9PM_680_25_2931_6,1.568,106.0,680,25,2931,6,0.19534605834841964
3303,20230714-9PM_680_25_2931_7,1.753,106.0,680,25,2931,7,0.2437819160937949
3304,20230714-9PM_750_25_2931_0,0.975,106.0,750,25,2931,0,-0.010995384301463193
3305,20230714-9PM_750_25_2931_1,1.055,106.0,750,25,2931,1,0.023252459633711444
3306,20230714-9PM_750_25_2931_2,1.046,106.0,750,25,2931,2,0.01953168453125545
3307,20230714-9PM_750_25_2931_3,0.894,106.0,750,25,2931,3,-0.04866248120408232
3308,20230714-9PM_750_25_2931_4,0.913,106.0,750,25,2931,4,-0.039529222465701036
3309,20230714-9PM_750_25_2931_5,1.07,106.0,750,25,2931,5,0.029383777685209667
3310,20230714-9PM_750_25_2931_6,1.091,106.0,750,25,2931,6,0.037824750588341866
3311,20230714-9PM_750_25_2931_7,1.046,106.0,750,25,2931,7,0.01953168453125545
3312,20230714-9PM_680_25_JG5_0,1.027,106.0,680,25,JG5,0,0.01157044359727816
3313,20230714-9PM_680_25_JG5_1,0.942,106.0,680,25,JG5,1,-0.025949097207122653
3314,20230714-9PM_680_25_JG5_2,0.79,106.0,680,25,JG5,2,-0.10237290870955855
3315,20230714-9PM_680_25_JG5_3,0.853,106.0,680,25,JG5,3,-0.06905096883247698
3316,20230714-9PM_680_25_JG5_4,0.957,106.0,680,25,JG5,4,-0.01908806222315645
3317,20230714-9PM_680_25_JG5_5,1.119,106.0,680,25,JG5,5,0.04883008652835004
3318,20230714-9PM_680_25_JG5_6,1.035,106.0,680,25,JG5,6,0.014940349792936524
3319,20230714-9PM_680_25_JG5_7,1.091,106.0,680,25,JG5,7,0.037824750588341866
3320,20230714-9PM_750_25_JG5_0,0.729,106.0,750,25,JG5,0,-0.1372724716820254
3321,20230714-9PM_750_25_JG5_1,0.65,106.0,750,25,JG5,1,-0.18708664335714442
3322,20230714-9PM_750_25_JG5_2,0.554,106.0,750,25,JG5,2,-0.2564902352715702
3323,20230714-9PM_750_25_JG5_3,0.568,106.0,750,25,JG5,3,-0.24565166428898116
3324,20230714-9PM_750_25_JG5_4,0.647,106.0,750,25,JG5,4,-0.1890957193312996
3325,20230714-9PM_750_25_JG5_5,0.682,106.0,750,25,JG5,5,-0.16621562534352105
3326,20230714-9PM_750_25_JG5_6,0.722,106.0,750,25,JG5,6,-0.14146280243036088
3327,20230714-9PM_750_25_JG5_7,0.611,106.0,750,25,JG5,7,-0.21395878975744578
3328,20230714-9PM_680_25_BMS_0,1.232,106.0,680,25,BMS,0,0.09061070782840665
3329,20230714-9PM_680_25_BMS_1,1.256,106.0,680,25,BMS,1,0.09898963940117732
3330,20230714-9PM_680_25_BMS_2,1.684,106.0,680,25,BMS,2,0.2263420871636307
3331,20230714-9PM_680_25_BMS_3,1.322,106.0,680,25,BMS,3,0.12123145514962146
3332,20230714-9PM_680_25_BMS_4,1.003,106.0,680,25,BMS,4,0.001300933020418072
3333,20230714-9PM_680_25_BMS_5,1.233,106.0,680,25,BMS,5,0.09096307659573168
3334,20230714-9PM_680_25_BMS_6,1.128,106.0,680,25,BMS,6,0.05230909964732344
3335,20230714-9PM_680_25_BMS_7,1.259,106.0,680,25,BMS,7,0.10002573010786256
3336,20230714-9PM_750_25_BMS_0,0.901,106.0,750,25,BMS,0,-0.04527520902093701
3337,20230714-9PM_750_25_BMS_1,0.951,106.0,750,25,BMS,1,-0.02181948306258609
3338,20230714-9PM_750_25_BMS_2,1.173,106.0,750,25,BMS,2,0.06929801211552926
3339,20230714-9PM_750_25_BMS_3,1.007,106.0,750,25,BMS,3,0.003029470553617962
3340,20230714-9PM_750_25_BMS_4,0.707,106.0,750,25,BMS,4,-0.1505805862031006
3341,20230714-9PM_750_25_BMS_5,0.711,106.0,750,25,BMS,5,-0.14813039927023372
3342,20230714-9PM_750_25_BMS_6,0.86,106.0,750,25,BMS,6,-0.06550154875643228
3343,20230714-9PM_750_25_BMS_7,0.865,106.0,750,25,BMS,7,-0.06298389253518578
3344,20230714-9PM_680_20_3059_0,1.54,106.0,680,20,3059,0,0.18752072083646307
3345,20230714-9PM_680_20_3059_1,1.71,106.0,680,20,3059,1,0.23299611039215382
3346,20230714-9PM_680_20_3059_2,1.649,106.0,680,20,3059,2,0.21722065564451878
3347,20230714-9PM_680_20_3059_3,2.075,106.0,680,20,3059,3,0.31701810104811157
3348,20230714-9PM_680_20_3059_4,1.798,106.0,680,20,3059,4,0.25478968739721
3349,20230714-9PM_680_20_3059_5,1.474,106.0,680,20,3059,5,0.16849748352303268
3350,20230714-9PM_680_20_3059_6,1.632,106.0,680,20,3059,6,0.2127201544178423
3351,20230714-9PM_680_20_3059_7,1.645,106.0,680,20,3059,7,0.2161659022859931
3352,20230714-9PM_750_20_3059_0,0.966,106.0,750,20,3059,0,-0.015022873584506671
3353,20230714-9PM_750_20_3059_1,1.129,106.0,750,20,3059,1,0.05269394192496786
3354,20230714-9PM_750_20_3059_2,1.202,106.0,750,20,3059,2,0.0799044676667207
3355,20230714-9PM_750_20_3059_3,1.237,106.0,750,20,3059,3,0.09236969962912069
3356,20230714-9PM_750_20_3059_4,1.231,106.0,750,20,3059,4,0.09025805293131633
3357,20230714-9PM_750_20_3059_5,1.118,106.0,750,20,3059,5,0.04844180355040453
3358,20230714-9PM_750_20_3059_6,1.201,106.0,750,20,3059,6,0.07954300740290607
3359,20230714-9PM_750_20_3059_7,1.153,106.0,750,20,3059,7,0.06182930729469903
3360,20230714-9PM_680_20_1691_0,1.401,106.0,680,20,1691,0,0.1464381352857746
3361,20230714-9PM_680_20_1691_1,1.847,106.0,680,20,1691,1,0.2664668954402414
3362,20230714-9PM_680_20_1691_2,1.371,106.0,680,20,1691,2,0.13703745478951265
3363,20230714-9PM_680_20_1691_3,1.12,106.0,680,20,1691,3,0.04921802267018165
3364,20230714-9PM_680_20_1691_4,0.915,106.0,680,20,1691,4,-0.038578905933551705
3365,20230714-9PM_680_20_1691_5,1.093,106.0,680,20,1691,5,0.03862016194970278
3366,20230714-9PM_680_20_1691_6,1.228,106.0,680,20,1691,6,0.08919836680514887
3367,20230714-9PM_680_20_1691_7,1.176,106.0,680,20,1691,7,0.07040732174011965
3368,20230714-9PM_750_20_1691_0,0.984,106.0,750,20,1691,0,-0.007004901568658489
3369,20230714-9PM_750_20_1691_1,1.126,106.0,750,20,1691,1,0.05153839051532738
3370,20230714-9PM_750_20_1691_2,0.906,106.0,750,20,1691,2,-0.042871802323186915
3371,20230714-9PM_750_20_1691_3,0.9,106.0,750,20,1691,3,-0.045757490560675115
3372,20230714-9PM_750_20_1691_4,0.596,106.0,750,20,1691,4,-0.22475374025976358
3373,20230714-9PM_750_20_1691_5,0.843,106.0,750,20,1691,5,-0.07417242537525769
3374,20230714-9PM_750_20_1691_6,0.741,106.0,750,20,1691,6,-0.13018179202067184
3375,20230714-9PM_750_20_1691_7,0.789,106.0,750,20,1691,7,-0.10292299679057967
3376,20230714-9PM_680_20_1690_0,1.785,106.0,680,20,1690,0,0.251638220448212
3377,20230714-9PM_680_20_1690_1,2.305,106.0,680,20,1690,1,0.362670929725667
3378,20230714-9PM_680_20_1690_2,1.887,106.0,680,20,1690,2,0.27577190016493136
3379,20230714-9PM_680_20_1690_3,1.686,106.0,680,20,1690,3,0.2268575702887235
3380,20230714-9PM_680_20_1690_4,1.952,106.0,680,20,1690,4,0.290479813330673
3381,20230714-9PM_680_20_1690_5,1.475,106.0,680,20,1690,5,0.16879202031418183
3382,20230714-9PM_680_20_1690_6,1.729,106.0,680,20,1690,6,0.2377949932739226
3383,20230714-9PM_680_20_1690_7,1.685,106.0,680,20,1690,7,0.22659990520735745
3384,20230714-9PM_750_20_1690_0,1.21,106.0,750,20,1690,0,0.08278537031645007
3385,20230714-9PM_750_20_1690_1,1.471,106.0,750,20,1690,1,0.16761267272753014
3386,20230714-9PM_750_20_1690_2,1.333,106.0,750,20,1690,2,0.1248301494138592
3387,20230714-9PM_750_20_1690_3,1.044,106.0,750,20,1690,3,0.01870049866624337
3388,20230714-9PM_750_20_1690_4,1.255,106.0,750,20,1690,4,0.09864372581705691
3389,20230714-9PM_750_20_1690_5,0.971,106.0,750,20,1690,5,-0.012780770091995148
3390,20230714-9PM_750_20_1690_6,1.064,106.0,750,20,1690,6,0.0269416279590294
3391,20230714-9PM_750_20_1690_7,1.063,106.0,750,20,1690,7,0.026533264523296733
3392,20230714-9PM_680_20_2342_0,1.273,106.0,680,20,2342,0,0.10482840365365537
3393,20230714-9PM_680_20_2342_1,1.576,106.0,680,20,2342,1,0.19755621315353653
3394,20230714-9PM_680_20_2342_2,1.434,106.0,680,20,2342,2,0.1565491513317813
3395,20230714-9PM_680_20_2342_3,1.488,106.0,680,20,2342,3,0.1726029312098599
3396,20230714-9PM_680_20_2342_4,1.398,106.0,680,20,2342,4,0.14550717140966257
3397,20230714-9PM_680_20_2342_5,1.654,106.0,680,20,2342,5,0.21853550521652784
3398,20230714-9PM_680_20_2342_6,0.912,106.0,680,20,2342,6,-0.04000516167158381
3399,20230714-9PM_680_20_2342_7,1.32,106.0,680,20,2342,7,0.12057393120584989
3400,20230714-9PM_750_20_2342_0,0.868,106.0,750,20,2342,0,-0.0614802748235081
3401,20230714-9PM_750_20_2342_1,1.173,106.0,750,20,2342,1,0.06929801211552926
3402,20230714-9PM_750_20_2342_2,1.044,106.0,750,20,2342,2,0.01870049866624337
3403,20230714-9PM_750_20_2342_3,1.038,106.0,750,20,2342,3,0.01619735351243906
3404,20230714-9PM_750_20_2342_4,0.938,106.0,750,20,2342,4,-0.027797161620935564
3405,20230714-9PM_750_20_2342_5,1.13,106.0,750,20,2342,5,0.05307844348341968
3406,20230714-9PM_750_20_2342_6,0.775,106.0,750,20,2342,6,-0.1106982974936897
3407,20230714-9PM_750_20_2342_7,1.097,106.0,750,20,2342,7,0.04020662757471112
3408,20230714-9PM_680_20_4532_0,1.669,106.0,680,20,4532,0,0.22245633667924672
3409,20230714-9PM_680_20_4532_1,1.836,106.0,680,20,4532,1,0.26387267686522364
3410,20230714-9PM_680_20_4532_2,1.284,106.0,680,20,4532,2,0.10856502373283448
3411,20230714-9PM_680_20_4532_3,1.813,106.0,680,20,4532,3,0.25839780409550867
3412,20230714-9PM_680_20_4532_4,1.707,106.0,680,20,4532,4,0.23223352111473364
3413,20230714-9PM_680_20_4532_5,1.928,106.0,680,20,4532,5,0.28510702956681194
3414,20230714-9PM_680_20_4532_6,1.577,106.0,680,20,4532,6,0.19783169332890285
3415,20230714-9PM_680_20_4532_7,1.638,106.0,680,20,4532,7,0.21431389742439963
3416,20230714-9PM_750_20_4532_0,1.13,106.0,750,20,4532,0,0.05307844348341968
3417,20230714-9PM_750_20_4532_1,1.156,106.0,750,20,4532,1,0.06295783408451022
3418,20230714-9PM_750_20_4532_2,0.837,106.0,750,20,4532,2,-0.07727454200674003
3419,20230714-9PM_750_20_4532_3,1.098,106.0,750,20,4532,3,0.04060234011407314
3420,20230714-9PM_750_20_4532_4,1.073,106.0,750,20,4532,4,0.030599721965951066
3421,20230714-9PM_750_20_4532_5,1.263,106.0,750,20,4532,5,0.10140335055533072
3422,20230714-9PM_750_20_4532_6,1.12,106.0,750,20,4532,6,0.04921802267018165
3423,20230714-9PM_750_20_4532_7,1.163,106.0,750,20,4532,7,0.06557971472844842
3424,20230714-9PM_680_20_2344_0,1.552,106.0,680,20,2344,0,0.19089171692216964
3425,20230714-9PM_680_20_2344_1,1.197,106.0,680,20,2344,1,0.07809415040641068
3426,20230714-9PM_680_20_2344_2,1.389,106.0,680,20,2344,2,0.14270224573761559
3427,20230714-9PM_680_20_2344_3,1.527,106.0,680,20,2344,3,0.18383903705642116
3428,20230714-9PM_680_20_2344_4,1.162,106.0,680,20,2344,4,0.0652061280543119
3429,20230714-9PM_680_20_2344_5,1.062,106.0,680,20,2344,5,0.026124516745450282
3430,20230714-9PM_680_20_2344_6,1.155,106.0,680,20,2344,6,0.06258198422816312
3431,20230714-9PM_680_20_2344_7,1.744,106.0,680,20,2344,7,0.2415464805965484
3432,20230714-9PM_750_20_2344_0,1.061,106.0,750,20,2344,0,0.025715383901340642
3433,20230714-9PM_750_20_2344_1,0.718,106.0,750,20,2344,1,-0.14387555575769967
3434,20230714-9PM_750_20_2344_2,0.779,106.0,750,20,2344,2,-0.10846254232743553
3435,20230714-9PM_750_20_2344_3,0.907,106.0,750,20,2344,3,-0.04239271293990473
3436,20230714-9PM_750_20_2344_4,0.748,106.0,750,20,2344,4,-0.12609840213553863
3437,20230714-9PM_750_20_2344_5,0.644,106.0,750,20,2344,5,-0.1911141326401879
3438,20230714-9PM_750_20_2344_6,0.698,106.0,750,20,2344,6,-0.15614457737683893
3439,20230714-9PM_750_20_2344_7,1.14,106.0,750,20,2344,7,0.05690485133647256
3440,20230714-9PM_680_20_2343_0,1.794,106.0,680,20,2343,0,0.2538224387080733
3441,20230714-9PM_680_20_2343_1,2.052,106.0,680,20,2343,1,0.3121773564397787
3442,20230714-9PM_680_20_2343_2,2.012,106.0,680,20,2343,2,0.3036279763838898
3443,20230714-9PM_680_20_2343_3,1.614,106.0,680,20,2343,3,0.20790353038605164
3444,20230714-9PM_680_20_2343_4,1.212,106.0,680,20,2343,4,0.0835026198302674
3445,20230714-9PM_680_20_2343_5,1.231,106.0,680,20,2343,5,0.09025805293131633
3446,20230714-9PM_680_20_2343_6,1.302,106.0,680,20,2343,6,0.11461098423217315
3447,20230714-9PM_680_20_2343_7,1.592,106.0,680,20,2343,7,0.20194306340165025
3448,20230714-9PM_750_20_2343_0,1.292,106.0,750,20,2343,0,0.1112625136590653
3449,20230714-9PM_750_20_2343_1,1.402,106.0,750,20,2343,1,0.14674801363063983
3450,20230714-9PM_750_20_2343_2,1.379,106.0,750,20,2343,2,0.13956426617584977
3451,20230714-9PM_750_20_2343_3,1.171,106.0,750,20,2343,3,0.06855689507236315
3452,20230714-9PM_750_20_2343_4,0.858,106.0,750,20,2343,4,-0.06651271215129456
3453,20230714-9PM_750_20_2343_5,0.904,106.0,750,20,2343,5,-0.04383156952463668
3454,20230714-9PM_750_20_2343_6,0.892,106.0,750,20,2343,6,-0.04963514562387693
3455,20230714-9PM_750_20_2343_7,1.209,106.0,750,20,2343,7,0.0824263008607719
3456,20230714-9PM_680_20_1952_0,1.554,106.0,680,20,1952,0,0.19145101446489549
3457,20230714-9PM_680_20_1952_1,1.702,106.0,680,20,1952,1,0.23095955574856905
3458,20230714-9PM_680_20_1952_2,1.764,106.0,680,20,1952,2,0.24649858079580092
3459,20230714-9PM_680_20_1952_3,1.675,106.0,680,20,1952,3,0.22401481137286405
3460,20230714-9PM_680_20_1952_4,1.622,106.0,680,20,1952,4,0.21005084987513725
3461,20230714-9PM_680_20_1952_5,1.679,106.0,680,20,1952,5,0.2250506961380488
3462,20230714-9PM_680_20_1952_6,1.679,106.0,680,20,1952,6,0.2250506961380488
3463,20230714-9PM_680_20_1952_7,1.673,106.0,680,20,1952,7,0.22349594096239453
3464,20230714-9PM_750_20_1952_0,0.908,106.0,750,20,1952,0,-0.04191415147891488
3465,20230714-9PM_750_20_1952_1,0.977,106.0,750,20,1952,1,-0.010105436281226938
3466,20230714-9PM_750_20_1952_2,1.061,106.0,750,20,1952,2,0.025715383901340642
3467,20230714-9PM_750_20_1952_3,1.147,106.0,750,20,1952,3,0.059563417901267686
3468,20230714-9PM_750_20_1952_4,1.008,106.0,750,20,1952,4,0.003460532109506489
3469,20230714-9PM_750_20_1952_5,1.073,106.0,750,20,1952,5,0.030599721965951066
3470,20230714-9PM_750_20_1952_6,1.079,106.0,750,20,1952,6,0.033021444682910656
3471,20230714-9PM_750_20_1952_7,1.008,106.0,750,20,1952,7,0.003460532109506489
3472,20230714-9PM_680_20_2931_0,1.534,106.0,680,20,2931,0,0.18582535961296218
3473,20230714-9PM_680_20_2931_1,1.113,106.0,680,20,2931,1,0.04649516433470831
3474,20230714-9PM_680_20_2931_2,1.568,106.0,680,20,2931,2,0.19534605834841964
3475,20230714-9PM_680_20_2931_3,1.446,106.0,680,20,2931,3,0.160168292958512
3476,20230714-9PM_680_20_2931_4,1.211,106.0,680,20,2931,4,0.08314414314305227
3477,20230714-9PM_680_20_2931_5,1.523,106.0,680,20,2931,5,0.18269990333604255
3478,20230714-9PM_680_20_2931_6,1.42,106.0,680,20,2931,6,0.15228834438305647
3479,20230714-9PM_680_20_2931_7,1.665,106.0,680,20,2931,7,0.22141423784233868
3480,20230714-9PM_750_20_2931_0,0.887,106.0,750,20,2931,0,-0.0520763801682736
3481,20230714-9PM_750_20_2931_1,0.649,106.0,750,20,2931,1,-0.18775530319963074
3482,20230714-9PM_750_20_2931_2,0.92,106.0,750,20,2931,2,-0.036212172654444715
3483,20230714-9PM_750_20_2931_3,0.862,106.0,750,20,2931,3,-0.06449273417528721
3484,20230714-9PM_750_20_2931_4,0.717,106.0,750,20,2931,4,-0.1444808443321999
3485,20230714-9PM_750_20_2931_5,0.932,106.0,750,20,2931,5,-0.030584087646018613
3486,20230714-9PM_750_20_2931_6,0.904,106.0,750,20,2931,6,-0.04383156952463668
3487,20230714-9PM_750_20_2931_7,1.0,106.0,750,20,2931,7,0.0
3488,20230714-9PM_680_20_JG5_0,0.922,106.0,680,20,JG5,0,-0.03526907894637064
3489,20230714-9PM_680_20_JG5_1,1.111,106.0,680,20,JG5,1,0.04571405894086761
3490,20230714-9PM_680_20_JG5_2,0.943,106.0,680,20,JG5,2,-0.02548830726267165
3491,20230714-9PM_680_20_JG5_3,1.219,106.0,680,20,JG5,3,0.08600370561838196
3492,20230714-9PM_680_20_JG5_4,1.07,106.0,680,20,JG5,4,0.029383777685209667
3493,20230714-9PM_680_20_JG5_5,1.211,106.0,680,20,JG5,5,0.08314414314305227
3494,20230714-9PM_680_20_JG5_6,0.991,106.0,680,20,JG5,6,-0.003926345514724675
3495,20230714-9PM_680_20_JG5_7,0.664,106.0,680,20,JG5,7,-0.1778319206319825
3496,20230714-9PM_750_20_JG5_0,0.642,106.0,750,20,JG5,0,-0.19246497193114673
3497,20230714-9PM_750_20_JG5_1,0.654,106.0,750,20,JG5,1,-0.18442225167573273
3498,20230714-9PM_750_20_JG5_2,0.573,106.0,750,20,JG5,2,-0.24184537803261005
3499,20230714-9PM_750_20_JG5_3,0.713,106.0,750,20,JG5,3,-0.14691047014813446
3500,20230714-9PM_750_20_JG5_4,0.665,106.0,750,20,JG5,4,-0.17717835469689538
3501,20230714-9PM_750_20_JG5_5,0.726,106.0,750,20,JG5,5,-0.1390633792999063
3502,20230714-9PM_750_20_JG5_6,0.622,106.0,750,20,JG5,6,-0.2062096153091813
3503,20230714-9PM_750_20_JG5_7,0.399,106.0,750,20,JG5,7,-0.3990271043132517
3504,20230714-9PM_680_20_BMS_0,1.446,106.0,680,20,BMS,0,0.160168292958512
3505,20230714-9PM_680_20_BMS_1,1.587,106.0,680,20,BMS,1,0.20057692675484817
3506,20230714-9PM_680_20_BMS_2,1.172,106.0,680,20,BMS,2,0.06892761168207182
3507,20230714-9PM_680_20_BMS_3,1.437,106.0,680,20,BMS,3,0.15745676813422568
3508,20230714-9PM_680_20_BMS_4,1.105,106.0,680,20,BMS,4,0.0433622780211295
3509,20230714-9PM_680_20_BMS_5,1.161,106.0,680,20,BMS,5,0.06483221973857385
3510,20230714-9PM_680_20_BMS_6,1.239,106.0,680,20,BMS,6,0.09307130637606349
3511,20230714-9PM_680_20_BMS_7,1.276,106.0,680,20,BMS,7,0.10585067438514352
3512,20230714-9PM_750_20_BMS_0,0.935,106.0,750,20,BMS,0,-0.0291883891274822
3513,20230714-9PM_750_20_BMS_1,1.024,106.0,750,20,BMS,1,0.010299956639811961
3514,20230714-9PM_750_20_BMS_2,0.732,106.0,750,20,BMS,2,-0.13548891894160814
3515,20230714-9PM_750_20_BMS_3,0.944,106.0,750,20,BMS,3,-0.02502800570193105
3516,20230714-9PM_750_20_BMS_4,0.75,106.0,750,20,BMS,4,-0.12493873660829995
3517,20230714-9PM_750_20_BMS_5,0.782,106.0,750,20,BMS,5,-0.10679324694015198
3518,20230714-9PM_750_20_BMS_6,0.8,106.0,750,20,BMS,6,-0.09691001300805639
3519,20230714-9PM_750_20_BMS_7,0.792,106.0,750,20,BMS,7,-0.10127481841050648
3520,20230714-9PM_680_30_3059_0,1.838,106.0,680,30,3059,0,0.26434550705009247
3521,20230714-9PM_680_30_3059_1,1.742,106.0,680,30,3059,1,0.2410481506716444
3522,20230714-9PM_680_30_3059_2,1.791,106.0,680,30,3059,2,0.2530955858490315
3523,20230714-9PM_680_30_3059_3,2.083,106.0,680,30,3059,3,0.3186892699477459
3524,20230714-9PM_680_30_3059_4,1.556,106.0,680,30,3059,4,0.19200959265367015
3525,20230714-9PM_680_30_3059_5,1.573,106.0,680,30,3059,5,0.19672872262328683
3526,20230714-9PM_680_30_3059_6,1.983,106.0,680,30,3059,6,0.2973227142053027
3527,20230714-9PM_680_30_3059_7,1.612,106.0,680,30,3059,7,0.20736503746907187
3528,20230714-9PM_750_30_3059_0,1.144,106.0,750,30,3059,0,0.05842602445700536
3529,20230714-9PM_750_30_3059_1,1.152,106.0,750,30,3059,1,0.06145247908719321
3530,20230714-9PM_750_30_3059_2,1.16,106.0,750,30,3059,2,0.06445798922691845
3531,20230714-9PM_750_30_3059_3,1.305,106.0,750,30,3059,3,0.11561051167429974
3532,20230714-9PM_750_30_3059_4,1.008,106.0,750,30,3059,4,0.003460532109506489
3533,20230714-9PM_750_30_3059_5,1.037,106.0,750,30,3059,5,0.01577875638904093
3534,20230714-9PM_750_30_3059_6,1.19,106.0,750,30,3059,6,0.07554696139253074
3535,20230714-9PM_750_30_3059_7,1.156,106.0,750,30,3059,7,0.06295783408451022
3536,20230714-9PM_680_30_1691_0,2.409,106.0,680,30,1691,0,0.38183679999834336
3537,20230714-9PM_680_30_1691_1,2.293,106.0,680,30,1691,1,0.36040405472993886
3538,20230714-9PM_680_30_1691_2,2.089,106.0,680,30,1691,2,0.3199384399803086
3539,20230714-9PM_680_30_1691_3,2.42,106.0,680,30,1691,3,0.38381536598043126
3540,20230714-9PM_680_30_1691_4,2.06,106.0,680,30,1691,4,0.31386722036915343
3541,20230714-9PM_680_30_1691_5,1.897,106.0,680,30,1691,5,0.2780673308886626
3542,20230714-9PM_680_30_1691_6,0.605,106.0,680,30,1691,6,-0.2182446253475311
3543,20230714-9PM_680_30_1691_7,1.861,106.0,680,30,1691,7,0.269746373130767
3544,20230714-9PM_750_30_1691_0,1.252,106.0,750,30,1691,0,0.09760432887441088
3545,20230714-9PM_750_30_1691_1,1.201,106.0,750,30,1691,1,0.07954300740290607
3546,20230714-9PM_750_30_1691_2,1.083,106.0,750,30,1691,2,0.034628456625320346
3547,20230714-9PM_750_30_1691_3,1.29,106.0,750,30,1691,3,0.11058971029924898
3548,20230714-9PM_750_30_1691_4,1.082,106.0,750,30,1691,4,0.03422726077055066
3549,20230714-9PM_750_30_1691_5,1.149,106.0,750,30,1691,5,0.060320028688285184
3550,20230714-9PM_750_30_1691_6,0.374,106.0,750,30,1691,6,-0.42712839779951983
3551,20230714-9PM_750_30_1691_7,1.069,106.0,750,30,1691,7,0.028977705208777998
3552,20230714-9PM_680_30_1690_0,1.302,106.0,680,30,1690,0,0.11461098423217315
3553,20230714-9PM_680_30_1690_1,2.965,106.0,680,30,1690,1,0.4720246977002814
3554,20230714-9PM_680_30_1690_2,1.614,106.0,680,30,1690,2,0.20790353038605164
3555,20230714-9PM_680_30_1690_3,1.883,106.0,680,30,1690,3,0.2748503200166648
3556,20230714-9PM_680_30_1690_4,1.606,106.0,680,30,1690,4,0.20574554094266218
3557,20230714-9PM_680_30_1690_5,1.826,106.0,680,30,1690,5,0.26150077319828013
3558,20230714-9PM_680_30_1690_6,1.759,106.0,680,30,1690,6,0.24526583945746125
3559,20230714-9PM_680_30_1690_7,1.883,106.0,680,30,1690,7,0.2748503200166648
3560,20230714-9PM_750_30_1690_0,0.855,106.0,750,30,1690,0,-0.06803388527182737
3561,20230714-9PM_750_30_1690_1,1.533,106.0,750,30,1690,1,0.18554215485437514
3562,20230714-9PM_750_30_1690_2,1.009,106.0,750,30,1690,2,0.0038911662369104775
3563,20230714-9PM_750_30_1690_3,1.079,106.0,750,30,1690,3,0.033021444682910656
3564,20230714-9PM_750_30_1690_4,0.899,106.0,750,30,1690,4,-0.046240308266771224
3565,20230714-9PM_750_30_1690_5,1.184,106.0,750,30,1690,5,0.07335170238690095
3566,20230714-9PM_750_30_1690_6,1.025,106.0,750,30,1690,6,0.010723865391773066
3567,20230714-9PM_750_30_1690_7,1.081,106.0,750,30,1690,7,0.03382569395331033
3568,20230714-9PM_680_30_2342_0,1.035,106.0,680,30,2342,0,0.014940349792936524
3569,20230714-9PM_680_30_2342_1,1.707,106.0,680,30,2342,1,0.23223352111473364
3570,20230714-9PM_680_30_2342_2,1.211,106.0,680,30,2342,2,0.08314414314305227
3571,20230714-9PM_680_30_2342_3,1.384,106.0,680,30,2342,3,0.14113609012073897
3572,20230714-9PM_680_30_2342_4,1.008,106.0,680,30,2342,4,0.003460532109506489
3573,20230714-9PM_680_30_2342_5,1.247,106.0,680,30,2342,5,0.09586645347854265
3574,20230714-9PM_680_30_2342_6,1.411,106.0,680,30,2342,6,0.14952701375434785
3575,20230714-9PM_680_30_2342_7,1.108,106.0,680,30,2342,7,0.04453976039241098
3576,20230714-9PM_750_30_2342_0,0.785,106.0,750,30,2342,0,-0.10513034325474745
3577,20230714-9PM_750_30_2342_1,1.155,106.0,750,30,2342,1,0.06258198422816312
3578,20230714-9PM_750_30_2342_2,0.843,106.0,750,30,2342,2,-0.07417242537525769
3579,20230714-9PM_750_30_2342_3,1.011,106.0,750,30,2342,3,0.00475115559100102
3580,20230714-9PM_750_30_2342_4,0.803,106.0,750,30,2342,4,-0.09528445472131904
3581,20230714-9PM_750_30_2342_5,0.99,106.0,750,30,2342,5,-0.004364805402450088
3582,20230714-9PM_750_30_2342_6,1.135,106.0,750,30,2342,6,0.05499586152914153
3583,20230714-9PM_750_30_2342_7,0.927,106.0,750,30,2342,7,-0.0329202658555029
3584,20230714-9PM_680_30_4532_0,1.79,106.0,680,30,4532,0,0.2528530309798932
3585,20230714-9PM_680_30_4532_1,1.599,106.0,680,30,4532,1,0.2038484637462347
3586,20230714-9PM_680_30_4532_2,1.513,106.0,680,30,4532,2,0.17983892802318668
3587,20230714-9PM_680_30_4532_3,1.775,106.0,680,30,4532,3,0.24919835739111287
3588,20230714-9PM_680_30_4532_4,2.008,106.0,680,30,4532,4,0.30276370847298173
3589,20230714-9PM_680_30_4532_5,1.988,106.0,680,30,4532,5,0.2984163800612945
3590,20230714-9PM_680_30_4532_6,1.905,106.0,680,30,4532,6,0.2798949800116381
3591,20230714-9PM_680_30_4532_7,1.963,106.0,680,30,4532,7,0.2929202996000062
3592,20230714-9PM_750_30_4532_0,0.918,106.0,750,30,4532,0,-0.03715731879875755
3593,20230714-9PM_750_30_4532_1,0.849,106.0,750,30,4532,1,-0.07109230975604734
3594,20230714-9PM_750_30_4532_2,0.845,106.0,750,30,4532,2,-0.07314329105030767
3595,20230714-9PM_750_30_4532_3,1.043,106.0,750,30,4532,3,0.018284308426530838
3596,20230714-9PM_750_30_4532_4,0.969,106.0,750,30,4532,4,-0.013676222949234686
3597,20230714-9PM_750_30_4532_5,0.987,106.0,750,30,4532,5,-0.005682847330363273
3598,20230714-9PM_750_30_4532_6,1.041,106.0,750,30,4532,6,0.017450729510536125
3599,20230714-9PM_750_30_4532_7,1.043,106.0,750,30,4532,7,0.018284308426530838
3600,20230714-9PM_680_30_2344_0,2.052,106.0,680,30,2344,0,0.3121773564397787
3601,20230714-9PM_680_30_2344_1,1.227,106.0,680,30,2344,1,0.08884456272700428
3602,20230714-9PM_680_30_2344_2,1.315,106.0,680,30,2344,2,0.11892575282577665
3603,20230714-9PM_680_30_2344_3,1.377,106.0,680,30,2344,3,0.13893394025692368
3604,20230714-9PM_680_30_2344_4,1.412,106.0,680,30,2344,4,0.14983469671578492
3605,20230714-9PM_680_30_2344_5,1.515,106.0,680,30,2344,5,0.1804126328383238
3606,20230714-9PM_680_30_2344_6,1.3,106.0,680,30,2344,6,0.11394335230683679
3607,20230714-9PM_680_30_2344_7,1.548,106.0,680,30,2344,7,0.1897709563468738
3608,20230714-9PM_750_30_2344_0,1.289,106.0,750,30,2344,0,0.110252917353403
3609,20230714-9PM_750_30_2344_1,0.775,106.0,750,30,2344,1,-0.1106982974936897
3610,20230714-9PM_750_30_2344_2,0.831,106.0,750,30,2344,2,-0.08039897621588903
3611,20230714-9PM_750_30_2344_3,0.874,106.0,750,30,2344,3,-0.05848856736559697
3612,20230714-9PM_750_30_2344_4,0.876,106.0,750,30,2344,4,-0.05749589383191927
3613,20230714-9PM_750_30_2344_5,0.969,106.0,750,30,2344,5,-0.013676222949234686
3614,20230714-9PM_750_30_2344_6,0.836,106.0,750,30,2344,6,-0.07779372256098363
3615,20230714-9PM_750_30_2344_7,0.915,106.0,750,30,2344,7,-0.038578905933551705
3616,20230714-9PM_680_30_2343_0,2.067,106.0,680,30,2343,0,0.3153404766272883
3617,20230714-9PM_680_30_2343_1,1.028,106.0,680,30,2343,1,0.011993114659256938
3618,20230714-9PM_680_30_2343_2,1.764,106.0,680,30,2343,2,0.24649858079580092
3619,20230714-9PM_680_30_2343_3,2.075,106.0,680,30,2343,3,0.31701810104811157
3620,20230714-9PM_680_30_2343_4,2.149,106.0,680,30,2343,4,0.33223641549144334
3621,20230714-9PM_680_30_2343_5,1.799,106.0,680,30,2343,5,0.25503116334555137
3622,20230714-9PM_680_30_2343_6,1.754,106.0,680,30,2343,6,0.24402958903002173
3623,20230714-9PM_680_30_2343_7,1.968,106.0,680,30,2343,7,0.2940250940953227
3624,20230714-9PM_750_30_2343_0,1.265,106.0,750,30,2343,0,0.10209052551183669
3625,20230714-9PM_750_30_2343_1,0.79,106.0,750,30,2343,1,-0.10237290870955855
3626,20230714-9PM_750_30_2343_2,1.168,106.0,750,30,2343,2,0.06744284277638066
3627,20230714-9PM_750_30_2343_3,1.308,106.0,750,30,2343,3,0.11660774398824848
3628,20230714-9PM_750_30_2343_4,1.259,106.0,750,30,2343,4,0.10002573010786256
3629,20230714-9PM_750_30_2343_5,1.226,106.0,750,30,2343,5,0.08849047018239622
3630,20230714-9PM_750_30_2343_6,1.181,106.0,750,30,2343,6,0.07224989761351482
3631,20230714-9PM_750_30_2343_7,1.24,106.0,750,30,2343,7,0.09342168516223506
3632,20230714-9PM_680_30_1952_0,1.579,106.0,680,30,1952,0,0.19838213000829422
3633,20230714-9PM_680_30_1952_1,1.975,106.0,680,30,1952,1,0.29556709996247904
3634,20230714-9PM_680_30_1952_2,1.679,106.0,680,30,1952,2,0.2250506961380488
3635,20230714-9PM_680_30_1952_3,2.156,106.0,680,30,1952,3,0.3336487565147011
3636,20230714-9PM_680_30_1952_4,2.156,106.0,680,30,1952,4,0.3336487565147011
3637,20230714-9PM_680_30_1952_5,1.849,106.0,680,30,1952,5,0.26693691115917306
3638,20230714-9PM_680_30_1952_6,1.786,106.0,680,30,1952,6,0.25188145455252764
3639,20230714-9PM_680_30_1952_7,1.024,106.0,680,30,1952,7,0.010299956639811961
3640,20230714-9PM_750_30_1952_0,0.935,106.0,750,30,1952,0,-0.0291883891274822
3641,20230714-9PM_750_30_1952_1,1.113,106.0,750,30,1952,1,0.04649516433470831
3642,20230714-9PM_750_30_1952_2,1.051,106.0,750,30,1952,2,0.021602716028242194
3643,20230714-9PM_750_30_1952_3,1.216,106.0,750,30,1952,3,0.08493357493671612
3644,20230714-9PM_750_30_1952_4,1.129,106.0,750,30,1952,4,0.05269394192496786
3645,20230714-9PM_750_30_1952_5,1.197,106.0,750,30,1952,5,0.07809415040641068
3646,20230714-9PM_750_30_1952_6,1.087,106.0,750,30,1952,6,0.03622954408629453
3647,20230714-9PM_750_30_1952_7,0.607,106.0,750,30,1952,7,-0.21681130892474243
3648,20230714-9PM_680_30_2931_0,1.719,106.0,680,30,2931,0,0.23527587668705244
3649,20230714-9PM_680_30_2931_1,1.635,106.0,680,30,2931,1,0.21351775699630487
3650,20230714-9PM_680_30_2931_2,1.747,106.0,680,30,2931,2,0.24229290498293096
3651,20230714-9PM_680_30_2931_3,1.653,106.0,680,30,2931,3,0.2182728535714475
3652,20230714-9PM_680_30_2931_4,1.475,106.0,680,30,2931,4,0.16879202031418183
3653,20230714-9PM_680_30_2931_5,1.951,106.0,680,30,2931,5,0.29025726939451807
3654,20230714-9PM_680_30_2931_6,1.509,106.0,680,30,2931,6,0.17868923977558981
3655,20230714-9PM_680_30_2931_7,0.967,106.0,680,30,2931,7,-0.014573525916998339
3656,20230714-9PM_750_30_2931_0,1.143,106.0,750,30,2931,0,0.05804623039528174
3657,20230714-9PM_750_30_2931_1,1.085,106.0,750,30,2931,1,0.0354297381845483
3658,20230714-9PM_750_30_2931_2,1.141,106.0,750,30,2931,2,0.05728564441821465
3659,20230714-9PM_750_30_2931_3,1.131,106.0,750,30,2931,3,0.05346260492545529
3660,20230714-9PM_750_30_2931_4,1.051,106.0,750,30,2931,4,0.021602716028242194
3661,20230714-9PM_750_30_2931_5,1.208,106.0,750,30,2931,5,0.08206693428511301
3662,20230714-9PM_750_30_2931_6,1.095,106.0,750,30,2931,6,0.03941411917613713
3663,20230714-9PM_750_30_2931_7,0.774,106.0,750,30,2931,7,-0.11125903931710739
3664,20230714-9PM_680_30_JG5_0,1.738,106.0,680,30,JG5,0,0.24004977211264766
3665,20230714-9PM_680_30_JG5_1,0.683,106.0,680,30,JG5,1,-0.1655792963184674
3666,20230714-9PM_680_30_JG5_2,0.788,106.0,680,30,JG5,2,-0.10347378251044466
3667,20230714-9PM_680_30_JG5_3,1.218,106.0,680,30,JG5,3,0.08564728829685654
3668,20230714-9PM_680_30_JG5_4,0.371,106.0,680,30,JG5,4,-0.43062609038495414
3669,20230714-9PM_680_30_JG5_5,0.994,106.0,680,30,JG5,5,-0.00261361560268669
3670,20230714-9PM_680_30_JG5_6,0.538,106.0,680,30,JG5,6,-0.2692177243336108
3671,20230714-9PM_680_30_JG5_7,0.688,106.0,680,30,JG5,7,-0.16241156176448873
3672,20230714-9PM_750_30_JG5_0,1.02,106.0,750,30,JG5,0,0.00860017176191757
3673,20230714-9PM_750_30_JG5_1,0.557,106.0,750,30,JG5,1,-0.25414480482627105
3674,20230714-9PM_750_30_JG5_2,0.588,106.0,750,30,JG5,2,-0.23062267392386154
3675,20230714-9PM_750_30_JG5_3,0.866,106.0,750,30,JG5,3,-0.06248210798265336
3676,20230714-9PM_750_30_JG5_4,0.297,106.0,750,30,JG5,4,-0.5272435506827877
3677,20230714-9PM_750_30_JG5_5,0.713,106.0,750,30,JG5,5,-0.14691047014813446
3678,20230714-9PM_750_30_JG5_6,0.429,106.0,750,30,JG5,6,-0.36754270781527576
3679,20230714-9PM_750_30_JG5_7,0.567,106.0,750,30,JG5,7,-0.24641694110709345
3680,20230714-9PM_680_30_BMS_0,1.832,106.0,680,30,BMS,0,0.2629254693318316
3681,20230714-9PM_680_30_BMS_1,1.843,106.0,680,30,BMS,1,0.2655253352190738
3682,20230714-9PM_680_30_BMS_2,1.793,106.0,680,30,BMS,2,0.2535802895621828
3683,20230714-9PM_680_30_BMS_3,1.998,106.0,680,30,BMS,3,0.3005954838899635
3684,20230714-9PM_680_30_BMS_4,1.828,106.0,680,30,BMS,4,0.26197619139781264
3685,20230714-9PM_680_30_BMS_5,1.791,106.0,680,30,BMS,5,0.2530955858490315
3686,20230714-9PM_680_30_BMS_6,1.552,106.0,680,30,BMS,6,0.19089171692216964
3687,20230714-9PM_680_30_BMS_7,1.833,106.0,680,30,BMS,7,0.2631624649622167
3688,20230714-9PM_750_30_BMS_0,1.148,106.0,750,30,BMS,0,0.05994188806195468
3689,20230714-9PM_750_30_BMS_1,1.168,106.0,750,30,BMS,1,0.06744284277638066
3690,20230714-9PM_750_30_BMS_2,1.167,106.0,750,30,BMS,2,0.06707085604537019
3691,20230714-9PM_750_30_BMS_3,1.218,106.0,750,30,BMS,3,0.08564728829685654
3692,20230714-9PM_750_30_BMS_4,1.175,106.0,750,30,BMS,4,0.07003786660775509
3693,20230714-9PM_750_30_BMS_5,1.172,106.0,750,30,BMS,5,0.06892761168207182
3694,20230714-9PM_750_30_BMS_6,1.071,106.0,750,30,BMS,6,0.029789470831855614
3695,20230714-9PM_750_30_BMS_7,1.159,106.0,750,30,BMS,7,0.064083435963596
3696,20230712-9AM_680_25_3059_0,0.847,46.0,680,25,3059,0,-0.0721165896692931
3697,20230712-9AM_680_25_3059_1,1.418,46.0,680,25,3059,1,0.1516762308470477
3698,20230712-9AM_680_25_3059_2,1.249,46.0,680,25,3059,2,0.09656243837413556
3699,20230712-9AM_680_25_3059_3,1.181,46.0,680,25,3059,3,0.07224989761351482
3700,20230712-9AM_680_25_3059_4,1.485,46.0,680,25,3059,4,0.1717264536532312
3701,20230712-9AM_680_25_3059_5,1.801,46.0,680,25,3059,5,0.25551371281953333
3702,20230712-9AM_680_25_3059_6,1.297,46.0,680,25,3059,6,0.11293997608408006
3703,20230712-9AM_680_25_3059_7,1.118,46.0,680,25,3059,7,0.04844180355040453
3704,20230712-9AM_750_25_3059_0,0.427,46.0,750,25,3059,0,-0.36957212497497616
3705,20230712-9AM_750_25_3059_1,0.794,46.0,750,25,3059,1,-0.10017949757290372
3706,20230712-9AM_750_25_3059_2,0.71,46.0,750,25,3059,2,-0.14874165128092473
3707,20230712-9AM_750_25_3059_3,0.765,46.0,750,25,3059,3,-0.11633856484638239
3708,20230712-9AM_750_25_3059_4,0.891,46.0,750,25,3059,4,-0.0501222959631252
3709,20230712-9AM_750_25_3059_5,0.992,46.0,750,25,3059,5,-0.0034883278458213473
3710,20230712-9AM_750_25_3059_6,0.802,46.0,750,25,3059,6,-0.09582563171583647
3711,20230712-9AM_750_25_3059_7,0.709,46.0,750,25,3059,7,-0.1493537648169335
3712,20230712-9AM_680_25_1691_0,1.402,46.0,680,25,1691,0,0.14674801363063983
3713,20230712-9AM_680_25_1691_1,1.718,46.0,680,25,1691,1,0.23502315949522348
3714,20230712-9AM_680_25_1691_2,1.503,46.0,680,25,1691,2,0.17695898058690812
3715,20230712-9AM_680_25_1691_3,1.229,46.0,680,25,1691,3,0.08955188288645412
3716,20230712-9AM_680_25_1691_4,1.57,46.0,680,25,1691,4,0.19589965240923377
3717,20230712-9AM_680_25_1691_5,1.599,46.0,680,25,1691,5,0.2038484637462347
3718,20230712-9AM_680_25_1691_6,1.38,46.0,680,25,1691,6,0.13987908640123647
3719,20230712-9AM_680_25_1691_7,1.694,46.0,680,25,1691,7,0.2289134059946881
3720,20230712-9AM_750_25_1691_0,0.723,46.0,750,25,1691,0,-0.1408617027054692
3721,20230712-9AM_750_25_1691_1,0.91,46.0,750,25,1691,1,-0.040958607678906384
3722,20230712-9AM_750_25_1691_2,0.804,46.0,750,25,1691,2,-0.0947439512515487
3723,20230712-9AM_750_25_1691_3,0.737,46.0,750,25,1691,3,-0.13253251214094852
3724,20230712-9AM_750_25_1691_4,0.872,46.0,750,25,1691,4,-0.05948351506743278
3725,20230712-9AM_750_25_1691_5,0.912,46.0,750,25,1691,5,-0.04000516167158381
3726,20230712-9AM_750_25_1691_6,0.833,46.0,750,25,1691,6,-0.07935499859321243
3727,20230712-9AM_750_25_1691_7,0.902,46.0,750,25,1691,7,-0.04479346245805826
3728,20230712-9AM_680_25_1690_0,1.64,46.0,680,25,1690,0,0.21484384804769785
3729,20230712-9AM_680_25_1690_1,2.824,46.0,680,25,1690,1,0.4508646923797661
3730,20230712-9AM_680_25_1690_2,0.928,46.0,680,25,1690,2,-0.032452023781137915
3731,20230712-9AM_680_25_1690_3,1.406,46.0,680,25,1690,3,0.14798532068380513
3732,20230712-9AM_680_25_1690_4,1.49,46.0,680,25,1690,4,0.17318626841227402
3733,20230712-9AM_680_25_1690_5,1.028,46.0,680,25,1690,5,0.011993114659256938
3734,20230712-9AM_680_25_1690_6,1.224,46.0,680,25,1690,6,0.08778141780954238
3735,20230712-9AM_680_25_1690_7,1.324,46.0,680,25,1690,7,0.12188798510368115
3736,20230712-9AM_750_25_1690_0,1.026,46.0,750,25,1690,0,0.011147360775797479
3737,20230712-9AM_750_25_1690_1,1.397,46.0,750,25,1690,1,0.14519640611418191
3738,20230712-9AM_750_25_1690_2,0.572,46.0,750,25,1690,2,-0.24260397120697583
3739,20230712-9AM_750_25_1690_3,0.835,46.0,750,25,1690,3,-0.07831352451639793
3740,20230712-9AM_750_25_1690_4,0.879,46.0,750,25,1690,4,-0.056011124926228104
3741,20230712-9AM_750_25_1690_5,0.64,46.0,750,25,1690,5,-0.1938200260161128
3742,20230712-9AM_750_25_1690_6,0.752,46.0,750,25,1690,6,-0.12378215940835775
3743,20230712-9AM_750_25_1690_7,0.787,46.0,750,25,1690,7,-0.10402526764093542
3744,20230712-9AM_680_25_2342_0,0.969,46.0,680,25,2342,0,-0.013676222949234686
3745,20230712-9AM_680_25_2342_1,1.022,46.0,680,25,2342,1,0.009450895798693935
3746,20230712-9AM_680_25_2342_2,1.155,46.0,680,25,2342,2,0.06258198422816312
3747,20230712-9AM_680_25_2342_3,0.98,46.0,680,25,2342,3,-0.00877392430750515
3748,20230712-9AM_680_25_2342_4,0.805,46.0,680,25,2342,4,-0.09420411963213146
3749,20230712-9AM_680_25_2342_5,1.258,46.0,680,25,2342,5,0.09968064110925012
3750,20230712-9AM_680_25_2342_6,0.839,46.0,680,25,2342,6,-0.07623803917129975
3751,20230712-9AM_680_25_2342_7,1.26,46.0,680,25,2342,7,0.10037054511756291
3752,20230712-9AM_750_25_2342_0,0.584,46.0,750,25,2342,0,-0.23358715288760054
3753,20230712-9AM_750_25_2342_1,0.639,46.0,750,25,2342,1,-0.19449914184159983
3754,20230712-9AM_750_25_2342_2,0.733,46.0,750,25,2342,2,-0.13489602535887207
3755,20230712-9AM_750_25_2342_3,0.583,46.0,750,25,2342,3,-0.23433144524098595
3756,20230712-9AM_750_25_2342_4,0.513,46.0,750,25,2342,4,-0.2898826348881837
3757,20230712-9AM_750_25_2342_5,0.687,46.0,750,25,2342,5,-0.16304326294044955
3758,20230712-9AM_750_25_2342_6,0.565,46.0,750,25,2342,6,-0.2479515521805615
3759,20230712-9AM_750_25_2342_7,0.663,46.0,750,25,2342,7,-0.17848647159522685
3760,20230712-9AM_680_25_4532_0,1.658,46.0,680,25,4532,0,0.21958452621425473
3761,20230712-9AM_680_25_4532_1,1.652,46.0,680,25,4532,1,0.21801004298436338
3762,20230712-9AM_680_25_4532_2,1.367,46.0,680,25,4532,2,0.13576851456782227
3763,20230712-9AM_680_25_4532_3,1.54,46.0,680,25,4532,3,0.18752072083646307
3764,20230712-9AM_680_25_4532_4,1.736,46.0,680,25,4532,4,0.2395497208404731
3765,20230712-9AM_680_25_4532_5,1.578,46.0,680,25,4532,5,0.19810699887340152
3766,20230712-9AM_680_25_4532_6,1.576,46.0,680,25,4532,6,0.19755621315353653
3767,20230712-9AM_680_25_4532_7,1.59,46.0,680,25,4532,7,0.2013971243204515
3768,20230712-9AM_750_25_4532_0,0.893,46.0,750,25,4532,0,-0.049148541111453566
3769,20230712-9AM_750_25_4532_1,0.95,46.0,750,25,4532,1,-0.022276394711152253
3770,20230712-9AM_750_25_4532_2,0.853,46.0,750,25,4532,2,-0.06905096883247698
3771,20230712-9AM_750_25_4532_3,0.9,46.0,750,25,4532,3,-0.045757490560675115
3772,20230712-9AM_750_25_4532_4,0.984,46.0,750,25,4532,4,-0.007004901568658489
3773,20230712-9AM_750_25_4532_5,0.874,46.0,750,25,4532,5,-0.05848856736559697
3774,20230712-9AM_750_25_4532_6,0.877,46.0,750,25,4532,6,-0.05700040663395948
3775,20230712-9AM_750_25_4532_7,0.922,46.0,750,25,4532,7,-0.03526907894637064
3776,20230712-9AM_680_25_2344_0,1.134,46.0,680,25,2344,0,0.05461305455688774
3777,20230712-9AM_680_25_2344_1,0.89,46.0,680,25,2344,1,-0.05060999335508721
3778,20230712-9AM_680_25_2344_2,0.771,46.0,680,25,2344,2,-0.11294562194904302
3779,20230712-9AM_680_25_2344_3,0.936,46.0,680,25,2344,3,-0.028724151261894745
3780,20230712-9AM_680_25_2344_4,0.299,46.0,680,25,2344,4,-0.5243288116755703
3781,20230712-9AM_680_25_2344_5,0.959,46.0,680,25,2344,5,-0.018181392829336417
3782,20230712-9AM_680_25_2344_6,0.789,46.0,680,25,2344,6,-0.10292299679057967
3783,20230712-9AM_680_25_2344_7,1.231,46.0,680,25,2344,7,0.09025805293131633
3784,20230712-9AM_750_25_2344_0,0.632,46.0,750,25,2344,0,-0.19928292171761497
3785,20230712-9AM_750_25_2344_1,0.51,46.0,750,25,2344,1,-0.2924298239020636
3786,20230712-9AM_750_25_2344_2,0.442,46.0,750,25,2344,2,-0.3545777306509081
3787,20230712-9AM_750_25_2344_3,0.488,46.0,750,25,2344,3,-0.3115801779972894
3788,20230712-9AM_750_25_2344_4,0.218,46.0,750,25,2344,4,-0.6615435063953952
3789,20230712-9AM_750_25_2344_5,0.548,46.0,750,25,2344,5,-0.2612194415156308
3790,20230712-9AM_750_25_2344_6,0.418,46.0,750,25,2344,6,-0.3788237182249648
3791,20230712-9AM_750_25_2344_7,0.633,46.0,750,25,2344,7,-0.1985962899826449
3792,20230712-9AM_680_25_2343_0,0.829,46.0,680,25,2343,0,-0.08144546944972647
3793,20230712-9AM_680_25_2343_1,0.961,46.0,680,25,2343,1,-0.017276612331454656
3794,20230712-9AM_680_25_2343_2,1.207,46.0,680,25,2343,2,0.08170727009734924
3795,20230712-9AM_680_25_2343_3,1.131,46.0,680,25,2343,3,0.05346260492545529
3796,20230712-9AM_680_25_2343_4,1.514,46.0,680,25,2343,4,0.18012587516405396
3797,20230712-9AM_680_25_2343_5,1.184,46.0,680,25,2343,5,0.07335170238690095
3798,20230712-9AM_680_25_2343_6,1.352,46.0,680,25,2343,6,0.13097669160561715
3799,20230712-9AM_680_25_2343_7,0.953,46.0,680,25,2343,7,-0.02090709936167361
3800,20230712-9AM_750_25_2343_0,0.571,46.0,750,25,2343,0,-0.243363891754152
3801,20230712-9AM_750_25_2343_1,0.609,46.0,750,25,2343,1,-0.21538270736712464
3802,20230712-9AM_750_25_2343_2,0.709,46.0,750,25,2343,2,-0.1493537648169335
3803,20230712-9AM_750_25_2343_3,0.626,46.0,750,25,2343,3,-0.20342566678957033
3804,20230712-9AM_750_25_2343_4,0.898,46.0,750,25,2343,4,-0.04672366333269562
3805,20230712-9AM_750_25_2343_5,0.703,46.0,750,25,2343,5,-0.15304467498017607
3806,20230712-9AM_750_25_2343_6,0.839,46.0,750,25,2343,6,-0.07623803917129975
3807,20230712-9AM_750_25_2343_7,0.604,46.0,750,25,2343,7,-0.21896306137886817
3808,20230712-9AM_680_25_1952_0,0.761,46.0,680,25,1952,0,-0.11861534322942717
3809,20230712-9AM_680_25_1952_1,0.81,46.0,680,25,1952,1,-0.09151498112135022
3810,20230712-9AM_680_25_1952_2,1.055,46.0,680,25,1952,2,0.023252459633711444
3811,20230712-9AM_680_25_1952_3,1.237,46.0,680,25,1952,3,0.09236969962912069
3812,20230712-9AM_680_25_1952_4,1.142,46.0,680,25,1952,4,0.05766610390982921
3813,20230712-9AM_680_25_1952_5,0.609,46.0,680,25,1952,5,-0.21538270736712464
3814,20230712-9AM_680_25_1952_6,0.987,46.0,680,25,1952,6,-0.005682847330363273
3815,20230712-9AM_680_25_1952_7,1.031,46.0,680,25,1952,7,0.013258665283516512
3816,20230712-9AM_750_25_1952_0,0.451,46.0,750,25,1952,0,-0.34582345812203946
3817,20230712-9AM_750_25_1952_1,0.468,46.0,750,25,1952,1,-0.32975414692587596
3818,20230712-9AM_750_25_1952_2,0.602,46.0,750,25,1952,2,-0.22040350874217546
3819,20230712-9AM_750_25_1952_3,0.708,46.0,750,25,1952,3,-0.149966742310231
3820,20230712-9AM_750_25_1952_4,0.686,46.0,750,25,1952,4,-0.16367588429324828
3821,20230712-9AM_750_25_1952_5,0.396,46.0,750,25,1952,5,-0.40230481407448765
3822,20230712-9AM_750_25_1952_6,0.553,46.0,750,25,1952,6,-0.2572748686953017
3823,20230712-9AM_750_25_1952_7,0.608,46.0,750,25,1952,7,-0.21609642072726507
3824,20230712-9AM_680_25_2931_0,0.515,46.0,680,25,2931,0,-0.28819277095880896
3825,20230712-9AM_680_25_2931_1,0.361,46.0,680,25,2931,1,-0.4424927980943421
3826,20230712-9AM_680_25_2931_2,0.63,46.0,680,25,2931,2,-0.2006594505464183
3827,20230712-9AM_680_25_2931_3,0.571,46.0,680,25,2931,3,-0.243363891754152
3828,20230712-9AM_680_25_2931_4,0.564,46.0,680,25,2931,4,-0.24872089601665776
3829,20230712-9AM_680_25_2931_5,0.675,46.0,680,25,2931,5,-0.17069622716897506
3830,20230712-9AM_680_25_2931_6,1.182,46.0,680,25,2931,6,0.07261747654523654
3831,20230712-9AM_680_25_2931_7,0.754,46.0,680,25,2931,7,-0.12262865413022594
3832,20230712-9AM_750_25_2931_0,0.31,46.0,750,25,2931,0,-0.5086383061657274
3833,20230712-9AM_750_25_2931_1,0.243,46.0,750,25,2931,1,-0.6143937264016879
3834,20230712-9AM_750_25_2931_2,0.365,46.0,750,25,2931,2,-0.4377071355435253
3835,20230712-9AM_750_25_2931_3,0.345,46.0,750,25,2931,3,-0.4621809049267259
3836,20230712-9AM_750_25_2931_4,0.335,46.0,750,25,2931,4,-0.47495519296315475
3837,20230712-9AM_750_25_2931_5,0.4,46.0,750,25,2931,5,-0.3979400086720376
3838,20230712-9AM_750_25_2931_6,0.655,46.0,750,25,2931,6,-0.18375870000821692
3839,20230712-9AM_750_25_2931_7,0.446,46.0,750,25,2931,7,-0.35066514128785814
3840,20230712-9AM_680_25_JG5_0,0.387,46.0,680,25,JG5,0,-0.4122890349810886
3841,20230712-9AM_680_25_JG5_1,0.539,46.0,680,25,JG5,1,-0.2684112348132613
3842,20230712-9AM_680_25_JG5_2,0.401,46.0,680,25,JG5,2,-0.39685562737981767
3843,20230712-9AM_680_25_JG5_3,0.919,46.0,680,25,JG5,3,-0.03668448861388872
3844,20230712-9AM_680_25_JG5_4,0.487,46.0,680,25,JG5,4,-0.3124710387853657
3845,20230712-9AM_680_25_JG5_5,0.809,46.0,680,25,JG5,5,-0.09205147838772766
3846,20230712-9AM_680_25_JG5_6,0.734,46.0,680,25,JG5,6,-0.13430394008392949
3847,20230712-9AM_680_25_JG5_7,0.426,46.0,680,25,JG5,7,-0.37059040089728107
3848,20230712-9AM_750_25_JG5_0,0.215,46.0,750,25,JG5,0,-0.6675615400843947
3849,20230712-9AM_750_25_JG5_1,0.304,46.0,750,25,JG5,1,-0.5171264163912462
3850,20230712-9AM_750_25_JG5_2,0.217,46.0,750,25,JG5,2,-0.6635402661514705
3851,20230712-9AM_750_25_JG5_3,0.507,46.0,750,25,JG5,3,-0.294992040666664
3852,20230712-9AM_750_25_JG5_4,0.262,46.0,750,25,JG5,4,-0.5816987086802545
3853,20230712-9AM_750_25_JG5_5,0.405,46.0,750,25,JG5,5,-0.3925449767853314
3854,20230712-9AM_750_25_JG5_6,0.413,46.0,750,25,JG5,6,-0.384049948343599
3855,20230712-9AM_750_25_JG5_7,0.252,46.0,750,25,JG5,7,-0.5985994592184559
3856,20230712-9AM_680_25_BMS_0,1.384,46.0,680,25,BMS,0,0.14113609012073897
3857,20230712-9AM_680_25_BMS_1,1.555,46.0,680,25,BMS,1,0.1917303933628563
3858,20230712-9AM_680_25_BMS_2,1.583,46.0,680,25,BMS,2,0.1994809148623559
3859,20230712-9AM_680_25_BMS_3,1.422,46.0,680,25,BMS,3,0.15289959639374748
3860,20230712-9AM_680_25_BMS_4,1.323,46.0,680,25,BMS,4,0.12155984418750096
3861,20230712-9AM_680_25_BMS_5,1.563,46.0,680,25,BMS,5,0.1939589780191869
3862,20230712-9AM_680_25_BMS_6,1.362,46.0,680,25,BMS,6,0.13417710757676637
3863,20230712-9AM_680_25_BMS_7,1.417,46.0,680,25,BMS,7,0.1513698502474604
3864,20230712-9AM_750_25_BMS_0,0.717,46.0,750,25,BMS,0,-0.1444808443321999
3865,20230712-9AM_750_25_BMS_1,0.776,46.0,750,25,BMS,1,-0.11013827874181155
3866,20230712-9AM_750_25_BMS_2,0.81,46.0,750,25,BMS,2,-0.09151498112135022
3867,20230712-9AM_750_25_BMS_3,0.744,46.0,750,25,BMS,3,-0.1284270644541213
3868,20230712-9AM_750_25_BMS_4,0.683,46.0,750,25,BMS,4,-0.1655792963184674
3869,20230712-9AM_750_25_BMS_5,0.775,46.0,750,25,BMS,5,-0.1106982974936897
3870,20230712-9AM_750_25_BMS_6,0.712,46.0,750,25,BMS,6,-0.14752000636314366
3871,20230712-9AM_750_25_BMS_7,0.717,46.0,750,25,BMS,7,-0.1444808443321999
3872,20230712-9AM_680_20_3059_0,0.356,46.0,680,20,3059,0,-0.44855000202712486
3873,20230712-9AM_680_20_3059_1,0.565,46.0,680,20,3059,1,-0.2479515521805615
3874,20230712-9AM_680_20_3059_2,0.786,46.0,680,20,3059,2,-0.10457745396059209
3875,20230712-9AM_680_20_3059_3,0.506,46.0,680,20,3059,3,-0.2958494831602009
3876,20230712-9AM_680_20_3059_4,0.497,46.0,680,20,3059,4,-0.3036436112666679
3877,20230712-9AM_680_20_3059_5,0.661,46.0,680,20,3059,5,-0.17979854051435976
3878,20230712-9AM_680_20_3059_6,0.566,46.0,680,20,3059,6,-0.24718356881172862
3879,20230712-9AM_680_20_3059_7,0.575,46.0,680,20,3059,7,-0.24033215531036956
3880,20230712-9AM_750_20_3059_0,0.206,46.0,750,20,3059,0,-0.6861327796308466
3881,20230712-9AM_750_20_3059_1,0.294,46.0,750,20,3059,1,-0.5316526695878427
3882,20230712-9AM_750_20_3059_2,0.333,46.0,750,20,3059,2,-0.4775557664936801
3883,20230712-9AM_750_20_3059_3,0.25,46.0,750,20,3059,3,-0.6020599913279624
3884,20230712-9AM_750_20_3059_4,0.235,46.0,750,20,3059,4,-0.6289321377282637
3885,20230712-9AM_750_20_3059_5,0.319,46.0,750,20,3059,5,-0.4962093169428189
3886,20230712-9AM_750_20_3059_6,0.24,46.0,750,20,3059,6,-0.619788758288394
3887,20230712-9AM_750_20_3059_7,0.301,46.0,750,20,3059,7,-0.5214335044061567
3888,20230712-9AM_680_20_1691_0,1.107,46.0,680,20,1691,0,0.0441476208787228
3889,20230712-9AM_680_20_1691_1,0.788,46.0,680,20,1691,1,-0.10347378251044466
3890,20230712-9AM_680_20_1691_2,0.639,46.0,680,20,1691,2,-0.19449914184159983
3891,20230712-9AM_680_20_1691_3,0.777,46.0,680,20,1691,3,-0.10957898119908573
3892,20230712-9AM_680_20_1691_4,0.524,46.0,680,20,1691,4,-0.28066871301627333
3893,20230712-9AM_680_20_1691_5,0.821,46.0,680,20,1691,5,-0.08565684288055925
3894,20230712-9AM_680_20_1691_6,0.541,46.0,680,20,1691,6,-0.26680273489343054
3895,20230712-9AM_680_20_1691_7,0.926,46.0,680,20,1691,7,-0.033389013318065645
3896,20230712-9AM_750_20_1691_0,0.494,46.0,750,20,1691,0,-0.30627305107635305
3897,20230712-9AM_750_20_1691_1,0.343,46.0,750,20,1691,1,-0.46470587995722945
3898,20230712-9AM_750_20_1691_2,0.315,46.0,750,20,1691,2,-0.5016894462103995
3899,20230712-9AM_750_20_1691_3,0.44,46.0,750,20,1691,3,-0.3565473235138126
3900,20230712-9AM_750_20_1691_4,0.232,46.0,750,20,1691,4,-0.6345120151091003
3901,20230712-9AM_750_20_1691_5,0.43,46.0,750,20,1691,5,-0.36653154442041347
3902,20230712-9AM_750_20_1691_6,0.261,46.0,750,20,1691,6,-0.583359492661719
3903,20230712-9AM_750_20_1691_7,0.473,46.0,750,20,1691,7,-0.32513885926218844
3904,20230712-9AM_680_20_1690_0,0.728,46.0,680,20,1690,0,-0.13786862068696282
3905,20230712-9AM_680_20_1690_1,1.366,46.0,680,20,1690,1,0.1354506993455138
3906,20230712-9AM_680_20_1690_2,0.581,46.0,680,20,1690,2,-0.2358238676096693
3907,20230712-9AM_680_20_1690_3,0.887,46.0,680,20,1690,3,-0.0520763801682736
3908,20230712-9AM_680_20_1690_4,0.832,46.0,680,20,1690,4,-0.07987667370927608
3909,20230712-9AM_680_20_1690_5,0.492,46.0,680,20,1690,5,-0.30803489723263966
3910,20230712-9AM_680_20_1690_6,0.594,46.0,680,20,1690,6,-0.22621355501880647
3911,20230712-9AM_680_20_1690_7,0.509,46.0,680,20,1690,7,-0.29328221766324125
3912,20230712-9AM_750_20_1690_0,0.434,46.0,750,20,1690,0,-0.3625102704874893
3913,20230712-9AM_750_20_1690_1,0.789,46.0,750,20,1690,1,-0.10292299679057967
3914,20230712-9AM_750_20_1690_2,0.338,46.0,750,20,1690,2,-0.47108329972234525
3915,20230712-9AM_750_20_1690_3,0.482,46.0,750,20,1690,3,-0.31695296176115045
3916,20230712-9AM_750_20_1690_4,0.401,46.0,750,20,1690,4,-0.39685562737981767
3917,20230712-9AM_750_20_1690_5,0.271,46.0,750,20,1690,5,-0.5670307091255943
3918,20230712-9AM_750_20_1690_6,0.354,46.0,750,20,1690,6,-0.4509967379742122
3919,20230712-9AM_750_20_1690_7,0.271,46.0,750,20,1690,7,-0.5670307091255943
3920,20230712-9AM_680_20_2342_0,0.441,46.0,680,20,2342,0,-0.35556141053216145
3921,20230712-9AM_680_20_2342_1,0.456,46.0,680,20,2342,1,-0.341035157335565
3922,20230712-9AM_680_20_2342_2,0.561,46.0,680,20,2342,2,-0.25103713874383854
3923,20230712-9AM_680_20_2342_3,0.485,46.0,680,20,2342,3,-0.3142582613977364
3924,20230712-9AM_680_20_2342_4,0.517,46.0,680,20,2342,4,-0.2865094569060575
3925,20230712-9AM_680_20_2342_5,0.441,46.0,680,20,2342,5,-0.35556141053216145
3926,20230712-9AM_680_20_2342_6,0.328,46.0,680,20,2342,6,-0.4841261562883209
3927,20230712-9AM_680_20_2342_7,0.622,46.0,680,20,2342,7,-0.2062096153091813
3928,20230712-9AM_750_20_2342_0,0.225,46.0,750,20,2342,0,-0.6478174818886375
3929,20230712-9AM_750_20_2342_1,0.209,46.0,750,20,2342,1,-0.679853713888946
3930,20230712-9AM_750_20_2342_2,0.277,46.0,750,20,2342,2,-0.5575202309355514
3931,20230712-9AM_750_20_2342_3,0.265,46.0,750,20,2342,3,-0.5767541260631921
3932,20230712-9AM_750_20_2342_4,0.245,46.0,750,20,2342,4,-0.6108339156354675
3933,20230712-9AM_750_20_2342_5,0.231,46.0,750,20,2342,5,-0.6363880201078557
3934,20230712-9AM_750_20_2342_6,0.17,46.0,750,20,2342,6,-0.769551078621726
3935,20230712-9AM_750_20_2342_7,0.327,46.0,750,20,2342,7,-0.4854522473397139
3936,20230712-9AM_680_20_4532_0,0.759,46.0,680,20,4532,0,-0.11975822410451964
3937,20230712-9AM_680_20_4532_1,0.886,46.0,680,20,4532,1,-0.05256627811294924
3938,20230712-9AM_680_20_4532_2,0.683,46.0,680,20,4532,2,-0.1655792963184674
3939,20230712-9AM_680_20_4532_3,0.878,46.0,680,20,4532,3,-0.05650548409389743
3940,20230712-9AM_680_20_4532_4,1.048,46.0,680,20,4532,4,0.020361282647707864
3941,20230712-9AM_680_20_4532_5,1.292,46.0,680,20,4532,5,0.1112625136590653
3942,20230712-9AM_680_20_4532_6,0.885,46.0,680,20,4532,6,-0.05305672930217456
3943,20230712-9AM_680_20_4532_7,1.131,46.0,680,20,4532,7,0.05346260492545529
3944,20230712-9AM_750_20_4532_0,0.362,46.0,750,20,4532,0,-0.4412914294668343
3945,20230712-9AM_750_20_4532_1,0.431,46.0,750,20,4532,1,-0.3655227298392684
3946,20230712-9AM_750_20_4532_2,0.314,46.0,750,20,4532,2,-0.5030703519267851
3947,20230712-9AM_750_20_4532_3,0.378,46.0,750,20,4532,3,-0.4225082001627747
3948,20230712-9AM_750_20_4532_4,0.519,46.0,750,20,4532,4,-0.28483264215154214
3949,20230712-9AM_750_20_4532_5,0.69,46.0,750,20,4532,5,-0.16115090926274472
3950,20230712-9AM_750_20_4532_6,0.47,46.0,750,20,4532,6,-0.3279021420642826
3951,20230712-9AM_750_20_4532_7,0.602,46.0,750,20,4532,7,-0.22040350874217546
3952,20230712-9AM_680_20_2344_0,0.735,46.0,680,20,2344,0,-0.1337126609158051
3953,20230712-9AM_680_20_2344_1,0.5,46.0,680,20,2344,1,-0.3010299956639812
3954,20230712-9AM_680_20_2344_2,0.392,46.0,680,20,2344,2,-0.4067139329795427
3955,20230712-9AM_680_20_2344_3,0.436,46.0,680,20,2344,3,-0.36051351073141397
3956,20230712-9AM_680_20_2344_4,0.193,46.0,680,20,2344,4,-0.7144426909922262
3957,20230712-9AM_680_20_2344_5,0.293,46.0,680,20,2344,5,-0.5331323796458906
3958,20230712-9AM_680_20_2344_6,0.359,46.0,680,20,2344,6,-0.44490555142168087
3959,20230712-9AM_680_20_2344_7,0.451,46.0,680,20,2344,7,-0.34582345812203946
3960,20230712-9AM_750_20_2344_0,0.373,46.0,750,20,2344,0,-0.4282911681913124
3961,20230712-9AM_750_20_2344_1,0.299,46.0,750,20,2344,1,-0.5243288116755703
3962,20230712-9AM_750_20_2344_2,0.24,46.0,750,20,2344,2,-0.619788758288394
3963,20230712-9AM_750_20_2344_3,0.238,46.0,750,20,2344,3,-0.623423042943488
3964,20230712-9AM_750_20_2344_4,0.131,46.0,750,20,2344,4,-0.8827287043442357
3965,20230712-9AM_750_20_2344_5,0.189,46.0,750,20,2344,5,-0.7235381958267558
3966,20230712-9AM_750_20_2344_6,0.199,46.0,750,20,2344,6,-0.7011469235902933
3967,20230712-9AM_750_20_2344_7,0.24,46.0,750,20,2344,7,-0.619788758288394
3968,20230712-9AM_680_20_2343_0,0.626,46.0,680,20,2343,0,-0.20342566678957033
3969,20230712-9AM_680_20_2343_1,0.728,46.0,680,20,2343,1,-0.13786862068696282
3970,20230712-9AM_680_20_2343_2,0.725,46.0,680,20,2343,2,-0.13966199342900631
3971,20230712-9AM_680_20_2343_3,1.026,46.0,680,20,2343,3,0.011147360775797479
3972,20230712-9AM_680_20_2343_4,0.783,46.0,680,20,2343,4,-0.10623823794205658
3973,20230712-9AM_680_20_2343_5,0.566,46.0,680,20,2343,5,-0.24718356881172862
3974,20230712-9AM_680_20_2343_6,0.689,46.0,680,20,2343,6,-0.1617807780923742
3975,20230712-9AM_680_20_2343_7,0.665,46.0,680,20,2343,7,-0.17717835469689538
3976,20230712-9AM_750_20_2343_0,0.382,46.0,750,20,2343,0,-0.41793663708829126
3977,20230712-9AM_750_20_2343_1,0.451,46.0,750,20,2343,1,-0.34582345812203946
3978,20230712-9AM_750_20_2343_2,0.404,46.0,750,20,2343,2,-0.393618634889395
3979,20230712-9AM_750_20_2343_3,0.551,46.0,750,20,2343,3,-0.2588484011482149
3980,20230712-9AM_750_20_2343_4,0.384,46.0,750,20,2343,4,-0.4156687756324692
3981,20230712-9AM_750_20_2343_5,0.314,46.0,750,20,2343,5,-0.5030703519267851
3982,20230712-9AM_750_20_2343_6,0.342,46.0,750,20,2343,6,-0.46597389394386496
3983,20230712-9AM_750_20_2343_7,0.365,46.0,750,20,2343,7,-0.4377071355435253
3984,20230712-9AM_680_20_1952_0,0.412,46.0,680,20,1952,0,-0.3851027839668654
3985,20230712-9AM_680_20_1952_1,0.521,46.0,680,20,1952,1,-0.2831622767004755
3986,20230712-9AM_680_20_1952_2,0.456,46.0,680,20,1952,2,-0.341035157335565
3987,20230712-9AM_680_20_1952_3,0.54,46.0,680,20,1952,3,-0.26760624017703144
3988,20230712-9AM_680_20_1952_4,0.381,46.0,680,20,1952,4,-0.4190750243243807
3989,20230712-9AM_680_20_1952_5,0.387,46.0,680,20,1952,5,-0.4122890349810886
3990,20230712-9AM_680_20_1952_6,0.392,46.0,680,20,1952,6,-0.4067139329795427
3991,20230712-9AM_680_20_1952_7,0.408,46.0,680,20,1952,7,-0.3893398369101201
3992,20230712-9AM_750_20_1952_0,0.265,46.0,750,20,1952,0,-0.5767541260631921
3993,20230712-9AM_750_20_1952_1,0.319,46.0,750,20,1952,1,-0.4962093169428189
3994,20230712-9AM_750_20_1952_2,0.276,46.0,750,20,1952,2,-0.5590909179347823
3995,20230712-9AM_750_20_1952_3,0.31,46.0,750,20,1952,3,-0.5086383061657274
3996,20230712-9AM_750_20_1952_4,0.245,46.0,750,20,1952,4,-0.6108339156354675
3997,20230712-9AM_750_20_1952_5,0.241,46.0,750,20,1952,5,-0.6179829574251317
3998,20230712-9AM_750_20_1952_6,0.244,46.0,750,20,1952,6,-0.6126101736612706
3999,20230712-9AM_750_20_1952_7,0.257,46.0,750,20,1952,7,-0.5900668766687055
4000,20230712-9AM_680_20_2931_0,0.328,46.0,680,20,2931,0,-0.4841261562883209
4001,20230712-9AM_680_20_2931_1,0.167,46.0,680,20,2931,1,-0.7772835288524167
4002,20230712-9AM_680_20_2931_2,0.384,46.0,680,20,2931,2,-0.4156687756324692
4003,20230712-9AM_680_20_2931_3,0.252,46.0,680,20,2931,3,-0.5985994592184559
4004,20230712-9AM_680_20_2931_4,0.314,46.0,680,20,2931,4,-0.5030703519267851
4005,20230712-9AM_680_20_2931_5,0.326,46.0,680,20,2931,5,-0.48678239993206096
4006,20230712-9AM_680_20_2931_6,0.344,46.0,680,20,2931,6,-0.46344155742846993
4007,20230712-9AM_680_20_2931_7,0.389,46.0,680,20,2931,7,-0.41005039867429227
4008,20230712-9AM_750_20_2931_0,0.196,46.0,750,20,2931,0,-0.707743928643524
4009,20230712-9AM_750_20_2931_1,0.117,46.0,750,20,2931,1,-0.9318141382538383
4010,20230712-9AM_750_20_2931_2,0.236,46.0,750,20,2931,2,-0.6270879970298935
4011,20230712-9AM_750_20_2931_3,0.154,46.0,750,20,2931,3,-0.8124792791635369
4012,20230712-9AM_750_20_2931_4,0.193,46.0,750,20,2931,4,-0.7144426909922262
4013,20230712-9AM_750_20_2931_5,0.195,46.0,750,20,2931,5,-0.7099653886374819
4014,20230712-9AM_750_20_2931_6,0.212,46.0,750,20,2931,6,-0.6736641390712486
4015,20230712-9AM_750_20_2931_7,0.23,46.0,750,20,2931,7,-0.638272163982407
4016,20230712-9AM_680_20_JG5_0,0.435,46.0,680,20,JG5,0,-0.3615107430453627
4017,20230712-9AM_680_20_JG5_1,0.284,46.0,680,20,JG5,1,-0.5466816599529624
4018,20230712-9AM_680_20_JG5_2,0.283,46.0,680,20,JG5,2,-0.5482135644757098
4019,20230712-9AM_680_20_JG5_3,0.279,46.0,680,20,JG5,3,-0.5543957967264024
4020,20230712-9AM_680_20_JG5_4,0.343,46.0,680,20,JG5,4,-0.46470587995722945
4021,20230712-9AM_680_20_JG5_5,0.343,46.0,680,20,JG5,5,-0.46470587995722945
4022,20230712-9AM_680_20_JG5_6,0.153,46.0,680,20,JG5,6,-0.8153085691824012
4023,20230712-9AM_680_20_JG5_7,0.052,46.0,680,20,JG5,7,-1.2839966563652008
4024,20230712-9AM_750_20_JG5_0,0.246,46.0,750,20,JG5,0,-0.6090648928966209
4025,20230712-9AM_750_20_JG5_1,0.179,46.0,750,20,JG5,1,-0.7471469690201068
4026,20230712-9AM_750_20_JG5_2,0.165,46.0,750,20,JG5,2,-0.7825160557860937
4027,20230712-9AM_750_20_JG5_3,0.16,46.0,750,20,JG5,3,-0.7958800173440752
4028,20230712-9AM_750_20_JG5_4,0.199,46.0,750,20,JG5,4,-0.7011469235902933
4029,20230712-9AM_750_20_JG5_5,0.191,46.0,750,20,JG5,5,-0.7189666327522725
4030,20230712-9AM_750_20_JG5_6,0.103,46.0,750,20,JG5,6,-0.9871627752948278
4031,20230712-9AM_750_20_JG5_7,0.051,46.0,750,20,JG5,7,-1.2924298239020637
4032,20230712-9AM_680_20_BMS_0,0.66,46.0,680,20,BMS,0,-0.1804560644581313
4033,20230712-9AM_680_20_BMS_1,0.898,46.0,680,20,BMS,1,-0.04672366333269562
4034,20230712-9AM_680_20_BMS_2,0.703,46.0,680,20,BMS,2,-0.15304467498017607
4035,20230712-9AM_680_20_BMS_3,0.866,46.0,680,20,BMS,3,-0.06248210798265336
4036,20230712-9AM_680_20_BMS_4,0.618,46.0,680,20,BMS,4,-0.20901152491118416
4037,20230712-9AM_680_20_BMS_5,0.707,46.0,680,20,BMS,5,-0.1505805862031006
4038,20230712-9AM_680_20_BMS_6,0.655,46.0,680,20,BMS,6,-0.18375870000821692
4039,20230712-9AM_680_20_BMS_7,0.667,46.0,680,20,BMS,7,-0.17587416608345102
4040,20230712-9AM_750_20_BMS_0,0.38,46.0,750,20,BMS,0,-0.42021640338318983
4041,20230712-9AM_750_20_BMS_1,0.509,46.0,750,20,BMS,1,-0.29328221766324125
4042,20230712-9AM_750_20_BMS_2,0.401,46.0,750,20,BMS,2,-0.39685562737981767
4043,20230712-9AM_750_20_BMS_3,0.483,46.0,750,20,BMS,3,-0.31605286924848786
4044,20230712-9AM_750_20_BMS_4,0.357,46.0,750,20,BMS,4,-0.4473317838878068
4045,20230712-9AM_750_20_BMS_5,0.405,46.0,750,20,BMS,5,-0.3925449767853314
4046,20230712-9AM_750_20_BMS_6,0.381,46.0,750,20,BMS,6,-0.4190750243243807
4047,20230712-9AM_750_20_BMS_7,0.383,46.0,750,20,BMS,7,-0.41680122603137726
4048,20230712-9AM_680_30_3059_0,0.865,46.0,680,30,3059,0,-0.06298389253518578
4049,20230712-9AM_680_30_3059_1,1.249,46.0,680,30,3059,1,0.09656243837413556
4050,20230712-9AM_680_30_3059_2,1.303,46.0,680,30,3059,2,0.11494441571258467
4051,20230712-9AM_680_30_3059_3,0.984,46.0,680,30,3059,3,-0.007004901568658489
4052,20230712-9AM_680_30_3059_4,1.197,46.0,680,30,3059,4,0.07809415040641068
4053,20230712-9AM_680_30_3059_5,1.265,46.0,680,30,3059,5,0.10209052551183669
4054,20230712-9AM_680_30_3059_6,1.446,46.0,680,30,3059,6,0.160168292958512
4055,20230712-9AM_680_30_3059_7,1.191,46.0,680,30,3059,7,0.07591176148277752
4056,20230712-9AM_750_30_3059_0,0.524,46.0,750,30,3059,0,-0.28066871301627333
4057,20230712-9AM_750_30_3059_1,0.72,46.0,750,30,3059,1,-0.14266750356873156
4058,20230712-9AM_750_30_3059_2,0.738,46.0,750,30,3059,2,-0.13194363817695845
4059,20230712-9AM_750_30_3059_3,0.6,46.0,750,30,3059,3,-0.2218487496163564
4060,20230712-9AM_750_30_3059_4,0.722,46.0,750,30,3059,4,-0.14146280243036088
4061,20230712-9AM_750_30_3059_5,0.697,46.0,750,30,3059,5,-0.1567672219019906
4062,20230712-9AM_750_30_3059_6,0.82,46.0,750,30,3059,6,-0.08618614761628333
4063,20230712-9AM_750_30_3059_7,0.774,46.0,750,30,3059,7,-0.11125903931710739
4064,20230712-9AM_680_30_1691_0,1.65,46.0,680,30,1691,0,0.21748394421390627
4065,20230712-9AM_680_30_1691_1,1.679,46.0,680,30,1691,1,0.2250506961380488
4066,20230712-9AM_680_30_1691_2,1.953,46.0,680,30,1691,2,0.2907022432878544
4067,20230712-9AM_680_30_1691_3,1.497,46.0,680,30,1691,3,0.17522180034305238
4068,20230712-9AM_680_30_1691_4,1.54,46.0,680,30,1691,4,0.18752072083646307
4069,20230712-9AM_680_30_1691_5,1.374,46.0,680,30,1691,5,0.13798673272353165
4070,20230712-9AM_680_30_1691_6,1.388,46.0,680,30,1691,6,0.14238946611883607
4071,20230712-9AM_680_30_1691_7,1.678,46.0,680,30,1691,7,0.22479195649268147
4072,20230712-9AM_750_30_1691_0,0.764,46.0,750,30,1691,0,-0.11690664142431006
4073,20230712-9AM_750_30_1691_1,0.754,46.0,750,30,1691,1,-0.12262865413022594
4074,20230712-9AM_750_30_1691_2,0.952,46.0,750,30,1691,2,-0.021363051615525673
4075,20230712-9AM_750_30_1691_3,0.79,46.0,750,30,1691,3,-0.10237290870955855
4076,20230712-9AM_750_30_1691_4,0.728,46.0,750,30,1691,4,-0.13786862068696282
4077,20230712-9AM_750_30_1691_5,0.75,46.0,750,30,1691,5,-0.12493873660829995
4078,20230712-9AM_750_30_1691_6,0.694,46.0,750,30,1691,6,-0.15864052954514513
4079,20230712-9AM_750_30_1691_7,0.831,46.0,750,30,1691,7,-0.08039897621588903
4080,20230712-9AM_680_30_1690_0,0.937,46.0,680,30,1690,0,-0.02826040911222171
4081,20230712-9AM_680_30_1690_1,2.652,46.0,680,30,1690,1,0.42357351973273555
4082,20230712-9AM_680_30_1690_2,1.347,46.0,680,30,1690,2,0.12936759572298562
4083,20230712-9AM_680_30_1690_3,1.976,46.0,680,30,1690,3,0.2957869402516093
4084,20230712-9AM_680_30_1690_4,1.102,46.0,680,30,1690,4,0.04218159451576628
4085,20230712-9AM_680_30_1690_5,1.283,46.0,680,30,1690,5,0.10822665637492848
4086,20230712-9AM_680_30_1690_6,1.458,46.0,680,30,1690,6,0.1637575239819558
4087,20230712-9AM_680_30_1690_7,1.762,46.0,680,30,1690,7,0.2460059040760291
4088,20230712-9AM_750_30_1690_0,0.573,46.0,750,30,1690,0,-0.24184537803261005
4089,20230712-9AM_750_30_1690_1,1.285,46.0,750,30,1690,1,0.10890312766731332
4090,20230712-9AM_750_30_1690_2,0.851,46.0,750,30,1690,2,-0.07007043991541213
4091,20230712-9AM_750_30_1690_3,1.014,46.0,750,30,1690,3,0.006037954997317177
4092,20230712-9AM_750_30_1690_4,0.615,46.0,750,30,1690,4,-0.21112488422458328
4093,20230712-9AM_750_30_1690_5,0.76,46.0,750,30,1690,5,-0.11918640771920865
4094,20230712-9AM_750_30_1690_6,0.82,46.0,750,30,1690,6,-0.08618614761628333
4095,20230712-9AM_750_30_1690_7,0.936,46.0,750,30,1690,7,-0.028724151261894745
4096,20230712-9AM_680_30_2342_0,1.424,46.0,680,30,2342,0,0.15350998930083753
4097,20230712-9AM_680_30_2342_1,1.241,46.0,680,30,2342,1,0.09377178149872986
4098,20230712-9AM_680_30_2342_2,1.647,46.0,680,30,2342,2,0.21669359916975436
4099,20230712-9AM_680_30_2342_3,1.175,46.0,680,30,2342,3,0.07003786660775509
4100,20230712-9AM_680_30_2342_4,1.334,46.0,680,30,2342,4,0.12515582958053018
4101,20230712-9AM_680_30_2342_5,1.54,46.0,680,30,2342,5,0.18752072083646307
4102,20230712-9AM_680_30_2342_6,1.015,46.0,680,30,2342,6,0.006466042249231681
4103,20230712-9AM_680_30_2342_7,1.28,46.0,680,30,2342,7,0.10720996964786837
4104,20230712-9AM_750_30_2342_0,0.636,46.0,750,30,2342,0,-0.19654288435158612
4105,20230712-9AM_750_30_2342_1,0.73,46.0,750,30,2342,1,-0.1366771398795441
4106,20230712-9AM_750_30_2342_2,0.76,46.0,750,30,2342,2,-0.11918640771920865
4107,20230712-9AM_750_30_2342_3,0.654,46.0,750,30,2342,3,-0.18442225167573273
4108,20230712-9AM_750_30_2342_4,0.651,46.0,750,30,2342,4,-0.18641901143180803
4109,20230712-9AM_750_30_2342_5,0.669,46.0,750,30,2342,5,-0.17457388223217687
4110,20230712-9AM_750_30_2342_6,0.521,46.0,750,30,2342,6,-0.2831622767004755
4111,20230712-9AM_750_30_2342_7,0.581,46.0,750,30,2342,7,-0.2358238676096693
4112,20230712-9AM_680_30_4532_0,1.558,46.0,680,30,4532,0,0.19256745333654565
4113,20230712-9AM_680_30_4532_1,1.4,46.0,680,30,4532,1,0.146128035678238
4114,20230712-9AM_680_30_4532_2,1.243,46.0,680,30,4532,2,0.0944711286416448
4115,20230712-9AM_680_30_4532_3,1.364,46.0,680,30,4532,3,0.13481437032046015
4116,20230712-9AM_680_30_4532_4,1.437,46.0,680,30,4532,4,0.15745676813422568
4117,20230712-9AM_680_30_4532_5,1.49,46.0,680,30,4532,5,0.17318626841227402
4118,20230712-9AM_680_30_4532_6,1.871,46.0,680,30,4532,6,0.27207378750000993
4119,20230712-9AM_680_30_4532_7,1.623,46.0,680,30,4532,7,0.21031851982623187
4120,20230712-9AM_750_30_4532_0,0.84,46.0,750,30,4532,0,-0.07572071393811836
4121,20230712-9AM_750_30_4532_1,0.905,46.0,750,30,4532,1,-0.043351420794796675
4122,20230712-9AM_750_30_4532_2,0.748,46.0,750,30,4532,2,-0.12609840213553863
4123,20230712-9AM_750_30_4532_3,0.813,46.0,750,30,4532,3,-0.08990945440593186
4124,20230712-9AM_750_30_4532_4,0.97,46.0,750,30,4532,4,-0.01322826573375516
4125,20230712-9AM_750_30_4532_5,0.937,46.0,750,30,4532,5,-0.02826040911222171
4126,20230712-9AM_750_30_4532_6,0.849,46.0,750,30,4532,6,-0.07109230975604734
4127,20230712-9AM_750_30_4532_7,0.774,46.0,750,30,4532,7,-0.11125903931710739
4128,20230712-9AM_680_30_2344_0,1.509,46.0,680,30,2344,0,0.17868923977558981
4129,20230712-9AM_680_30_2344_1,1.168,46.0,680,30,2344,1,0.06744284277638066
4130,20230712-9AM_680_30_2344_2,0.702,46.0,680,30,2344,2,-0.15366288787019475
4131,20230712-9AM_680_30_2344_3,1.13,46.0,680,30,2344,3,0.05307844348341968
4132,20230712-9AM_680_30_2344_4,0.827,46.0,680,30,2344,4,-0.08249449044745336
4133,20230712-9AM_680_30_2344_5,1.235,46.0,680,30,2344,5,0.09166695759568456
4134,20230712-9AM_680_30_2344_6,1.077,46.0,680,30,2344,6,0.03221570329798157
4135,20230712-9AM_680_30_2344_7,1.585,46.0,680,30,2344,7,0.2000292665537703
4136,20230712-9AM_750_30_2344_0,0.805,46.0,750,30,2344,0,-0.09420411963213146
4137,20230712-9AM_750_30_2344_1,0.698,46.0,750,30,2344,1,-0.15614457737683893
4138,20230712-9AM_750_30_2344_2,0.436,46.0,750,30,2344,2,-0.36051351073141397
4139,20230712-9AM_750_30_2344_3,0.651,46.0,750,30,2344,3,-0.18641901143180803
4140,20230712-9AM_750_30_2344_4,0.574,46.0,750,30,2344,4,-0.2410881076020265
4141,20230712-9AM_750_30_2344_5,0.725,46.0,750,30,2344,5,-0.13966199342900631
4142,20230712-9AM_750_30_2344_6,0.615,46.0,750,30,2344,6,-0.21112488422458328
4143,20230712-9AM_750_30_2344_7,0.87,46.0,750,30,2344,7,-0.060480747381381476
4144,20230712-9AM_680_30_2343_0,1.535,46.0,680,30,2343,0,0.18610837981320527
4145,20230712-9AM_680_30_2343_1,1.231,46.0,680,30,2343,1,0.09025805293131633
4146,20230712-9AM_680_30_2343_2,1.227,46.0,680,30,2343,2,0.08884456272700428
4147,20230712-9AM_680_30_2343_3,1.343,46.0,680,30,2343,3,0.12807601266871535
4148,20230712-9AM_680_30_2343_4,1.249,46.0,680,30,2343,4,0.09656243837413556
4149,20230712-9AM_680_30_2343_5,1.636,46.0,680,30,2343,5,0.21378329933530416
4150,20230712-9AM_680_30_2343_6,1.131,46.0,680,30,2343,6,0.05346260492545529
4151,20230712-9AM_680_30_2343_7,1.046,46.0,680,30,2343,7,0.01953168453125545
4152,20230712-9AM_750_30_2343_0,0.858,46.0,750,30,2343,0,-0.06651271215129456
4153,20230712-9AM_750_30_2343_1,0.837,46.0,750,30,2343,1,-0.07727454200674003
4154,20230712-9AM_750_30_2343_2,0.777,46.0,750,30,2343,2,-0.10957898119908573
4155,20230712-9AM_750_30_2343_3,0.878,46.0,750,30,2343,3,-0.05650548409389743
4156,20230712-9AM_750_30_2343_4,0.566,46.0,750,30,2343,4,-0.24718356881172862
4157,20230712-9AM_750_30_2343_5,1.053,46.0,750,30,2343,5,0.022428371185486493
4158,20230712-9AM_750_30_2343_6,0.613,46.0,750,30,2343,6,-0.21253952548158497
4159,20230712-9AM_750_30_2343_7,0.657,46.0,750,30,2343,7,-0.1824346304402192
4160,20230712-9AM_680_30_1952_0,1.289,46.0,680,30,1952,0,0.110252917353403
4161,20230712-9AM_680_30_1952_1,1.317,46.0,680,30,1952,1,0.1195857749617838
4162,20230712-9AM_680_30_1952_2,1.495,46.0,680,30,1952,2,0.17464119266044847
4163,20230712-9AM_680_30_1952_3,0.615,46.0,680,30,1952,3,-0.21112488422458328
4164,20230712-9AM_680_30_1952_4,1.348,46.0,680,30,1952,4,0.12968989219930105
4165,20230712-9AM_680_30_1952_5,1.365,46.0,680,30,1952,5,0.13513265137677483
4166,20230712-9AM_680_30_1952_6,1.324,46.0,680,30,1952,6,0.12188798510368115
4167,20230712-9AM_680_30_1952_7,1.701,46.0,680,30,1952,7,0.23070431361256905
4168,20230712-9AM_750_30_1952_0,0.729,46.0,750,30,1952,0,-0.1372724716820254
4169,20230712-9AM_750_30_1952_1,0.733,46.0,750,30,1952,1,-0.13489602535887207
4170,20230712-9AM_750_30_1952_2,0.827,46.0,750,30,1952,2,-0.08249449044745336
4171,20230712-9AM_750_30_1952_3,0.43,46.0,750,30,1952,3,-0.36653154442041347
4172,20230712-9AM_750_30_1952_4,0.746,46.0,750,30,1952,4,-0.1272611725273312
4173,20230712-9AM_750_30_1952_5,0.754,46.0,750,30,1952,5,-0.12262865413022594
4174,20230712-9AM_750_30_1952_6,0.732,46.0,750,30,1952,6,-0.13548891894160814
4175,20230712-9AM_750_30_1952_7,0.892,46.0,750,30,1952,7,-0.04963514562387693
4176,20230712-9AM_680_30_2931_0,1.456,46.0,680,30,2931,0,0.16316137497701838
4177,20230712-9AM_680_30_2931_1,1.251,46.0,680,30,2931,1,0.09725730969341992
4178,20230712-9AM_680_30_2931_2,1.507,46.0,680,30,2931,2,0.1781132523146318
4179,20230712-9AM_680_30_2931_3,1.396,46.0,680,30,2931,3,0.14488541828714227
4180,20230712-9AM_680_30_2931_4,1.191,46.0,680,30,2931,4,0.07591176148277752
4181,20230712-9AM_680_30_2931_5,1.509,46.0,680,30,2931,5,0.17868923977558981
4182,20230712-9AM_680_30_2931_6,1.459,46.0,680,30,2931,6,0.16405529189345164
4183,20230712-9AM_680_30_2931_7,1.473,46.0,680,30,2931,7,0.16820274684263092
4184,20230712-9AM_750_30_2931_0,0.802,46.0,750,30,2931,0,-0.09582563171583647
4185,20230712-9AM_750_30_2931_1,0.7,46.0,750,30,2931,1,-0.1549019599857432
4186,20230712-9AM_750_30_2931_2,0.791,46.0,750,30,2931,2,-0.10182351650232342
4187,20230712-9AM_750_30_2931_3,0.764,46.0,750,30,2931,3,-0.11690664142431006
4188,20230712-9AM_750_30_2931_4,0.691,46.0,750,30,2931,4,-0.16052195262580163
4189,20230712-9AM_750_30_2931_5,0.81,46.0,750,30,2931,5,-0.09151498112135022
4190,20230712-9AM_750_30_2931_6,0.811,46.0,750,30,2931,6,-0.09097914578884395
4191,20230712-9AM_750_30_2931_7,0.875,46.0,750,30,2931,7,-0.057991946977686754
4192,20230712-9AM_680_30_JG5_0,1.259,46.0,680,30,JG5,0,0.10002573010786256
4193,20230712-9AM_680_30_JG5_1,1.018,46.0,680,30,JG5,1,0.007747778000739948
4194,20230712-9AM_680_30_JG5_2,0.421,46.0,680,30,JG5,2,-0.3757179041643317
4195,20230712-9AM_680_30_JG5_3,0.974,46.0,680,30,JG5,3,-0.011441043121384482
4196,20230712-9AM_680_30_JG5_4,0.961,46.0,680,30,JG5,4,-0.017276612331454656
4197,20230712-9AM_680_30_JG5_5,0.753,46.0,680,30,JG5,5,-0.12320502379929942
4198,20230712-9AM_680_30_JG5_6,0.991,46.0,680,30,JG5,6,-0.003926345514724675
4199,20230712-9AM_680_30_JG5_7,0.963,46.0,680,30,JG5,7,-0.0163737128754655
4200,20230712-9AM_750_30_JG5_0,0.592,46.0,750,30,JG5,0,-0.22767829327708025
4201,20230712-9AM_750_30_JG5_1,0.456,46.0,750,30,JG5,1,-0.341035157335565
4202,20230712-9AM_750_30_JG5_2,0.238,46.0,750,30,JG5,2,-0.623423042943488
4203,20230712-9AM_750_30_JG5_3,0.5,46.0,750,30,JG5,3,-0.3010299956639812
4204,20230712-9AM_750_30_JG5_4,0.461,46.0,750,30,JG5,4,-0.33629907461035186
4205,20230712-9AM_750_30_JG5_5,0.386,46.0,750,30,JG5,5,-0.41341269532824504
4206,20230712-9AM_750_30_JG5_6,0.455,46.0,750,30,JG5,6,-0.34198860334288755
4207,20230712-9AM_750_30_JG5_7,0.411,46.0,750,30,JG5,7,-0.38615817812393083
4208,20230712-9AM_680_30_BMS_0,1.427,46.0,680,30,BMS,0,0.15442397311464698
4209,20230712-9AM_680_30_BMS_1,1.545,46.0,680,30,BMS,1,0.18892848376085342
4210,20230712-9AM_680_30_BMS_2,1.478,46.0,680,30,BMS,2,0.16967443405880692
4211,20230712-9AM_680_30_BMS_3,1.674,46.0,680,30,BMS,3,0.22375545365724117
4212,20230712-9AM_680_30_BMS_4,1.418,46.0,680,30,BMS,4,0.1516762308470477
4213,20230712-9AM_680_30_BMS_5,1.406,46.0,680,30,BMS,5,0.14798532068380513
4214,20230712-9AM_680_30_BMS_6,1.307,46.0,680,30,BMS,6,0.11627558758054428
4215,20230712-9AM_680_30_BMS_7,1.606,46.0,680,30,BMS,7,0.20574554094266218
4216,20230712-9AM_750_30_BMS_0,0.718,46.0,750,30,BMS,0,-0.14387555575769967
4217,20230712-9AM_750_30_BMS_1,0.76,46.0,750,30,BMS,1,-0.11918640771920865
4218,20230712-9AM_750_30_BMS_2,0.766,46.0,750,30,BMS,2,-0.11577123036739606
4219,20230712-9AM_750_30_BMS_3,0.824,46.0,750,30,BMS,3,-0.08407278830288423
4220,20230712-9AM_750_30_BMS_4,0.763,46.0,750,30,BMS,4,-0.11747546204511952
4221,20230712-9AM_750_30_BMS_5,0.771,46.0,750,30,BMS,5,-0.11294562194904302
4222,20230712-9AM_750_30_BMS_6,0.751,46.0,750,30,BMS,6,-0.1243600629958316
4223,20230712-9AM_750_30_BMS_7,0.792,46.0,750,30,BMS,7,-0.10127481841050648
4224,20230711-3PM_680_25_3059_0,0.299,28.0,680,25,3059,0,-0.5243288116755703
4225,20230711-3PM_680_25_3059_1,0.383,28.0,680,25,3059,1,-0.41680122603137726
4226,20230711-3PM_680_25_3059_2,0.85,28.0,680,25,3059,2,-0.07058107428570728
4227,20230711-3PM_680_25_3059_3,0.488,28.0,680,25,3059,3,-0.3115801779972894
4228,20230711-3PM_680_25_3059_4,0.836,28.0,680,25,3059,4,-0.07779372256098363
4229,20230711-3PM_680_25_3059_5,0.789,28.0,680,25,3059,5,-0.10292299679057967
4230,20230711-3PM_680_25_3059_6,0.719,28.0,680,25,3059,6,-0.14327110961711742
4231,20230711-3PM_680_25_3059_7,0.673,28.0,680,25,3059,7,-0.1719849357760231
4232,20230711-3PM_750_25_3059_0,0.166,28.0,750,25,3059,0,-0.7798919119599449
4233,20230711-3PM_750_25_3059_1,0.193,28.0,750,25,3059,1,-0.7144426909922262
4234,20230711-3PM_750_25_3059_2,0.358,28.0,750,25,3059,2,-0.44611697335612566
4235,20230711-3PM_750_25_3059_3,0.236,28.0,750,25,3059,3,-0.6270879970298935
4236,20230711-3PM_750_25_3059_4,0.315,28.0,750,25,3059,4,-0.5016894462103995
4237,20230711-3PM_750_25_3059_5,0.319,28.0,750,25,3059,5,-0.4962093169428189
4238,20230711-3PM_750_25_3059_6,0.275,28.0,750,25,3059,6,-0.5606673061697374
4239,20230711-3PM_750_25_3059_7,0.305,28.0,750,25,3059,7,-0.5157001606532142
4240,20230711-3PM_680_25_1691_0,0.686,28.0,680,25,1691,0,-0.16367588429324828
4241,20230711-3PM_680_25_1691_1,0.724,28.0,680,25,1691,1,-0.1402614338028531
4242,20230711-3PM_680_25_1691_2,0.425,28.0,680,25,1691,2,-0.37161106994968846
4243,20230711-3PM_680_25_1691_3,0.642,28.0,680,25,1691,3,-0.19246497193114673
4244,20230711-3PM_680_25_1691_4,0.416,28.0,680,25,1691,4,-0.3809066693732573
4245,20230711-3PM_680_25_1691_5,0.505,28.0,680,25,1691,5,-0.2967086218813386
4246,20230711-3PM_680_25_1691_6,0.436,28.0,680,25,1691,6,-0.36051351073141397
4247,20230711-3PM_680_25_1691_7,0.483,28.0,680,25,1691,7,-0.31605286924848786
4248,20230711-3PM_750_25_1691_0,0.297,28.0,750,25,1691,0,-0.5272435506827877
4249,20230711-3PM_750_25_1691_1,0.319,28.0,750,25,1691,1,-0.4962093169428189
4250,20230711-3PM_750_25_1691_2,0.225,28.0,750,25,1691,2,-0.6478174818886375
4251,20230711-3PM_750_25_1691_3,0.31,28.0,750,25,1691,3,-0.5086383061657274
4252,20230711-3PM_750_25_1691_4,0.192,28.0,750,25,1691,4,-0.7166987712964504
4253,20230711-3PM_750_25_1691_5,0.223,28.0,750,25,1691,5,-0.6516951369518393
4254,20230711-3PM_750_25_1691_6,0.222,28.0,750,25,1691,6,-0.6536470255493614
4255,20230711-3PM_750_25_1691_7,0.262,28.0,750,25,1691,7,-0.5816987086802545
4256,20230711-3PM_680_25_1690_0,0.589,28.0,680,25,1690,0,-0.2298847052128984
4257,20230711-3PM_680_25_1690_1,0.798,28.0,680,25,1690,1,-0.09799710864927055
4258,20230711-3PM_680_25_1690_2,0.383,28.0,680,25,1690,2,-0.41680122603137726
4259,20230711-3PM_680_25_1690_3,0.694,28.0,680,25,1690,3,-0.15864052954514513
4260,20230711-3PM_680_25_1690_4,0.488,28.0,680,25,1690,4,-0.3115801779972894
4261,20230711-3PM_680_25_1690_5,0.333,28.0,680,25,1690,5,-0.4775557664936801
4262,20230711-3PM_680_25_1690_6,0.471,28.0,680,25,1690,6,-0.3269790928711038
4263,20230711-3PM_680_25_1690_7,0.435,28.0,680,25,1690,7,-0.3615107430453627
4264,20230711-3PM_750_25_1690_0,0.312,28.0,750,25,1690,0,-0.5058454059815573
4265,20230711-3PM_750_25_1690_1,0.443,28.0,750,25,1690,1,-0.3535962737769304
4266,20230711-3PM_750_25_1690_2,0.183,28.0,750,25,1690,2,-0.7375489102695706
4267,20230711-3PM_750_25_1690_3,0.308,28.0,750,25,1690,3,-0.5114492834995558
4268,20230711-3PM_750_25_1690_4,0.272,28.0,750,25,1690,4,-0.5654310959658012
4269,20230711-3PM_750_25_1690_5,0.191,28.0,750,25,1690,5,-0.7189666327522725
4270,20230711-3PM_750_25_1690_6,0.255,28.0,750,25,1690,6,-0.5934598195660449
4271,20230711-3PM_750_25_1690_7,0.246,28.0,750,25,1690,7,-0.6090648928966209
4272,20230711-3PM_680_25_2342_0,0.714,28.0,680,25,2342,0,-0.14630178822382564
4273,20230711-3PM_680_25_2342_1,0.449,28.0,680,25,2342,1,-0.3477536589966768
4274,20230711-3PM_680_25_2342_2,0.577,28.0,680,25,2342,2,-0.2388241868442686
4275,20230711-3PM_680_25_2342_3,0.373,28.0,680,25,2342,3,-0.4282911681913124
4276,20230711-3PM_680_25_2342_4,0.658,28.0,680,25,2342,4,-0.1817741063860445
4277,20230711-3PM_680_25_2342_5,0.52,28.0,680,25,2342,5,-0.28399665636520083
4278,20230711-3PM_680_25_2342_6,0.343,28.0,680,25,2342,6,-0.46470587995722945
4279,20230711-3PM_680_25_2342_7,0.642,28.0,680,25,2342,7,-0.19246497193114673
4280,20230711-3PM_750_25_2342_0,0.255,28.0,750,25,2342,0,-0.5934598195660449
4281,20230711-3PM_750_25_2342_1,0.208,28.0,750,25,2342,1,-0.6819366650372385
4282,20230711-3PM_750_25_2342_2,0.222,28.0,750,25,2342,2,-0.6536470255493614
4283,20230711-3PM_750_25_2342_3,0.186,28.0,750,25,2342,3,-0.7304870557820837
4284,20230711-3PM_750_25_2342_4,0.242,28.0,750,25,2342,4,-0.6161846340195687
4285,20230711-3PM_750_25_2342_5,0.208,28.0,750,25,2342,5,-0.6819366650372385
4286,20230711-3PM_750_25_2342_6,0.147,28.0,750,25,2342,6,-0.8326826652518239
4287,20230711-3PM_750_25_2342_7,0.274,28.0,750,25,2342,7,-0.562249437179612
4288,20230711-3PM_680_25_4532_0,0.627,28.0,680,25,4532,0,-0.20273245916928356
4289,20230711-3PM_680_25_4532_1,0.5,28.0,680,25,4532,1,-0.3010299956639812
4290,20230711-3PM_680_25_4532_2,0.475,28.0,680,25,4532,2,-0.3233063903751334
4291,20230711-3PM_680_25_4532_3,0.67,28.0,680,25,4532,3,-0.17392519729917355
4292,20230711-3PM_680_25_4532_4,1.262,28.0,680,25,4532,4,0.10105935490811552
4293,20230711-3PM_680_25_4532_5,0.699,28.0,680,25,4532,5,-0.15552282425431863
4294,20230711-3PM_680_25_4532_6,0.876,28.0,680,25,4532,6,-0.05749589383191927
4295,20230711-3PM_680_25_4532_7,0.856,28.0,680,25,4532,7,-0.06752623532284678
4296,20230711-3PM_750_25_4532_0,0.326,28.0,750,25,4532,0,-0.48678239993206096
4297,20230711-3PM_750_25_4532_1,0.259,28.0,750,25,4532,1,-0.5867002359187482
4298,20230711-3PM_750_25_4532_2,0.236,28.0,750,25,4532,2,-0.6270879970298935
4299,20230711-3PM_750_25_4532_3,0.353,28.0,750,25,4532,3,-0.4522252946121775
4300,20230711-3PM_750_25_4532_4,0.557,28.0,750,25,4532,4,-0.25414480482627105
4301,20230711-3PM_750_25_4532_5,0.312,28.0,750,25,4532,5,-0.5058454059815573
4302,20230711-3PM_750_25_4532_6,0.324,28.0,750,25,4532,6,-0.48945498979338786
4303,20230711-3PM_750_25_4532_7,0.412,28.0,750,25,4532,7,-0.3851027839668654
4304,20230711-3PM_680_25_2344_0,0.347,28.0,680,25,2344,0,-0.4596705252091263
4305,20230711-3PM_680_25_2344_1,0.42,28.0,680,25,2344,1,-0.37675070960209955
4306,20230711-3PM_680_25_2344_2,0.307,28.0,680,25,2344,2,-0.5128616245228135
4307,20230711-3PM_680_25_2344_3,0.387,28.0,680,25,2344,3,-0.4122890349810886
4308,20230711-3PM_680_25_2344_4,0.133,28.0,680,25,2344,4,-0.8761483590329142
4309,20230711-3PM_680_25_2344_5,0.455,28.0,680,25,2344,5,-0.34198860334288755
4310,20230711-3PM_680_25_2344_6,0.357,28.0,680,25,2344,6,-0.4473317838878068
4311,20230711-3PM_680_25_2344_7,0.355,28.0,680,25,2344,7,-0.44977164694490596
4312,20230711-3PM_750_25_2344_0,0.206,28.0,750,25,2344,0,-0.6861327796308466
4313,20230711-3PM_750_25_2344_1,0.267,28.0,750,25,2344,1,-0.5734887386354247
4314,20230711-3PM_750_25_2344_2,0.19,28.0,750,25,2344,2,-0.721246399047171
4315,20230711-3PM_750_25_2344_3,0.213,28.0,750,25,2344,3,-0.6716203965612623
4316,20230711-3PM_750_25_2344_4,0.102,28.0,750,25,2344,4,-0.9913998282380825
4317,20230711-3PM_750_25_2344_5,0.281,28.0,750,25,2344,5,-0.5512936800949201
4318,20230711-3PM_750_25_2344_6,0.195,28.0,750,25,2344,6,-0.7099653886374819
4319,20230711-3PM_750_25_2344_7,0.201,28.0,750,25,2344,7,-0.6968039425795111
4320,20230711-3PM_680_25_2343_0,0.606,28.0,680,25,2343,0,-0.21752737583371382
4321,20230711-3PM_680_25_2343_1,0.521,28.0,680,25,2343,1,-0.2831622767004755
4322,20230711-3PM_680_25_2343_2,0.654,28.0,680,25,2343,2,-0.18442225167573273
4323,20230711-3PM_680_25_2343_3,0.71,28.0,680,25,2343,3,-0.14874165128092473
4324,20230711-3PM_680_25_2343_4,0.835,28.0,680,25,2343,4,-0.07831352451639793
4325,20230711-3PM_680_25_2343_5,0.38,28.0,680,25,2343,5,-0.42021640338318983
4326,20230711-3PM_680_25_2343_6,0.597,28.0,680,25,2343,6,-0.22402566887063094
4327,20230711-3PM_680_25_2343_7,0.263,28.0,680,25,2343,7,-0.5800442515102421
4328,20230711-3PM_750_25_2343_0,0.389,28.0,750,25,2343,0,-0.41005039867429227
4329,20230711-3PM_750_25_2343_1,0.321,28.0,750,25,2343,1,-0.4934949675951279
4330,20230711-3PM_750_25_2343_2,0.376,28.0,750,25,2343,2,-0.42481215507233894
4331,20230711-3PM_750_25_2343_3,0.413,28.0,750,25,2343,3,-0.384049948343599
4332,20230711-3PM_750_25_2343_4,0.453,28.0,750,25,2343,4,-0.34390179798716813
4333,20230711-3PM_750_25_2343_5,0.243,28.0,750,25,2343,5,-0.6143937264016879
4334,20230711-3PM_750_25_2343_6,0.322,28.0,750,25,2343,6,-0.4921441283041691
4335,20230711-3PM_750_25_2343_7,0.178,28.0,750,25,2343,7,-0.7495799976911061
4336,20230711-3PM_680_25_1952_0,0.273,28.0,680,25,1952,0,-0.563837352959244
4337,20230711-3PM_680_25_1952_1,0.315,28.0,680,25,1952,1,-0.5016894462103995
4338,20230711-3PM_680_25_1952_2,0.382,28.0,680,25,1952,2,-0.41793663708829126
4339,20230711-3PM_680_25_1952_3,0.541,28.0,680,25,1952,3,-0.26680273489343054
4340,20230711-3PM_680_25_1952_4,0.297,28.0,680,25,1952,4,-0.5272435506827877
4341,20230711-3PM_680_25_1952_5,0.204,28.0,680,25,1952,5,-0.6903698325741012
4342,20230711-3PM_680_25_1952_6,0.398,28.0,680,25,1952,6,-0.40011692792631215
4343,20230711-3PM_680_25_1952_7,0.357,28.0,680,25,1952,7,-0.4473317838878068
4344,20230711-3PM_750_25_1952_0,0.177,28.0,750,25,1952,0,-0.7520267336381934
4345,20230711-3PM_750_25_1952_1,0.203,28.0,750,25,1952,1,-0.6925039620867871
4346,20230711-3PM_750_25_1952_2,0.229,28.0,750,25,1952,2,-0.640164517660112
4347,20230711-3PM_750_25_1952_3,0.309,28.0,750,25,1952,3,-0.5100415205751654
4348,20230711-3PM_750_25_1952_4,0.193,28.0,750,25,1952,4,-0.7144426909922262
4349,20230711-3PM_750_25_1952_5,0.138,28.0,750,25,1952,5,-0.8601209135987634
4350,20230711-3PM_750_25_1952_6,0.244,28.0,750,25,1952,6,-0.6126101736612706
4351,20230711-3PM_750_25_1952_7,0.221,28.0,750,25,1952,7,-0.6556077263148893
4352,20230711-3PM_680_25_2931_0,0.292,28.0,680,25,2931,0,-0.5346171485515817
4353,20230711-3PM_680_25_2931_1,0.16,28.0,680,25,2931,1,-0.7958800173440752
4354,20230711-3PM_680_25_2931_2,0.35,28.0,680,25,2931,2,-0.4559319556497244
4355,20230711-3PM_680_25_2931_3,0.199,28.0,680,25,2931,3,-0.7011469235902933
4356,20230711-3PM_680_25_2931_4,0.274,28.0,680,25,2931,4,-0.562249437179612
4357,20230711-3PM_680_25_2931_5,0.279,28.0,680,25,2931,5,-0.5543957967264024
4358,20230711-3PM_680_25_2931_6,0.412,28.0,680,25,2931,6,-0.3851027839668654
4359,20230711-3PM_680_25_2931_7,0.4,28.0,680,25,2931,7,-0.3979400086720376
4360,20230711-3PM_750_25_2931_0,0.173,28.0,750,25,2931,0,-0.7619538968712046
4361,20230711-3PM_750_25_2931_1,0.11,28.0,750,25,2931,1,-0.958607314841775
4362,20230711-3PM_750_25_2931_2,0.191,28.0,750,25,2931,2,-0.7189666327522725
4363,20230711-3PM_750_25_2931_3,0.126,28.0,750,25,2931,3,-0.8996294548824371
4364,20230711-3PM_750_25_2931_4,0.163,28.0,750,25,2931,4,-0.7878123955960422
4365,20230711-3PM_750_25_2931_5,0.171,28.0,750,25,2931,5,-0.7670038896078462
4366,20230711-3PM_750_25_2931_6,0.235,28.0,750,25,2931,6,-0.6289321377282637
4367,20230711-3PM_750_25_2931_7,0.23,28.0,750,25,2931,7,-0.638272163982407
4368,20230711-3PM_680_25_JG5_0,0.15,28.0,680,25,JG5,0,-0.8239087409443188
4369,20230711-3PM_680_25_JG5_1,0.341,28.0,680,25,JG5,1,-0.4672456210075022
4370,20230711-3PM_680_25_JG5_2,0.135,28.0,680,25,JG5,2,-0.8696662315049939
4371,20230711-3PM_680_25_JG5_3,0.53,28.0,680,25,JG5,3,-0.27572413039921095
4372,20230711-3PM_680_25_JG5_4,0.193,28.0,680,25,JG5,4,-0.7144426909922262
4373,20230711-3PM_680_25_JG5_5,0.425,28.0,680,25,JG5,5,-0.37161106994968846
4374,20230711-3PM_680_25_JG5_6,0.246,28.0,680,25,JG5,6,-0.6090648928966209
4375,20230711-3PM_680_25_JG5_7,0.166,28.0,680,25,JG5,7,-0.7798919119599449
4376,20230711-3PM_750_25_JG5_0,0.1,28.0,750,25,JG5,0,-1.0
4377,20230711-3PM_750_25_JG5_1,0.184,28.0,750,25,JG5,1,-0.7351821769904635
4378,20230711-3PM_750_25_JG5_2,0.095,28.0,750,25,JG5,2,-1.0222763947111522
4379,20230711-3PM_750_25_JG5_3,0.277,28.0,750,25,JG5,3,-0.5575202309355514
4380,20230711-3PM_750_25_JG5_4,0.12,28.0,750,25,JG5,4,-0.9208187539523752
4381,20230711-3PM_750_25_JG5_5,0.216,28.0,750,25,JG5,5,-0.6655462488490691
4382,20230711-3PM_750_25_JG5_6,0.18,28.0,750,25,JG5,6,-0.744727494896694
4383,20230711-3PM_750_25_JG5_7,0.119,28.0,750,25,JG5,7,-0.9244530386074693
4384,20230711-3PM_680_25_BMS_0,0.701,28.0,680,25,BMS,0,-0.15428198203334137
4385,20230711-3PM_680_25_BMS_1,0.719,28.0,680,25,BMS,1,-0.14327110961711742
4386,20230711-3PM_680_25_BMS_2,0.897,28.0,680,25,BMS,2,-0.047207556955907906
4387,20230711-3PM_680_25_BMS_3,0.622,28.0,680,25,BMS,3,-0.2062096153091813
4388,20230711-3PM_680_25_BMS_4,0.576,28.0,680,25,BMS,4,-0.239577516576788
4389,20230711-3PM_680_25_BMS_5,0.781,28.0,680,25,BMS,5,-0.10734896612269966
4390,20230711-3PM_680_25_BMS_6,0.689,28.0,680,25,BMS,6,-0.1617807780923742
4391,20230711-3PM_680_25_BMS_7,0.704,28.0,680,25,BMS,7,-0.1524273408578878
4392,20230711-3PM_750_25_BMS_0,0.377,28.0,750,25,BMS,0,-0.42365864979420714
4393,20230711-3PM_750_25_BMS_1,0.391,28.0,750,25,BMS,1,-0.40782324260413316
4394,20230711-3PM_750_25_BMS_2,0.476,28.0,750,25,BMS,2,-0.32239304727950685
4395,20230711-3PM_750_25_BMS_3,0.334,28.0,750,25,BMS,3,-0.4762535331884355
4396,20230711-3PM_750_25_BMS_4,0.314,28.0,750,25,BMS,4,-0.5030703519267851
4397,20230711-3PM_750_25_BMS_5,0.416,28.0,750,25,BMS,5,-0.3809066693732573
4398,20230711-3PM_750_25_BMS_6,0.374,28.0,750,25,BMS,6,-0.42712839779951983
4399,20230711-3PM_750_25_BMS_7,0.375,28.0,750,25,BMS,7,-0.42596873227228116
4400,20230711-3PM_680_20_3059_0,0.224,28.0,680,20,3059,0,-0.6497519816658371
4401,20230711-3PM_680_20_3059_1,0.275,28.0,680,20,3059,1,-0.5606673061697374
4402,20230711-3PM_680_20_3059_2,0.443,28.0,680,20,3059,2,-0.3535962737769304
4403,20230711-3PM_680_20_3059_3,0.231,28.0,680,20,3059,3,-0.6363880201078557
4404,20230711-3PM_680_20_3059_4,0.456,28.0,680,20,3059,4,-0.341035157335565
4405,20230711-3PM_680_20_3059_5,0.439,28.0,680,20,3059,5,-0.35753547975787864
4406,20230711-3PM_680_20_3059_6,0.322,28.0,680,20,3059,6,-0.4921441283041691
4407,20230711-3PM_680_20_3059_7,0.289,28.0,680,20,3059,7,-0.5391021572434522
4408,20230711-3PM_750_20_3059_0,0.136,28.0,750,20,3059,0,-0.8664610916297825
4409,20230711-3PM_750_20_3059_1,0.156,28.0,750,20,3059,1,-0.8068754016455384
4410,20230711-3PM_750_20_3059_2,0.203,28.0,750,20,3059,2,-0.6925039620867871
4411,20230711-3PM_750_20_3059_3,0.137,28.0,750,20,3059,3,-0.8632794328435932
4412,20230711-3PM_750_20_3059_4,0.184,28.0,750,20,3059,4,-0.7351821769904635
4413,20230711-3PM_750_20_3059_5,0.168,28.0,750,20,3059,5,-0.7746907182741372
4414,20230711-3PM_750_20_3059_6,0.151,28.0,750,20,3059,6,-0.8210230527068306
4415,20230711-3PM_750_20_3059_7,0.161,28.0,750,20,3059,7,-0.7931741239681502
4416,20230711-3PM_680_20_1691_0,0.619,28.0,680,20,1691,0,-0.208309350979882
4417,20230711-3PM_680_20_1691_1,0.512,28.0,680,20,1691,1,-0.2907300390241692
4418,20230711-3PM_680_20_1691_2,0.441,28.0,680,20,1691,2,-0.35556141053216145
4419,20230711-3PM_680_20_1691_3,0.409,28.0,680,20,1691,3,-0.38827669199265824
4420,20230711-3PM_680_20_1691_4,0.392,28.0,680,20,1691,4,-0.4067139329795427
4421,20230711-3PM_680_20_1691_5,0.372,28.0,680,20,1691,5,-0.4294570601181025
4422,20230711-3PM_680_20_1691_6,0.177,28.0,680,20,1691,6,-0.7520267336381934
4423,20230711-3PM_680_20_1691_7,0.538,28.0,680,20,1691,7,-0.2692177243336108
4424,20230711-3PM_750_20_1691_0,0.291,28.0,750,20,1691,0,-0.5361070110140927
4425,20230711-3PM_750_20_1691_1,0.212,28.0,750,20,1691,1,-0.6736641390712486
4426,20230711-3PM_750_20_1691_2,0.223,28.0,750,20,1691,2,-0.6516951369518393
4427,20230711-3PM_750_20_1691_3,0.197,28.0,750,20,1691,3,-0.7055337738384071
4428,20230711-3PM_750_20_1691_4,0.197,28.0,750,20,1691,4,-0.7055337738384071
4429,20230711-3PM_750_20_1691_5,0.2,28.0,750,20,1691,5,-0.6989700043360187
4430,20230711-3PM_750_20_1691_6,0.141,28.0,750,20,1691,6,-0.8507808873446201
4431,20230711-3PM_750_20_1691_7,0.245,28.0,750,20,1691,7,-0.6108339156354675
4432,20230711-3PM_680_20_1690_0,0.262,28.0,680,20,1690,0,-0.5816987086802545
4433,20230711-3PM_680_20_1690_1,0.594,28.0,680,20,1690,1,-0.22621355501880647
4434,20230711-3PM_680_20_1690_2,0.317,28.0,680,20,1690,2,-0.4989407377822485
4435,20230711-3PM_680_20_1690_3,0.468,28.0,680,20,1690,3,-0.32975414692587596
4436,20230711-3PM_680_20_1690_4,0.359,28.0,680,20,1690,4,-0.44490555142168087
4437,20230711-3PM_680_20_1690_5,0.213,28.0,680,20,1690,5,-0.6716203965612623
4438,20230711-3PM_680_20_1690_6,0.271,28.0,680,20,1690,6,-0.5670307091255943
4439,20230711-3PM_680_20_1690_7,0.227,28.0,680,20,1690,7,-0.6439741428068773
4440,20230711-3PM_750_20_1690_0,0.162,28.0,750,20,1690,0,-0.790484985457369
4441,20230711-3PM_750_20_1690_1,0.29,28.0,750,20,1690,1,-0.5376020021010439
4442,20230711-3PM_750_20_1690_2,0.193,28.0,750,20,1690,2,-0.7144426909922262
4443,20230711-3PM_750_20_1690_3,0.237,28.0,750,20,1690,3,-0.6252516539898961
4444,20230711-3PM_750_20_1690_4,0.156,28.0,750,20,1690,4,-0.8068754016455384
4445,20230711-3PM_750_20_1690_5,0.137,28.0,750,20,1690,5,-0.8632794328435932
4446,20230711-3PM_750_20_1690_6,0.161,28.0,750,20,1690,6,-0.7931741239681502
4447,20230711-3PM_750_20_1690_7,0.143,28.0,750,20,1690,7,-0.8446639625349383
4448,20230711-3PM_680_20_2342_0,0.289,28.0,680,20,2342,0,-0.5391021572434522
4449,20230711-3PM_680_20_2342_1,0.238,28.0,680,20,2342,1,-0.623423042943488
4450,20230711-3PM_680_20_2342_2,0.245,28.0,680,20,2342,2,-0.6108339156354675
4451,20230711-3PM_680_20_2342_3,0.266,28.0,680,20,2342,3,-0.575118363368933
4452,20230711-3PM_680_20_2342_4,0.294,28.0,680,20,2342,4,-0.5316526695878427
4453,20230711-3PM_680_20_2342_5,0.328,28.0,680,20,2342,5,-0.4841261562883209
4454,20230711-3PM_680_20_2342_6,0.191,28.0,680,20,2342,6,-0.7189666327522725
4455,20230711-3PM_680_20_2342_7,0.33,28.0,680,20,2342,7,-0.4814860601221125
4456,20230711-3PM_750_20_2342_0,0.14,28.0,750,20,2342,0,-0.8538719643217619
4457,20230711-3PM_750_20_2342_1,0.14,28.0,750,20,2342,1,-0.8538719643217619
4458,20230711-3PM_750_20_2342_2,0.121,28.0,750,20,2342,2,-0.9172146296835499
4459,20230711-3PM_750_20_2342_3,0.161,28.0,750,20,2342,3,-0.7931741239681502
4460,20230711-3PM_750_20_2342_4,0.14,28.0,750,20,2342,4,-0.8538719643217619
4461,20230711-3PM_750_20_2342_5,0.185,28.0,750,20,2342,5,-0.7328282715969862
4462,20230711-3PM_750_20_2342_6,0.105,28.0,750,20,2342,6,-0.978810700930062
4463,20230711-3PM_750_20_2342_7,0.198,28.0,750,20,2342,7,-0.7033348097384688
4464,20230711-3PM_680_20_4532_0,0.393,28.0,680,20,4532,0,-0.4056074496245733
4465,20230711-3PM_680_20_4532_1,0.281,28.0,680,20,4532,1,-0.5512936800949201
4466,20230711-3PM_680_20_4532_2,0.25,28.0,680,20,4532,2,-0.6020599913279624
4467,20230711-3PM_680_20_4532_3,0.34,28.0,680,20,4532,3,-0.46852108295774486
4468,20230711-3PM_680_20_4532_4,0.448,28.0,680,20,4532,4,-0.348721986001856
4469,20230711-3PM_680_20_4532_5,0.774,28.0,680,20,4532,5,-0.11125903931710739
4470,20230711-3PM_680_20_4532_6,0.331,28.0,680,20,4532,6,-0.48017200622428124
4471,20230711-3PM_680_20_4532_7,0.441,28.0,680,20,4532,7,-0.35556141053216145
4472,20230711-3PM_750_20_4532_0,0.152,28.0,750,20,4532,0,-0.8181564120552275
4473,20230711-3PM_750_20_4532_1,0.137,28.0,750,20,4532,1,-0.8632794328435932
4474,20230711-3PM_750_20_4532_2,0.097,28.0,750,20,4532,2,-1.0132282657337552
4475,20230711-3PM_750_20_4532_3,0.142,28.0,750,20,4532,3,-0.8477116556169435
4476,20230711-3PM_750_20_4532_4,0.175,28.0,750,20,4532,4,-0.7569619513137056
4477,20230711-3PM_750_20_4532_5,0.266,28.0,750,20,4532,5,-0.575118363368933
4478,20230711-3PM_750_20_4532_6,0.136,28.0,750,20,4532,6,-0.8664610916297825
4479,20230711-3PM_750_20_4532_7,0.144,28.0,750,20,4532,7,-0.8416375079047503
4480,20230711-3PM_680_20_2344_0,0.344,28.0,680,20,2344,0,-0.46344155742846993
4481,20230711-3PM_680_20_2344_1,0.324,28.0,680,20,2344,1,-0.48945498979338786
4482,20230711-3PM_680_20_2344_2,0.246,28.0,680,20,2344,2,-0.6090648928966209
4483,20230711-3PM_680_20_2344_3,0.265,28.0,680,20,2344,3,-0.5767541260631921
4484,20230711-3PM_680_20_2344_4,0.122,28.0,680,20,2344,4,-0.9136401693252518
4485,20230711-3PM_680_20_2344_5,0.19,28.0,680,20,2344,5,-0.721246399047171
4486,20230711-3PM_680_20_2344_6,0.227,28.0,680,20,2344,6,-0.6439741428068773
4487,20230711-3PM_680_20_2344_7,0.248,28.0,680,20,2344,7,-0.6055483191737837
4488,20230711-3PM_750_20_2344_0,0.205,28.0,750,20,2344,0,-0.6882461389442457
4489,20230711-3PM_750_20_2344_1,0.2,28.0,750,20,2344,1,-0.6989700043360187
4490,20230711-3PM_750_20_2344_2,0.158,28.0,750,20,2344,2,-0.8013429130455774
4491,20230711-3PM_750_20_2344_3,0.151,28.0,750,20,2344,3,-0.8210230527068306
4492,20230711-3PM_750_20_2344_4,0.092,28.0,750,20,2344,4,-1.0362121726544447
4493,20230711-3PM_750_20_2344_5,0.131,28.0,750,20,2344,5,-0.8827287043442357
4494,20230711-3PM_750_20_2344_6,0.134,28.0,750,20,2344,6,-0.8728952016351923
4495,20230711-3PM_750_20_2344_7,0.153,28.0,750,20,2344,7,-0.8153085691824012
4496,20230711-3PM_680_20_2343_0,0.34,28.0,680,20,2343,0,-0.46852108295774486
4497,20230711-3PM_680_20_2343_1,0.42,28.0,680,20,2343,1,-0.37675070960209955
4498,20230711-3PM_680_20_2343_2,0.344,28.0,680,20,2343,2,-0.46344155742846993
4499,20230711-3PM_680_20_2343_3,0.492,28.0,680,20,2343,3,-0.30803489723263966
4500,20230711-3PM_680_20_2343_4,0.406,28.0,680,20,2343,4,-0.39147396642280585
4501,20230711-3PM_680_20_2343_5,0.273,28.0,680,20,2343,5,-0.563837352959244
4502,20230711-3PM_680_20_2343_6,0.368,28.0,680,20,2343,6,-0.43415218132648237
4503,20230711-3PM_680_20_2343_7,0.27,28.0,680,20,2343,7,-0.5686362358410126
4504,20230711-3PM_750_20_2343_0,0.203,28.0,750,20,2343,0,-0.6925039620867871
4505,20230711-3PM_750_20_2343_1,0.253,28.0,750,20,2343,1,-0.5968794788241821
4506,20230711-3PM_750_20_2343_2,0.197,28.0,750,20,2343,2,-0.7055337738384071
4507,20230711-3PM_750_20_2343_3,0.274,28.0,750,20,2343,3,-0.562249437179612
4508,20230711-3PM_750_20_2343_4,0.209,28.0,750,20,2343,4,-0.679853713888946
4509,20230711-3PM_750_20_2343_5,0.168,28.0,750,20,2343,5,-0.7746907182741372
4510,20230711-3PM_750_20_2343_6,0.208,28.0,750,20,2343,6,-0.6819366650372385
4511,20230711-3PM_750_20_2343_7,0.167,28.0,750,20,2343,7,-0.7772835288524167
4512,20230711-3PM_680_20_1952_0,0.251,28.0,680,20,1952,0,-0.6003262785189618
4513,20230711-3PM_680_20_1952_1,0.31,28.0,680,20,1952,1,-0.5086383061657274
4514,20230711-3PM_680_20_1952_2,0.258,28.0,680,20,1952,2,-0.5883802940367698
4515,20230711-3PM_680_20_1952_3,0.277,28.0,680,20,1952,3,-0.5575202309355514
4516,20230711-3PM_680_20_1952_4,0.21,28.0,680,20,1952,4,-0.6777807052660807
4517,20230711-3PM_680_20_1952_5,0.225,28.0,680,20,1952,5,-0.6478174818886375
4518,20230711-3PM_680_20_1952_6,0.222,28.0,680,20,1952,6,-0.6536470255493614
4519,20230711-3PM_680_20_1952_7,0.241,28.0,680,20,1952,7,-0.6179829574251317
4520,20230711-3PM_750_20_1952_0,0.162,28.0,750,20,1952,0,-0.790484985457369
4521,20230711-3PM_750_20_1952_1,0.192,28.0,750,20,1952,1,-0.7166987712964504
4522,20230711-3PM_750_20_1952_2,0.161,28.0,750,20,1952,2,-0.7931741239681502
4523,20230711-3PM_750_20_1952_3,0.168,28.0,750,20,1952,3,-0.7746907182741372
4524,20230711-3PM_750_20_1952_4,0.144,28.0,750,20,1952,4,-0.8416375079047503
4525,20230711-3PM_750_20_1952_5,0.146,28.0,750,20,1952,5,-0.835647144215563
4526,20230711-3PM_750_20_1952_6,0.145,28.0,750,20,1952,6,-0.8386319977650252
4527,20230711-3PM_750_20_1952_7,0.156,28.0,750,20,1952,7,-0.8068754016455384
4528,20230711-3PM_680_20_2931_0,0.238,28.0,680,20,2931,0,-0.623423042943488
4529,20230711-3PM_680_20_2931_1,0.127,28.0,680,20,2931,1,-0.8961962790440431
4530,20230711-3PM_680_20_2931_2,0.214,28.0,680,20,2931,2,-0.6695862266508091
4531,20230711-3PM_680_20_2931_3,0.135,28.0,680,20,2931,3,-0.8696662315049939
4532,20230711-3PM_680_20_2931_4,0.231,28.0,680,20,2931,4,-0.6363880201078557
4533,20230711-3PM_680_20_2931_5,0.201,28.0,680,20,2931,5,-0.6968039425795111
4534,20230711-3PM_680_20_2931_6,0.238,28.0,680,20,2931,6,-0.623423042943488
4535,20230711-3PM_680_20_2931_7,0.303,28.0,680,20,2931,7,-0.518557371497695
4536,20230711-3PM_750_20_2931_0,0.144,28.0,750,20,2931,0,-0.8416375079047503
4537,20230711-3PM_750_20_2931_1,0.092,28.0,750,20,2931,1,-1.0362121726544447
4538,20230711-3PM_750_20_2931_2,0.127,28.0,750,20,2931,2,-0.8961962790440431
4539,20230711-3PM_750_20_2931_3,0.096,28.0,750,20,2931,3,-1.0177287669604316
4540,20230711-3PM_750_20_2931_4,0.14,28.0,750,20,2931,4,-0.8538719643217619
4541,20230711-3PM_750_20_2931_5,0.127,28.0,750,20,2931,5,-0.8961962790440431
4542,20230711-3PM_750_20_2931_6,0.149,28.0,750,20,2931,6,-0.826813731587726
4543,20230711-3PM_750_20_2931_7,0.175,28.0,750,20,2931,7,-0.7569619513137056
4544,20230711-3PM_680_20_JG5_0,0.263,28.0,680,20,JG5,0,-0.5800442515102421
4545,20230711-3PM_680_20_JG5_1,0.295,28.0,680,20,JG5,1,-0.530177984021837
4546,20230711-3PM_680_20_JG5_2,0.189,28.0,680,20,JG5,2,-0.7235381958267558
4547,20230711-3PM_680_20_JG5_3,0.149,28.0,680,20,JG5,3,-0.826813731587726
4548,20230711-3PM_680_20_JG5_4,0.223,28.0,680,20,JG5,4,-0.6516951369518393
4549,20230711-3PM_680_20_JG5_5,0.228,28.0,680,20,JG5,5,-0.6420651529995461
4550,20230711-3PM_680_20_JG5_6,0.074,28.0,680,20,JG5,6,-1.1307682802690238
4551,20230711-3PM_680_20_JG5_7,0.039,28.0,680,20,JG5,7,-1.408935392973501
4552,20230711-3PM_750_20_JG5_0,0.158,28.0,750,20,JG5,0,-0.8013429130455774
4553,20230711-3PM_750_20_JG5_1,0.182,28.0,750,20,JG5,1,-0.7399286120149252
4554,20230711-3PM_750_20_JG5_2,0.13,28.0,750,20,JG5,2,-0.8860566476931632
4555,20230711-3PM_750_20_JG5_3,0.101,28.0,750,20,JG5,3,-0.9956786262173574
4556,20230711-3PM_750_20_JG5_4,0.14,28.0,750,20,JG5,4,-0.8538719643217619
4557,20230711-3PM_750_20_JG5_5,0.139,28.0,750,20,JG5,5,-0.8569851997459049
4558,20230711-3PM_750_20_JG5_6,0.065,28.0,750,20,JG5,6,-1.1870866433571443
4559,20230711-3PM_750_20_JG5_7,0.043,28.0,750,20,JG5,7,-1.3665315444204136
4560,20230711-3PM_680_20_BMS_0,0.283,28.0,680,20,BMS,0,-0.5482135644757098
4561,20230711-3PM_680_20_BMS_1,0.419,28.0,680,20,BMS,1,-0.3777859770337047
4562,20230711-3PM_680_20_BMS_2,0.318,28.0,680,20,BMS,2,-0.4975728800155673
4563,20230711-3PM_680_20_BMS_3,0.37,28.0,680,20,BMS,3,-0.431798275933005
4564,20230711-3PM_680_20_BMS_4,0.285,28.0,680,20,BMS,4,-0.5451551399914898
4565,20230711-3PM_680_20_BMS_5,0.323,28.0,680,20,BMS,5,-0.4907974776688971
4566,20230711-3PM_680_20_BMS_6,0.305,28.0,680,20,BMS,6,-0.5157001606532142
4567,20230711-3PM_680_20_BMS_7,0.289,28.0,680,20,BMS,7,-0.5391021572434522
4568,20230711-3PM_750_20_BMS_0,0.17,28.0,750,20,BMS,0,-0.769551078621726
4569,20230711-3PM_750_20_BMS_1,0.241,28.0,750,20,BMS,1,-0.6179829574251317
4570,20230711-3PM_750_20_BMS_2,0.186,28.0,750,20,BMS,2,-0.7304870557820837
4571,20230711-3PM_750_20_BMS_3,0.21,28.0,750,20,BMS,3,-0.6777807052660807
4572,20230711-3PM_750_20_BMS_4,0.172,28.0,750,20,BMS,4,-0.7644715530924511
4573,20230711-3PM_750_20_BMS_5,0.189,28.0,750,20,BMS,5,-0.7235381958267558
4574,20230711-3PM_750_20_BMS_6,0.183,28.0,750,20,BMS,6,-0.7375489102695706
4575,20230711-3PM_750_20_BMS_7,0.174,28.0,750,20,BMS,7,-0.7594507517174003
4576,20230711-3PM_680_30_3059_0,0.302,28.0,680,30,3059,0,-0.5199930570428494
4577,20230711-3PM_680_30_3059_1,0.706,28.0,680,30,3059,1,-0.15119529894819625
4578,20230711-3PM_680_30_3059_2,1.23,28.0,680,30,3059,2,0.08990511143939793
4579,20230711-3PM_680_30_3059_3,0.822,28.0,680,30,3059,3,-0.08512818245994963
4580,20230711-3PM_680_30_3059_4,1.218,28.0,680,30,3059,4,0.08564728829685654
4581,20230711-3PM_680_30_3059_5,1.682,28.0,680,30,3059,5,0.22582599146189336
4582,20230711-3PM_680_30_3059_6,1.193,28.0,680,30,3059,6,0.0766404436703419
4583,20230711-3PM_680_30_3059_7,1.025,28.0,680,30,3059,7,0.010723865391773066
4584,20230711-3PM_750_30_3059_0,0.173,28.0,750,30,3059,0,-0.7619538968712046
4585,20230711-3PM_750_30_3059_1,0.336,28.0,750,30,3059,1,-0.4736607226101559
4586,20230711-3PM_750_30_3059_2,0.535,28.0,750,30,3059,2,-0.27164621797877153
4587,20230711-3PM_750_30_3059_3,0.35,28.0,750,30,3059,3,-0.4559319556497244
4588,20230711-3PM_750_30_3059_4,0.599,28.0,750,30,3059,4,-0.22257317761068865
4589,20230711-3PM_750_30_3059_5,0.667,28.0,750,30,3059,5,-0.17587416608345102
4590,20230711-3PM_750_30_3059_6,0.579,28.0,750,30,3059,6,-0.23732143627256383
4591,20230711-3PM_750_30_3059_7,0.492,28.0,750,30,3059,7,-0.30803489723263966
4592,20230711-3PM_680_30_1691_0,1.152,28.0,680,30,1691,0,0.06145247908719321
4593,20230711-3PM_680_30_1691_1,1.064,28.0,680,30,1691,1,0.0269416279590294
4594,20230711-3PM_680_30_1691_2,0.607,28.0,680,30,1691,2,-0.21681130892474243
4595,20230711-3PM_680_30_1691_3,0.947,28.0,680,30,1691,3,-0.0236500209967266
4596,20230711-3PM_680_30_1691_4,0.625,28.0,680,30,1691,4,-0.2041199826559248
4597,20230711-3PM_680_30_1691_5,0.996,28.0,680,30,1691,5,-0.00174066157630127
4598,20230711-3PM_680_30_1691_6,0.515,28.0,680,30,1691,6,-0.28819277095880896
4599,20230711-3PM_680_30_1691_7,1.055,28.0,680,30,1691,7,0.023252459633711444
4600,20230711-3PM_750_30_1691_0,0.54,28.0,750,30,1691,0,-0.26760624017703144
4601,20230711-3PM_750_30_1691_1,0.485,28.0,750,30,1691,1,-0.3142582613977364
4602,20230711-3PM_750_30_1691_2,0.319,28.0,750,30,1691,2,-0.4962093169428189
4603,20230711-3PM_750_30_1691_3,0.46,28.0,750,30,1691,3,-0.3372421683184259
4604,20230711-3PM_750_30_1691_4,0.304,28.0,750,30,1691,4,-0.5171264163912462
4605,20230711-3PM_750_30_1691_5,0.481,28.0,750,30,1691,5,-0.31785492362616824
4606,20230711-3PM_750_30_1691_6,0.373,28.0,750,30,1691,6,-0.4282911681913124
4607,20230711-3PM_750_30_1691_7,0.513,28.0,750,30,1691,7,-0.2898826348881837
4608,20230711-3PM_680_30_1690_0,0.49,28.0,680,30,1690,0,-0.3098039199714863
4609,20230711-3PM_680_30_1690_1,0.847,28.0,680,30,1690,1,-0.0721165896692931
4610,20230711-3PM_680_30_1690_2,0.715,28.0,680,30,1690,2,-0.1456939581989194
4611,20230711-3PM_680_30_1690_3,0.557,28.0,680,30,1690,3,-0.25414480482627105
4612,20230711-3PM_680_30_1690_4,1.359,28.0,680,30,1690,4,0.1332194567324943
4613,20230711-3PM_680_30_1690_5,0.622,28.0,680,30,1690,5,-0.2062096153091813
4614,20230711-3PM_680_30_1690_6,0.774,28.0,680,30,1690,6,-0.11125903931710739
4615,20230711-3PM_680_30_1690_7,0.87,28.0,680,30,1690,7,-0.060480747381381476
4616,20230711-3PM_750_30_1690_0,0.301,28.0,750,30,1690,0,-0.5214335044061567
4617,20230711-3PM_750_30_1690_1,0.461,28.0,750,30,1690,1,-0.33629907461035186
4618,20230711-3PM_750_30_1690_2,0.509,28.0,750,30,1690,2,-0.29328221766324125
4619,20230711-3PM_750_30_1690_3,0.303,28.0,750,30,1690,3,-0.518557371497695
4620,20230711-3PM_750_30_1690_4,0.663,28.0,750,30,1690,4,-0.17848647159522685
4621,20230711-3PM_750_30_1690_5,0.369,28.0,750,30,1690,5,-0.4329736338409396
4622,20230711-3PM_750_30_1690_6,0.442,28.0,750,30,1690,6,-0.3545777306509081
4623,20230711-3PM_750_30_1690_7,0.502,28.0,750,30,1690,7,-0.29929628285498067
4624,20230711-3PM_680_30_2342_0,1.181,28.0,680,30,2342,0,0.07224989761351482
4625,20230711-3PM_680_30_2342_1,0.858,28.0,680,30,2342,1,-0.06651271215129456
4626,20230711-3PM_680_30_2342_2,1.199,28.0,680,30,2342,2,0.0788191830988487
4627,20230711-3PM_680_30_2342_3,0.931,28.0,680,30,2342,3,-0.031050319018657353
4628,20230711-3PM_680_30_2342_4,1.066,28.0,680,30,2342,4,0.027757204690553483
4629,20230711-3PM_680_30_2342_5,1.397,28.0,680,30,2342,5,0.14519640611418191
4630,20230711-3PM_680_30_2342_6,0.81,28.0,680,30,2342,6,-0.09151498112135022
4631,20230711-3PM_680_30_2342_7,1.06,28.0,680,30,2342,7,0.02530586526477026
4632,20230711-3PM_750_30_2342_0,0.524,28.0,750,30,2342,0,-0.28066871301627333
4633,20230711-3PM_750_30_2342_1,0.506,28.0,750,30,2342,1,-0.2958494831602009
4634,20230711-3PM_750_30_2342_2,0.646,28.0,750,30,2342,2,-0.1897674820049159
4635,20230711-3PM_750_30_2342_3,0.408,28.0,750,30,2342,3,-0.3893398369101201
4636,20230711-3PM_750_30_2342_4,0.491,28.0,750,30,2342,4,-0.3089185078770315
4637,20230711-3PM_750_30_2342_5,0.684,28.0,750,30,2342,5,-0.16494389827988373
4638,20230711-3PM_750_30_2342_6,0.339,28.0,750,30,2342,6,-0.4698003017969178
4639,20230711-3PM_750_30_2342_7,0.539,28.0,750,30,2342,7,-0.2684112348132613
4640,20230711-3PM_680_30_4532_0,1.216,28.0,680,30,4532,0,0.08493357493671612
4641,20230711-3PM_680_30_4532_1,1.541,28.0,680,30,4532,1,0.1878026387184193
4642,20230711-3PM_680_30_4532_2,1.12,28.0,680,30,4532,2,0.04921802267018165
4643,20230711-3PM_680_30_4532_3,1.22,28.0,680,30,4532,3,0.08635983067474821
4644,20230711-3PM_680_30_4532_4,1.248,28.0,680,30,4532,4,0.09621458534640519
4645,20230711-3PM_680_30_4532_5,1.211,28.0,680,30,4532,5,0.08314414314305227
4646,20230711-3PM_680_30_4532_6,1.467,28.0,680,30,4532,6,0.1664301138432827
4647,20230711-3PM_680_30_4532_7,1.446,28.0,680,30,4532,7,0.160168292958512
4648,20230711-3PM_750_30_4532_0,0.598,28.0,750,30,4532,0,-0.22329881601158919
4649,20230711-3PM_750_30_4532_1,0.666,28.0,750,30,4532,1,-0.17652577082969892
4650,20230711-3PM_750_30_4532_2,0.611,28.0,750,30,4532,2,-0.21395878975744578
4651,20230711-3PM_750_30_4532_3,0.554,28.0,750,30,4532,3,-0.2564902352715702
4652,20230711-3PM_750_30_4532_4,0.68,28.0,750,30,4532,4,-0.16749108729376366
4653,20230711-3PM_750_30_4532_5,0.536,28.0,750,30,4532,5,-0.27083521030722996
4654,20230711-3PM_750_30_4532_6,0.747,28.0,750,30,4532,6,-0.12667939818460122
4655,20230711-3PM_750_30_4532_7,0.607,28.0,750,30,4532,7,-0.21681130892474243
4656,20230711-3PM_680_30_2344_0,1.119,28.0,680,30,2344,0,0.04883008652835004
4657,20230711-3PM_680_30_2344_1,0.88,28.0,680,30,2344,1,-0.05551732784983137
4658,20230711-3PM_680_30_2344_2,0.358,28.0,680,30,2344,2,-0.44611697335612566
4659,20230711-3PM_680_30_2344_3,0.721,28.0,680,30,2344,3,-0.14206473528057098
4660,20230711-3PM_680_30_2344_4,0.27,28.0,680,30,2344,4,-0.5686362358410126
4661,20230711-3PM_680_30_2344_5,1.069,28.0,680,30,2344,5,0.028977705208777998
4662,20230711-3PM_680_30_2344_6,0.794,28.0,680,30,2344,6,-0.10017949757290372
4663,20230711-3PM_680_30_2344_7,0.823,28.0,680,30,2344,7,-0.08460016478773018
4664,20230711-3PM_750_30_2344_0,0.521,28.0,750,30,2344,0,-0.2831622767004755
4665,20230711-3PM_750_30_2344_1,0.538,28.0,750,30,2344,1,-0.2692177243336108
4666,20230711-3PM_750_30_2344_2,0.236,28.0,750,30,2344,2,-0.6270879970298935
4667,20230711-3PM_750_30_2344_3,0.42,28.0,750,30,2344,3,-0.37675070960209955
4668,20230711-3PM_750_30_2344_4,0.198,28.0,750,30,2344,4,-0.7033348097384688
4669,20230711-3PM_750_30_2344_5,0.629,28.0,750,30,2344,5,-0.20134935455473107
4670,20230711-3PM_750_30_2344_6,0.465,28.0,750,30,2344,6,-0.33254704711004607
4671,20230711-3PM_750_30_2344_7,0.445,28.0,750,30,2344,7,-0.3516399890190684
4672,20230711-3PM_680_30_2343_0,0.745,28.0,680,30,2343,0,-0.12784372725170717
4673,20230711-3PM_680_30_2343_1,0.436,28.0,680,30,2343,1,-0.36051351073141397
4674,20230711-3PM_680_30_2343_2,0.827,28.0,680,30,2343,2,-0.08249449044745336
4675,20230711-3PM_680_30_2343_3,0.966,28.0,680,30,2343,3,-0.015022873584506671
4676,20230711-3PM_680_30_2343_4,1.165,28.0,680,30,2343,4,0.0663259253620378
4677,20230711-3PM_680_30_2343_5,0.791,28.0,680,30,2343,5,-0.10182351650232342
4678,20230711-3PM_680_30_2343_6,1.112,28.0,680,30,2343,6,0.046104787246038705
4679,20230711-3PM_680_30_2343_7,0.789,28.0,680,30,2343,7,-0.10292299679057967
4680,20230711-3PM_750_30_2343_0,0.409,28.0,750,30,2343,0,-0.38827669199265824
4681,20230711-3PM_750_30_2343_1,0.281,28.0,750,30,2343,1,-0.5512936800949201
4682,20230711-3PM_750_30_2343_2,0.394,28.0,750,30,2343,2,-0.40450377817442584
4683,20230711-3PM_750_30_2343_3,0.417,28.0,750,30,2343,3,-0.3798639450262425
4684,20230711-3PM_750_30_2343_4,0.447,28.0,750,30,2343,4,-0.34969247686806354
4685,20230711-3PM_750_30_2343_5,0.452,28.0,750,30,2343,5,-0.3448615651886179
4686,20230711-3PM_750_30_2343_6,0.58,28.0,750,30,2343,6,-0.23657200643706275
4687,20230711-3PM_750_30_2343_7,0.406,28.0,750,30,2343,7,-0.39147396642280585
4688,20230711-3PM_680_30_1952_0,0.737,28.0,680,30,1952,0,-0.13253251214094852
4689,20230711-3PM_680_30_1952_1,0.761,28.0,680,30,1952,1,-0.11861534322942717
4690,20230711-3PM_680_30_1952_2,0.987,28.0,680,30,1952,2,-0.005682847330363273
4691,20230711-3PM_680_30_1952_3,0.47,28.0,680,30,1952,3,-0.3279021420642826
4692,20230711-3PM_680_30_1952_4,0.754,28.0,680,30,1952,4,-0.12262865413022594
4693,20230711-3PM_680_30_1952_5,0.644,28.0,680,30,1952,5,-0.1911141326401879
4694,20230711-3PM_680_30_1952_6,0.685,28.0,680,30,1952,6,-0.1643094285075744
4695,20230711-3PM_680_30_1952_7,0.494,28.0,680,30,1952,7,-0.30627305107635305
4696,20230711-3PM_750_30_1952_0,0.426,28.0,750,30,1952,0,-0.37059040089728107
4697,20230711-3PM_750_30_1952_1,0.434,28.0,750,30,1952,1,-0.3625102704874893
4698,20230711-3PM_750_30_1952_2,0.552,28.0,750,30,1952,2,-0.2580609222708011
4699,20230711-3PM_750_30_1952_3,0.244,28.0,750,30,1952,3,-0.6126101736612706
4700,20230711-3PM_750_30_1952_4,0.44,28.0,750,30,1952,4,-0.3565473235138126
4701,20230711-3PM_750_30_1952_5,0.38,28.0,750,30,1952,5,-0.42021640338318983
4702,20230711-3PM_750_30_1952_6,0.397,28.0,750,30,1952,6,-0.40120949323688493
4703,20230711-3PM_750_30_1952_7,0.311,28.0,750,30,1952,7,-0.5072396109731625
4704,20230711-3PM_680_30_2931_0,0.79,28.0,680,30,2931,0,-0.10237290870955855
4705,20230711-3PM_680_30_2931_1,0.374,28.0,680,30,2931,1,-0.42712839779951983
4706,20230711-3PM_680_30_2931_2,0.85,28.0,680,30,2931,2,-0.07058107428570728
4707,20230711-3PM_680_30_2931_3,0.43,28.0,680,30,2931,3,-0.36653154442041347
4708,20230711-3PM_680_30_2931_4,0.569,28.0,680,30,2931,4,-0.24488773360492885
4709,20230711-3PM_680_30_2931_5,0.553,28.0,680,30,2931,5,-0.2572748686953017
4710,20230711-3PM_680_30_2931_6,0.691,28.0,680,30,2931,6,-0.16052195262580163
4711,20230711-3PM_680_30_2931_7,0.771,28.0,680,30,2931,7,-0.11294562194904302
4712,20230711-3PM_750_30_2931_0,0.489,28.0,750,30,2931,0,-0.3106911408763798
4713,20230711-3PM_750_30_2931_1,0.243,28.0,750,30,2931,1,-0.6143937264016879
4714,20230711-3PM_750_30_2931_2,0.501,28.0,750,30,2931,2,-0.30016227413275426
4715,20230711-3PM_750_30_2931_3,0.272,28.0,750,30,2931,3,-0.5654310959658012
4716,20230711-3PM_750_30_2931_4,0.344,28.0,750,30,2931,4,-0.46344155742846993
4717,20230711-3PM_750_30_2931_5,0.335,28.0,750,30,2931,5,-0.47495519296315475
4718,20230711-3PM_750_30_2931_6,0.423,28.0,750,30,2931,6,-0.37365963262495766
4719,20230711-3PM_750_30_2931_7,0.466,28.0,750,30,2931,7,-0.3316140833099998
4720,20230711-3PM_680_30_JG5_0,0.683,28.0,680,30,JG5,0,-0.1655792963184674
4721,20230711-3PM_680_30_JG5_1,0.507,28.0,680,30,JG5,1,-0.294992040666664
4722,20230711-3PM_680_30_JG5_2,0.625,28.0,680,30,JG5,2,-0.2041199826559248
4723,20230711-3PM_680_30_JG5_3,0.617,28.0,680,30,JG5,3,-0.20971483596675833
4724,20230711-3PM_680_30_JG5_4,0.597,28.0,680,30,JG5,4,-0.22402566887063094
4725,20230711-3PM_680_30_JG5_5,0.475,28.0,680,30,JG5,5,-0.3233063903751334
4726,20230711-3PM_680_30_JG5_6,0.822,28.0,680,30,JG5,6,-0.08512818245994963
4727,20230711-3PM_680_30_JG5_7,0.527,28.0,680,30,JG5,7,-0.27818938478745336
4728,20230711-3PM_750_30_JG5_0,0.326,28.0,750,30,JG5,0,-0.48678239993206096
4729,20230711-3PM_750_30_JG5_1,0.26,28.0,750,30,JG5,1,-0.585026652029182
4730,20230711-3PM_750_30_JG5_2,0.301,28.0,750,30,JG5,2,-0.5214335044061567
4731,20230711-3PM_750_30_JG5_3,0.304,28.0,750,30,JG5,3,-0.5171264163912462
4732,20230711-3PM_750_30_JG5_4,0.292,28.0,750,30,JG5,4,-0.5346171485515817
4733,20230711-3PM_750_30_JG5_5,0.246,28.0,750,30,JG5,5,-0.6090648928966209
4734,20230711-3PM_750_30_JG5_6,0.383,28.0,750,30,JG5,6,-0.41680122603137726
4735,20230711-3PM_750_30_JG5_7,0.272,28.0,750,30,JG5,7,-0.5654310959658012
4736,20230711-3PM_680_30_BMS_0,0.99,28.0,680,30,BMS,0,-0.004364805402450088
4737,20230711-3PM_680_30_BMS_1,1.245,28.0,680,30,BMS,1,0.09516935143175519
4738,20230711-3PM_680_30_BMS_2,0.891,28.0,680,30,BMS,2,-0.0501222959631252
4739,20230711-3PM_680_30_BMS_3,1.248,28.0,680,30,BMS,3,0.09621458534640519
4740,20230711-3PM_680_30_BMS_4,1.023,28.0,680,30,BMS,4,0.009875633712160119
4741,20230711-3PM_680_30_BMS_5,1.222,28.0,680,30,BMS,5,0.08707120590653541
4742,20230711-3PM_680_30_BMS_6,1.065,28.0,680,30,BMS,6,0.027349607774756507
4743,20230711-3PM_680_30_BMS_7,1.186,28.0,680,30,BMS,7,0.07408468902824378
4744,20230711-3PM_750_30_BMS_0,0.555,28.0,750,30,BMS,0,-0.2557070168773237
4745,20230711-3PM_750_30_BMS_1,0.647,28.0,750,30,BMS,1,-0.1890957193312996
4746,20230711-3PM_750_30_BMS_2,0.507,28.0,750,30,BMS,2,-0.294992040666664
4747,20230711-3PM_750_30_BMS_3,0.643,28.0,750,30,BMS,3,-0.1917890270757779
4748,20230711-3PM_750_30_BMS_4,0.539,28.0,750,30,BMS,4,-0.2684112348132613
4749,20230711-3PM_750_30_BMS_5,0.642,28.0,750,30,BMS,5,-0.19246497193114673
4750,20230711-3PM_750_30_BMS_6,0.576,28.0,750,30,BMS,6,-0.239577516576788
4751,20230711-3PM_750_30_BMS_7,0.625,28.0,750,30,BMS,7,-0.2041199826559248
4752,20230714-3PM_680_25_3059_0,2.034,100.0,680,25,3059,0,0.30835094858672574
4753,20230714-3PM_680_25_3059_1,1.911,100.0,680,25,3059,1,0.2812606870550129
4754,20230714-3PM_680_25_3059_2,1.577,100.0,680,25,3059,2,0.19783169332890285
4755,20230714-3PM_680_25_3059_3,1.918,100.0,680,25,3059,3,0.2828486028346448
4756,20230714-3PM_680_25_3059_4,2.074,100.0,680,25,3059,4,0.3168087520530221
4757,20230714-3PM_680_25_3059_5,1.655,100.0,680,25,3059,5,0.21879799811173756
4758,20230714-3PM_680_25_3059_6,1.875,100.0,680,25,3059,6,0.27300127206373764
4759,20230714-3PM_680_25_3059_7,1.723,100.0,680,25,3059,7,0.23628527744802852
4760,20230714-3PM_750_25_3059_0,1.315,100.0,750,25,3059,0,0.11892575282577665
4761,20230714-3PM_750_25_3059_1,1.338,100.0,750,25,3059,1,0.12645611343180432
4762,20230714-3PM_750_25_3059_2,1.148,100.0,750,25,3059,2,0.05994188806195468
4763,20230714-3PM_750_25_3059_3,1.347,100.0,750,25,3059,3,0.12936759572298562
4764,20230714-3PM_750_25_3059_4,1.331,100.0,750,25,3059,4,0.12417805547467511
4765,20230714-3PM_750_25_3059_5,1.141,100.0,750,25,3059,5,0.05728564441821465
4766,20230714-3PM_750_25_3059_6,1.315,100.0,750,25,3059,6,0.11892575282577665
4767,20230714-3PM_750_25_3059_7,1.261,100.0,750,25,3059,7,0.10071508657308159
4768,20230714-3PM_680_25_1691_0,2.301,100.0,680,25,1691,0,0.36191661866864344
4769,20230714-3PM_680_25_1691_1,2.09,100.0,680,25,1691,1,0.32014628611105395
4770,20230714-3PM_680_25_1691_2,1.857,100.0,680,25,1691,2,0.2688119037397804
4771,20230714-3PM_680_25_1691_3,1.676,100.0,680,25,1691,3,0.2242740142942577
4772,20230714-3PM_680_25_1691_4,1.89,100.0,680,25,1691,4,0.2764618041732441
4773,20230714-3PM_680_25_1691_5,1.788,100.0,680,25,1691,5,0.25236751445989886
4774,20230714-3PM_680_25_1691_6,1.307,100.0,680,25,1691,6,0.11627558758054428
4775,20230714-3PM_680_25_1691_7,1.432,100.0,680,25,1691,7,0.15594301797183674
4776,20230714-3PM_750_25_1691_0,1.304,100.0,750,25,1691,0,0.11527759139590141
4777,20230714-3PM_750_25_1691_1,1.207,100.0,750,25,1691,1,0.08170727009734924
4778,20230714-3PM_750_25_1691_2,1.118,100.0,750,25,1691,2,0.04844180355040453
4779,20230714-3PM_750_25_1691_3,1.111,100.0,750,25,1691,3,0.04571405894086761
4780,20230714-3PM_750_25_1691_4,1.156,100.0,750,25,1691,4,0.06295783408451022
4781,20230714-3PM_750_25_1691_5,1.172,100.0,750,25,1691,5,0.06892761168207182
4782,20230714-3PM_750_25_1691_6,0.759,100.0,750,25,1691,6,-0.11975822410451964
4783,20230714-3PM_750_25_1691_7,0.961,100.0,750,25,1691,7,-0.017276612331454656
4784,20230714-3PM_680_25_1690_0,1.908,100.0,680,25,1690,0,0.2805783703680763
4785,20230714-3PM_680_25_1690_1,2.7,100.0,680,25,1690,1,0.43136376415898736
4786,20230714-3PM_680_25_1690_2,0.681,100.0,680,25,1690,2,-0.16685288808721482
4787,20230714-3PM_680_25_1690_3,1.727,100.0,680,25,1690,3,0.2372923375674588
4788,20230714-3PM_680_25_1690_4,1.831,100.0,680,25,1690,4,0.26268834430169646
4789,20230714-3PM_680_25_1690_5,1.651,100.0,680,25,1690,5,0.21774707326279363
4790,20230714-3PM_680_25_1690_6,1.689,100.0,680,25,1690,6,0.22762964957100867
4791,20230714-3PM_680_25_1690_7,1.684,100.0,680,25,1690,7,0.2263420871636307
4792,20230714-3PM_750_25_1690_0,1.194,100.0,750,25,1690,0,0.07700432679335026
4793,20230714-3PM_750_25_1690_1,1.383,100.0,750,25,1690,1,0.14082218010931058
4794,20230714-3PM_750_25_1690_2,0.602,100.0,750,25,1690,2,-0.22040350874217546
4795,20230714-3PM_750_25_1690_3,1.043,100.0,750,25,1690,3,0.018284308426530838
4796,20230714-3PM_750_25_1690_4,1.204,100.0,750,25,1690,4,0.08062648692180573
4797,20230714-3PM_750_25_1690_5,0.961,100.0,750,25,1690,5,-0.017276612331454656
4798,20230714-3PM_750_25_1690_6,1.007,100.0,750,25,1690,6,0.003029470553617962
4799,20230714-3PM_750_25_1690_7,1.046,100.0,750,25,1690,7,0.01953168453125545
4800,20230714-3PM_680_25_2342_0,1.291,100.0,680,25,2342,0,0.11092624226642028
4801,20230714-3PM_680_25_2342_1,1.661,100.0,680,25,2342,1,0.2203696324513945
4802,20230714-3PM_680_25_2342_2,1.488,100.0,680,25,2342,2,0.1726029312098599
4803,20230714-3PM_680_25_2342_3,1.496,100.0,680,25,2342,3,0.17493159352844256
4804,20230714-3PM_680_25_2342_4,1.338,100.0,680,25,2342,4,0.12645611343180432
4805,20230714-3PM_680_25_2342_5,1.48,100.0,680,25,2342,5,0.17026171539495738
4806,20230714-3PM_680_25_2342_6,1.634,100.0,680,25,2342,6,0.21325205219639665
4807,20230714-3PM_680_25_2342_7,1.274,100.0,680,25,2342,7,0.10516942799933163
4808,20230714-3PM_750_25_2342_0,1.06,100.0,750,25,2342,0,0.02530586526477026
4809,20230714-3PM_750_25_2342_1,1.195,100.0,750,25,2342,1,0.07736790528415652
4810,20230714-3PM_750_25_2342_2,1.156,100.0,750,25,2342,2,0.06295783408451022
4811,20230714-3PM_750_25_2342_3,1.105,100.0,750,25,2342,3,0.0433622780211295
4812,20230714-3PM_750_25_2342_4,1.04,100.0,750,25,2342,4,0.01703333929878037
4813,20230714-3PM_750_25_2342_5,1.152,100.0,750,25,2342,5,0.06145247908719321
4814,20230714-3PM_750_25_2342_6,1.154,100.0,750,25,2342,6,0.06220580881971259
4815,20230714-3PM_750_25_2342_7,1.04,100.0,750,25,2342,7,0.01703333929878037
4816,20230714-3PM_680_25_4532_0,1.734,100.0,680,25,4532,0,0.2390490931401915
4817,20230714-3PM_680_25_4532_1,1.853,100.0,680,25,4532,1,0.2678754193188976
4818,20230714-3PM_680_25_4532_2,1.788,100.0,680,25,4532,2,0.25236751445989886
4819,20230714-3PM_680_25_4532_3,1.763,100.0,680,25,4532,3,0.24625231229932198
4820,20230714-3PM_680_25_4532_4,1.99,100.0,680,25,4532,4,0.29885307640970665
4821,20230714-3PM_680_25_4532_5,1.898,100.0,680,25,4532,5,0.27829620809127387
4822,20230714-3PM_680_25_4532_6,1.686,100.0,680,25,4532,6,0.2268575702887235
4823,20230714-3PM_680_25_4532_7,1.854,100.0,680,25,4532,7,0.2681097298084783
4824,20230714-3PM_750_25_4532_0,1.002,100.0,750,25,4532,0,0.0008677215312269133
4825,20230714-3PM_750_25_4532_1,1.033,100.0,750,25,4532,1,0.014100321519620545
4826,20230714-3PM_750_25_4532_2,1.028,100.0,750,25,4532,2,0.011993114659256938
4827,20230714-3PM_750_25_4532_3,1.005,100.0,750,25,4532,3,0.0021660617565076304
4828,20230714-3PM_750_25_4532_4,1.108,100.0,750,25,4532,4,0.04453976039241098
4829,20230714-3PM_750_25_4532_5,1.038,100.0,750,25,4532,5,0.01619735351243906
4830,20230714-3PM_750_25_4532_6,1.019,100.0,750,25,4532,6,0.008174184006426355
4831,20230714-3PM_750_25_4532_7,1.05,100.0,750,25,4532,7,0.021189299069938092
4832,20230714-3PM_680_25_2344_0,2.348,100.0,680,25,2344,0,0.37069809257557684
4833,20230714-3PM_680_25_2344_1,1.434,100.0,680,25,2344,1,0.1565491513317813
4834,20230714-3PM_680_25_2344_2,1.529,100.0,680,25,2344,2,0.1844074854123201
4835,20230714-3PM_680_25_2344_3,1.826,100.0,680,25,2344,3,0.26150077319828013
4836,20230714-3PM_680_25_2344_4,1.372,100.0,680,25,2344,4,0.13735411137073292
4837,20230714-3PM_680_25_2344_5,1.602,100.0,680,25,2344,5,0.20466251174821887
4838,20230714-3PM_680_25_2344_6,1.319,100.0,680,25,2344,6,0.12024479554636527
4839,20230714-3PM_680_25_2344_7,1.551,100.0,680,25,2344,7,0.19061179781360493
4840,20230714-3PM_750_25_2344_0,1.406,100.0,750,25,2344,0,0.14798532068380513
4841,20230714-3PM_750_25_2344_1,0.824,100.0,750,25,2344,1,-0.08407278830288423
4842,20230714-3PM_750_25_2344_2,0.843,100.0,750,25,2344,2,-0.07417242537525769
4843,20230714-3PM_750_25_2344_3,1.12,100.0,750,25,2344,3,0.04921802267018165
4844,20230714-3PM_750_25_2344_4,0.892,100.0,750,25,2344,4,-0.04963514562387693
4845,20230714-3PM_750_25_2344_5,0.934,100.0,750,25,2344,5,-0.029653123769906618
4846,20230714-3PM_750_25_2344_6,0.861,100.0,750,25,2344,6,-0.06499684854634524
4847,20230714-3PM_750_25_2344_7,1.077,100.0,750,25,2344,7,0.03221570329798157
4848,20230714-3PM_680_25_2343_0,1.701,100.0,680,25,2343,0,0.23070431361256905
4849,20230714-3PM_680_25_2343_1,1.592,100.0,680,25,2343,1,0.20194306340165025
4850,20230714-3PM_680_25_2343_2,1.839,100.0,680,25,2343,2,0.2645817292380775
4851,20230714-3PM_680_25_2343_3,1.853,100.0,680,25,2343,3,0.2678754193188976
4852,20230714-3PM_680_25_2343_4,1.832,100.0,680,25,2343,4,0.2629254693318316
4853,20230714-3PM_680_25_2343_5,1.8,100.0,680,25,2343,5,0.25527250510330607
4854,20230714-3PM_680_25_2343_6,1.343,100.0,680,25,2343,6,0.12807601266871535
4855,20230714-3PM_680_25_2343_7,1.549,100.0,680,25,2343,7,0.19005141775920598
4856,20230714-3PM_750_25_2343_0,1.224,100.0,750,25,2343,0,0.08778141780954238
4857,20230714-3PM_750_25_2343_1,1.18,100.0,750,25,2343,1,0.07188200730612536
4858,20230714-3PM_750_25_2343_2,1.35,100.0,750,25,2343,2,0.13033376849500614
4859,20230714-3PM_750_25_2343_3,1.272,100.0,750,25,2343,3,0.10448711131239508
4860,20230714-3PM_750_25_2343_4,1.245,100.0,750,25,2343,4,0.09516935143175519
4861,20230714-3PM_750_25_2343_5,1.267,100.0,750,25,2343,5,0.10277661488344131
4862,20230714-3PM_750_25_2343_6,0.984,100.0,750,25,2343,6,-0.007004901568658489
4863,20230714-3PM_750_25_2343_7,1.145,100.0,750,25,2343,7,0.05880548667590681
4864,20230714-3PM_680_25_1952_0,1.264,100.0,680,25,1952,0,0.10174707394636621
4865,20230714-3PM_680_25_1952_1,2.106,100.0,680,25,1952,1,0.32345836684946766
4866,20230714-3PM_680_25_1952_2,1.498,100.0,680,25,1952,2,0.17551181336344768
4867,20230714-3PM_680_25_1952_3,0.973,100.0,680,25,1952,3,-0.0118871597316481
4868,20230714-3PM_680_25_1952_4,0.831,100.0,680,25,1952,4,-0.08039897621588903
4869,20230714-3PM_680_25_1952_5,0.916,100.0,680,25,1952,5,-0.0381045263321496
4870,20230714-3PM_680_25_1952_6,0.915,100.0,680,25,1952,6,-0.038578905933551705
4871,20230714-3PM_680_25_1952_7,1.803,100.0,680,25,1952,7,0.25599572672240195
4872,20230714-3PM_750_25_1952_0,0.909,100.0,750,25,1952,0,-0.041436116778032536
4873,20230714-3PM_750_25_1952_1,1.168,100.0,750,25,1952,1,0.06744284277638066
4874,20230714-3PM_750_25_1952_2,1.01,100.0,750,25,1952,2,0.004321373782642578
4875,20230714-3PM_750_25_1952_3,0.644,100.0,750,25,1952,3,-0.1911141326401879
4876,20230714-3PM_750_25_1952_4,0.646,100.0,750,25,1952,4,-0.1897674820049159
4877,20230714-3PM_750_25_1952_5,0.712,100.0,750,25,1952,5,-0.14752000636314366
4878,20230714-3PM_750_25_1952_6,0.58,100.0,750,25,1952,6,-0.23657200643706275
4879,20230714-3PM_750_25_1952_7,1.102,100.0,750,25,1952,7,0.04218159451576628
4880,20230714-3PM_680_25_2931_0,1.583,100.0,680,25,2931,0,0.1994809148623559
4881,20230714-3PM_680_25_2931_1,1.791,100.0,680,25,2931,1,0.2530955858490315
4882,20230714-3PM_680_25_2931_2,1.775,100.0,680,25,2931,2,0.24919835739111287
4883,20230714-3PM_680_25_2931_3,1.357,100.0,680,25,2931,3,0.13257984765973707
4884,20230714-3PM_680_25_2931_4,1.525,100.0,680,25,2931,4,0.1832698436828046
4885,20230714-3PM_680_25_2931_5,1.685,100.0,680,25,2931,5,0.22659990520735745
4886,20230714-3PM_680_25_2931_6,1.574,100.0,680,25,2931,6,0.19700472802304578
4887,20230714-3PM_680_25_2931_7,1.755,100.0,680,25,2931,7,0.24427712080184286
4888,20230714-3PM_750_25_2931_0,0.951,100.0,750,25,2931,0,-0.02181948306258609
4889,20230714-3PM_750_25_2931_1,1.04,100.0,750,25,2931,1,0.01703333929878037
4890,20230714-3PM_750_25_2931_2,1.033,100.0,750,25,2931,2,0.014100321519620545
4891,20230714-3PM_750_25_2931_3,0.872,100.0,750,25,2931,3,-0.05948351506743278
4892,20230714-3PM_750_25_2931_4,0.897,100.0,750,25,2931,4,-0.047207556955907906
4893,20230714-3PM_750_25_2931_5,1.047,100.0,750,25,2931,5,0.019946681678842306
4894,20230714-3PM_750_25_2931_6,1.072,100.0,750,25,2931,6,0.03019478535675124
4895,20230714-3PM_750_25_2931_7,1.032,100.0,750,25,2931,7,0.01367969729119256
4896,20230714-3PM_680_25_JG5_0,1.105,100.0,680,25,JG5,0,0.0433622780211295
4897,20230714-3PM_680_25_JG5_1,1.041,100.0,680,25,JG5,1,0.017450729510536125
4898,20230714-3PM_680_25_JG5_2,0.763,100.0,680,25,JG5,2,-0.11747546204511952
4899,20230714-3PM_680_25_JG5_3,0.86,100.0,680,25,JG5,3,-0.06550154875643228
4900,20230714-3PM_680_25_JG5_4,0.951,100.0,680,25,JG5,4,-0.02181948306258609
4901,20230714-3PM_680_25_JG5_5,1.104,100.0,680,25,JG5,5,0.04296907339318013
4902,20230714-3PM_680_25_JG5_6,1.28,100.0,680,25,JG5,6,0.10720996964786837
4903,20230714-3PM_680_25_JG5_7,1.282,100.0,680,25,JG5,7,0.10788802518279862
4904,20230714-3PM_750_25_JG5_0,0.76,100.0,750,25,JG5,0,-0.11918640771920865
4905,20230714-3PM_750_25_JG5_1,0.636,100.0,750,25,JG5,1,-0.19654288435158612
4906,20230714-3PM_750_25_JG5_2,0.458,100.0,750,25,JG5,2,-0.3391345219961308
4907,20230714-3PM_750_25_JG5_3,0.631,100.0,750,25,JG5,3,-0.19997064075586568
4908,20230714-3PM_750_25_JG5_4,0.613,100.0,750,25,JG5,4,-0.21253952548158497
4909,20230714-3PM_750_25_JG5_5,0.654,100.0,750,25,JG5,5,-0.18442225167573273
4910,20230714-3PM_750_25_JG5_6,0.654,100.0,750,25,JG5,6,-0.18442225167573273
4911,20230714-3PM_750_25_JG5_7,0.661,100.0,750,25,JG5,7,-0.17979854051435976
4912,20230714-3PM_680_25_BMS_0,1.83,100.0,680,25,BMS,0,0.26245108973042947
4913,20230714-3PM_680_25_BMS_1,1.117,100.0,680,25,BMS,1,0.048053173115609055
4914,20230714-3PM_680_25_BMS_2,1.642,100.0,680,25,BMS,2,0.21537315278342195
4915,20230714-3PM_680_25_BMS_3,1.882,100.0,680,25,BMS,3,0.27461961909123805
4916,20230714-3PM_680_25_BMS_4,0.954,100.0,680,25,BMS,4,-0.020451625295904902
4917,20230714-3PM_680_25_BMS_5,1.022,100.0,680,25,BMS,5,0.009450895798693935
4918,20230714-3PM_680_25_BMS_6,1.516,100.0,680,25,BMS,6,0.18069920129603473
4919,20230714-3PM_680_25_BMS_7,1.179,100.0,680,25,BMS,7,0.07151380509508916
4920,20230714-3PM_750_25_BMS_0,1.138,100.0,750,25,BMS,0,0.05614226205905233
4921,20230714-3PM_750_25_BMS_1,0.848,100.0,750,25,BMS,1,-0.07160414774328619
4922,20230714-3PM_750_25_BMS_2,1.133,100.0,750,25,BMS,2,0.05422990986339725
4923,20230714-3PM_750_25_BMS_3,1.206,100.0,750,25,BMS,3,0.08134730780413249
4924,20230714-3PM_750_25_BMS_4,0.702,100.0,750,25,BMS,4,-0.15366288787019475
4925,20230714-3PM_750_25_BMS_5,0.717,100.0,750,25,BMS,5,-0.1444808443321999
4926,20230714-3PM_750_25_BMS_6,1.026,100.0,750,25,BMS,6,0.011147360775797479
4927,20230714-3PM_750_25_BMS_7,0.83,100.0,750,25,BMS,7,-0.08092190762392612
4928,20230714-3PM_680_20_3059_0,1.468,100.0,680,20,3059,0,0.1667260555800517
4929,20230714-3PM_680_20_3059_1,1.698,100.0,680,20,3059,1,0.22993768590793387
4930,20230714-3PM_680_20_3059_2,1.697,100.0,680,20,3059,2,0.22968184231767583
4931,20230714-3PM_680_20_3059_3,2.007,100.0,680,20,3059,3,0.3025473724874856
4932,20230714-3PM_680_20_3059_4,1.734,100.0,680,20,3059,4,0.2390490931401915
4933,20230714-3PM_680_20_3059_5,1.497,100.0,680,20,3059,5,0.17522180034305238
4934,20230714-3PM_680_20_3059_6,1.531,100.0,680,20,3059,6,0.18497519069826102
4935,20230714-3PM_680_20_3059_7,1.646,100.0,680,20,3059,7,0.216429830876251
4936,20230714-3PM_750_20_3059_0,0.907,100.0,750,20,3059,0,-0.04239271293990473
4937,20230714-3PM_750_20_3059_1,1.095,100.0,750,20,3059,1,0.03941411917613713
4938,20230714-3PM_750_20_3059_2,1.214,100.0,750,20,3059,2,0.08421868673923877
4939,20230714-3PM_750_20_3059_3,1.205,100.0,750,20,3059,3,0.08098704691088722
4940,20230714-3PM_750_20_3059_4,1.178,100.0,750,20,3059,4,0.07114529045108281
4941,20230714-3PM_750_20_3059_5,1.1,100.0,750,20,3059,5,0.04139268515822508
4942,20230714-3PM_750_20_3059_6,1.122,100.0,750,20,3059,6,0.049992856920142645
4943,20230714-3PM_750_20_3059_7,1.142,100.0,750,20,3059,7,0.05766610390982921
4944,20230714-3PM_680_20_1691_0,1.442,100.0,680,20,1691,0,0.15896526038341022
4945,20230714-3PM_680_20_1691_1,1.993,100.0,680,20,1691,1,0.29950729870048765
4946,20230714-3PM_680_20_1691_2,1.144,100.0,680,20,1691,2,0.05842602445700536
4947,20230714-3PM_680_20_1691_3,1.025,100.0,680,20,1691,3,0.010723865391773066
4948,20230714-3PM_680_20_1691_4,0.963,100.0,680,20,1691,4,-0.0163737128754655
4949,20230714-3PM_680_20_1691_5,0.97,100.0,680,20,1691,5,-0.01322826573375516
4950,20230714-3PM_680_20_1691_6,1.188,100.0,680,20,1691,6,0.07481644064517472
4951,20230714-3PM_680_20_1691_7,1.108,100.0,680,20,1691,7,0.04453976039241098
4952,20230714-3PM_750_20_1691_0,0.936,100.0,750,20,1691,0,-0.028724151261894745
4953,20230714-3PM_750_20_1691_1,1.131,100.0,750,20,1691,1,0.05346260492545529
4954,20230714-3PM_750_20_1691_2,0.753,100.0,750,20,1691,2,-0.12320502379929942
4955,20230714-3PM_750_20_1691_3,0.837,100.0,750,20,1691,3,-0.07727454200674003
4956,20230714-3PM_750_20_1691_4,0.623,100.0,750,20,1691,4,-0.2055119533408304
4957,20230714-3PM_750_20_1691_5,0.747,100.0,750,20,1691,5,-0.12667939818460122
4958,20230714-3PM_750_20_1691_6,0.761,100.0,750,20,1691,6,-0.11861534322942717
4959,20230714-3PM_750_20_1691_7,0.753,100.0,750,20,1691,7,-0.12320502379929942
4960,20230714-3PM_680_20_1690_0,1.835,100.0,680,20,1690,0,0.2636360685881081
4961,20230714-3PM_680_20_1690_1,2.324,100.0,680,20,1690,1,0.3662361237182931
4962,20230714-3PM_680_20_1690_2,1.973,100.0,680,20,1690,2,0.2951270852521912
4963,20230714-3PM_680_20_1690_3,1.679,100.0,680,20,1690,3,0.2250506961380488
4964,20230714-3PM_680_20_1690_4,1.747,100.0,680,20,1690,4,0.24229290498293096
4965,20230714-3PM_680_20_1690_5,1.451,100.0,680,20,1690,5,0.16166741243773589
4966,20230714-3PM_680_20_1690_6,1.725,100.0,680,20,1690,6,0.23678909940929294
4967,20230714-3PM_680_20_1690_7,1.671,100.0,680,20,1690,7,0.22297644989339135
4968,20230714-3PM_750_20_1690_0,1.211,100.0,750,20,1690,0,0.08314414314305227
4969,20230714-3PM_750_20_1690_1,1.461,100.0,750,20,1690,1,0.1646502159342968
4970,20230714-3PM_750_20_1690_2,1.319,100.0,750,20,1690,2,0.12024479554636527
4971,20230714-3PM_750_20_1690_3,1.03,100.0,750,20,1690,3,0.012837224705172217
4972,20230714-3PM_750_20_1690_4,1.184,100.0,750,20,1690,4,0.07335170238690095
4973,20230714-3PM_750_20_1690_5,0.943,100.0,750,20,1690,5,-0.02548830726267165
4974,20230714-3PM_750_20_1690_6,1.048,100.0,750,20,1690,6,0.020361282647707864
4975,20230714-3PM_750_20_1690_7,1.043,100.0,750,20,1690,7,0.018284308426530838
4976,20230714-3PM_680_20_2342_0,1.346,100.0,680,20,2342,0,0.12904505988795806
4977,20230714-3PM_680_20_2342_1,1.617,100.0,680,20,2342,1,0.20871001990640115
4978,20230714-3PM_680_20_2342_2,1.55,100.0,680,20,2342,2,0.1903316981702915
4979,20230714-3PM_680_20_2342_3,1.493,100.0,680,20,2342,3,0.17405980772502544
4980,20230714-3PM_680_20_2342_4,1.311,100.0,680,20,2342,4,0.11760269169008426
4981,20230714-3PM_680_20_2342_5,1.54,100.0,680,20,2342,5,0.18752072083646307
4982,20230714-3PM_680_20_2342_6,0.868,100.0,680,20,2342,6,-0.0614802748235081
4983,20230714-3PM_680_20_2342_7,1.434,100.0,680,20,2342,7,0.1565491513317813
4984,20230714-3PM_750_20_2342_0,0.888,100.0,750,20,2342,0,-0.05158703422139897
4985,20230714-3PM_750_20_2342_1,1.162,100.0,750,20,2342,1,0.0652061280543119
4986,20230714-3PM_750_20_2342_2,1.047,100.0,750,20,2342,2,0.019946681678842306
4987,20230714-3PM_750_20_2342_3,1.014,100.0,750,20,2342,3,0.006037954997317177
4988,20230714-3PM_750_20_2342_4,0.801,100.0,750,20,2342,4,-0.09636748391576232
4989,20230714-3PM_750_20_2342_5,1.066,100.0,750,20,2342,5,0.027757204690553483
4990,20230714-3PM_750_20_2342_6,0.719,100.0,750,20,2342,6,-0.14327110961711742
4991,20230714-3PM_750_20_2342_7,1.124,100.0,750,20,2342,7,0.05076631123304232
4992,20230714-3PM_680_20_4532_0,1.703,100.0,680,20,4532,0,0.23121464796260105
4993,20230714-3PM_680_20_4532_1,1.903,100.0,680,20,4532,1,0.27943878828702046
4994,20230714-3PM_680_20_4532_2,1.355,100.0,680,20,4532,2,0.13193929521042452
4995,20230714-3PM_680_20_4532_3,1.907,100.0,680,20,4532,3,0.28035069304600563
4996,20230714-3PM_680_20_4532_4,1.725,100.0,680,20,4532,4,0.23678909940929294
4997,20230714-3PM_680_20_4532_5,1.914,100.0,680,20,4532,5,0.28194193344082474
4998,20230714-3PM_680_20_4532_6,1.666,100.0,680,20,4532,6,0.22167499707076876
4999,20230714-3PM_680_20_4532_7,1.8,100.0,680,20,4532,7,0.25527250510330607
5000,20230714-3PM_750_20_4532_0,1.1,100.0,750,20,4532,0,0.04139268515822508
5001,20230714-3PM_750_20_4532_1,1.13,100.0,750,20,4532,1,0.05307844348341968
5002,20230714-3PM_750_20_4532_2,0.909,100.0,750,20,4532,2,-0.041436116778032536
5003,20230714-3PM_750_20_4532_3,1.094,100.0,750,20,4532,3,0.039017321997412
5004,20230714-3PM_750_20_4532_4,1.056,100.0,750,20,4532,4,0.023663918197793475
5005,20230714-3PM_750_20_4532_5,1.192,100.0,750,20,4532,5,0.0762762554042176
5006,20230714-3PM_750_20_4532_6,1.145,100.0,750,20,4532,6,0.05880548667590681
5007,20230714-3PM_750_20_4532_7,1.129,100.0,750,20,4532,7,0.05269394192496786
5008,20230714-3PM_680_20_2344_0,1.496,100.0,680,20,2344,0,0.17493159352844256
5009,20230714-3PM_680_20_2344_1,1.181,100.0,680,20,2344,1,0.07224989761351482
5010,20230714-3PM_680_20_2344_2,1.278,100.0,680,20,2344,2,0.10653085382238137
5011,20230714-3PM_680_20_2344_3,1.415,100.0,680,20,2344,3,0.15075643986030904
5012,20230714-3PM_680_20_2344_4,1.078,100.0,680,20,2344,4,0.03261876085071993
5013,20230714-3PM_680_20_2344_5,0.973,100.0,680,20,2344,5,-0.0118871597316481
5014,20230714-3PM_680_20_2344_6,1.12,100.0,680,20,2344,6,0.04921802267018165
5015,20230714-3PM_680_20_2344_7,1.72,100.0,680,20,2344,7,0.2355284469075489
5016,20230714-3PM_750_20_2344_0,1.032,100.0,750,20,2344,0,0.01367969729119256
5017,20230714-3PM_750_20_2344_1,0.692,100.0,750,20,2344,1,-0.15989390554324223
5018,20230714-3PM_750_20_2344_2,0.726,100.0,750,20,2344,2,-0.1390633792999063
5019,20230714-3PM_750_20_2344_3,0.863,100.0,750,20,2344,3,-0.06398920428479041
5020,20230714-3PM_750_20_2344_4,0.693,100.0,750,20,2344,4,-0.1592667653881933
5021,20230714-3PM_750_20_2344_5,0.582,100.0,750,20,2344,5,-0.23507701535011155
5022,20230714-3PM_750_20_2344_6,0.668,100.0,750,20,2344,6,-0.1752235375244543
5023,20230714-3PM_750_20_2344_7,1.1,100.0,750,20,2344,7,0.04139268515822508
5024,20230714-3PM_680_20_2343_0,1.871,100.0,680,20,2343,0,0.27207378750000993
5025,20230714-3PM_680_20_2343_1,1.96,100.0,680,20,2343,1,0.292256071356476
5026,20230714-3PM_680_20_2343_2,1.789,100.0,680,20,2343,2,0.25261034056737297
5027,20230714-3PM_680_20_2343_3,1.69,100.0,680,20,2343,3,0.22788670461367352
5028,20230714-3PM_680_20_2343_4,1.263,100.0,680,20,2343,4,0.10140335055533072
5029,20230714-3PM_680_20_2343_5,1.172,100.0,680,20,2343,5,0.06892761168207182
5030,20230714-3PM_680_20_2343_6,1.359,100.0,680,20,2343,6,0.1332194567324943
5031,20230714-3PM_680_20_2343_7,1.601,100.0,680,20,2343,7,0.20439133191929973
5032,20230714-3PM_750_20_2343_0,1.255,100.0,750,20,2343,0,0.09864372581705691
5033,20230714-3PM_750_20_2343_1,1.344,100.0,750,20,2343,1,0.12839926871780646
5034,20230714-3PM_750_20_2343_2,1.254,100.0,750,20,2343,2,0.09829753649469763
5035,20230714-3PM_750_20_2343_3,1.17,100.0,750,20,2343,3,0.06818586174616162
5036,20230714-3PM_750_20_2343_4,0.882,100.0,750,20,2343,4,-0.054531414868180264
5037,20230714-3PM_750_20_2343_5,0.824,100.0,750,20,2343,5,-0.08407278830288423
5038,20230714-3PM_750_20_2343_6,0.875,100.0,750,20,2343,6,-0.057991946977686754
5039,20230714-3PM_750_20_2343_7,1.203,100.0,750,20,2343,7,0.08026562733984477
5040,20230714-3PM_680_20_1952_0,1.552,100.0,680,20,1952,0,0.19089171692216964
5041,20230714-3PM_680_20_1952_1,1.668,100.0,680,20,1952,1,0.22219604630171988
5042,20230714-3PM_680_20_1952_2,1.592,100.0,680,20,1952,2,0.20194306340165025
5043,20230714-3PM_680_20_1952_3,1.669,100.0,680,20,1952,3,0.22245633667924672
5044,20230714-3PM_680_20_1952_4,1.573,100.0,680,20,1952,4,0.19672872262328683
5045,20230714-3PM_680_20_1952_5,1.562,100.0,680,20,1952,5,0.19368102954128152
5046,20230714-3PM_680_20_1952_6,1.543,100.0,680,20,1952,6,0.18836592606314825
5047,20230714-3PM_680_20_1952_7,1.598,100.0,680,20,1952,7,0.2035767749779726
5048,20230714-3PM_750_20_1952_0,0.892,100.0,750,20,1952,0,-0.04963514562387693
5049,20230714-3PM_750_20_1952_1,0.944,100.0,750,20,1952,1,-0.02502800570193105
5050,20230714-3PM_750_20_1952_2,1.046,100.0,750,20,1952,2,0.01953168453125545
5051,20230714-3PM_750_20_1952_3,1.113,100.0,750,20,1952,3,0.04649516433470831
5052,20230714-3PM_750_20_1952_4,0.966,100.0,750,20,1952,4,-0.015022873584506671
5053,20230714-3PM_750_20_1952_5,0.998,100.0,750,20,1952,5,-0.0008694587126288914
5054,20230714-3PM_750_20_1952_6,0.953,100.0,750,20,1952,6,-0.02090709936167361
5055,20230714-3PM_750_20_1952_7,0.99,100.0,750,20,1952,7,-0.004364805402450088
5056,20230714-3PM_680_20_2931_0,1.423,100.0,680,20,2931,0,0.15320490008428433
5057,20230714-3PM_680_20_2931_1,0.857,100.0,680,20,2931,1,-0.06701917807680184
5058,20230714-3PM_680_20_2931_2,1.512,100.0,680,20,2931,2,0.17955179116518774
5059,20230714-3PM_680_20_2931_3,1.391,100.0,680,20,2931,3,0.14332712999204641
5060,20230714-3PM_680_20_2931_4,1.139,100.0,680,20,2931,4,0.05652372407910037
5061,20230714-3PM_680_20_2931_5,1.471,100.0,680,20,2931,5,0.16761267272753014
5062,20230714-3PM_680_20_2931_6,1.33,100.0,680,20,2931,6,0.12385164096708581
5063,20230714-3PM_680_20_2931_7,1.641,100.0,680,20,2931,7,0.21510858105309322
5064,20230714-3PM_750_20_2931_0,0.814,100.0,750,20,2931,0,-0.0893755951107988
5065,20230714-3PM_750_20_2931_1,0.522,100.0,750,20,2931,1,-0.28232949699773785
5066,20230714-3PM_750_20_2931_2,0.875,100.0,750,20,2931,2,-0.057991946977686754
5067,20230714-3PM_750_20_2931_3,0.81,100.0,750,20,2931,3,-0.09151498112135022
5068,20230714-3PM_750_20_2931_4,0.671,100.0,750,20,2931,4,-0.17327747983100789
5069,20230714-3PM_750_20_2931_5,0.886,100.0,750,20,2931,5,-0.05256627811294924
5070,20230714-3PM_750_20_2931_6,0.828,100.0,750,20,2931,6,-0.08196966321511988
5071,20230714-3PM_750_20_2931_7,0.969,100.0,750,20,2931,7,-0.013676222949234686
5072,20230714-3PM_680_20_JG5_0,0.983,100.0,680,20,JG5,0,-0.007446482167864384
5073,20230714-3PM_680_20_JG5_1,1.118,100.0,680,20,JG5,1,0.04844180355040453
5074,20230714-3PM_680_20_JG5_2,1.063,100.0,680,20,JG5,2,0.026533264523296733
5075,20230714-3PM_680_20_JG5_3,1.274,100.0,680,20,JG5,3,0.10516942799933163
5076,20230714-3PM_680_20_JG5_4,1.091,100.0,680,20,JG5,4,0.037824750588341866
5077,20230714-3PM_680_20_JG5_5,1.155,100.0,680,20,JG5,5,0.06258198422816312
5078,20230714-3PM_680_20_JG5_6,0.923,100.0,680,20,JG5,6,-0.03479829897408793
5079,20230714-3PM_680_20_JG5_7,0.535,100.0,680,20,JG5,7,-0.27164621797877153
5080,20230714-3PM_750_20_JG5_0,0.655,100.0,750,20,JG5,0,-0.18375870000821692
5081,20230714-3PM_750_20_JG5_1,0.645,100.0,750,20,JG5,1,-0.19044028536473223
5082,20230714-3PM_750_20_JG5_2,0.575,100.0,750,20,JG5,2,-0.24033215531036956
5083,20230714-3PM_750_20_JG5_3,0.703,100.0,750,20,JG5,3,-0.15304467498017607
5084,20230714-3PM_750_20_JG5_4,0.608,100.0,750,20,JG5,4,-0.21609642072726507
5085,20230714-3PM_750_20_JG5_5,0.686,100.0,750,20,JG5,5,-0.16367588429324828
5086,20230714-3PM_750_20_JG5_6,0.571,100.0,750,20,JG5,6,-0.243363891754152
5087,20230714-3PM_750_20_JG5_7,0.313,100.0,750,20,JG5,7,-0.5044556624535516
5088,20230714-3PM_680_20_BMS_0,1.489,100.0,680,20,BMS,0,0.17289469775217617
5089,20230714-3PM_680_20_BMS_1,1.493,100.0,680,20,BMS,1,0.17405980772502544
5090,20230714-3PM_680_20_BMS_2,1.462,100.0,680,20,BMS,2,0.16494737262184164
5091,20230714-3PM_680_20_BMS_3,1.412,100.0,680,20,BMS,3,0.14983469671578492
5092,20230714-3PM_680_20_BMS_4,1.186,100.0,680,20,BMS,4,0.07408468902824378
5093,20230714-3PM_680_20_BMS_5,1.245,100.0,680,20,BMS,5,0.09516935143175519
5094,20230714-3PM_680_20_BMS_6,1.488,100.0,680,20,BMS,6,0.1726029312098599
5095,20230714-3PM_680_20_BMS_7,1.526,100.0,680,20,BMS,7,0.18355453361886168
5096,20230714-3PM_750_20_BMS_0,0.933,100.0,750,20,BMS,0,-0.030118356253500032
5097,20230714-3PM_750_20_BMS_1,0.922,100.0,750,20,BMS,1,-0.03526907894637064
5098,20230714-3PM_750_20_BMS_2,0.896,100.0,750,20,BMS,2,-0.047691990337874794
5099,20230714-3PM_750_20_BMS_3,0.868,100.0,750,20,BMS,3,-0.0614802748235081
5100,20230714-3PM_750_20_BMS_4,0.762,100.0,750,20,BMS,4,-0.1180450286603995
5101,20230714-3PM_750_20_BMS_5,0.786,100.0,750,20,BMS,5,-0.10457745396059209
5102,20230714-3PM_750_20_BMS_6,0.935,100.0,750,20,BMS,6,-0.0291883891274822
5103,20230714-3PM_750_20_BMS_7,0.908,100.0,750,20,BMS,7,-0.04191415147891488
5104,20230714-3PM_680_30_3059_0,1.884,100.0,680,30,3059,0,0.2750808984568585
5105,20230714-3PM_680_30_3059_1,1.824,100.0,680,30,3059,1,0.2610248339923974
5106,20230714-3PM_680_30_3059_2,1.7,100.0,680,30,3059,2,0.2304489213782739
5107,20230714-3PM_680_30_3059_3,2.159,100.0,680,30,3059,3,0.33425264233423074
5108,20230714-3PM_680_30_3059_4,1.601,100.0,680,30,3059,4,0.20439133191929973
5109,20230714-3PM_680_30_3059_5,1.624,100.0,680,30,3059,5,0.21058602490515654
5110,20230714-3PM_680_30_3059_6,2.03,100.0,680,30,3059,6,0.3074960379132129
5111,20230714-3PM_680_30_3059_7,1.634,100.0,680,30,3059,7,0.21325205219639665
5112,20230714-3PM_750_30_3059_0,1.146,100.0,750,30,3059,0,0.05918461763137114
5113,20230714-3PM_750_30_3059_1,1.163,100.0,750,30,3059,1,0.06557971472844842
5114,20230714-3PM_750_30_3059_2,1.075,100.0,750,30,3059,2,0.03140846425162412
5115,20230714-3PM_750_30_3059_3,1.309,100.0,750,30,3059,3,0.11693964655075578
5116,20230714-3PM_750_30_3059_4,1.0,100.0,750,30,3059,4,0.0
5117,20230714-3PM_750_30_3059_5,1.05,100.0,750,30,3059,5,0.021189299069938092
5118,20230714-3PM_750_30_3059_6,1.19,100.0,750,30,3059,6,0.07554696139253074
5119,20230714-3PM_750_30_3059_7,1.161,100.0,750,30,3059,7,0.06483221973857385
5120,20230714-3PM_680_30_1691_0,2.329,100.0,680,30,1691,0,0.36716948853468073
5121,20230714-3PM_680_30_1691_1,2.331,100.0,680,30,1691,1,0.36754227352057667
5122,20230714-3PM_680_30_1691_2,1.913,100.0,680,30,1691,2,0.28171497002729584
5123,20230714-3PM_680_30_1691_3,2.288,100.0,680,30,1691,3,0.35945602012098654
5124,20230714-3PM_680_30_1691_4,1.938,100.0,680,30,1691,4,0.2873537727147465
5125,20230714-3PM_680_30_1691_5,1.694,100.0,680,30,1691,5,0.2289134059946881
5126,20230714-3PM_680_30_1691_6,0.61,100.0,680,30,1691,6,-0.21467016498923297
5127,20230714-3PM_680_30_1691_7,1.953,100.0,680,30,1691,7,0.2907022432878544
5128,20230714-3PM_750_30_1691_0,1.194,100.0,750,30,1691,0,0.07700432679335026
5129,20230714-3PM_750_30_1691_1,1.192,100.0,750,30,1691,1,0.0762762554042176
5130,20230714-3PM_750_30_1691_2,1.039,100.0,750,30,1691,2,0.016615547557177382
5131,20230714-3PM_750_30_1691_3,1.232,100.0,750,30,1691,3,0.09061070782840665
5132,20230714-3PM_750_30_1691_4,1.055,100.0,750,30,1691,4,0.023252459633711444
5133,20230714-3PM_750_30_1691_5,1.032,100.0,750,30,1691,5,0.01367969729119256
5134,20230714-3PM_750_30_1691_6,0.39,100.0,750,30,1691,6,-0.4089353929735008
5135,20230714-3PM_750_30_1691_7,1.12,100.0,750,30,1691,7,0.04921802267018165
5136,20230714-3PM_680_30_1690_0,1.288,100.0,680,30,1690,0,0.1099158630237933
5137,20230714-3PM_680_30_1690_1,2.974,100.0,680,30,1690,1,0.47334096418593546
5138,20230714-3PM_680_30_1690_2,1.612,100.0,680,30,1690,2,0.20736503746907187
5139,20230714-3PM_680_30_1690_3,1.886,100.0,680,30,1690,3,0.27554168840130955
5140,20230714-3PM_680_30_1690_4,1.917,100.0,680,30,1690,4,0.2826221128780626
5141,20230714-3PM_680_30_1690_5,1.813,100.0,680,30,1690,5,0.25839780409550867
5142,20230714-3PM_680_30_1690_6,1.759,100.0,680,30,1690,6,0.24526583945746125
5143,20230714-3PM_680_30_1690_7,1.878,100.0,680,30,1690,7,0.2736955879300921
5144,20230714-3PM_750_30_1690_0,0.839,100.0,750,30,1690,0,-0.07623803917129975
5145,20230714-3PM_750_30_1690_1,1.525,100.0,750,30,1690,1,0.1832698436828046
5146,20230714-3PM_750_30_1690_2,1.001,100.0,750,30,1690,2,0.0004340774793185929
5147,20230714-3PM_750_30_1690_3,1.067,100.0,750,30,1690,3,0.028164419424469872
5148,20230714-3PM_750_30_1690_4,1.064,100.0,750,30,1690,4,0.0269416279590294
5149,20230714-3PM_750_30_1690_5,1.162,100.0,750,30,1690,5,0.0652061280543119
5150,20230714-3PM_750_30_1690_6,1.014,100.0,750,30,1690,6,0.006037954997317177
5151,20230714-3PM_750_30_1690_7,1.071,100.0,750,30,1690,7,0.029789470831855614
5152,20230714-3PM_680_30_2342_0,1.044,100.0,680,30,2342,0,0.01870049866624337
5153,20230714-3PM_680_30_2342_1,1.721,100.0,680,30,2342,1,0.2357808703275603
5154,20230714-3PM_680_30_2342_2,1.239,100.0,680,30,2342,2,0.09307130637606349
5155,20230714-3PM_680_30_2342_3,1.322,100.0,680,30,2342,3,0.12123145514962146
5156,20230714-3PM_680_30_2342_4,0.953,100.0,680,30,2342,4,-0.02090709936167361
5157,20230714-3PM_680_30_2342_5,1.25,100.0,680,30,2342,5,0.09691001300805642
5158,20230714-3PM_680_30_2342_6,1.396,100.0,680,30,2342,6,0.14488541828714227
5159,20230714-3PM_680_30_2342_7,1.109,100.0,680,30,2342,7,0.04493154614916006
5160,20230714-3PM_750_30_2342_0,0.775,100.0,750,30,2342,0,-0.1106982974936897
5161,20230714-3PM_750_30_2342_1,1.142,100.0,750,30,2342,1,0.05766610390982921
5162,20230714-3PM_750_30_2342_2,0.854,100.0,750,30,2342,2,-0.06854212931099495
5163,20230714-3PM_750_30_2342_3,0.96,100.0,750,30,2342,3,-0.017728766960431602
5164,20230714-3PM_750_30_2342_4,0.753,100.0,750,30,2342,4,-0.12320502379929942
5165,20230714-3PM_750_30_2342_5,0.978,100.0,750,30,2342,5,-0.009661145212398569
5166,20230714-3PM_750_30_2342_6,1.107,100.0,750,30,2342,6,0.0441476208787228
5167,20230714-3PM_750_30_2342_7,0.916,100.0,750,30,2342,7,-0.0381045263321496
5168,20230714-3PM_680_30_4532_0,1.883,100.0,680,30,4532,0,0.2748503200166648
5169,20230714-3PM_680_30_4532_1,1.724,100.0,680,30,4532,1,0.23653726148869397
5170,20230714-3PM_680_30_4532_2,1.57,100.0,680,30,4532,2,0.19589965240923377
5171,20230714-3PM_680_30_4532_3,1.856,100.0,680,30,4532,3,0.26857797188284327
5172,20230714-3PM_680_30_4532_4,2.033,100.0,680,30,4532,4,0.3081373786380386
5173,20230714-3PM_680_30_4532_5,1.999,100.0,680,30,4532,5,0.30081279411811696
5174,20230714-3PM_680_30_4532_6,1.757,100.0,680,30,4532,6,0.24477176149529495
5175,20230714-3PM_680_30_4532_7,1.832,100.0,680,30,4532,7,0.2629254693318316
5176,20230714-3PM_750_30_4532_0,1.035,100.0,750,30,4532,0,0.014940349792936524
5177,20230714-3PM_750_30_4532_1,0.921,100.0,750,30,4532,1,-0.03574036980315106
5178,20230714-3PM_750_30_4532_2,0.879,100.0,750,30,4532,2,-0.056011124926228104
5179,20230714-3PM_750_30_4532_3,0.991,100.0,750,30,4532,3,-0.003926345514724675
5180,20230714-3PM_750_30_4532_4,0.991,100.0,750,30,4532,4,-0.003926345514724675
5181,20230714-3PM_750_30_4532_5,0.978,100.0,750,30,4532,5,-0.009661145212398569
5182,20230714-3PM_750_30_4532_6,1.032,100.0,750,30,4532,6,0.01367969729119256
5183,20230714-3PM_750_30_4532_7,1.035,100.0,750,30,4532,7,0.014940349792936524
5184,20230714-3PM_680_30_2344_0,2.042,100.0,680,30,2344,0,0.3100557377508914
5185,20230714-3PM_680_30_2344_1,1.205,100.0,680,30,2344,1,0.08098704691088722
5186,20230714-3PM_680_30_2344_2,1.236,100.0,680,30,2344,2,0.09201847075279702
5187,20230714-3PM_680_30_2344_3,1.396,100.0,680,30,2344,3,0.14488541828714227
5188,20230714-3PM_680_30_2344_4,1.413,100.0,680,30,2344,4,0.1501421618485586
5189,20230714-3PM_680_30_2344_5,1.506,100.0,680,30,2344,5,0.17782497186468177
5190,20230714-3PM_680_30_2344_6,1.319,100.0,680,30,2344,6,0.12024479554636527
5191,20230714-3PM_680_30_2344_7,1.562,100.0,680,30,2344,7,0.19368102954128152
5192,20230714-3PM_750_30_2344_0,1.282,100.0,750,30,2344,0,0.10788802518279862
5193,20230714-3PM_750_30_2344_1,0.761,100.0,750,30,2344,1,-0.11861534322942717
5194,20230714-3PM_750_30_2344_2,0.786,100.0,750,30,2344,2,-0.10457745396059209
5195,20230714-3PM_750_30_2344_3,0.873,100.0,750,30,2344,3,-0.05898575629443027
5196,20230714-3PM_750_30_2344_4,0.867,100.0,750,30,2344,4,-0.06198090252378971
5197,20230714-3PM_750_30_2344_5,0.955,100.0,750,30,2344,5,-0.019996628416253676
5198,20230714-3PM_750_30_2344_6,0.838,100.0,750,30,2344,6,-0.07675598136972352
5199,20230714-3PM_750_30_2344_7,0.914,100.0,750,30,2344,7,-0.039053804266168564
5200,20230714-3PM_680_30_2343_0,2.105,100.0,680,30,2343,0,0.3232521001716871
5201,20230714-3PM_680_30_2343_1,1.184,100.0,680,30,2343,1,0.07335170238690095
5202,20230714-3PM_680_30_2343_2,1.791,100.0,680,30,2343,2,0.2530955858490315
5203,20230714-3PM_680_30_2343_3,2.122,100.0,680,30,2343,3,0.32674537956532185
5204,20230714-3PM_680_30_2343_4,2.139,100.0,680,30,2343,4,0.33021078457152797
5205,20230714-3PM_680_30_2343_5,1.675,100.0,680,30,2343,5,0.22401481137286405
5206,20230714-3PM_680_30_2343_6,1.739,100.0,680,30,2343,6,0.24029958200271248
5207,20230714-3PM_680_30_2343_7,2.018,100.0,680,30,2343,7,0.3049211619008917
5208,20230714-3PM_750_30_2343_0,1.269,100.0,750,30,2343,0,0.10346162209470475
5209,20230714-3PM_750_30_2343_1,0.875,100.0,750,30,2343,1,-0.057991946977686754
5210,20230714-3PM_750_30_2343_2,1.17,100.0,750,30,2343,2,0.06818586174616162
5211,20230714-3PM_750_30_2343_3,1.308,100.0,750,30,2343,3,0.11660774398824848
5212,20230714-3PM_750_30_2343_4,1.238,100.0,750,30,2343,4,0.09272064468409917
5213,20230714-3PM_750_30_2343_5,1.168,100.0,750,30,2343,5,0.06744284277638066
5214,20230714-3PM_750_30_2343_6,1.15,100.0,750,30,2343,6,0.06069784035361165
5215,20230714-3PM_750_30_2343_7,1.247,100.0,750,30,2343,7,0.09586645347854265
5216,20230714-3PM_680_30_1952_0,1.558,100.0,680,30,1952,0,0.19256745333654565
5217,20230714-3PM_680_30_1952_1,1.925,100.0,680,30,1952,1,0.2844307338445195
5218,20230714-3PM_680_30_1952_2,1.663,100.0,680,30,1952,2,0.22089224921951925
5219,20230714-3PM_680_30_1952_3,2.212,100.0,680,30,1952,3,0.3447851226326607
5220,20230714-3PM_680_30_1952_4,2.147,100.0,680,30,1952,4,0.33183204443624864
5221,20230714-3PM_680_30_1952_5,1.932,100.0,680,30,1952,5,0.28600712207947454
5222,20230714-3PM_680_30_1952_6,1.79,100.0,680,30,1952,6,0.2528530309798932
5223,20230714-3PM_680_30_1952_7,1.013,100.0,680,30,1952,7,0.005609445360280386
5224,20230714-3PM_750_30_1952_0,0.911,100.0,750,30,1952,0,-0.040481623027001735
5225,20230714-3PM_750_30_1952_1,1.071,100.0,750,30,1952,1,0.029789470831855614
5226,20230714-3PM_750_30_1952_2,1.026,100.0,750,30,1952,2,0.011147360775797479
5227,20230714-3PM_750_30_1952_3,1.249,100.0,750,30,1952,3,0.09656243837413556
5228,20230714-3PM_750_30_1952_4,1.11,100.0,750,30,1952,4,0.045322978786657475
5229,20230714-3PM_750_30_1952_5,1.159,100.0,750,30,1952,5,0.064083435963596
5230,20230714-3PM_750_30_1952_6,1.087,100.0,750,30,1952,6,0.03622954408629453
5231,20230714-3PM_750_30_1952_7,0.551,100.0,750,30,1952,7,-0.2588484011482149
5232,20230714-3PM_680_30_2931_0,1.813,100.0,680,30,2931,0,0.25839780409550867
5233,20230714-3PM_680_30_2931_1,1.656,100.0,680,30,2931,1,0.2190603324488613
5234,20230714-3PM_680_30_2931_2,1.751,100.0,680,30,2931,2,0.24328614608344612
5235,20230714-3PM_680_30_2931_3,1.641,100.0,680,30,2931,3,0.21510858105309322
5236,20230714-3PM_680_30_2931_4,1.515,100.0,680,30,2931,4,0.1804126328383238
5237,20230714-3PM_680_30_2931_5,2.004,100.0,680,30,2931,5,0.3018977171952081
5238,20230714-3PM_680_30_2931_6,1.592,100.0,680,30,2931,6,0.20194306340165025
5239,20230714-3PM_680_30_2931_7,1.107,100.0,680,30,2931,7,0.0441476208787228
5240,20230714-3PM_750_30_2931_0,1.168,100.0,750,30,2931,0,0.06744284277638066
5241,20230714-3PM_750_30_2931_1,1.076,100.0,750,30,2931,1,0.0318122713303704
5242,20230714-3PM_750_30_2931_2,1.127,100.0,750,30,2931,2,0.05192391604610654
5243,20230714-3PM_750_30_2931_3,1.107,100.0,750,30,2931,3,0.0441476208787228
5244,20230714-3PM_750_30_2931_4,1.046,100.0,750,30,2931,4,0.01953168453125545
5245,20230714-3PM_750_30_2931_5,1.209,100.0,750,30,2931,5,0.0824263008607719
5246,20230714-3PM_750_30_2931_6,1.131,100.0,750,30,2931,6,0.05346260492545529
5247,20230714-3PM_750_30_2931_7,0.858,100.0,750,30,2931,7,-0.06651271215129456
5248,20230714-3PM_680_30_JG5_0,1.717,100.0,680,30,JG5,0,0.23477029516091652
5249,20230714-3PM_680_30_JG5_1,0.57,100.0,680,30,JG5,1,-0.24412514432750865
5250,20230714-3PM_680_30_JG5_2,0.67,100.0,680,30,JG5,2,-0.17392519729917355
5251,20230714-3PM_680_30_JG5_3,1.25,100.0,680,30,JG5,3,0.09691001300805642
5252,20230714-3PM_680_30_JG5_4,0.352,100.0,680,30,JG5,4,-0.453457336521869
5253,20230714-3PM_680_30_JG5_5,1.046,100.0,680,30,JG5,5,0.01953168453125545
5254,20230714-3PM_680_30_JG5_6,0.547,100.0,680,30,JG5,6,-0.2620126736665692
5255,20230714-3PM_680_30_JG5_7,0.64,100.0,680,30,JG5,7,-0.1938200260161128
5256,20230714-3PM_750_30_JG5_0,0.976,100.0,750,30,JG5,0,-0.010550182333308195
5257,20230714-3PM_750_30_JG5_1,0.474,100.0,750,30,JG5,1,-0.324221658325915
5258,20230714-3PM_750_30_JG5_2,0.465,100.0,750,30,JG5,2,-0.33254704711004607
5259,20230714-3PM_750_30_JG5_3,0.85,100.0,750,30,JG5,3,-0.07058107428570728
5260,20230714-3PM_750_30_JG5_4,0.273,100.0,750,30,JG5,4,-0.563837352959244
5261,20230714-3PM_750_30_JG5_5,0.722,100.0,750,30,JG5,5,-0.14146280243036088
5262,20230714-3PM_750_30_JG5_6,0.422,100.0,750,30,JG5,6,-0.37468754903832613
5263,20230714-3PM_750_30_JG5_7,0.516,100.0,750,30,JG5,7,-0.28735029837278864
5264,20230714-3PM_680_30_BMS_0,1.784,100.0,680,30,BMS,0,0.25139485004010426
5265,20230714-3PM_680_30_BMS_1,1.656,100.0,680,30,BMS,1,0.2190603324488613
5266,20230714-3PM_680_30_BMS_2,1.636,100.0,680,30,BMS,2,0.21378329933530416
5267,20230714-3PM_680_30_BMS_3,1.973,100.0,680,30,BMS,3,0.2951270852521912
5268,20230714-3PM_680_30_BMS_4,1.818,100.0,680,30,BMS,4,0.25959387888594865
5269,20230714-3PM_680_30_BMS_5,1.812,100.0,680,30,BMS,5,0.25815819334079426
5270,20230714-3PM_680_30_BMS_6,1.509,100.0,680,30,BMS,6,0.17868923977558981
5271,20230714-3PM_680_30_BMS_7,1.757,100.0,680,30,BMS,7,0.24477176149529495
5272,20230714-3PM_750_30_BMS_0,1.109,100.0,750,30,BMS,0,0.04493154614916006
5273,20230714-3PM_750_30_BMS_1,1.07,100.0,750,30,BMS,1,0.029383777685209667
5274,20230714-3PM_750_30_BMS_2,1.091,100.0,750,30,BMS,2,0.037824750588341866
5275,20230714-3PM_750_30_BMS_3,1.191,100.0,750,30,BMS,3,0.07591176148277752
5276,20230714-3PM_750_30_BMS_4,1.152,100.0,750,30,BMS,4,0.06145247908719321
5277,20230714-3PM_750_30_BMS_5,1.174,100.0,750,30,BMS,5,0.06966809691159564
5278,20230714-3PM_750_30_BMS_6,1.06,100.0,750,30,BMS,6,0.02530586526477026
5279,20230714-3PM_750_30_BMS_7,1.109,100.0,750,30,BMS,7,0.04493154614916006
5280,20230710-9PM_680_25_3059_0,0.152,10.0,680,25,3059,0,-0.8181564120552275
5281,20230710-9PM_680_25_3059_1,0.121,10.0,680,25,3059,1,-0.9172146296835499
5282,20230710-9PM_680_25_3059_2,0.199,10.0,680,25,3059,2,-0.7011469235902933
5283,20230710-9PM_680_25_3059_3,0.16,10.0,680,25,3059,3,-0.7958800173440752
5284,20230710-9PM_680_25_3059_4,0.209,10.0,680,25,3059,4,-0.679853713888946
5285,20230710-9PM_680_25_3059_5,0.247,10.0,680,25,3059,5,-0.6073030467403343
5286,20230710-9PM_680_25_3059_6,0.21,10.0,680,25,3059,6,-0.6777807052660807
5287,20230710-9PM_680_25_3059_7,0.226,10.0,680,25,3059,7,-0.645891560852599
5288,20230710-9PM_750_25_3059_0,0.1,10.0,750,25,3059,0,-1.0
5289,20230710-9PM_750_25_3059_1,0.082,10.0,750,25,3059,1,-1.0861861476162833
5290,20230710-9PM_750_25_3059_2,0.115,10.0,750,25,3059,2,-0.9393021596463883
5291,20230710-9PM_750_25_3059_3,0.099,10.0,750,25,3059,3,-1.00436480540245
5292,20230710-9PM_750_25_3059_4,0.109,10.0,750,25,3059,4,-0.9625735020593764
5293,20230710-9PM_750_25_3059_5,0.121,10.0,750,25,3059,5,-0.9172146296835499
5294,20230710-9PM_750_25_3059_6,0.109,10.0,750,25,3059,6,-0.9625735020593764
5295,20230710-9PM_750_25_3059_7,0.13,10.0,750,25,3059,7,-0.8860566476931632
5296,20230710-9PM_680_25_1691_0,0.504,10.0,680,25,1691,0,-0.2975694635544747
5297,20230710-9PM_680_25_1691_1,0.513,10.0,680,25,1691,1,-0.2898826348881837
5298,20230710-9PM_680_25_1691_2,0.298,10.0,680,25,1691,2,-0.5257837359237448
5299,20230710-9PM_680_25_1691_3,0.465,10.0,680,25,1691,3,-0.33254704711004607
5300,20230710-9PM_680_25_1691_4,0.292,10.0,680,25,1691,4,-0.5346171485515817
5301,20230710-9PM_680_25_1691_5,0.302,10.0,680,25,1691,5,-0.5199930570428494
5302,20230710-9PM_680_25_1691_6,0.311,10.0,680,25,1691,6,-0.5072396109731625
5303,20230710-9PM_680_25_1691_7,0.338,10.0,680,25,1691,7,-0.47108329972234525
5304,20230710-9PM_750_25_1691_0,0.227,10.0,750,25,1691,0,-0.6439741428068773
5305,20230710-9PM_750_25_1691_1,0.229,10.0,750,25,1691,1,-0.640164517660112
5306,20230710-9PM_750_25_1691_2,0.161,10.0,750,25,1691,2,-0.7931741239681502
5307,20230710-9PM_750_25_1691_3,0.216,10.0,750,25,1691,3,-0.6655462488490691
5308,20230710-9PM_750_25_1691_4,0.161,10.0,750,25,1691,4,-0.7931741239681502
5309,20230710-9PM_750_25_1691_5,0.166,10.0,750,25,1691,5,-0.7798919119599449
5310,20230710-9PM_750_25_1691_6,0.153,10.0,750,25,1691,6,-0.8153085691824012
5311,20230710-9PM_750_25_1691_7,0.162,10.0,750,25,1691,7,-0.790484985457369
5312,20230710-9PM_680_25_1690_0,0.166,10.0,680,25,1690,0,-0.7798919119599449
5313,20230710-9PM_680_25_1690_1,0.283,10.0,680,25,1690,1,-0.5482135644757098
5314,20230710-9PM_680_25_1690_2,0.102,10.0,680,25,1690,2,-0.9913998282380825
5315,20230710-9PM_680_25_1690_3,0.165,10.0,680,25,1690,3,-0.7825160557860937
5316,20230710-9PM_680_25_1690_4,0.131,10.0,680,25,1690,4,-0.8827287043442357
5317,20230710-9PM_680_25_1690_5,0.112,10.0,680,25,1690,5,-0.9507819773298184
5318,20230710-9PM_680_25_1690_6,0.151,10.0,680,25,1690,6,-0.8210230527068306
5319,20230710-9PM_680_25_1690_7,0.149,10.0,680,25,1690,7,-0.826813731587726
5320,20230710-9PM_750_25_1690_0,0.115,10.0,750,25,1690,0,-0.9393021596463883
5321,20230710-9PM_750_25_1690_1,0.192,10.0,750,25,1690,1,-0.7166987712964504
5322,20230710-9PM_750_25_1690_2,0.078,10.0,750,25,1690,2,-1.1079053973095196
5323,20230710-9PM_750_25_1690_3,0.109,10.0,750,25,1690,3,-0.9625735020593764
5324,20230710-9PM_750_25_1690_4,0.087,10.0,750,25,1690,4,-1.0604807473813815
5325,20230710-9PM_750_25_1690_5,0.081,10.0,750,25,1690,5,-1.0915149811213503
5326,20230710-9PM_750_25_1690_6,0.1,10.0,750,25,1690,6,-1.0
5327,20230710-9PM_750_25_1690_7,0.1,10.0,750,25,1690,7,-1.0
5328,20230710-9PM_680_25_2342_0,0.179,10.0,680,25,2342,0,-0.7471469690201068
5329,20230710-9PM_680_25_2342_1,0.17,10.0,680,25,2342,1,-0.769551078621726
5330,20230710-9PM_680_25_2342_2,0.272,10.0,680,25,2342,2,-0.5654310959658012
5331,20230710-9PM_680_25_2342_3,0.182,10.0,680,25,2342,3,-0.7399286120149252
5332,20230710-9PM_680_25_2342_4,0.173,10.0,680,25,2342,4,-0.7619538968712046
5333,20230710-9PM_680_25_2342_5,0.173,10.0,680,25,2342,5,-0.7619538968712046
5334,20230710-9PM_680_25_2342_6,0.138,10.0,680,25,2342,6,-0.8601209135987634
5335,20230710-9PM_680_25_2342_7,0.251,10.0,680,25,2342,7,-0.6003262785189618
5336,20230710-9PM_750_25_2342_0,0.112,10.0,750,25,2342,0,-0.9507819773298184
5337,20230710-9PM_750_25_2342_1,0.11,10.0,750,25,2342,1,-0.958607314841775
5338,20230710-9PM_750_25_2342_2,0.132,10.0,750,25,2342,2,-0.8794260687941501
5339,20230710-9PM_750_25_2342_3,0.102,10.0,750,25,2342,3,-0.9913998282380825
5340,20230710-9PM_750_25_2342_4,0.095,10.0,750,25,2342,4,-1.0222763947111522
5341,20230710-9PM_750_25_2342_5,0.098,10.0,750,25,2342,5,-1.0087739243075051
5342,20230710-9PM_750_25_2342_6,0.081,10.0,750,25,2342,6,-1.0915149811213503
5343,20230710-9PM_750_25_2342_7,0.128,10.0,750,25,2342,7,-0.8927900303521317
5344,20230710-9PM_680_25_4532_0,0.131,10.0,680,25,4532,0,-0.8827287043442357
5345,20230710-9PM_680_25_4532_1,0.108,10.0,680,25,4532,1,-0.9665762445130504
5346,20230710-9PM_680_25_4532_2,0.21,10.0,680,25,4532,2,-0.6777807052660807
5347,20230710-9PM_680_25_4532_3,0.108,10.0,680,25,4532,3,-0.9665762445130504
5348,20230710-9PM_680_25_4532_4,0.209,10.0,680,25,4532,4,-0.679853713888946
5349,20230710-9PM_680_25_4532_5,0.115,10.0,680,25,4532,5,-0.9393021596463883
5350,20230710-9PM_680_25_4532_6,0.14,10.0,680,25,4532,6,-0.8538719643217619
5351,20230710-9PM_680_25_4532_7,0.162,10.0,680,25,4532,7,-0.790484985457369
5352,20230710-9PM_750_25_4532_0,0.085,10.0,750,25,4532,0,-1.0705810742857071
5353,20230710-9PM_750_25_4532_1,0.086,10.0,750,25,4532,1,-1.0655015487564323
5354,20230710-9PM_750_25_4532_2,0.111,10.0,750,25,4532,2,-0.9546770212133425
5355,20230710-9PM_750_25_4532_3,0.108,10.0,750,25,4532,3,-0.9665762445130504
5356,20230710-9PM_750_25_4532_4,0.154,10.0,750,25,4532,4,-0.8124792791635369
5357,20230710-9PM_750_25_4532_5,0.09,10.0,750,25,4532,5,-1.0457574905606752
5358,20230710-9PM_750_25_4532_6,0.096,10.0,750,25,4532,6,-1.0177287669604316
5359,20230710-9PM_750_25_4532_7,0.105,10.0,750,25,4532,7,-0.978810700930062
5360,20230710-9PM_680_25_2344_0,0.134,10.0,680,25,2344,0,-0.8728952016351923
5361,20230710-9PM_680_25_2344_1,0.221,10.0,680,25,2344,1,-0.6556077263148893
5362,20230710-9PM_680_25_2344_2,0.145,10.0,680,25,2344,2,-0.8386319977650252
5363,20230710-9PM_680_25_2344_3,0.192,10.0,680,25,2344,3,-0.7166987712964504
5364,20230710-9PM_680_25_2344_4,0.08,10.0,680,25,2344,4,-1.0969100130080565
5365,20230710-9PM_680_25_2344_5,0.23,10.0,680,25,2344,5,-0.638272163982407
5366,20230710-9PM_680_25_2344_6,0.175,10.0,680,25,2344,6,-0.7569619513137056
5367,20230710-9PM_680_25_2344_7,0.153,10.0,680,25,2344,7,-0.8153085691824012
5368,20230710-9PM_750_25_2344_0,0.096,10.0,750,25,2344,0,-1.0177287669604316
5369,20230710-9PM_750_25_2344_1,0.142,10.0,750,25,2344,1,-0.8477116556169435
5370,20230710-9PM_750_25_2344_2,0.096,10.0,750,25,2344,2,-1.0177287669604316
5371,20230710-9PM_750_25_2344_3,0.114,10.0,750,25,2344,3,-0.9430951486635274
5372,20230710-9PM_750_25_2344_4,0.068,10.0,750,25,2344,4,-1.1674910872937636
5373,20230710-9PM_750_25_2344_5,0.145,10.0,750,25,2344,5,-0.8386319977650252
5374,20230710-9PM_750_25_2344_6,0.108,10.0,750,25,2344,6,-0.9665762445130504
5375,20230710-9PM_750_25_2344_7,0.103,10.0,750,25,2344,7,-0.9871627752948278
5376,20230710-9PM_680_25_2343_0,0.21,10.0,680,25,2343,0,-0.6777807052660807
5377,20230710-9PM_680_25_2343_1,0.13,10.0,680,25,2343,1,-0.8860566476931632
5378,20230710-9PM_680_25_2343_2,0.135,10.0,680,25,2343,2,-0.8696662315049939
5379,20230710-9PM_680_25_2343_3,0.173,10.0,680,25,2343,3,-0.7619538968712046
5380,20230710-9PM_680_25_2343_4,0.383,10.0,680,25,2343,4,-0.41680122603137726
5381,20230710-9PM_680_25_2343_5,0.109,10.0,680,25,2343,5,-0.9625735020593764
5382,20230710-9PM_680_25_2343_6,0.203,10.0,680,25,2343,6,-0.6925039620867871
5383,20230710-9PM_680_25_2343_7,0.137,10.0,680,25,2343,7,-0.8632794328435932
5384,20230710-9PM_750_25_2343_0,0.123,10.0,750,25,2343,0,-0.9100948885606021
5385,20230710-9PM_750_25_2343_1,0.089,10.0,750,25,2343,1,-1.0506099933550872
5386,20230710-9PM_750_25_2343_2,0.091,10.0,750,25,2343,2,-1.0409586076789064
5387,20230710-9PM_750_25_2343_3,0.111,10.0,750,25,2343,3,-0.9546770212133425
5388,20230710-9PM_750_25_2343_4,0.207,10.0,750,25,2343,4,-0.6840296545430823
5389,20230710-9PM_750_25_2343_5,0.078,10.0,750,25,2343,5,-1.1079053973095196
5390,20230710-9PM_750_25_2343_6,0.125,10.0,750,25,2343,6,-0.9030899869919435
5391,20230710-9PM_750_25_2343_7,0.089,10.0,750,25,2343,7,-1.0506099933550872
5392,20230710-9PM_680_25_1952_0,0.127,10.0,680,25,1952,0,-0.8961962790440431
5393,20230710-9PM_680_25_1952_1,0.153,10.0,680,25,1952,1,-0.8153085691824012
5394,20230710-9PM_680_25_1952_2,0.175,10.0,680,25,1952,2,-0.7569619513137056
5395,20230710-9PM_680_25_1952_3,0.191,10.0,680,25,1952,3,-0.7189666327522725
5396,20230710-9PM_680_25_1952_4,0.114,10.0,680,25,1952,4,-0.9430951486635274
5397,20230710-9PM_680_25_1952_5,0.098,10.0,680,25,1952,5,-1.0087739243075051
5398,20230710-9PM_680_25_1952_6,0.174,10.0,680,25,1952,6,-0.7594507517174003
5399,20230710-9PM_680_25_1952_7,0.165,10.0,680,25,1952,7,-0.7825160557860937
5400,20230710-9PM_750_25_1952_0,0.091,10.0,750,25,1952,0,-1.0409586076789064
5401,20230710-9PM_750_25_1952_1,0.108,10.0,750,25,1952,1,-0.9665762445130504
5402,20230710-9PM_750_25_1952_2,0.121,10.0,750,25,1952,2,-0.9172146296835499
5403,20230710-9PM_750_25_1952_3,0.123,10.0,750,25,1952,3,-0.9100948885606021
5404,20230710-9PM_750_25_1952_4,0.088,10.0,750,25,1952,4,-1.0555173278498313
5405,20230710-9PM_750_25_1952_5,0.075,10.0,750,25,1952,5,-1.1249387366083
5406,20230710-9PM_750_25_1952_6,0.114,10.0,750,25,1952,6,-0.9430951486635274
5407,20230710-9PM_750_25_1952_7,0.112,10.0,750,25,1952,7,-0.9507819773298184
5408,20230710-9PM_680_25_2931_0,0.122,10.0,680,25,2931,0,-0.9136401693252518
5409,20230710-9PM_680_25_2931_1,0.096,10.0,680,25,2931,1,-1.0177287669604316
5410,20230710-9PM_680_25_2931_2,0.144,10.0,680,25,2931,2,-0.8416375079047503
5411,20230710-9PM_680_25_2931_3,0.115,10.0,680,25,2931,3,-0.9393021596463883
5412,20230710-9PM_680_25_2931_4,0.177,10.0,680,25,2931,4,-0.7520267336381934
5413,20230710-9PM_680_25_2931_5,0.169,10.0,680,25,2931,5,-0.7721132953863264
5414,20230710-9PM_680_25_2931_6,0.157,10.0,680,25,2931,6,-0.8041003475907662
5415,20230710-9PM_680_25_2931_7,0.164,10.0,680,25,2931,7,-0.7851561519523022
5416,20230710-9PM_750_25_2931_0,0.086,10.0,750,25,2931,0,-1.0655015487564323
5417,20230710-9PM_750_25_2931_1,0.073,10.0,750,25,2931,1,-1.136677139879544
5418,20230710-9PM_750_25_2931_2,0.098,10.0,750,25,2931,2,-1.0087739243075051
5419,20230710-9PM_750_25_2931_3,0.082,10.0,750,25,2931,3,-1.0861861476162833
5420,20230710-9PM_750_25_2931_4,0.114,10.0,750,25,2931,4,-0.9430951486635274
5421,20230710-9PM_750_25_2931_5,0.112,10.0,750,25,2931,5,-0.9507819773298184
5422,20230710-9PM_750_25_2931_6,0.106,10.0,750,25,2931,6,-0.9746941347352298
5423,20230710-9PM_750_25_2931_7,0.102,10.0,750,25,2931,7,-0.9913998282380825
5424,20230710-9PM_680_25_JG5_0,0.065,10.0,680,25,JG5,0,-1.1870866433571443
5425,20230710-9PM_680_25_JG5_1,0.142,10.0,680,25,JG5,1,-0.8477116556169435
5426,20230710-9PM_680_25_JG5_2,0.046,10.0,680,25,JG5,2,-1.337242168318426
5427,20230710-9PM_680_25_JG5_3,0.184,10.0,680,25,JG5,3,-0.7351821769904635
5428,20230710-9PM_680_25_JG5_4,0.058,10.0,680,25,JG5,4,-1.2365720064370627
5429,20230710-9PM_680_25_JG5_5,0.287,10.0,680,25,JG5,5,-0.5421181032660077
5430,20230710-9PM_680_25_JG5_6,0.06,10.0,680,25,JG5,6,-1.2218487496163564
5431,20230710-9PM_680_25_JG5_7,0.039,10.0,680,25,JG5,7,-1.408935392973501
5432,20230710-9PM_750_25_JG5_0,0.058,10.0,750,25,JG5,0,-1.2365720064370627
5433,20230710-9PM_750_25_JG5_1,0.094,10.0,750,25,JG5,1,-1.0268721464003014
5434,20230710-9PM_750_25_JG5_2,0.049,10.0,750,25,JG5,2,-1.3098039199714864
5435,20230710-9PM_750_25_JG5_3,0.119,10.0,750,25,JG5,3,-0.9244530386074693
5436,20230710-9PM_750_25_JG5_4,0.055,10.0,750,25,JG5,4,-1.2596373105057561
5437,20230710-9PM_750_25_JG5_5,0.154,10.0,750,25,JG5,5,-0.8124792791635369
5438,20230710-9PM_750_25_JG5_6,0.057,10.0,750,25,JG5,6,-1.2441251443275085
5439,20230710-9PM_750_25_JG5_7,0.044,10.0,750,25,JG5,7,-1.3565473235138126
5440,20230710-9PM_680_25_BMS_0,0.221,10.0,680,25,BMS,0,-0.6556077263148893
5441,20230710-9PM_680_25_BMS_1,0.231,10.0,680,25,BMS,1,-0.6363880201078557
5442,20230710-9PM_680_25_BMS_2,0.321,10.0,680,25,BMS,2,-0.4934949675951279
5443,20230710-9PM_680_25_BMS_3,0.203,10.0,680,25,BMS,3,-0.6925039620867871
5444,20230710-9PM_680_25_BMS_4,0.183,10.0,680,25,BMS,4,-0.7375489102695706
5445,20230710-9PM_680_25_BMS_5,0.275,10.0,680,25,BMS,5,-0.5606673061697374
5446,20230710-9PM_680_25_BMS_6,0.21,10.0,680,25,BMS,6,-0.6777807052660807
5447,20230710-9PM_680_25_BMS_7,0.23,10.0,680,25,BMS,7,-0.638272163982407
5448,20230710-9PM_750_25_BMS_0,0.135,10.0,750,25,BMS,0,-0.8696662315049939
5449,20230710-9PM_750_25_BMS_1,0.142,10.0,750,25,BMS,1,-0.8477116556169435
5450,20230710-9PM_750_25_BMS_2,0.184,10.0,750,25,BMS,2,-0.7351821769904635
5451,20230710-9PM_750_25_BMS_3,0.127,10.0,750,25,BMS,3,-0.8961962790440431
5452,20230710-9PM_750_25_BMS_4,0.12,10.0,750,25,BMS,4,-0.9208187539523752
5453,20230710-9PM_750_25_BMS_5,0.16,10.0,750,25,BMS,5,-0.7958800173440752
5454,20230710-9PM_750_25_BMS_6,0.128,10.0,750,25,BMS,6,-0.8927900303521317
5455,20230710-9PM_750_25_BMS_7,0.143,10.0,750,25,BMS,7,-0.8446639625349383
5456,20230710-9PM_680_20_3059_0,0.161,10.0,680,20,3059,0,-0.7931741239681502
5457,20230710-9PM_680_20_3059_1,0.156,10.0,680,20,3059,1,-0.8068754016455384
5458,20230710-9PM_680_20_3059_2,0.195,10.0,680,20,3059,2,-0.7099653886374819
5459,20230710-9PM_680_20_3059_3,0.122,10.0,680,20,3059,3,-0.9136401693252518
5460,20230710-9PM_680_20_3059_4,0.233,10.0,680,20,3059,4,-0.632644078973981
5461,20230710-9PM_680_20_3059_5,0.26,10.0,680,20,3059,5,-0.585026652029182
5462,20230710-9PM_680_20_3059_6,0.182,10.0,680,20,3059,6,-0.7399286120149252
5463,20230710-9PM_680_20_3059_7,0.176,10.0,680,20,3059,7,-0.7544873321858502
5464,20230710-9PM_750_20_3059_0,0.111,10.0,750,20,3059,0,-0.9546770212133425
5465,20230710-9PM_750_20_3059_1,0.1,10.0,750,20,3059,1,-1.0
5466,20230710-9PM_750_20_3059_2,0.122,10.0,750,20,3059,2,-0.9136401693252518
5467,20230710-9PM_750_20_3059_3,0.085,10.0,750,20,3059,3,-1.0705810742857071
5468,20230710-9PM_750_20_3059_4,0.122,10.0,750,20,3059,4,-0.9136401693252518
5469,20230710-9PM_750_20_3059_5,0.132,10.0,750,20,3059,5,-0.8794260687941501
5470,20230710-9PM_750_20_3059_6,0.108,10.0,750,20,3059,6,-0.9665762445130504
5471,20230710-9PM_750_20_3059_7,0.112,10.0,750,20,3059,7,-0.9507819773298184
5472,20230710-9PM_680_20_1691_0,0.353,10.0,680,20,1691,0,-0.4522252946121775
5473,20230710-9PM_680_20_1691_1,0.329,10.0,680,20,1691,1,-0.48280410205002566
5474,20230710-9PM_680_20_1691_2,0.215,10.0,680,20,1691,2,-0.6675615400843947
5475,20230710-9PM_680_20_1691_3,0.473,10.0,680,20,1691,3,-0.32513885926218844
5476,20230710-9PM_680_20_1691_4,0.227,10.0,680,20,1691,4,-0.6439741428068773
5477,20230710-9PM_680_20_1691_5,0.315,10.0,680,20,1691,5,-0.5016894462103995
5478,20230710-9PM_680_20_1691_6,0.248,10.0,680,20,1691,6,-0.6055483191737837
5479,20230710-9PM_680_20_1691_7,0.357,10.0,680,20,1691,7,-0.4473317838878068
5480,20230710-9PM_750_20_1691_0,0.201,10.0,750,20,1691,0,-0.6968039425795111
5481,20230710-9PM_750_20_1691_1,0.184,10.0,750,20,1691,1,-0.7351821769904635
5482,20230710-9PM_750_20_1691_2,0.139,10.0,750,20,1691,2,-0.8569851997459049
5483,20230710-9PM_750_20_1691_3,0.24,10.0,750,20,1691,3,-0.619788758288394
5484,20230710-9PM_750_20_1691_4,0.145,10.0,750,20,1691,4,-0.8386319977650252
5485,20230710-9PM_750_20_1691_5,0.178,10.0,750,20,1691,5,-0.7495799976911061
5486,20230710-9PM_750_20_1691_6,0.136,10.0,750,20,1691,6,-0.8664610916297825
5487,20230710-9PM_750_20_1691_7,0.196,10.0,750,20,1691,7,-0.707743928643524
5488,20230710-9PM_680_20_1690_0,0.122,10.0,680,20,1690,0,-0.9136401693252518
5489,20230710-9PM_680_20_1690_1,0.239,10.0,680,20,1690,1,-0.6216020990518624
5490,20230710-9PM_680_20_1690_2,0.171,10.0,680,20,1690,2,-0.7670038896078462
5491,20230710-9PM_680_20_1690_3,0.158,10.0,680,20,1690,3,-0.8013429130455774
5492,20230710-9PM_680_20_1690_4,0.217,10.0,680,20,1690,4,-0.6635402661514705
5493,20230710-9PM_680_20_1690_5,0.132,10.0,680,20,1690,5,-0.8794260687941501
5494,20230710-9PM_680_20_1690_6,0.127,10.0,680,20,1690,6,-0.8961962790440431
5495,20230710-9PM_680_20_1690_7,0.118,10.0,680,20,1690,7,-0.9281179926938746
5496,20230710-9PM_750_20_1690_0,0.095,10.0,750,20,1690,0,-1.0222763947111522
5497,20230710-9PM_750_20_1690_1,0.158,10.0,750,20,1690,1,-0.8013429130455774
5498,20230710-9PM_750_20_1690_2,0.123,10.0,750,20,1690,2,-0.9100948885606021
5499,20230710-9PM_750_20_1690_3,0.109,10.0,750,20,1690,3,-0.9625735020593764
5500,20230710-9PM_750_20_1690_4,0.133,10.0,750,20,1690,4,-0.8761483590329142
5501,20230710-9PM_750_20_1690_5,0.093,10.0,750,20,1690,5,-1.031517051446065
5502,20230710-9PM_750_20_1690_6,0.092,10.0,750,20,1690,6,-1.0362121726544447
5503,20230710-9PM_750_20_1690_7,0.086,10.0,750,20,1690,7,-1.0655015487564323
5504,20230710-9PM_680_20_2342_0,0.206,10.0,680,20,2342,0,-0.6861327796308466
5505,20230710-9PM_680_20_2342_1,0.156,10.0,680,20,2342,1,-0.8068754016455384
5506,20230710-9PM_680_20_2342_2,0.249,10.0,680,20,2342,2,-0.6038006529042637
5507,20230710-9PM_680_20_2342_3,0.203,10.0,680,20,2342,3,-0.6925039620867871
5508,20230710-9PM_680_20_2342_4,0.165,10.0,680,20,2342,4,-0.7825160557860937
5509,20230710-9PM_680_20_2342_5,0.323,10.0,680,20,2342,5,-0.4907974776688971
5510,20230710-9PM_680_20_2342_6,0.155,10.0,680,20,2342,6,-0.8096683018297085
5511,20230710-9PM_680_20_2342_7,0.232,10.0,680,20,2342,7,-0.6345120151091003
5512,20230710-9PM_750_20_2342_0,0.11,10.0,750,20,2342,0,-0.958607314841775
5513,20230710-9PM_750_20_2342_1,0.095,10.0,750,20,2342,1,-1.0222763947111522
5514,20230710-9PM_750_20_2342_2,0.144,10.0,750,20,2342,2,-0.8416375079047503
5515,20230710-9PM_750_20_2342_3,0.103,10.0,750,20,2342,3,-0.9871627752948278
5516,20230710-9PM_750_20_2342_4,0.095,10.0,750,20,2342,4,-1.0222763947111522
5517,20230710-9PM_750_20_2342_5,0.152,10.0,750,20,2342,5,-0.8181564120552275
5518,20230710-9PM_750_20_2342_6,0.086,10.0,750,20,2342,6,-1.0655015487564323
5519,20230710-9PM_750_20_2342_7,0.123,10.0,750,20,2342,7,-0.9100948885606021
5520,20230710-9PM_680_20_4532_0,0.158,10.0,680,20,4532,0,-0.8013429130455774
5521,20230710-9PM_680_20_4532_1,0.157,10.0,680,20,4532,1,-0.8041003475907662
5522,20230710-9PM_680_20_4532_2,0.2,10.0,680,20,4532,2,-0.6989700043360187
5523,20230710-9PM_680_20_4532_3,0.18,10.0,680,20,4532,3,-0.744727494896694
5524,20230710-9PM_680_20_4532_4,0.205,10.0,680,20,4532,4,-0.6882461389442457
5525,20230710-9PM_680_20_4532_5,0.32,10.0,680,20,4532,5,-0.494850021680094
5526,20230710-9PM_680_20_4532_6,0.164,10.0,680,20,4532,6,-0.7851561519523022
5527,20230710-9PM_680_20_4532_7,0.141,10.0,680,20,4532,7,-0.8507808873446201
5528,20230710-9PM_750_20_4532_0,0.101,10.0,750,20,4532,0,-0.9956786262173574
5529,20230710-9PM_750_20_4532_1,0.094,10.0,750,20,4532,1,-1.0268721464003014
5530,20230710-9PM_750_20_4532_2,0.108,10.0,750,20,4532,2,-0.9665762445130504
5531,20230710-9PM_750_20_4532_3,0.12,10.0,750,20,4532,3,-0.9208187539523752
5532,20230710-9PM_750_20_4532_4,0.101,10.0,750,20,4532,4,-0.9956786262173574
5533,20230710-9PM_750_20_4532_5,0.13,10.0,750,20,4532,5,-0.8860566476931632
5534,20230710-9PM_750_20_4532_6,0.094,10.0,750,20,4532,6,-1.0268721464003014
5535,20230710-9PM_750_20_4532_7,0.081,10.0,750,20,4532,7,-1.0915149811213503
5536,20230710-9PM_680_20_2344_0,0.172,10.0,680,20,2344,0,-0.7644715530924511
5537,20230710-9PM_680_20_2344_1,0.224,10.0,680,20,2344,1,-0.6497519816658371
5538,20230710-9PM_680_20_2344_2,0.157,10.0,680,20,2344,2,-0.8041003475907662
5539,20230710-9PM_680_20_2344_3,0.177,10.0,680,20,2344,3,-0.7520267336381934
5540,20230710-9PM_680_20_2344_4,0.075,10.0,680,20,2344,4,-1.1249387366083
5541,20230710-9PM_680_20_2344_5,0.134,10.0,680,20,2344,5,-0.8728952016351923
5542,20230710-9PM_680_20_2344_6,0.158,10.0,680,20,2344,6,-0.8013429130455774
5543,20230710-9PM_680_20_2344_7,0.155,10.0,680,20,2344,7,-0.8096683018297085
5544,20230710-9PM_750_20_2344_0,0.12,10.0,750,20,2344,0,-0.9208187539523752
5545,20230710-9PM_750_20_2344_1,0.145,10.0,750,20,2344,1,-0.8386319977650252
5546,20230710-9PM_750_20_2344_2,0.105,10.0,750,20,2344,2,-0.978810700930062
5547,20230710-9PM_750_20_2344_3,0.113,10.0,750,20,2344,3,-0.9469215565165803
5548,20230710-9PM_750_20_2344_4,0.066,10.0,750,20,2344,4,-1.1804560644581312
5549,20230710-9PM_750_20_2344_5,0.098,10.0,750,20,2344,5,-1.0087739243075051
5550,20230710-9PM_750_20_2344_6,0.106,10.0,750,20,2344,6,-0.9746941347352298
5551,20230710-9PM_750_20_2344_7,0.107,10.0,750,20,2344,7,-0.9706162223147904
5552,20230710-9PM_680_20_2343_0,0.213,10.0,680,20,2343,0,-0.6716203965612623
5553,20230710-9PM_680_20_2343_1,0.255,10.0,680,20,2343,1,-0.5934598195660449
5554,20230710-9PM_680_20_2343_2,0.131,10.0,680,20,2343,2,-0.8827287043442357
5555,20230710-9PM_680_20_2343_3,0.365,10.0,680,20,2343,3,-0.4377071355435253
5556,20230710-9PM_680_20_2343_4,0.152,10.0,680,20,2343,4,-0.8181564120552275
5557,20230710-9PM_680_20_2343_5,0.11,10.0,680,20,2343,5,-0.958607314841775
5558,20230710-9PM_680_20_2343_6,0.126,10.0,680,20,2343,6,-0.8996294548824371
5559,20230710-9PM_680_20_2343_7,0.095,10.0,680,20,2343,7,-1.0222763947111522
5560,20230710-9PM_750_20_2343_0,0.126,10.0,750,20,2343,0,-0.8996294548824371
5561,20230710-9PM_750_20_2343_1,0.146,10.0,750,20,2343,1,-0.835647144215563
5562,20230710-9PM_750_20_2343_2,0.091,10.0,750,20,2343,2,-1.0409586076789064
5563,20230710-9PM_750_20_2343_3,0.2,10.0,750,20,2343,3,-0.6989700043360187
5564,20230710-9PM_750_20_2343_4,0.102,10.0,750,20,2343,4,-0.9913998282380825
5565,20230710-9PM_750_20_2343_5,0.081,10.0,750,20,2343,5,-1.0915149811213503
5566,20230710-9PM_750_20_2343_6,0.094,10.0,750,20,2343,6,-1.0268721464003014
5567,20230710-9PM_750_20_2343_7,0.076,10.0,750,20,2343,7,-1.1191864077192086
5568,20230710-9PM_680_20_1952_0,0.162,10.0,680,20,1952,0,-0.790484985457369
5569,20230710-9PM_680_20_1952_1,0.209,10.0,680,20,1952,1,-0.679853713888946
5570,20230710-9PM_680_20_1952_2,0.175,10.0,680,20,1952,2,-0.7569619513137056
5571,20230710-9PM_680_20_1952_3,0.194,10.0,680,20,1952,3,-0.712198270069774
5572,20230710-9PM_680_20_1952_4,0.138,10.0,680,20,1952,4,-0.8601209135987634
5573,20230710-9PM_680_20_1952_5,0.149,10.0,680,20,1952,5,-0.826813731587726
5574,20230710-9PM_680_20_1952_6,0.149,10.0,680,20,1952,6,-0.826813731587726
5575,20230710-9PM_680_20_1952_7,0.161,10.0,680,20,1952,7,-0.7931741239681502
5576,20230710-9PM_750_20_1952_0,0.111,10.0,750,20,1952,0,-0.9546770212133425
5577,20230710-9PM_750_20_1952_1,0.14,10.0,750,20,1952,1,-0.8538719643217619
5578,20230710-9PM_750_20_1952_2,0.122,10.0,750,20,1952,2,-0.9136401693252518
5579,20230710-9PM_750_20_1952_3,0.128,10.0,750,20,1952,3,-0.8927900303521317
5580,20230710-9PM_750_20_1952_4,0.102,10.0,750,20,1952,4,-0.9913998282380825
5581,20230710-9PM_750_20_1952_5,0.105,10.0,750,20,1952,5,-0.978810700930062
5582,20230710-9PM_750_20_1952_6,0.103,10.0,750,20,1952,6,-0.9871627752948278
5583,20230710-9PM_750_20_1952_7,0.113,10.0,750,20,1952,7,-0.9469215565165803
5584,20230710-9PM_680_20_2931_0,0.139,10.0,680,20,2931,0,-0.8569851997459049
5585,20230710-9PM_680_20_2931_1,0.092,10.0,680,20,2931,1,-1.0362121726544447
5586,20230710-9PM_680_20_2931_2,0.149,10.0,680,20,2931,2,-0.826813731587726
5587,20230710-9PM_680_20_2931_3,0.103,10.0,680,20,2931,3,-0.9871627752948278
5588,20230710-9PM_680_20_2931_4,0.195,10.0,680,20,2931,4,-0.7099653886374819
5589,20230710-9PM_680_20_2931_5,0.132,10.0,680,20,2931,5,-0.8794260687941501
5590,20230710-9PM_680_20_2931_6,0.153,10.0,680,20,2931,6,-0.8153085691824012
5591,20230710-9PM_680_20_2931_7,0.2,10.0,680,20,2931,7,-0.6989700043360187
5592,20230710-9PM_750_20_2931_0,0.096,10.0,750,20,2931,0,-1.0177287669604316
5593,20230710-9PM_750_20_2931_1,0.074,10.0,750,20,2931,1,-1.1307682802690238
5594,20230710-9PM_750_20_2931_2,0.106,10.0,750,20,2931,2,-0.9746941347352298
5595,20230710-9PM_750_20_2931_3,0.08,10.0,750,20,2931,3,-1.0969100130080565
5596,20230710-9PM_750_20_2931_4,0.126,10.0,750,20,2931,4,-0.8996294548824371
5597,20230710-9PM_750_20_2931_5,0.094,10.0,750,20,2931,5,-1.0268721464003014
5598,20230710-9PM_750_20_2931_6,0.105,10.0,750,20,2931,6,-0.978810700930062
5599,20230710-9PM_750_20_2931_7,0.123,10.0,750,20,2931,7,-0.9100948885606021
5600,20230710-9PM_680_20_JG5_0,0.145,10.0,680,20,JG5,0,-0.8386319977650252
5601,20230710-9PM_680_20_JG5_1,0.182,10.0,680,20,JG5,1,-0.7399286120149252
5602,20230710-9PM_680_20_JG5_2,0.078,10.0,680,20,JG5,2,-1.1079053973095196
5603,20230710-9PM_680_20_JG5_3,0.065,10.0,680,20,JG5,3,-1.1870866433571443
5604,20230710-9PM_680_20_JG5_4,0.103,10.0,680,20,JG5,4,-0.9871627752948278
5605,20230710-9PM_680_20_JG5_5,0.082,10.0,680,20,JG5,5,-1.0861861476162833
5606,20230710-9PM_680_20_JG5_6,0.045,10.0,680,20,JG5,6,-1.3467874862246563
5607,20230710-9PM_680_20_JG5_7,0.037,10.0,680,20,JG5,7,-1.431798275933005
5608,20230710-9PM_750_20_JG5_0,0.109,10.0,750,20,JG5,0,-0.9625735020593764
5609,20230710-9PM_750_20_JG5_1,0.115,10.0,750,20,JG5,1,-0.9393021596463883
5610,20230710-9PM_750_20_JG5_2,0.07,10.0,750,20,JG5,2,-1.154901959985743
5611,20230710-9PM_750_20_JG5_3,0.06,10.0,750,20,JG5,3,-1.2218487496163564
5612,20230710-9PM_750_20_JG5_4,0.081,10.0,750,20,JG5,4,-1.0915149811213503
5613,20230710-9PM_750_20_JG5_5,0.07,10.0,750,20,JG5,5,-1.154901959985743
5614,20230710-9PM_750_20_JG5_6,0.047,10.0,750,20,JG5,6,-1.3279021420642825
5615,20230710-9PM_750_20_JG5_7,0.041,10.0,750,20,JG5,7,-1.3872161432802645
5616,20230710-9PM_680_20_BMS_0,0.137,10.0,680,20,BMS,0,-0.8632794328435932
5617,20230710-9PM_680_20_BMS_1,0.213,10.0,680,20,BMS,1,-0.6716203965612623
5618,20230710-9PM_680_20_BMS_2,0.168,10.0,680,20,BMS,2,-0.7746907182741372
5619,20230710-9PM_680_20_BMS_3,0.204,10.0,680,20,BMS,3,-0.6903698325741012
5620,20230710-9PM_680_20_BMS_4,0.15,10.0,680,20,BMS,4,-0.8239087409443188
5621,20230710-9PM_680_20_BMS_5,0.183,10.0,680,20,BMS,5,-0.7375489102695706
5622,20230710-9PM_680_20_BMS_6,0.156,10.0,680,20,BMS,6,-0.8068754016455384
5623,20230710-9PM_680_20_BMS_7,0.139,10.0,680,20,BMS,7,-0.8569851997459049
5624,20230710-9PM_750_20_BMS_0,0.096,10.0,750,20,BMS,0,-1.0177287669604316
5625,20230710-9PM_750_20_BMS_1,0.131,10.0,750,20,BMS,1,-0.8827287043442357
5626,20230710-9PM_750_20_BMS_2,0.111,10.0,750,20,BMS,2,-0.9546770212133425
5627,20230710-9PM_750_20_BMS_3,0.128,10.0,750,20,BMS,3,-0.8927900303521317
5628,20230710-9PM_750_20_BMS_4,0.102,10.0,750,20,BMS,4,-0.9913998282380825
5629,20230710-9PM_750_20_BMS_5,0.116,10.0,750,20,BMS,5,-0.9355420107730815
5630,20230710-9PM_750_20_BMS_6,0.103,10.0,750,20,BMS,6,-0.9871627752948278
5631,20230710-9PM_750_20_BMS_7,0.096,10.0,750,20,BMS,7,-1.0177287669604316
5632,20230710-9PM_680_30_3059_0,0.129,10.0,680,30,3059,0,-0.889410289700751
5633,20230710-9PM_680_30_3059_1,0.148,10.0,680,30,3059,1,-0.8297382846050426
5634,20230710-9PM_680_30_3059_2,0.251,10.0,680,30,3059,2,-0.6003262785189618
5635,20230710-9PM_680_30_3059_3,0.176,10.0,680,30,3059,3,-0.7544873321858502
5636,20230710-9PM_680_30_3059_4,0.221,10.0,680,30,3059,4,-0.6556077263148893
5637,20230710-9PM_680_30_3059_5,0.278,10.0,680,30,3059,5,-0.5559552040819237
5638,20230710-9PM_680_30_3059_6,0.258,10.0,680,30,3059,6,-0.5883802940367698
5639,20230710-9PM_680_30_3059_7,0.252,10.0,680,30,3059,7,-0.5985994592184559
5640,20230710-9PM_750_30_3059_0,0.085,10.0,750,30,3059,0,-1.0705810742857071
5641,20230710-9PM_750_30_3059_1,0.09,10.0,750,30,3059,1,-1.0457574905606752
5642,20230710-9PM_750_30_3059_2,0.121,10.0,750,30,3059,2,-0.9172146296835499
5643,20230710-9PM_750_30_3059_3,0.101,10.0,750,30,3059,3,-0.9956786262173574
5644,20230710-9PM_750_30_3059_4,0.106,10.0,750,30,3059,4,-0.9746941347352298
5645,20230710-9PM_750_30_3059_5,0.118,10.0,750,30,3059,5,-0.9281179926938746
5646,20230710-9PM_750_30_3059_6,0.118,10.0,750,30,3059,6,-0.9281179926938746
5647,20230710-9PM_750_30_3059_7,0.134,10.0,750,30,3059,7,-0.8728952016351923
5648,20230710-9PM_680_30_1691_0,0.244,10.0,680,30,1691,0,-0.6126101736612706
5649,20230710-9PM_680_30_1691_1,0.275,10.0,680,30,1691,1,-0.5606673061697374
5650,20230710-9PM_680_30_1691_2,0.272,10.0,680,30,1691,2,-0.5654310959658012
5651,20230710-9PM_680_30_1691_3,0.294,10.0,680,30,1691,3,-0.5316526695878427
5652,20230710-9PM_680_30_1691_4,0.224,10.0,680,30,1691,4,-0.6497519816658371
5653,20230710-9PM_680_30_1691_5,0.279,10.0,680,30,1691,5,-0.5543957967264024
5654,20230710-9PM_680_30_1691_6,0.161,10.0,680,30,1691,6,-0.7931741239681502
5655,20230710-9PM_680_30_1691_7,0.176,10.0,680,30,1691,7,-0.7544873321858502
5656,20230710-9PM_750_30_1691_0,0.116,10.0,750,30,1691,0,-0.9355420107730815
5657,20230710-9PM_750_30_1691_1,0.132,10.0,750,30,1691,1,-0.8794260687941501
5658,20230710-9PM_750_30_1691_2,0.151,10.0,750,30,1691,2,-0.8210230527068306
5659,20230710-9PM_750_30_1691_3,0.149,10.0,750,30,1691,3,-0.826813731587726
5660,20230710-9PM_750_30_1691_4,0.119,10.0,750,30,1691,4,-0.9244530386074693
5661,20230710-9PM_750_30_1691_5,0.127,10.0,750,30,1691,5,-0.8961962790440431
5662,20230710-9PM_750_30_1691_6,0.085,10.0,750,30,1691,6,-1.0705810742857071
5663,20230710-9PM_750_30_1691_7,0.098,10.0,750,30,1691,7,-1.0087739243075051
5664,20230710-9PM_680_30_1690_0,0.138,10.0,680,30,1690,0,-0.8601209135987634
5665,20230710-9PM_680_30_1690_1,0.152,10.0,680,30,1690,1,-0.8181564120552275
5666,20230710-9PM_680_30_1690_2,0.221,10.0,680,30,1690,2,-0.6556077263148893
5667,20230710-9PM_680_30_1690_3,0.198,10.0,680,30,1690,3,-0.7033348097384688
5668,20230710-9PM_680_30_1690_4,0.146,10.0,680,30,1690,4,-0.835647144215563
5669,20230710-9PM_680_30_1690_5,0.151,10.0,680,30,1690,5,-0.8210230527068306
5670,20230710-9PM_680_30_1690_6,0.188,10.0,680,30,1690,6,-0.7258421507363202
5671,20230710-9PM_680_30_1690_7,0.212,10.0,680,30,1690,7,-0.6736641390712486
5672,20230710-9PM_750_30_1690_0,0.098,10.0,750,30,1690,0,-1.0087739243075051
5673,20230710-9PM_750_30_1690_1,0.103,10.0,750,30,1690,1,-0.9871627752948278
5674,20230710-9PM_750_30_1690_2,0.143,10.0,750,30,1690,2,-0.8446639625349383
5675,20230710-9PM_750_30_1690_3,0.118,10.0,750,30,1690,3,-0.9281179926938746
5676,20230710-9PM_750_30_1690_4,0.123,10.0,750,30,1690,4,-0.9100948885606021
5677,20230710-9PM_750_30_1690_5,0.1,10.0,750,30,1690,5,-1.0
5678,20230710-9PM_750_30_1690_6,0.118,10.0,750,30,1690,6,-0.9281179926938746
5679,20230710-9PM_750_30_1690_7,0.134,10.0,750,30,1690,7,-0.8728952016351923
5680,20230710-9PM_680_30_2342_0,0.223,10.0,680,30,2342,0,-0.6516951369518393
5681,20230710-9PM_680_30_2342_1,0.181,10.0,680,30,2342,1,-0.7423214251308154
5682,20230710-9PM_680_30_2342_2,0.295,10.0,680,30,2342,2,-0.530177984021837
5683,20230710-9PM_680_30_2342_3,0.167,10.0,680,30,2342,3,-0.7772835288524167
5684,20230710-9PM_680_30_2342_4,0.202,10.0,680,30,2342,4,-0.6946486305533762
5685,20230710-9PM_680_30_2342_5,0.388,10.0,680,30,2342,5,-0.41116827440579273
5686,20230710-9PM_680_30_2342_6,0.187,10.0,680,30,2342,6,-0.7281583934635011
5687,20230710-9PM_680_30_2342_7,0.21,10.0,680,30,2342,7,-0.6777807052660807
5688,20230710-9PM_750_30_2342_0,0.145,10.0,750,30,2342,0,-0.8386319977650252
5689,20230710-9PM_750_30_2342_1,0.116,10.0,750,30,2342,1,-0.9355420107730815
5690,20230710-9PM_750_30_2342_2,0.159,10.0,750,30,2342,2,-0.7986028756795485
5691,20230710-9PM_750_30_2342_3,0.096,10.0,750,30,2342,3,-1.0177287669604316
5692,20230710-9PM_750_30_2342_4,0.113,10.0,750,30,2342,4,-0.9469215565165803
5693,20230710-9PM_750_30_2342_5,0.166,10.0,750,30,2342,5,-0.7798919119599449
5694,20230710-9PM_750_30_2342_6,0.117,10.0,750,30,2342,6,-0.9318141382538383
5695,20230710-9PM_750_30_2342_7,0.121,10.0,750,30,2342,7,-0.9172146296835499
5696,20230710-9PM_680_30_4532_0,0.253,10.0,680,30,4532,0,-0.5968794788241821
5697,20230710-9PM_680_30_4532_1,0.281,10.0,680,30,4532,1,-0.5512936800949201
5698,20230710-9PM_680_30_4532_2,0.138,10.0,680,30,4532,2,-0.8601209135987634
5699,20230710-9PM_680_30_4532_3,0.195,10.0,680,30,4532,3,-0.7099653886374819
5700,20230710-9PM_680_30_4532_4,0.39,10.0,680,30,4532,4,-0.4089353929735008
5701,20230710-9PM_680_30_4532_5,0.184,10.0,680,30,4532,5,-0.7351821769904635
5702,20230710-9PM_680_30_4532_6,0.234,10.0,680,30,4532,6,-0.6307841425898572
5703,20230710-9PM_680_30_4532_7,0.325,10.0,680,30,4532,7,-0.4881166390211256
5704,20230710-9PM_750_30_4532_0,0.106,10.0,750,30,4532,0,-0.9746941347352298
5705,20230710-9PM_750_30_4532_1,0.128,10.0,750,30,4532,1,-0.8927900303521317
5706,20230710-9PM_750_30_4532_2,0.061,10.0,750,30,4532,2,-1.214670164989233
5707,20230710-9PM_750_30_4532_3,0.137,10.0,750,30,4532,3,-0.8632794328435932
5708,20230710-9PM_750_30_4532_4,0.101,10.0,750,30,4532,4,-0.9956786262173574
5709,20230710-9PM_750_30_4532_5,0.098,10.0,750,30,4532,5,-1.0087739243075051
5710,20230710-9PM_750_30_4532_6,0.099,10.0,750,30,4532,6,-1.00436480540245
5711,20230710-9PM_750_30_4532_7,0.121,10.0,750,30,4532,7,-0.9172146296835499
5712,20230710-9PM_680_30_2344_0,0.265,10.0,680,30,2344,0,-0.5767541260631921
5713,20230710-9PM_680_30_2344_1,0.264,10.0,680,30,2344,1,-0.5783960731301689
5714,20230710-9PM_680_30_2344_2,0.201,10.0,680,30,2344,2,-0.6968039425795111
5715,20230710-9PM_680_30_2344_3,0.241,10.0,680,30,2344,3,-0.6179829574251317
5716,20230710-9PM_680_30_2344_4,0.091,10.0,680,30,2344,4,-1.0409586076789064
5717,20230710-9PM_680_30_2344_5,0.304,10.0,680,30,2344,5,-0.5171264163912462
5718,20230710-9PM_680_30_2344_6,0.257,10.0,680,30,2344,6,-0.5900668766687055
5719,20230710-9PM_680_30_2344_7,0.166,10.0,680,30,2344,7,-0.7798919119599449
5720,20230710-9PM_750_30_2344_0,0.159,10.0,750,30,2344,0,-0.7986028756795485
5721,20230710-9PM_750_30_2344_1,0.165,10.0,750,30,2344,1,-0.7825160557860937
5722,20230710-9PM_750_30_2344_2,0.125,10.0,750,30,2344,2,-0.9030899869919435
5723,20230710-9PM_750_30_2344_3,0.135,10.0,750,30,2344,3,-0.8696662315049939
5724,20230710-9PM_750_30_2344_4,0.074,10.0,750,30,2344,4,-1.1307682802690238
5725,20230710-9PM_750_30_2344_5,0.186,10.0,750,30,2344,5,-0.7304870557820837
5726,20230710-9PM_750_30_2344_6,0.148,10.0,750,30,2344,6,-0.8297382846050426
5727,20230710-9PM_750_30_2344_7,0.108,10.0,750,30,2344,7,-0.9665762445130504
5728,20230710-9PM_680_30_2343_0,0.252,10.0,680,30,2343,0,-0.5985994592184559
5729,20230710-9PM_680_30_2343_1,0.275,10.0,680,30,2343,1,-0.5606673061697374
5730,20230710-9PM_680_30_2343_2,0.196,10.0,680,30,2343,2,-0.707743928643524
5731,20230710-9PM_680_30_2343_3,0.261,10.0,680,30,2343,3,-0.583359492661719
5732,20230710-9PM_680_30_2343_4,0.256,10.0,680,30,2343,4,-0.5917600346881504
5733,20230710-9PM_680_30_2343_5,0.184,10.0,680,30,2343,5,-0.7351821769904635
5734,20230710-9PM_680_30_2343_6,0.256,10.0,680,30,2343,6,-0.5917600346881504
5735,20230710-9PM_680_30_2343_7,0.247,10.0,680,30,2343,7,-0.6073030467403343
5736,20230710-9PM_750_30_2343_0,0.152,10.0,750,30,2343,0,-0.8181564120552275
5737,20230710-9PM_750_30_2343_1,0.16,10.0,750,30,2343,1,-0.7958800173440752
5738,20230710-9PM_750_30_2343_2,0.12,10.0,750,30,2343,2,-0.9208187539523752
5739,20230710-9PM_750_30_2343_3,0.159,10.0,750,30,2343,3,-0.7986028756795485
5740,20230710-9PM_750_30_2343_4,0.154,10.0,750,30,2343,4,-0.8124792791635369
5741,20230710-9PM_750_30_2343_5,0.116,10.0,750,30,2343,5,-0.9355420107730815
5742,20230710-9PM_750_30_2343_6,0.145,10.0,750,30,2343,6,-0.8386319977650252
5743,20230710-9PM_750_30_2343_7,0.148,10.0,750,30,2343,7,-0.8297382846050426
5744,20230710-9PM_680_30_1952_0,0.203,10.0,680,30,1952,0,-0.6925039620867871
5745,20230710-9PM_680_30_1952_1,0.212,10.0,680,30,1952,1,-0.6736641390712486
5746,20230710-9PM_680_30_1952_2,0.236,10.0,680,30,1952,2,-0.6270879970298935
5747,20230710-9PM_680_30_1952_3,0.199,10.0,680,30,1952,3,-0.7011469235902933
5748,20230710-9PM_680_30_1952_4,0.199,10.0,680,30,1952,4,-0.7011469235902933
5749,20230710-9PM_680_30_1952_5,0.157,10.0,680,30,1952,5,-0.8041003475907662
5750,20230710-9PM_680_30_1952_6,0.174,10.0,680,30,1952,6,-0.7594507517174003
5751,20230710-9PM_680_30_1952_7,0.131,10.0,680,30,1952,7,-0.8827287043442357
5752,20230710-9PM_750_30_1952_0,0.132,10.0,750,30,1952,0,-0.8794260687941501
5753,20230710-9PM_750_30_1952_1,0.137,10.0,750,30,1952,1,-0.8632794328435932
5754,20230710-9PM_750_30_1952_2,0.152,10.0,750,30,1952,2,-0.8181564120552275
5755,20230710-9PM_750_30_1952_3,0.126,10.0,750,30,1952,3,-0.8996294548824371
5756,20230710-9PM_750_30_1952_4,0.136,10.0,750,30,1952,4,-0.8664610916297825
5757,20230710-9PM_750_30_1952_5,0.109,10.0,750,30,1952,5,-0.9625735020593764
5758,20230710-9PM_750_30_1952_6,0.117,10.0,750,30,1952,6,-0.9318141382538383
5759,20230710-9PM_750_30_1952_7,0.095,10.0,750,30,1952,7,-1.0222763947111522
5760,20230710-9PM_680_30_2931_0,0.16,10.0,680,30,2931,0,-0.7958800173440752
5761,20230710-9PM_680_30_2931_1,0.106,10.0,680,30,2931,1,-0.9746941347352298
5762,20230710-9PM_680_30_2931_2,0.157,10.0,680,30,2931,2,-0.8041003475907662
5763,20230710-9PM_680_30_2931_3,0.103,10.0,680,30,2931,3,-0.9871627752948278
5764,20230710-9PM_680_30_2931_4,0.154,10.0,680,30,2931,4,-0.8124792791635369
5765,20230710-9PM_680_30_2931_5,0.166,10.0,680,30,2931,5,-0.7798919119599449
5766,20230710-9PM_680_30_2931_6,0.159,10.0,680,30,2931,6,-0.7986028756795485
5767,20230710-9PM_680_30_2931_7,0.135,10.0,680,30,2931,7,-0.8696662315049939
5768,20230710-9PM_750_30_2931_0,0.1,10.0,750,30,2931,0,-1.0
5769,20230710-9PM_750_30_2931_1,0.075,10.0,750,30,2931,1,-1.1249387366083
5770,20230710-9PM_750_30_2931_2,0.109,10.0,750,30,2931,2,-0.9625735020593764
5771,20230710-9PM_750_30_2931_3,0.075,10.0,750,30,2931,3,-1.1249387366083
5772,20230710-9PM_750_30_2931_4,0.099,10.0,750,30,2931,4,-1.00436480540245
5773,20230710-9PM_750_30_2931_5,0.097,10.0,750,30,2931,5,-1.0132282657337552
5774,20230710-9PM_750_30_2931_6,0.106,10.0,750,30,2931,6,-0.9746941347352298
5775,20230710-9PM_750_30_2931_7,0.089,10.0,750,30,2931,7,-1.0506099933550872
5776,20230710-9PM_680_30_JG5_0,0.081,10.0,680,30,JG5,0,-1.0915149811213503
5777,20230710-9PM_680_30_JG5_1,0.207,10.0,680,30,JG5,1,-0.6840296545430823
5778,20230710-9PM_680_30_JG5_2,0.178,10.0,680,30,JG5,2,-0.7495799976911061
5779,20230710-9PM_680_30_JG5_3,0.1,10.0,680,30,JG5,3,-1.0
5780,20230710-9PM_680_30_JG5_4,0.114,10.0,680,30,JG5,4,-0.9430951486635274
5781,20230710-9PM_680_30_JG5_5,0.173,10.0,680,30,JG5,5,-0.7619538968712046
5782,20230710-9PM_680_30_JG5_6,0.106,10.0,680,30,JG5,6,-0.9746941347352298
5783,20230710-9PM_680_30_JG5_7,0.086,10.0,680,30,JG5,7,-1.0655015487564323
5784,20230710-9PM_750_30_JG5_0,0.066,10.0,750,30,JG5,0,-1.1804560644581312
5785,20230710-9PM_750_30_JG5_1,0.124,10.0,750,30,JG5,1,-0.906578314837765
5786,20230710-9PM_750_30_JG5_2,0.109,10.0,750,30,JG5,2,-0.9625735020593764
5787,20230710-9PM_750_30_JG5_3,0.077,10.0,750,30,JG5,3,-1.1135092748275182
5788,20230710-9PM_750_30_JG5_4,0.084,10.0,750,30,JG5,4,-1.0757207139381184
5789,20230710-9PM_750_30_JG5_5,0.111,10.0,750,30,JG5,5,-0.9546770212133425
5790,20230710-9PM_750_30_JG5_6,0.079,10.0,750,30,JG5,6,-1.1023729087095586
5791,20230710-9PM_750_30_JG5_7,0.066,10.0,750,30,JG5,7,-1.1804560644581312
5792,20230710-9PM_680_30_BMS_0,0.211,10.0,680,30,BMS,0,-0.6757175447023074
5793,20230710-9PM_680_30_BMS_1,0.323,10.0,680,30,BMS,1,-0.4907974776688971
5794,20230710-9PM_680_30_BMS_2,0.192,10.0,680,30,BMS,2,-0.7166987712964504
5795,20230710-9PM_680_30_BMS_3,0.353,10.0,680,30,BMS,3,-0.4522252946121775
5796,20230710-9PM_680_30_BMS_4,0.226,10.0,680,30,BMS,4,-0.645891560852599
5797,20230710-9PM_680_30_BMS_5,0.327,10.0,680,30,BMS,5,-0.4854522473397139
5798,20230710-9PM_680_30_BMS_6,0.242,10.0,680,30,BMS,6,-0.6161846340195687
5799,20230710-9PM_680_30_BMS_7,0.325,10.0,680,30,BMS,7,-0.4881166390211256
5800,20230710-9PM_750_30_BMS_0,0.133,10.0,750,30,BMS,0,-0.8761483590329142
5801,20230710-9PM_750_30_BMS_1,0.183,10.0,750,30,BMS,1,-0.7375489102695706
5802,20230710-9PM_750_30_BMS_2,0.12,10.0,750,30,BMS,2,-0.9208187539523752
5803,20230710-9PM_750_30_BMS_3,0.2,10.0,750,30,BMS,3,-0.6989700043360187
5804,20230710-9PM_750_30_BMS_4,0.135,10.0,750,30,BMS,4,-0.8696662315049939
5805,20230710-9PM_750_30_BMS_5,0.181,10.0,750,30,BMS,5,-0.7423214251308154
5806,20230710-9PM_750_30_BMS_6,0.148,10.0,750,30,BMS,6,-0.8297382846050426
5807,20230710-9PM_750_30_BMS_7,0.189,10.0,750,30,BMS,7,-0.7235381958267558
5808,20230711-9PM_680_25_3059_0,0.403,34.0,680,25,3059,0,-0.39469495385889053
5809,20230711-9PM_680_25_3059_1,0.626,34.0,680,25,3059,1,-0.20342566678957033
5810,20230711-9PM_680_25_3059_2,0.855,34.0,680,25,3059,2,-0.06803388527182737
5811,20230711-9PM_680_25_3059_3,0.77,34.0,680,25,3059,3,-0.11350927482751812
5812,20230711-9PM_680_25_3059_4,0.989,34.0,680,25,3059,4,-0.004803708402820599
5813,20230711-9PM_680_25_3059_5,1.116,34.0,680,25,3059,5,0.04766419460155998
5814,20230711-9PM_680_25_3059_6,1.02,34.0,680,25,3059,6,0.00860017176191757
5815,20230711-9PM_680_25_3059_7,1.018,34.0,680,25,3059,7,0.007747778000739948
5816,20230711-9PM_750_25_3059_0,0.211,34.0,750,25,3059,0,-0.6757175447023074
5817,20230711-9PM_750_25_3059_1,0.283,34.0,750,25,3059,1,-0.5482135644757098
5818,20230711-9PM_750_25_3059_2,0.349,34.0,750,25,3059,2,-0.45717457304082015
5819,20230711-9PM_750_25_3059_3,0.341,34.0,750,25,3059,3,-0.4672456210075022
5820,20230711-9PM_750_25_3059_4,0.456,34.0,750,25,3059,4,-0.341035157335565
5821,20230711-9PM_750_25_3059_5,0.453,34.0,750,25,3059,5,-0.34390179798716813
5822,20230711-9PM_750_25_3059_6,0.41,34.0,750,25,3059,6,-0.38721614328026455
5823,20230711-9PM_750_25_3059_7,0.434,34.0,750,25,3059,7,-0.3625102704874893
5824,20230711-9PM_680_25_1691_0,1.11,34.0,680,25,1691,0,0.045322978786657475
5825,20230711-9PM_680_25_1691_1,1.046,34.0,680,25,1691,1,0.01953168453125545
5826,20230711-9PM_680_25_1691_2,1.022,34.0,680,25,1691,2,0.009450895798693935
5827,20230711-9PM_680_25_1691_3,0.773,34.0,680,25,1691,3,-0.11182050608167508
5828,20230711-9PM_680_25_1691_4,0.954,34.0,680,25,1691,4,-0.020451625295904902
5829,20230711-9PM_680_25_1691_5,0.947,34.0,680,25,1691,5,-0.0236500209967266
5830,20230711-9PM_680_25_1691_6,1.121,34.0,680,25,1691,6,0.04960561259497315
5831,20230711-9PM_680_25_1691_7,1.257,34.0,680,25,1691,7,0.0993352776859577
5832,20230711-9PM_750_25_1691_0,0.523,34.0,750,25,1691,0,-0.2814983111327257
5833,20230711-9PM_750_25_1691_1,0.596,34.0,750,25,1691,1,-0.22475374025976358
5834,20230711-9PM_750_25_1691_2,0.339,34.0,750,25,1691,2,-0.4698003017969178
5835,20230711-9PM_750_25_1691_3,0.469,34.0,750,25,1691,3,-0.32882715728491674
5836,20230711-9PM_750_25_1691_4,0.44,34.0,750,25,1691,4,-0.3565473235138126
5837,20230711-9PM_750_25_1691_5,0.376,34.0,750,25,1691,5,-0.42481215507233894
5838,20230711-9PM_750_25_1691_6,0.491,34.0,750,25,1691,6,-0.3089185078770315
5839,20230711-9PM_750_25_1691_7,0.658,34.0,750,25,1691,7,-0.1817741063860445
5840,20230711-9PM_680_25_1690_0,0.845,34.0,680,25,1690,0,-0.07314329105030767
5841,20230711-9PM_680_25_1690_1,1.18,34.0,680,25,1690,1,0.07188200730612536
5842,20230711-9PM_680_25_1690_2,0.409,34.0,680,25,1690,2,-0.38827669199265824
5843,20230711-9PM_680_25_1690_3,0.911,34.0,680,25,1690,3,-0.040481623027001735
5844,20230711-9PM_680_25_1690_4,0.976,34.0,680,25,1690,4,-0.010550182333308195
5845,20230711-9PM_680_25_1690_5,0.473,34.0,680,25,1690,5,-0.32513885926218844
5846,20230711-9PM_680_25_1690_6,0.786,34.0,680,25,1690,6,-0.10457745396059209
5847,20230711-9PM_680_25_1690_7,0.657,34.0,680,25,1690,7,-0.1824346304402192
5848,20230711-9PM_750_25_1690_0,0.521,34.0,750,25,1690,0,-0.2831622767004755
5849,20230711-9PM_750_25_1690_1,0.64,34.0,750,25,1690,1,-0.1938200260161128
5850,20230711-9PM_750_25_1690_2,0.188,34.0,750,25,1690,2,-0.7258421507363202
5851,20230711-9PM_750_25_1690_3,0.468,34.0,750,25,1690,3,-0.32975414692587596
5852,20230711-9PM_750_25_1690_4,0.46,34.0,750,25,1690,4,-0.3372421683184259
5853,20230711-9PM_750_25_1690_5,0.257,34.0,750,25,1690,5,-0.5900668766687055
5854,20230711-9PM_750_25_1690_6,0.408,34.0,750,25,1690,6,-0.3893398369101201
5855,20230711-9PM_750_25_1690_7,0.344,34.0,750,25,1690,7,-0.46344155742846993
5856,20230711-9PM_680_25_2342_0,0.84,34.0,680,25,2342,0,-0.07572071393811836
5857,20230711-9PM_680_25_2342_1,0.459,34.0,680,25,2342,1,-0.33818731446273875
5858,20230711-9PM_680_25_2342_2,0.736,34.0,680,25,2342,2,-0.13312218566250114
5859,20230711-9PM_680_25_2342_3,0.734,34.0,680,25,2342,3,-0.13430394008392949
5860,20230711-9PM_680_25_2342_4,0.631,34.0,680,25,2342,4,-0.19997064075586568
5861,20230711-9PM_680_25_2342_5,0.661,34.0,680,25,2342,5,-0.17979854051435976
5862,20230711-9PM_680_25_2342_6,0.426,34.0,680,25,2342,6,-0.37059040089728107
5863,20230711-9PM_680_25_2342_7,0.768,34.0,680,25,2342,7,-0.114638779968488
5864,20230711-9PM_750_25_2342_0,0.375,34.0,750,25,2342,0,-0.42596873227228116
5865,20230711-9PM_750_25_2342_1,0.225,34.0,750,25,2342,1,-0.6478174818886375
5866,20230711-9PM_750_25_2342_2,0.33,34.0,750,25,2342,2,-0.4814860601221125
5867,20230711-9PM_750_25_2342_3,0.36,34.0,750,25,2342,3,-0.44369749923271273
5868,20230711-9PM_750_25_2342_4,0.249,34.0,750,25,2342,4,-0.6038006529042637
5869,20230711-9PM_750_25_2342_5,0.378,34.0,750,25,2342,5,-0.4225082001627747
5870,20230711-9PM_750_25_2342_6,0.191,34.0,750,25,2342,6,-0.7189666327522725
5871,20230711-9PM_750_25_2342_7,0.312,34.0,750,25,2342,7,-0.5058454059815573
5872,20230711-9PM_680_25_4532_0,1.117,34.0,680,25,4532,0,0.048053173115609055
5873,20230711-9PM_680_25_4532_1,1.012,34.0,680,25,4532,1,0.005180512503780314
5874,20230711-9PM_680_25_4532_2,0.954,34.0,680,25,4532,2,-0.020451625295904902
5875,20230711-9PM_680_25_4532_3,1.046,34.0,680,25,4532,3,0.01953168453125545
5876,20230711-9PM_680_25_4532_4,1.491,34.0,680,25,4532,4,0.17347764345299457
5877,20230711-9PM_680_25_4532_5,1.255,34.0,680,25,4532,5,0.09864372581705691
5878,20230711-9PM_680_25_4532_6,1.091,34.0,680,25,4532,6,0.037824750588341866
5879,20230711-9PM_680_25_4532_7,1.425,34.0,680,25,4532,7,0.153814864344529
5880,20230711-9PM_750_25_4532_0,0.671,34.0,750,25,4532,0,-0.17327747983100789
5881,20230711-9PM_750_25_4532_1,0.526,34.0,750,25,4532,1,-0.27901425584626094
5882,20230711-9PM_750_25_4532_2,0.498,34.0,750,25,4532,2,-0.30277065724028246
5883,20230711-9PM_750_25_4532_3,0.581,34.0,750,25,4532,3,-0.2358238676096693
5884,20230711-9PM_750_25_4532_4,0.834,34.0,750,25,4532,4,-0.0788339493622613
5885,20230711-9PM_750_25_4532_5,0.617,34.0,750,25,4532,5,-0.20971483596675833
5886,20230711-9PM_750_25_4532_6,0.591,34.0,750,25,4532,6,-0.22841251911874466
5887,20230711-9PM_750_25_4532_7,0.782,34.0,750,25,4532,7,-0.10679324694015198
5888,20230711-9PM_680_25_2344_0,0.501,34.0,680,25,2344,0,-0.30016227413275426
5889,20230711-9PM_680_25_2344_1,0.525,34.0,680,25,2344,1,-0.2798406965940431
5890,20230711-9PM_680_25_2344_2,0.405,34.0,680,25,2344,2,-0.3925449767853314
5891,20230711-9PM_680_25_2344_3,0.507,34.0,680,25,2344,3,-0.294992040666664
5892,20230711-9PM_680_25_2344_4,0.163,34.0,680,25,2344,4,-0.7878123955960422
5893,20230711-9PM_680_25_2344_5,0.576,34.0,680,25,2344,5,-0.239577516576788
5894,20230711-9PM_680_25_2344_6,0.463,34.0,680,25,2344,6,-0.33441900898204685
5895,20230711-9PM_680_25_2344_7,0.524,34.0,680,25,2344,7,-0.28066871301627333
5896,20230711-9PM_750_25_2344_0,0.277,34.0,750,25,2344,0,-0.5575202309355514
5897,20230711-9PM_750_25_2344_1,0.322,34.0,750,25,2344,1,-0.4921441283041691
5898,20230711-9PM_750_25_2344_2,0.239,34.0,750,25,2344,2,-0.6216020990518624
5899,20230711-9PM_750_25_2344_3,0.272,34.0,750,25,2344,3,-0.5654310959658012
5900,20230711-9PM_750_25_2344_4,0.119,34.0,750,25,2344,4,-0.9244530386074693
5901,20230711-9PM_750_25_2344_5,0.339,34.0,750,25,2344,5,-0.4698003017969178
5902,20230711-9PM_750_25_2344_6,0.246,34.0,750,25,2344,6,-0.6090648928966209
5903,20230711-9PM_750_25_2344_7,0.273,34.0,750,25,2344,7,-0.563837352959244
5904,20230711-9PM_680_25_2343_0,0.812,34.0,680,25,2343,0,-0.09044397075882467
5905,20230711-9PM_680_25_2343_1,0.644,34.0,680,25,2343,1,-0.1911141326401879
5906,20230711-9PM_680_25_2343_2,1.034,34.0,680,25,2343,2,0.014520538757923713
5907,20230711-9PM_680_25_2343_3,1.111,34.0,680,25,2343,3,0.04571405894086761
5908,20230711-9PM_680_25_2343_4,1.177,34.0,680,25,2343,4,0.0707764628434347
5909,20230711-9PM_680_25_2343_5,0.556,34.0,680,25,2343,5,-0.2549252084179425
5910,20230711-9PM_680_25_2343_6,1.193,34.0,680,25,2343,6,0.0766404436703419
5911,20230711-9PM_680_25_2343_7,0.329,34.0,680,25,2343,7,-0.48280410205002566
5912,20230711-9PM_750_25_2343_0,0.507,34.0,750,25,2343,0,-0.294992040666664
5913,20230711-9PM_750_25_2343_1,0.384,34.0,750,25,2343,1,-0.4156687756324692
5914,20230711-9PM_750_25_2343_2,0.564,34.0,750,25,2343,2,-0.24872089601665776
5915,20230711-9PM_750_25_2343_3,0.607,34.0,750,25,2343,3,-0.21681130892474243
5916,20230711-9PM_750_25_2343_4,0.644,34.0,750,25,2343,4,-0.1911141326401879
5917,20230711-9PM_750_25_2343_5,0.333,34.0,750,25,2343,5,-0.4775557664936801
5918,20230711-9PM_750_25_2343_6,0.64,34.0,750,25,2343,6,-0.1938200260161128
5919,20230711-9PM_750_25_2343_7,0.215,34.0,750,25,2343,7,-0.6675615400843947
5920,20230711-9PM_680_25_1952_0,0.38,34.0,680,25,1952,0,-0.42021640338318983
5921,20230711-9PM_680_25_1952_1,0.421,34.0,680,25,1952,1,-0.3757179041643317
5922,20230711-9PM_680_25_1952_2,0.537,34.0,680,25,1952,2,-0.27002571430044436
5923,20230711-9PM_680_25_1952_3,0.821,34.0,680,25,1952,3,-0.08565684288055925
5924,20230711-9PM_680_25_1952_4,0.448,34.0,680,25,1952,4,-0.348721986001856
5925,20230711-9PM_680_25_1952_5,0.282,34.0,680,25,1952,5,-0.549750891680639
5926,20230711-9PM_680_25_1952_6,0.556,34.0,680,25,1952,6,-0.2549252084179425
5927,20230711-9PM_680_25_1952_7,0.5,34.0,680,25,1952,7,-0.3010299956639812
5928,20230711-9PM_750_25_1952_0,0.234,34.0,750,25,1952,0,-0.6307841425898572
5929,20230711-9PM_750_25_1952_1,0.261,34.0,750,25,1952,1,-0.583359492661719
5930,20230711-9PM_750_25_1952_2,0.313,34.0,750,25,1952,2,-0.5044556624535516
5931,20230711-9PM_750_25_1952_3,0.451,34.0,750,25,1952,3,-0.34582345812203946
5932,20230711-9PM_750_25_1952_4,0.293,34.0,750,25,1952,4,-0.5331323796458906
5933,20230711-9PM_750_25_1952_5,0.183,34.0,750,25,1952,5,-0.7375489102695706
5934,20230711-9PM_750_25_1952_6,0.329,34.0,750,25,1952,6,-0.48280410205002566
5935,20230711-9PM_750_25_1952_7,0.298,34.0,750,25,1952,7,-0.5257837359237448
5936,20230711-9PM_680_25_2931_0,0.327,34.0,680,25,2931,0,-0.4854522473397139
5937,20230711-9PM_680_25_2931_1,0.218,34.0,680,25,2931,1,-0.6615435063953952
5938,20230711-9PM_680_25_2931_2,0.364,34.0,680,25,2931,2,-0.438898616350944
5939,20230711-9PM_680_25_2931_3,0.255,34.0,680,25,2931,3,-0.5934598195660449
5940,20230711-9PM_680_25_2931_4,0.334,34.0,680,25,2931,4,-0.4762535331884355
5941,20230711-9PM_680_25_2931_5,0.373,34.0,680,25,2931,5,-0.4282911681913124
5942,20230711-9PM_680_25_2931_6,0.652,34.0,680,25,2931,6,-0.1857524042680798
5943,20230711-9PM_680_25_2931_7,0.45,34.0,680,25,2931,7,-0.3467874862246563
5944,20230711-9PM_750_25_2931_0,0.185,34.0,750,25,2931,0,-0.7328282715969862
5945,20230711-9PM_750_25_2931_1,0.138,34.0,750,25,2931,1,-0.8601209135987634
5946,20230711-9PM_750_25_2931_2,0.189,34.0,750,25,2931,2,-0.7235381958267558
5947,20230711-9PM_750_25_2931_3,0.157,34.0,750,25,2931,3,-0.8041003475907662
5948,20230711-9PM_750_25_2931_4,0.193,34.0,750,25,2931,4,-0.7144426909922262
5949,20230711-9PM_750_25_2931_5,0.207,34.0,750,25,2931,5,-0.6840296545430823
5950,20230711-9PM_750_25_2931_6,0.344,34.0,750,25,2931,6,-0.46344155742846993
5951,20230711-9PM_750_25_2931_7,0.239,34.0,750,25,2931,7,-0.6216020990518624
5952,20230711-9PM_680_25_JG5_0,0.214,34.0,680,25,JG5,0,-0.6695862266508091
5953,20230711-9PM_680_25_JG5_1,0.357,34.0,680,25,JG5,1,-0.4473317838878068
5954,20230711-9PM_680_25_JG5_2,0.238,34.0,680,25,JG5,2,-0.623423042943488
5955,20230711-9PM_680_25_JG5_3,0.542,34.0,680,25,JG5,3,-0.266000713461613
5956,20230711-9PM_680_25_JG5_4,0.262,34.0,680,25,JG5,4,-0.5816987086802545
5957,20230711-9PM_680_25_JG5_5,0.514,34.0,680,25,JG5,5,-0.28903688100472424
5958,20230711-9PM_680_25_JG5_6,0.391,34.0,680,25,JG5,6,-0.40782324260413316
5959,20230711-9PM_680_25_JG5_7,0.203,34.0,680,25,JG5,7,-0.6925039620867871
5960,20230711-9PM_750_25_JG5_0,0.13,34.0,750,25,JG5,0,-0.8860566476931632
5961,20230711-9PM_750_25_JG5_1,0.201,34.0,750,25,JG5,1,-0.6968039425795111
5962,20230711-9PM_750_25_JG5_2,0.14,34.0,750,25,JG5,2,-0.8538719643217619
5963,20230711-9PM_750_25_JG5_3,0.292,34.0,750,25,JG5,3,-0.5346171485515817
5964,20230711-9PM_750_25_JG5_4,0.152,34.0,750,25,JG5,4,-0.8181564120552275
5965,20230711-9PM_750_25_JG5_5,0.262,34.0,750,25,JG5,5,-0.5816987086802545
5966,20230711-9PM_750_25_JG5_6,0.236,34.0,750,25,JG5,6,-0.6270879970298935
5967,20230711-9PM_750_25_JG5_7,0.139,34.0,750,25,JG5,7,-0.8569851997459049
5968,20230711-9PM_680_25_BMS_0,0.97,34.0,680,25,BMS,0,-0.01322826573375516
5969,20230711-9PM_680_25_BMS_1,1.0,34.0,680,25,BMS,1,0.0
5970,20230711-9PM_680_25_BMS_2,1.198,34.0,680,25,BMS,2,0.07845681805329256
5971,20230711-9PM_680_25_BMS_3,0.927,34.0,680,25,BMS,3,-0.0329202658555029
5972,20230711-9PM_680_25_BMS_4,0.8,34.0,680,25,BMS,4,-0.09691001300805639
5973,20230711-9PM_680_25_BMS_5,1.098,34.0,680,25,BMS,5,0.04060234011407314
5974,20230711-9PM_680_25_BMS_6,0.957,34.0,680,25,BMS,6,-0.01908806222315645
5975,20230711-9PM_680_25_BMS_7,0.942,34.0,680,25,BMS,7,-0.025949097207122653
5976,20230711-9PM_750_25_BMS_0,0.514,34.0,750,25,BMS,0,-0.28903688100472424
5977,20230711-9PM_750_25_BMS_1,0.536,34.0,750,25,BMS,1,-0.27083521030722996
5978,20230711-9PM_750_25_BMS_2,0.615,34.0,750,25,BMS,2,-0.21112488422458328
5979,20230711-9PM_750_25_BMS_3,0.5,34.0,750,25,BMS,3,-0.3010299956639812
5980,20230711-9PM_750_25_BMS_4,0.432,34.0,750,25,BMS,4,-0.3645162531850879
5981,20230711-9PM_750_25_BMS_5,0.568,34.0,750,25,BMS,5,-0.24565166428898116
5982,20230711-9PM_750_25_BMS_6,0.505,34.0,750,25,BMS,6,-0.2967086218813386
5983,20230711-9PM_750_25_BMS_7,0.502,34.0,750,25,BMS,7,-0.29929628285498067
5984,20230711-9PM_680_20_3059_0,0.266,34.0,680,20,3059,0,-0.575118363368933
5985,20230711-9PM_680_20_3059_1,0.328,34.0,680,20,3059,1,-0.4841261562883209
5986,20230711-9PM_680_20_3059_2,0.645,34.0,680,20,3059,2,-0.19044028536473223
5987,20230711-9PM_680_20_3059_3,0.26,34.0,680,20,3059,3,-0.585026652029182
5988,20230711-9PM_680_20_3059_4,0.487,34.0,680,20,3059,4,-0.3124710387853657
5989,20230711-9PM_680_20_3059_5,0.481,34.0,680,20,3059,5,-0.31785492362616824
5990,20230711-9PM_680_20_3059_6,0.413,34.0,680,20,3059,6,-0.384049948343599
5991,20230711-9PM_680_20_3059_7,0.37,34.0,680,20,3059,7,-0.431798275933005
5992,20230711-9PM_750_20_3059_0,0.153,34.0,750,20,3059,0,-0.8153085691824012
5993,20230711-9PM_750_20_3059_1,0.166,34.0,750,20,3059,1,-0.7798919119599449
5994,20230711-9PM_750_20_3059_2,0.258,34.0,750,20,3059,2,-0.5883802940367698
5995,20230711-9PM_750_20_3059_3,0.14,34.0,750,20,3059,3,-0.8538719643217619
5996,20230711-9PM_750_20_3059_4,0.189,34.0,750,20,3059,4,-0.7235381958267558
5997,20230711-9PM_750_20_3059_5,0.182,34.0,750,20,3059,5,-0.7399286120149252
5998,20230711-9PM_750_20_3059_6,0.148,34.0,750,20,3059,6,-0.8297382846050426
5999,20230711-9PM_750_20_3059_7,0.182,34.0,750,20,3059,7,-0.7399286120149252
6000,20230711-9PM_680_20_1691_0,0.521,34.0,680,20,1691,0,-0.2831622767004755
6001,20230711-9PM_680_20_1691_1,0.709,34.0,680,20,1691,1,-0.1493537648169335
6002,20230711-9PM_680_20_1691_2,0.336,34.0,680,20,1691,2,-0.4736607226101559
6003,20230711-9PM_680_20_1691_3,0.438,34.0,680,20,1691,3,-0.3585258894959005
6004,20230711-9PM_680_20_1691_4,0.315,34.0,680,20,1691,4,-0.5016894462103995
6005,20230711-9PM_680_20_1691_5,0.609,34.0,680,20,1691,5,-0.21538270736712464
6006,20230711-9PM_680_20_1691_6,0.61,34.0,680,20,1691,6,-0.21467016498923297
6007,20230711-9PM_680_20_1691_7,0.834,34.0,680,20,1691,7,-0.0788339493622613
6008,20230711-9PM_750_20_1691_0,0.269,34.0,750,20,1691,0,-0.5702477199975919
6009,20230711-9PM_750_20_1691_1,0.258,34.0,750,20,1691,1,-0.5883802940367698
6010,20230711-9PM_750_20_1691_2,0.156,34.0,750,20,1691,2,-0.8068754016455384
6011,20230711-9PM_750_20_1691_3,0.208,34.0,750,20,1691,3,-0.6819366650372385
6012,20230711-9PM_750_20_1691_4,0.16,34.0,750,20,1691,4,-0.7958800173440752
6013,20230711-9PM_750_20_1691_5,0.211,34.0,750,20,1691,5,-0.6757175447023074
6014,20230711-9PM_750_20_1691_6,0.244,34.0,750,20,1691,6,-0.6126101736612706
6015,20230711-9PM_750_20_1691_7,0.279,34.0,750,20,1691,7,-0.5543957967264024
6016,20230711-9PM_680_20_1690_0,0.361,34.0,680,20,1690,0,-0.4424927980943421
6017,20230711-9PM_680_20_1690_1,0.842,34.0,680,20,1690,1,-0.07468790850035051
6018,20230711-9PM_680_20_1690_2,0.311,34.0,680,20,1690,2,-0.5072396109731625
6019,20230711-9PM_680_20_1690_3,0.489,34.0,680,20,1690,3,-0.3106911408763798
6020,20230711-9PM_680_20_1690_4,0.364,34.0,680,20,1690,4,-0.438898616350944
6021,20230711-9PM_680_20_1690_5,0.302,34.0,680,20,1690,5,-0.5199930570428494
6022,20230711-9PM_680_20_1690_6,0.348,34.0,680,20,1690,6,-0.4584207560534191
6023,20230711-9PM_680_20_1690_7,0.299,34.0,680,20,1690,7,-0.5243288116755703
6024,20230711-9PM_750_20_1690_0,0.221,34.0,750,20,1690,0,-0.6556077263148893
6025,20230711-9PM_750_20_1690_1,0.355,34.0,750,20,1690,1,-0.44977164694490596
6026,20230711-9PM_750_20_1690_2,0.19,34.0,750,20,1690,2,-0.721246399047171
6027,20230711-9PM_750_20_1690_3,0.235,34.0,750,20,1690,3,-0.6289321377282637
6028,20230711-9PM_750_20_1690_4,0.146,34.0,750,20,1690,4,-0.835647144215563
6029,20230711-9PM_750_20_1690_5,0.174,34.0,750,20,1690,5,-0.7594507517174003
6030,20230711-9PM_750_20_1690_6,0.191,34.0,750,20,1690,6,-0.7189666327522725
6031,20230711-9PM_750_20_1690_7,0.171,34.0,750,20,1690,7,-0.7670038896078462
6032,20230711-9PM_680_20_2342_0,0.383,34.0,680,20,2342,0,-0.41680122603137726
6033,20230711-9PM_680_20_2342_1,0.259,34.0,680,20,2342,1,-0.5867002359187482
6034,20230711-9PM_680_20_2342_2,0.326,34.0,680,20,2342,2,-0.48678239993206096
6035,20230711-9PM_680_20_2342_3,0.24,34.0,680,20,2342,3,-0.619788758288394
6036,20230711-9PM_680_20_2342_4,0.354,34.0,680,20,2342,4,-0.4509967379742122
6037,20230711-9PM_680_20_2342_5,0.408,34.0,680,20,2342,5,-0.3893398369101201
6038,20230711-9PM_680_20_2342_6,0.204,34.0,680,20,2342,6,-0.6903698325741012
6039,20230711-9PM_680_20_2342_7,0.34,34.0,680,20,2342,7,-0.46852108295774486
6040,20230711-9PM_750_20_2342_0,0.173,34.0,750,20,2342,0,-0.7619538968712046
6041,20230711-9PM_750_20_2342_1,0.153,34.0,750,20,2342,1,-0.8153085691824012
6042,20230711-9PM_750_20_2342_2,0.153,34.0,750,20,2342,2,-0.8153085691824012
6043,20230711-9PM_750_20_2342_3,0.128,34.0,750,20,2342,3,-0.8927900303521317
6044,20230711-9PM_750_20_2342_4,0.158,34.0,750,20,2342,4,-0.8013429130455774
6045,20230711-9PM_750_20_2342_5,0.233,34.0,750,20,2342,5,-0.632644078973981
6046,20230711-9PM_750_20_2342_6,0.107,34.0,750,20,2342,6,-0.9706162223147904
6047,20230711-9PM_750_20_2342_7,0.161,34.0,750,20,2342,7,-0.7931741239681502
6048,20230711-9PM_680_20_4532_0,0.43,34.0,680,20,4532,0,-0.36653154442041347
6049,20230711-9PM_680_20_4532_1,0.567,34.0,680,20,4532,1,-0.24641694110709345
6050,20230711-9PM_680_20_4532_2,0.249,34.0,680,20,4532,2,-0.6038006529042637
6051,20230711-9PM_680_20_4532_3,0.624,34.0,680,20,4532,3,-0.20481541031757602
6052,20230711-9PM_680_20_4532_4,0.494,34.0,680,20,4532,4,-0.30627305107635305
6053,20230711-9PM_680_20_4532_5,1.126,34.0,680,20,4532,5,0.05153839051532738
6054,20230711-9PM_680_20_4532_6,0.345,34.0,680,20,4532,6,-0.4621809049267259
6055,20230711-9PM_680_20_4532_7,0.464,34.0,680,20,4532,7,-0.3334820194451191
6056,20230711-9PM_750_20_4532_0,0.205,34.0,750,20,4532,0,-0.6882461389442457
6057,20230711-9PM_750_20_4532_1,0.184,34.0,750,20,4532,1,-0.7351821769904635
6058,20230711-9PM_750_20_4532_2,0.09,34.0,750,20,4532,2,-1.0457574905606752
6059,20230711-9PM_750_20_4532_3,0.195,34.0,750,20,4532,3,-0.7099653886374819
6060,20230711-9PM_750_20_4532_4,0.225,34.0,750,20,4532,4,-0.6478174818886375
6061,20230711-9PM_750_20_4532_5,0.348,34.0,750,20,4532,5,-0.4584207560534191
6062,20230711-9PM_750_20_4532_6,0.166,34.0,750,20,4532,6,-0.7798919119599449
6063,20230711-9PM_750_20_4532_7,0.205,34.0,750,20,4532,7,-0.6882461389442457
6064,20230711-9PM_680_20_2344_0,0.445,34.0,680,20,2344,0,-0.3516399890190684
6065,20230711-9PM_680_20_2344_1,0.369,34.0,680,20,2344,1,-0.4329736338409396
6066,20230711-9PM_680_20_2344_2,0.282,34.0,680,20,2344,2,-0.549750891680639
6067,20230711-9PM_680_20_2344_3,0.309,34.0,680,20,2344,3,-0.5100415205751654
6068,20230711-9PM_680_20_2344_4,0.144,34.0,680,20,2344,4,-0.8416375079047503
6069,20230711-9PM_680_20_2344_5,0.216,34.0,680,20,2344,5,-0.6655462488490691
6070,20230711-9PM_680_20_2344_6,0.259,34.0,680,20,2344,6,-0.5867002359187482
6071,20230711-9PM_680_20_2344_7,0.266,34.0,680,20,2344,7,-0.575118363368933
6072,20230711-9PM_750_20_2344_0,0.235,34.0,750,20,2344,0,-0.6289321377282637
6073,20230711-9PM_750_20_2344_1,0.222,34.0,750,20,2344,1,-0.6536470255493614
6074,20230711-9PM_750_20_2344_2,0.175,34.0,750,20,2344,2,-0.7569619513137056
6075,20230711-9PM_750_20_2344_3,0.168,34.0,750,20,2344,3,-0.7746907182741372
6076,20230711-9PM_750_20_2344_4,0.102,34.0,750,20,2344,4,-0.9913998282380825
6077,20230711-9PM_750_20_2344_5,0.143,34.0,750,20,2344,5,-0.8446639625349383
6078,20230711-9PM_750_20_2344_6,0.145,34.0,750,20,2344,6,-0.8386319977650252
6079,20230711-9PM_750_20_2344_7,0.157,34.0,750,20,2344,7,-0.8041003475907662
6080,20230711-9PM_680_20_2343_0,0.395,34.0,680,20,2343,0,-0.40340290437353976
6081,20230711-9PM_680_20_2343_1,0.541,34.0,680,20,2343,1,-0.26680273489343054
6082,20230711-9PM_680_20_2343_2,0.443,34.0,680,20,2343,2,-0.3535962737769304
6083,20230711-9PM_680_20_2343_3,0.609,34.0,680,20,2343,3,-0.21538270736712464
6084,20230711-9PM_680_20_2343_4,0.501,34.0,680,20,2343,4,-0.30016227413275426
6085,20230711-9PM_680_20_2343_5,0.347,34.0,680,20,2343,5,-0.4596705252091263
6086,20230711-9PM_680_20_2343_6,0.505,34.0,680,20,2343,6,-0.2967086218813386
6087,20230711-9PM_680_20_2343_7,0.352,34.0,680,20,2343,7,-0.453457336521869
6088,20230711-9PM_750_20_2343_0,0.238,34.0,750,20,2343,0,-0.623423042943488
6089,20230711-9PM_750_20_2343_1,0.321,34.0,750,20,2343,1,-0.4934949675951279
6090,20230711-9PM_750_20_2343_2,0.256,34.0,750,20,2343,2,-0.5917600346881504
6091,20230711-9PM_750_20_2343_3,0.333,34.0,750,20,2343,3,-0.4775557664936801
6092,20230711-9PM_750_20_2343_4,0.257,34.0,750,20,2343,4,-0.5900668766687055
6093,20230711-9PM_750_20_2343_5,0.196,34.0,750,20,2343,5,-0.707743928643524
6094,20230711-9PM_750_20_2343_6,0.269,34.0,750,20,2343,6,-0.5702477199975919
6095,20230711-9PM_750_20_2343_7,0.217,34.0,750,20,2343,7,-0.6635402661514705
6096,20230711-9PM_680_20_1952_0,0.299,34.0,680,20,1952,0,-0.5243288116755703
6097,20230711-9PM_680_20_1952_1,0.368,34.0,680,20,1952,1,-0.43415218132648237
6098,20230711-9PM_680_20_1952_2,0.304,34.0,680,20,1952,2,-0.5171264163912462
6099,20230711-9PM_680_20_1952_3,0.352,34.0,680,20,1952,3,-0.453457336521869
6100,20230711-9PM_680_20_1952_4,0.253,34.0,680,20,1952,4,-0.5968794788241821
6101,20230711-9PM_680_20_1952_5,0.266,34.0,680,20,1952,5,-0.575118363368933
6102,20230711-9PM_680_20_1952_6,0.263,34.0,680,20,1952,6,-0.5800442515102421
6103,20230711-9PM_680_20_1952_7,0.272,34.0,680,20,1952,7,-0.5654310959658012
6104,20230711-9PM_750_20_1952_0,0.189,34.0,750,20,1952,0,-0.7235381958267558
6105,20230711-9PM_750_20_1952_1,0.224,34.0,750,20,1952,1,-0.6497519816658371
6106,20230711-9PM_750_20_1952_2,0.183,34.0,750,20,1952,2,-0.7375489102695706
6107,20230711-9PM_750_20_1952_3,0.205,34.0,750,20,1952,3,-0.6882461389442457
6108,20230711-9PM_750_20_1952_4,0.166,34.0,750,20,1952,4,-0.7798919119599449
6109,20230711-9PM_750_20_1952_5,0.165,34.0,750,20,1952,5,-0.7825160557860937
6110,20230711-9PM_750_20_1952_6,0.167,34.0,750,20,1952,6,-0.7772835288524167
6111,20230711-9PM_750_20_1952_7,0.172,34.0,750,20,1952,7,-0.7644715530924511
6112,20230711-9PM_680_20_2931_0,0.261,34.0,680,20,2931,0,-0.583359492661719
6113,20230711-9PM_680_20_2931_1,0.146,34.0,680,20,2931,1,-0.835647144215563
6114,20230711-9PM_680_20_2931_2,0.266,34.0,680,20,2931,2,-0.575118363368933
6115,20230711-9PM_680_20_2931_3,0.163,34.0,680,20,2931,3,-0.7878123955960422
6116,20230711-9PM_680_20_2931_4,0.254,34.0,680,20,2931,4,-0.595166283380062
6117,20230711-9PM_680_20_2931_5,0.253,34.0,680,20,2931,5,-0.5968794788241821
6118,20230711-9PM_680_20_2931_6,0.294,34.0,680,20,2931,6,-0.5316526695878427
6119,20230711-9PM_680_20_2931_7,0.325,34.0,680,20,2931,7,-0.4881166390211256
6120,20230711-9PM_750_20_2931_0,0.153,34.0,750,20,2931,0,-0.8153085691824012
6121,20230711-9PM_750_20_2931_1,0.1,34.0,750,20,2931,1,-1.0
6122,20230711-9PM_750_20_2931_2,0.161,34.0,750,20,2931,2,-0.7931741239681502
6123,20230711-9PM_750_20_2931_3,0.11,34.0,750,20,2931,3,-0.958607314841775
6124,20230711-9PM_750_20_2931_4,0.143,34.0,750,20,2931,4,-0.8446639625349383
6125,20230711-9PM_750_20_2931_5,0.152,34.0,750,20,2931,5,-0.8181564120552275
6126,20230711-9PM_750_20_2931_6,0.176,34.0,750,20,2931,6,-0.7544873321858502
6127,20230711-9PM_750_20_2931_7,0.178,34.0,750,20,2931,7,-0.7495799976911061
6128,20230711-9PM_680_20_JG5_0,0.319,34.0,680,20,JG5,0,-0.4962093169428189
6129,20230711-9PM_680_20_JG5_1,0.359,34.0,680,20,JG5,1,-0.44490555142168087
6130,20230711-9PM_680_20_JG5_2,0.231,34.0,680,20,JG5,2,-0.6363880201078557
6131,20230711-9PM_680_20_JG5_3,0.188,34.0,680,20,JG5,3,-0.7258421507363202
6132,20230711-9PM_680_20_JG5_4,0.256,34.0,680,20,JG5,4,-0.5917600346881504
6133,20230711-9PM_680_20_JG5_5,0.271,34.0,680,20,JG5,5,-0.5670307091255943
6134,20230711-9PM_680_20_JG5_6,0.088,34.0,680,20,JG5,6,-1.0555173278498313
6135,20230711-9PM_680_20_JG5_7,0.041,34.0,680,20,JG5,7,-1.3872161432802645
6136,20230711-9PM_750_20_JG5_0,0.182,34.0,750,20,JG5,0,-0.7399286120149252
6137,20230711-9PM_750_20_JG5_1,0.196,34.0,750,20,JG5,1,-0.707743928643524
6138,20230711-9PM_750_20_JG5_2,0.142,34.0,750,20,JG5,2,-0.8477116556169435
6139,20230711-9PM_750_20_JG5_3,0.116,34.0,750,20,JG5,3,-0.9355420107730815
6140,20230711-9PM_750_20_JG5_4,0.151,34.0,750,20,JG5,4,-0.8210230527068306
6141,20230711-9PM_750_20_JG5_5,0.154,34.0,750,20,JG5,5,-0.8124792791635369
6142,20230711-9PM_750_20_JG5_6,0.07,34.0,750,20,JG5,6,-1.154901959985743
6143,20230711-9PM_750_20_JG5_7,0.044,34.0,750,20,JG5,7,-1.3565473235138126
6144,20230711-9PM_680_20_BMS_0,0.374,34.0,680,20,BMS,0,-0.42712839779951983
6145,20230711-9PM_680_20_BMS_1,0.537,34.0,680,20,BMS,1,-0.27002571430044436
6146,20230711-9PM_680_20_BMS_2,0.408,34.0,680,20,BMS,2,-0.3893398369101201
6147,20230711-9PM_680_20_BMS_3,0.513,34.0,680,20,BMS,3,-0.2898826348881837
6148,20230711-9PM_680_20_BMS_4,0.372,34.0,680,20,BMS,4,-0.4294570601181025
6149,20230711-9PM_680_20_BMS_5,0.409,34.0,680,20,BMS,5,-0.38827669199265824
6150,20230711-9PM_680_20_BMS_6,0.393,34.0,680,20,BMS,6,-0.4056074496245733
6151,20230711-9PM_680_20_BMS_7,0.381,34.0,680,20,BMS,7,-0.4190750243243807
6152,20230711-9PM_750_20_BMS_0,0.216,34.0,750,20,BMS,0,-0.6655462488490691
6153,20230711-9PM_750_20_BMS_1,0.298,34.0,750,20,BMS,1,-0.5257837359237448
6154,20230711-9PM_750_20_BMS_2,0.227,34.0,750,20,BMS,2,-0.6439741428068773
6155,20230711-9PM_750_20_BMS_3,0.283,34.0,750,20,BMS,3,-0.5482135644757098
6156,20230711-9PM_750_20_BMS_4,0.214,34.0,750,20,BMS,4,-0.6695862266508091
6157,20230711-9PM_750_20_BMS_5,0.23,34.0,750,20,BMS,5,-0.638272163982407
6158,20230711-9PM_750_20_BMS_6,0.226,34.0,750,20,BMS,6,-0.645891560852599
6159,20230711-9PM_750_20_BMS_7,0.219,34.0,750,20,BMS,7,-0.6595558851598816
6160,20230711-9PM_680_30_3059_0,0.438,34.0,680,30,3059,0,-0.3585258894959005
6161,20230711-9PM_680_30_3059_1,0.776,34.0,680,30,3059,1,-0.11013827874181155
6162,20230711-9PM_680_30_3059_2,1.169,34.0,680,30,3059,2,0.06781451116184012
6163,20230711-9PM_680_30_3059_3,1.172,34.0,680,30,3059,3,0.06892761168207182
6164,20230711-9PM_680_30_3059_4,1.001,34.0,680,30,3059,4,0.0004340774793185929
6165,20230711-9PM_680_30_3059_5,1.153,34.0,680,30,3059,5,0.06182930729469903
6166,20230711-9PM_680_30_3059_6,1.051,34.0,680,30,3059,6,0.021602716028242194
6167,20230711-9PM_680_30_3059_7,1.04,34.0,680,30,3059,7,0.01703333929878037
6168,20230711-9PM_750_30_3059_0,0.235,34.0,750,30,3059,0,-0.6289321377282637
6169,20230711-9PM_750_30_3059_1,0.425,34.0,750,30,3059,1,-0.37161106994968846
6170,20230711-9PM_750_30_3059_2,0.62,34.0,750,30,3059,2,-0.20760831050174613
6171,20230711-9PM_750_30_3059_3,0.603,34.0,750,30,3059,3,-0.2196826878598487
6172,20230711-9PM_750_30_3059_4,0.58,34.0,750,30,3059,4,-0.23657200643706275
6173,20230711-9PM_750_30_3059_5,0.605,34.0,750,30,3059,5,-0.2182446253475311
6174,20230711-9PM_750_30_3059_6,0.56,34.0,750,30,3059,6,-0.25181197299379954
6175,20230711-9PM_750_30_3059_7,0.59,34.0,750,30,3059,7,-0.22914798835785583
6176,20230711-9PM_680_30_1691_0,1.384,34.0,680,30,1691,0,0.14113609012073897
6177,20230711-9PM_680_30_1691_1,1.481,34.0,680,30,1691,1,0.1705550585212085
6178,20230711-9PM_680_30_1691_2,1.351,34.0,680,30,1691,2,0.13065534902203058
6179,20230711-9PM_680_30_1691_3,1.312,34.0,680,30,1691,3,0.11793383503964149
6180,20230711-9PM_680_30_1691_4,1.276,34.0,680,30,1691,4,0.10585067438514352
6181,20230711-9PM_680_30_1691_5,1.282,34.0,680,30,1691,5,0.10788802518279862
6182,20230711-9PM_680_30_1691_6,0.899,34.0,680,30,1691,6,-0.046240308266771224
6183,20230711-9PM_680_30_1691_7,1.326,34.0,680,30,1691,7,0.12254352406875435
6184,20230711-9PM_750_30_1691_0,0.624,34.0,750,30,1691,0,-0.20481541031757602
6185,20230711-9PM_750_30_1691_1,0.656,34.0,750,30,1691,1,-0.1830961606243397
6186,20230711-9PM_750_30_1691_2,0.595,34.0,750,30,1691,2,-0.22548303427145044
6187,20230711-9PM_750_30_1691_3,0.657,34.0,750,30,1691,3,-0.1824346304402192
6188,20230711-9PM_750_30_1691_4,0.578,34.0,750,30,1691,4,-0.23807216157947098
6189,20230711-9PM_750_30_1691_5,0.638,34.0,750,30,1691,5,-0.19517932127883766
6190,20230711-9PM_750_30_1691_6,0.411,34.0,750,30,1691,6,-0.38615817812393083
6191,20230711-9PM_750_30_1691_7,0.525,34.0,750,30,1691,7,-0.2798406965940431
6192,20230711-9PM_680_30_1690_0,0.621,34.0,680,30,1690,0,-0.20690839982341983
6193,20230711-9PM_680_30_1690_1,0.669,34.0,680,30,1690,1,-0.17457388223217687
6194,20230711-9PM_680_30_1690_2,1.092,34.0,680,30,1690,2,0.03822263836871846
6195,20230711-9PM_680_30_1690_3,0.37,34.0,680,30,1690,3,-0.431798275933005
6196,20230711-9PM_680_30_1690_4,1.536,34.0,680,30,1690,4,0.1863912156954932
6197,20230711-9PM_680_30_1690_5,0.983,34.0,680,30,1690,5,-0.007446482167864384
6198,20230711-9PM_680_30_1690_6,1.114,34.0,680,30,1690,6,0.04688519083771014
6199,20230711-9PM_680_30_1690_7,1.596,34.0,680,30,1690,7,0.20303288701471064
6200,20230711-9PM_750_30_1690_0,0.422,34.0,750,30,1690,0,-0.37468754903832613
6201,20230711-9PM_750_30_1690_1,0.437,34.0,750,30,1690,1,-0.3595185630295782
6202,20230711-9PM_750_30_1690_2,0.723,34.0,750,30,1690,2,-0.1408617027054692
6203,20230711-9PM_750_30_1690_3,0.2,34.0,750,30,1690,3,-0.6989700043360187
6204,20230711-9PM_750_30_1690_4,0.732,34.0,750,30,1690,4,-0.13548891894160814
6205,20230711-9PM_750_30_1690_5,0.558,34.0,750,30,1690,5,-0.25336580106242124
6206,20230711-9PM_750_30_1690_6,0.657,34.0,750,30,1690,6,-0.1824346304402192
6207,20230711-9PM_750_30_1690_7,0.779,34.0,750,30,1690,7,-0.10846254232743553
6208,20230711-9PM_680_30_2342_0,1.332,34.0,680,30,2342,0,0.12450422483428228
6209,20230711-9PM_680_30_2342_1,1.172,34.0,680,30,2342,1,0.06892761168207182
6210,20230711-9PM_680_30_2342_2,1.407,34.0,680,30,2342,2,0.1482940974347457
6211,20230711-9PM_680_30_2342_3,1.008,34.0,680,30,2342,3,0.003460532109506489
6212,20230711-9PM_680_30_2342_4,1.215,34.0,680,30,2342,4,0.08457627793433102
6213,20230711-9PM_680_30_2342_5,1.57,34.0,680,30,2342,5,0.19589965240923377
6214,20230711-9PM_680_30_2342_6,0.964,34.0,680,30,2342,6,-0.01592296609716924
6215,20230711-9PM_680_30_2342_7,1.189,34.0,680,30,2342,7,0.0751818546186916
6216,20230711-9PM_750_30_2342_0,0.612,34.0,750,30,2342,0,-0.21324857785443882
6217,20230711-9PM_750_30_2342_1,0.567,34.0,750,30,2342,1,-0.24641694110709345
6218,20230711-9PM_750_30_2342_2,0.687,34.0,750,30,2342,2,-0.16304326294044955
6219,20230711-9PM_750_30_2342_3,0.524,34.0,750,30,2342,3,-0.28066871301627333
6220,20230711-9PM_750_30_2342_4,0.581,34.0,750,30,2342,4,-0.2358238676096693
6221,20230711-9PM_750_30_2342_5,0.7,34.0,750,30,2342,5,-0.1549019599857432
6222,20230711-9PM_750_30_2342_6,0.52,34.0,750,30,2342,6,-0.28399665636520083
6223,20230711-9PM_750_30_2342_7,0.597,34.0,750,30,2342,7,-0.22402566887063094
6224,20230711-9PM_680_30_4532_0,1.326,34.0,680,30,4532,0,0.12254352406875435
6225,20230711-9PM_680_30_4532_1,1.3,34.0,680,30,4532,1,0.11394335230683679
6226,20230711-9PM_680_30_4532_2,1.381,34.0,680,30,4532,2,0.1401936785786313
6227,20230711-9PM_680_30_4532_3,1.177,34.0,680,30,4532,3,0.0707764628434347
6228,20230711-9PM_680_30_4532_4,1.373,34.0,680,30,4532,4,0.1376705372367551
6229,20230711-9PM_680_30_4532_5,1.173,34.0,680,30,4532,5,0.06929801211552926
6230,20230711-9PM_680_30_4532_6,1.452,34.0,680,30,4532,6,0.1619666163640749
6231,20230711-9PM_680_30_4532_7,1.786,34.0,680,30,4532,7,0.25188145455252764
6232,20230711-9PM_750_30_4532_0,0.661,34.0,750,30,4532,0,-0.17979854051435976
6233,20230711-9PM_750_30_4532_1,0.756,34.0,750,30,4532,1,-0.12147820449879346
6234,20230711-9PM_750_30_4532_2,0.677,34.0,750,30,4532,2,-0.16941133131485567
6235,20230711-9PM_750_30_4532_3,0.627,34.0,750,30,4532,3,-0.20273245916928356
6236,20230711-9PM_750_30_4532_4,0.707,34.0,750,30,4532,4,-0.1505805862031006
6237,20230711-9PM_750_30_4532_5,0.653,34.0,750,30,4532,5,-0.18508681872492605
6238,20230711-9PM_750_30_4532_6,0.689,34.0,750,30,4532,6,-0.1617807780923742
6239,20230711-9PM_750_30_4532_7,0.724,34.0,750,30,4532,7,-0.1402614338028531
6240,20230711-9PM_680_30_2344_0,1.363,34.0,680,30,2344,0,0.13449585583467355
6241,20230711-9PM_680_30_2344_1,1.017,34.0,680,30,2344,1,0.0073209529227445565
6242,20230711-9PM_680_30_2344_2,0.404,34.0,680,30,2344,2,-0.393618634889395
6243,20230711-9PM_680_30_2344_3,0.942,34.0,680,30,2344,3,-0.025949097207122653
6244,20230711-9PM_680_30_2344_4,0.413,34.0,680,30,2344,4,-0.384049948343599
6245,20230711-9PM_680_30_2344_5,1.158,34.0,680,30,2344,5,0.06370855939141737
6246,20230711-9PM_680_30_2344_6,0.984,34.0,680,30,2344,6,-0.007004901568658489
6247,20230711-9PM_680_30_2344_7,0.977,34.0,680,30,2344,7,-0.010105436281226938
6248,20230711-9PM_750_30_2344_0,0.668,34.0,750,30,2344,0,-0.1752235375244543
6249,20230711-9PM_750_30_2344_1,0.604,34.0,750,30,2344,1,-0.21896306137886817
6250,20230711-9PM_750_30_2344_2,0.222,34.0,750,30,2344,2,-0.6536470255493614
6251,20230711-9PM_750_30_2344_3,0.528,34.0,750,30,2344,3,-0.27736607746618774
6252,20230711-9PM_750_30_2344_4,0.297,34.0,750,30,2344,4,-0.5272435506827877
6253,20230711-9PM_750_30_2344_5,0.67,34.0,750,30,2344,5,-0.17392519729917355
6254,20230711-9PM_750_30_2344_6,0.546,34.0,750,30,2344,6,-0.2628073572952627
6255,20230711-9PM_750_30_2344_7,0.528,34.0,750,30,2344,7,-0.27736607746618774
6256,20230711-9PM_680_30_2343_0,0.713,34.0,680,30,2343,0,-0.14691047014813446
6257,20230711-9PM_680_30_2343_1,0.587,34.0,680,30,2343,1,-0.23136189875238555
6258,20230711-9PM_680_30_2343_2,0.855,34.0,680,30,2343,2,-0.06803388527182737
6259,20230711-9PM_680_30_2343_3,1.069,34.0,680,30,2343,3,0.028977705208777998
6260,20230711-9PM_680_30_2343_4,1.172,34.0,680,30,2343,4,0.06892761168207182
6261,20230711-9PM_680_30_2343_5,1.034,34.0,680,30,2343,5,0.014520538757923713
6262,20230711-9PM_680_30_2343_6,1.137,34.0,680,30,2343,6,0.05576046468773478
6263,20230711-9PM_680_30_2343_7,0.762,34.0,680,30,2343,7,-0.1180450286603995
6264,20230711-9PM_750_30_2343_0,0.443,34.0,750,30,2343,0,-0.3535962737769304
6265,20230711-9PM_750_30_2343_1,0.404,34.0,750,30,2343,1,-0.393618634889395
6266,20230711-9PM_750_30_2343_2,0.525,34.0,750,30,2343,2,-0.2798406965940431
6267,20230711-9PM_750_30_2343_3,0.536,34.0,750,30,2343,3,-0.27083521030722996
6268,20230711-9PM_750_30_2343_4,0.539,34.0,750,30,2343,4,-0.2684112348132613
6269,20230711-9PM_750_30_2343_5,0.62,34.0,750,30,2343,5,-0.20760831050174613
6270,20230711-9PM_750_30_2343_6,0.636,34.0,750,30,2343,6,-0.19654288435158612
6271,20230711-9PM_750_30_2343_7,0.437,34.0,750,30,2343,7,-0.3595185630295782
6272,20230711-9PM_680_30_1952_0,1.007,34.0,680,30,1952,0,0.003029470553617962
6273,20230711-9PM_680_30_1952_1,0.993,34.0,680,30,1952,1,-0.0030507515046188267
6274,20230711-9PM_680_30_1952_2,1.291,34.0,680,30,1952,2,0.11092624226642028
6275,20230711-9PM_680_30_1952_3,0.453,34.0,680,30,1952,3,-0.34390179798716813
6276,20230711-9PM_680_30_1952_4,1.028,34.0,680,30,1952,4,0.011993114659256938
6277,20230711-9PM_680_30_1952_5,0.855,34.0,680,30,1952,5,-0.06803388527182737
6278,20230711-9PM_680_30_1952_6,0.923,34.0,680,30,1952,6,-0.03479829897408793
6279,20230711-9PM_680_30_1952_7,0.794,34.0,680,30,1952,7,-0.10017949757290372
6280,20230711-9PM_750_30_1952_0,0.568,34.0,750,30,1952,0,-0.24565166428898116
6281,20230711-9PM_750_30_1952_1,0.536,34.0,750,30,1952,1,-0.27083521030722996
6282,20230711-9PM_750_30_1952_2,0.681,34.0,750,30,1952,2,-0.16685288808721482
6283,20230711-9PM_750_30_1952_3,0.234,34.0,750,30,1952,3,-0.6307841425898572
6284,20230711-9PM_750_30_1952_4,0.596,34.0,750,30,1952,4,-0.22475374025976358
6285,20230711-9PM_750_30_1952_5,0.507,34.0,750,30,1952,5,-0.294992040666664
6286,20230711-9PM_750_30_1952_6,0.542,34.0,750,30,1952,6,-0.266000713461613
6287,20230711-9PM_750_30_1952_7,0.462,34.0,750,30,1952,7,-0.33535802444387447
6288,20230711-9PM_680_30_2931_0,1.356,34.0,680,30,2931,0,0.13225968953104458
6289,20230711-9PM_680_30_2931_1,0.509,34.0,680,30,2931,1,-0.29328221766324125
6290,20230711-9PM_680_30_2931_2,1.21,34.0,680,30,2931,2,0.08278537031645007
6291,20230711-9PM_680_30_2931_3,0.594,34.0,680,30,2931,3,-0.22621355501880647
6292,20230711-9PM_680_30_2931_4,0.871,34.0,680,30,2931,4,-0.059981844992336796
6293,20230711-9PM_680_30_2931_5,1.136,34.0,680,30,2931,5,0.05537833137500003
6294,20230711-9PM_680_30_2931_6,0.996,34.0,680,30,2931,6,-0.00174066157630127
6295,20230711-9PM_680_30_2931_7,1.673,34.0,680,30,2931,7,0.22349594096239453
6296,20230711-9PM_750_30_2931_0,0.705,34.0,750,30,2931,0,-0.15181088300860132
6297,20230711-9PM_750_30_2931_1,0.331,34.0,750,30,2931,1,-0.48017200622428124
6298,20230711-9PM_750_30_2931_2,0.613,34.0,750,30,2931,2,-0.21253952548158497
6299,20230711-9PM_750_30_2931_3,0.361,34.0,750,30,2931,3,-0.4424927980943421
6300,20230711-9PM_750_30_2931_4,0.524,34.0,750,30,2931,4,-0.28066871301627333
6301,20230711-9PM_750_30_2931_5,0.575,34.0,750,30,2931,5,-0.24033215531036956
6302,20230711-9PM_750_30_2931_6,0.519,34.0,750,30,2931,6,-0.28483264215154214
6303,20230711-9PM_750_30_2931_7,0.832,34.0,750,30,2931,7,-0.07987667370927608
6304,20230711-9PM_680_30_JG5_0,1.015,34.0,680,30,JG5,0,0.006466042249231681
6305,20230711-9PM_680_30_JG5_1,0.712,34.0,680,30,JG5,1,-0.14752000636314366
6306,20230711-9PM_680_30_JG5_2,0.951,34.0,680,30,JG5,2,-0.02181948306258609
6307,20230711-9PM_680_30_JG5_3,0.739,34.0,680,30,JG5,3,-0.13135556160517428
6308,20230711-9PM_680_30_JG5_4,0.822,34.0,680,30,JG5,4,-0.08512818245994963
6309,20230711-9PM_680_30_JG5_5,0.721,34.0,680,30,JG5,5,-0.14206473528057098
6310,20230711-9PM_680_30_JG5_6,0.939,34.0,680,30,JG5,6,-0.027334407733889104
6311,20230711-9PM_680_30_JG5_7,0.785,34.0,680,30,JG5,7,-0.10513034325474745
6312,20230711-9PM_750_30_JG5_0,0.452,34.0,750,30,JG5,0,-0.3448615651886179
6313,20230711-9PM_750_30_JG5_1,0.36,34.0,750,30,JG5,1,-0.44369749923271273
6314,20230711-9PM_750_30_JG5_2,0.451,34.0,750,30,JG5,2,-0.34582345812203946
6315,20230711-9PM_750_30_JG5_3,0.37,34.0,750,30,JG5,3,-0.431798275933005
6316,20230711-9PM_750_30_JG5_4,0.396,34.0,750,30,JG5,4,-0.40230481407448765
6317,20230711-9PM_750_30_JG5_5,0.364,34.0,750,30,JG5,5,-0.438898616350944
6318,20230711-9PM_750_30_JG5_6,0.468,34.0,750,30,JG5,6,-0.32975414692587596
6319,20230711-9PM_750_30_JG5_7,0.43,34.0,750,30,JG5,7,-0.36653154442041347
6320,20230711-9PM_680_30_BMS_0,1.287,34.0,680,30,BMS,0,0.10957854690438666
6321,20230711-9PM_680_30_BMS_1,1.442,34.0,680,30,BMS,1,0.15896526038341022
6322,20230711-9PM_680_30_BMS_2,1.243,34.0,680,30,BMS,2,0.0944711286416448
6323,20230711-9PM_680_30_BMS_3,1.405,34.0,680,30,BMS,3,0.1476763242410987
6324,20230711-9PM_680_30_BMS_4,1.204,34.0,680,30,BMS,4,0.08062648692180573
6325,20230711-9PM_680_30_BMS_5,1.307,34.0,680,30,BMS,5,0.11627558758054428
6326,20230711-9PM_680_30_BMS_6,1.151,34.0,680,30,BMS,6,0.06107532362979181
6327,20230711-9PM_680_30_BMS_7,1.362,34.0,680,30,BMS,7,0.13417710757676637
6328,20230711-9PM_750_30_BMS_0,0.66,34.0,750,30,BMS,0,-0.1804560644581313
6329,20230711-9PM_750_30_BMS_1,0.721,34.0,750,30,BMS,1,-0.14206473528057098
6330,20230711-9PM_750_30_BMS_2,0.637,34.0,750,30,BMS,2,-0.19586056766464957
6331,20230711-9PM_750_30_BMS_3,0.708,34.0,750,30,BMS,3,-0.149966742310231
6332,20230711-9PM_750_30_BMS_4,0.635,34.0,750,30,BMS,4,-0.1972262747080243
6333,20230711-9PM_750_30_BMS_5,0.696,34.0,750,30,BMS,5,-0.15739076038943792
6334,20230711-9PM_750_30_BMS_6,0.65,34.0,750,30,BMS,6,-0.18708664335714442
6335,20230711-9PM_750_30_BMS_7,0.667,34.0,750,30,BMS,7,-0.17587416608345102
6336,20230713-9PM_680_25_3059_0,1.977,82.0,680,25,3059,0,0.2960066693136723
6337,20230713-9PM_680_25_3059_1,1.704,82.0,680,25,3059,1,0.2314695904306813
6338,20230713-9PM_680_25_3059_2,1.644,82.0,680,25,3059,2,0.21590181320403157
6339,20230713-9PM_680_25_3059_3,1.939,82.0,680,25,3059,3,0.2875778090787054
6340,20230713-9PM_680_25_3059_4,2.039,82.0,680,25,3059,4,0.30941722577814
6341,20230713-9PM_680_25_3059_5,1.816,82.0,680,25,3059,5,0.25911584418506634
6342,20230713-9PM_680_25_3059_6,1.888,82.0,680,25,3059,6,0.27600198996205016
6343,20230713-9PM_680_25_3059_7,1.671,82.0,680,25,3059,7,0.22297644989339135
6344,20230713-9PM_750_25_3059_0,1.202,82.0,750,25,3059,0,0.0799044676667207
6345,20230713-9PM_750_25_3059_1,1.091,82.0,750,25,3059,1,0.037824750588341866
6346,20230713-9PM_750_25_3059_2,1.157,82.0,750,25,3059,2,0.06333335895174956
6347,20230713-9PM_750_25_3059_3,1.275,82.0,750,25,3059,3,0.10551018476997394
6348,20230713-9PM_750_25_3059_4,1.243,82.0,750,25,3059,4,0.0944711286416448
6349,20230713-9PM_750_25_3059_5,1.2,82.0,750,25,3059,5,0.07918124604762482
6350,20230713-9PM_750_25_3059_6,1.278,82.0,750,25,3059,6,0.10653085382238137
6351,20230713-9PM_750_25_3059_7,1.203,82.0,750,25,3059,7,0.08026562733984477
6352,20230713-9PM_680_25_1691_0,2.24,82.0,680,25,1691,0,0.35024801833416286
6353,20230713-9PM_680_25_1691_1,2.417,82.0,680,25,1691,1,0.38327665040765035
6354,20230713-9PM_680_25_1691_2,1.978,82.0,680,25,1691,2,0.29622628726116057
6355,20230713-9PM_680_25_1691_3,1.777,82.0,680,25,1691,3,0.2496874278053015
6356,20230713-9PM_680_25_1691_4,1.554,82.0,680,25,1691,4,0.19145101446489549
6357,20230713-9PM_680_25_1691_5,1.844,82.0,680,25,1691,5,0.26576091671761054
6358,20230713-9PM_680_25_1691_6,1.438,82.0,680,25,1691,6,0.15775888604686378
6359,20230713-9PM_680_25_1691_7,1.768,82.0,680,25,1691,7,0.24748226067705428
6360,20230713-9PM_750_25_1691_0,1.233,82.0,750,25,1691,0,0.09096307659573168
6361,20230713-9PM_750_25_1691_1,1.254,82.0,750,25,1691,1,0.09829753649469763
6362,20230713-9PM_750_25_1691_2,1.103,82.0,750,25,1691,2,0.04257551244019059
6363,20230713-9PM_750_25_1691_3,1.132,82.0,750,25,1691,3,0.053846426852252584
6364,20230713-9PM_750_25_1691_4,0.975,82.0,750,25,1691,4,-0.010995384301463193
6365,20230713-9PM_750_25_1691_5,1.155,82.0,750,25,1691,5,0.06258198422816312
6366,20230713-9PM_750_25_1691_6,1.01,82.0,750,25,1691,6,0.004321373782642578
6367,20230713-9PM_750_25_1691_7,1.05,82.0,750,25,1691,7,0.021189299069938092
6368,20230713-9PM_680_25_1690_0,1.927,82.0,680,25,1690,0,0.284881714655453
6369,20230713-9PM_680_25_1690_1,2.769,82.0,680,25,1690,1,0.4423229557455745
6370,20230713-9PM_680_25_1690_2,0.691,82.0,680,25,1690,2,-0.16052195262580163
6371,20230713-9PM_680_25_1690_3,1.705,82.0,680,25,1690,3,0.23172438332851655
6372,20230713-9PM_680_25_1690_4,1.829,82.0,680,25,1690,4,0.26221370547641687
6373,20230713-9PM_680_25_1690_5,1.636,82.0,680,25,1690,5,0.21378329933530416
6374,20230713-9PM_680_25_1690_6,1.652,82.0,680,25,1690,6,0.21801004298436338
6375,20230713-9PM_680_25_1690_7,1.625,82.0,680,25,1690,7,0.21085336531489318
6376,20230713-9PM_750_25_1690_0,1.164,82.0,750,25,1690,0,0.06595298031386965
6377,20230713-9PM_750_25_1690_1,1.386,82.0,750,25,1690,1,0.1417632302757879
6378,20230713-9PM_750_25_1690_2,0.411,82.0,750,25,1690,2,-0.38615817812393083
6379,20230713-9PM_750_25_1690_3,0.995,82.0,750,25,1690,3,-0.002176919254274547
6380,20230713-9PM_750_25_1690_4,1.14,82.0,750,25,1690,4,0.05690485133647256
6381,20230713-9PM_750_25_1690_5,0.915,82.0,750,25,1690,5,-0.038578905933551705
6382,20230713-9PM_750_25_1690_6,0.962,82.0,750,25,1690,6,-0.016824927962187056
6383,20230713-9PM_750_25_1690_7,0.971,82.0,750,25,1690,7,-0.012780770091995148
6384,20230713-9PM_680_25_2342_0,1.278,82.0,680,25,2342,0,0.10653085382238137
6385,20230713-9PM_680_25_2342_1,1.602,82.0,680,25,2342,1,0.20466251174821887
6386,20230713-9PM_680_25_2342_2,1.461,82.0,680,25,2342,2,0.1646502159342968
6387,20230713-9PM_680_25_2342_3,1.516,82.0,680,25,2342,3,0.18069920129603473
6388,20230713-9PM_680_25_2342_4,1.333,82.0,680,25,2342,4,0.1248301494138592
6389,20230713-9PM_680_25_2342_5,1.473,82.0,680,25,2342,5,0.16820274684263092
6390,20230713-9PM_680_25_2342_6,1.515,82.0,680,25,2342,6,0.1804126328383238
6391,20230713-9PM_680_25_2342_7,1.455,82.0,680,25,2342,7,0.1628629933219261
6392,20230713-9PM_750_25_2342_0,0.986,82.0,750,25,2342,0,-0.0061230850587887945
6393,20230713-9PM_750_25_2342_1,1.068,82.0,750,25,2342,1,0.028571252692537637
6394,20230713-9PM_750_25_2342_2,1.063,82.0,750,25,2342,2,0.026533264523296733
6395,20230713-9PM_750_25_2342_3,1.048,82.0,750,25,2342,3,0.020361282647707864
6396,20230713-9PM_750_25_2342_4,0.923,82.0,750,25,2342,4,-0.03479829897408793
6397,20230713-9PM_750_25_2342_5,1.049,82.0,750,25,2342,5,0.02077548819355783
6398,20230713-9PM_750_25_2342_6,1.007,82.0,750,25,2342,6,0.003029470553617962
6399,20230713-9PM_750_25_2342_7,1.136,82.0,750,25,2342,7,0.05537833137500003
6400,20230713-9PM_680_25_4532_0,1.81,82.0,680,25,4532,0,0.2576785748691845
6401,20230713-9PM_680_25_4532_1,1.774,82.0,680,25,4532,1,0.2489536154957076
6402,20230713-9PM_680_25_4532_2,1.598,82.0,680,25,4532,2,0.2035767749779726
6403,20230713-9PM_680_25_4532_3,1.683,82.0,680,25,4532,3,0.22608411597582387
6404,20230713-9PM_680_25_4532_4,1.957,82.0,680,25,4532,4,0.2915908256580012
6405,20230713-9PM_680_25_4532_5,1.867,82.0,680,25,4532,5,0.2711443179490783
6406,20230713-9PM_680_25_4532_6,1.894,82.0,680,25,4532,6,0.2773799746672546
6407,20230713-9PM_680_25_4532_7,1.79,82.0,680,25,4532,7,0.2528530309798932
6408,20230713-9PM_750_25_4532_0,1.059,82.0,750,25,4532,0,0.024895960107484977
6409,20230713-9PM_750_25_4532_1,0.961,82.0,750,25,4532,1,-0.017276612331454656
6410,20230713-9PM_750_25_4532_2,0.918,82.0,750,25,4532,2,-0.03715731879875755
6411,20230713-9PM_750_25_4532_3,0.99,82.0,750,25,4532,3,-0.004364805402450088
6412,20230713-9PM_750_25_4532_4,1.144,82.0,750,25,4532,4,0.05842602445700536
6413,20230713-9PM_750_25_4532_5,1.073,82.0,750,25,4532,5,0.030599721965951066
6414,20230713-9PM_750_25_4532_6,1.028,82.0,750,25,4532,6,0.011993114659256938
6415,20230713-9PM_750_25_4532_7,0.982,82.0,750,25,4532,7,-0.00788851221305034
6416,20230713-9PM_680_25_2344_0,2.308,82.0,680,25,2344,0,0.3632358044836938
6417,20230713-9PM_680_25_2344_1,1.403,82.0,680,25,2344,1,0.14705767102835993
6418,20230713-9PM_680_25_2344_2,1.385,82.0,680,25,2344,2,0.14144977340046735
6419,20230713-9PM_680_25_2344_3,1.782,82.0,680,25,2344,3,0.25090769970085597
6420,20230713-9PM_680_25_2344_4,1.229,82.0,680,25,2344,4,0.08955188288645412
6421,20230713-9PM_680_25_2344_5,1.451,82.0,680,25,2344,5,0.16166741243773589
6422,20230713-9PM_680_25_2344_6,1.167,82.0,680,25,2344,6,0.06707085604537019
6423,20230713-9PM_680_25_2344_7,1.544,82.0,680,25,2344,7,0.18864729599971736
6424,20230713-9PM_750_25_2344_0,1.369,82.0,750,25,2344,0,0.13640344813399
6425,20230713-9PM_750_25_2344_1,0.789,82.0,750,25,2344,1,-0.10292299679057967
6426,20230713-9PM_750_25_2344_2,0.763,82.0,750,25,2344,2,-0.11747546204511952
6427,20230713-9PM_750_25_2344_3,1.079,82.0,750,25,2344,3,0.033021444682910656
6428,20230713-9PM_750_25_2344_4,0.79,82.0,750,25,2344,4,-0.10237290870955855
6429,20230713-9PM_750_25_2344_5,0.84,82.0,750,25,2344,5,-0.07572071393811836
6430,20230713-9PM_750_25_2344_6,0.733,82.0,750,25,2344,6,-0.13489602535887207
6431,20230713-9PM_750_25_2344_7,1.026,82.0,750,25,2344,7,0.011147360775797479
6432,20230713-9PM_680_25_2343_0,1.335,82.0,680,25,2343,0,0.125481265700594
6433,20230713-9PM_680_25_2343_1,1.735,82.0,680,25,2343,1,0.23929947912689256
6434,20230713-9PM_680_25_2343_2,1.973,82.0,680,25,2343,2,0.2951270852521912
6435,20230713-9PM_680_25_2343_3,1.329,82.0,680,25,2343,3,0.12352498094273198
6436,20230713-9PM_680_25_2343_4,1.716,82.0,680,25,2343,4,0.23451728351268664
6437,20230713-9PM_680_25_2343_5,1.808,82.0,680,25,2343,5,0.2571984261393445
6438,20230713-9PM_680_25_2343_6,1.376,82.0,680,25,2343,6,0.13861843389949247
6439,20230713-9PM_680_25_2343_7,1.44,82.0,680,25,2343,7,0.15836249209524964
6440,20230713-9PM_750_25_2343_0,0.972,82.0,750,25,2343,0,-0.012333735073725434
6441,20230713-9PM_750_25_2343_1,1.187,82.0,750,25,2343,1,0.07445071895459124
6442,20230713-9PM_750_25_2343_2,1.355,82.0,750,25,2343,2,0.13193929521042452
6443,20230713-9PM_750_25_2343_3,0.938,82.0,750,25,2343,3,-0.027797161620935564
6444,20230713-9PM_750_25_2343_4,1.155,82.0,750,25,2343,4,0.06258198422816312
6445,20230713-9PM_750_25_2343_5,1.27,82.0,750,25,2343,5,0.10380372095595687
6446,20230713-9PM_750_25_2343_6,0.963,82.0,750,25,2343,6,-0.0163737128754655
6447,20230713-9PM_750_25_2343_7,1.018,82.0,750,25,2343,7,0.007747778000739948
6448,20230713-9PM_680_25_1952_0,1.657,82.0,680,25,1952,0,0.21932250841933676
6449,20230713-9PM_680_25_1952_1,1.79,82.0,680,25,1952,1,0.2528530309798932
6450,20230713-9PM_680_25_1952_2,1.46,82.0,680,25,1952,2,0.1643528557844371
6451,20230713-9PM_680_25_1952_3,1.051,82.0,680,25,1952,3,0.021602716028242194
6452,20230713-9PM_680_25_1952_4,1.675,82.0,680,25,1952,4,0.22401481137286405
6453,20230713-9PM_680_25_1952_5,1.047,82.0,680,25,1952,5,0.019946681678842306
6454,20230713-9PM_680_25_1952_6,1.486,82.0,680,25,1952,6,0.1720188094245565
6455,20230713-9PM_680_25_1952_7,1.58,82.0,680,25,1952,7,0.19865708695442263
6456,20230713-9PM_750_25_1952_0,0.967,82.0,750,25,1952,0,-0.014573525916998339
6457,20230713-9PM_750_25_1952_1,1.007,82.0,750,25,1952,1,0.003029470553617962
6458,20230713-9PM_750_25_1952_2,0.865,82.0,750,25,1952,2,-0.06298389253518578
6459,20230713-9PM_750_25_1952_3,0.661,82.0,750,25,1952,3,-0.17979854051435976
6460,20230713-9PM_750_25_1952_4,1.004,82.0,750,25,1952,4,0.0017337128090005312
6461,20230713-9PM_750_25_1952_5,0.641,82.0,750,25,1952,5,-0.19314197048118256
6462,20230713-9PM_750_25_1952_6,0.913,82.0,750,25,1952,6,-0.039529222465701036
6463,20230713-9PM_750_25_1952_7,0.958,82.0,750,25,1952,7,-0.018634490921455603
6464,20230713-9PM_680_25_2931_0,1.458,82.0,680,25,2931,0,0.1637575239819558
6465,20230713-9PM_680_25_2931_1,1.775,82.0,680,25,2931,1,0.24919835739111287
6466,20230713-9PM_680_25_2931_2,1.707,82.0,680,25,2931,2,0.23223352111473364
6467,20230713-9PM_680_25_2931_3,1.302,82.0,680,25,2931,3,0.11461098423217315
6468,20230713-9PM_680_25_2931_4,1.382,82.0,680,25,2931,4,0.14050804303817957
6469,20230713-9PM_680_25_2931_5,1.635,82.0,680,25,2931,5,0.21351775699630487
6470,20230713-9PM_680_25_2931_6,1.45,82.0,680,25,2931,6,0.16136800223497488
6471,20230713-9PM_680_25_2931_7,1.735,82.0,680,25,2931,7,0.23929947912689256
6472,20230713-9PM_750_25_2931_0,0.831,82.0,750,25,2931,0,-0.08039897621588903
6473,20230713-9PM_750_25_2931_1,0.956,82.0,750,25,2931,1,-0.019542107723899943
6474,20230713-9PM_750_25_2931_2,0.947,82.0,750,25,2931,2,-0.0236500209967266
6475,20230713-9PM_750_25_2931_3,0.777,82.0,750,25,2931,3,-0.10957898119908573
6476,20230713-9PM_750_25_2931_4,0.798,82.0,750,25,2931,4,-0.09799710864927055
6477,20230713-9PM_750_25_2931_5,0.945,82.0,750,25,2931,5,-0.024568191490737076
6478,20230713-9PM_750_25_2931_6,0.943,82.0,750,25,2931,6,-0.02548830726267165
6479,20230713-9PM_750_25_2931_7,0.982,82.0,750,25,2931,7,-0.00788851221305034
6480,20230713-9PM_680_25_JG5_0,1.105,82.0,680,25,JG5,0,0.0433622780211295
6481,20230713-9PM_680_25_JG5_1,0.998,82.0,680,25,JG5,1,-0.0008694587126288914
6482,20230713-9PM_680_25_JG5_2,0.728,82.0,680,25,JG5,2,-0.13786862068696282
6483,20230713-9PM_680_25_JG5_3,0.887,82.0,680,25,JG5,3,-0.0520763801682736
6484,20230713-9PM_680_25_JG5_4,1.021,82.0,680,25,JG5,4,0.009025742086910208
6485,20230713-9PM_680_25_JG5_5,1.064,82.0,680,25,JG5,5,0.0269416279590294
6486,20230713-9PM_680_25_JG5_6,1.213,82.0,680,25,JG5,6,0.08386080086657301
6487,20230713-9PM_680_25_JG5_7,1.228,82.0,680,25,JG5,7,0.08919836680514887
6488,20230713-9PM_750_25_JG5_0,0.703,82.0,750,25,JG5,0,-0.15304467498017607
6489,20230713-9PM_750_25_JG5_1,0.604,82.0,750,25,JG5,1,-0.21896306137886817
6490,20230713-9PM_750_25_JG5_2,0.396,82.0,750,25,JG5,2,-0.40230481407448765
6491,20230713-9PM_750_25_JG5_3,0.489,82.0,750,25,JG5,3,-0.3106911408763798
6492,20230713-9PM_750_25_JG5_4,0.605,82.0,750,25,JG5,4,-0.2182446253475311
6493,20230713-9PM_750_25_JG5_5,0.552,82.0,750,25,JG5,5,-0.2580609222708011
6494,20230713-9PM_750_25_JG5_6,0.717,82.0,750,25,JG5,6,-0.1444808443321999
6495,20230713-9PM_750_25_JG5_7,0.624,82.0,750,25,JG5,7,-0.20481541031757602
6496,20230713-9PM_680_25_BMS_0,1.56,82.0,680,25,BMS,0,0.1931245983544616
6497,20230713-9PM_680_25_BMS_1,1.283,82.0,680,25,BMS,1,0.10822665637492848
6498,20230713-9PM_680_25_BMS_2,1.76,82.0,680,25,BMS,2,0.24551266781414982
6499,20230713-9PM_680_25_BMS_3,1.579,82.0,680,25,BMS,3,0.19838213000829422
6500,20230713-9PM_680_25_BMS_4,1.871,82.0,680,25,BMS,4,0.27207378750000993
6501,20230713-9PM_680_25_BMS_5,1.531,82.0,680,25,BMS,5,0.18497519069826102
6502,20230713-9PM_680_25_BMS_6,1.645,82.0,680,25,BMS,6,0.2161659022859931
6503,20230713-9PM_680_25_BMS_7,1.766,82.0,680,25,BMS,7,0.2469906992415498
6504,20230713-9PM_750_25_BMS_0,0.952,82.0,750,25,BMS,0,-0.021363051615525673
6505,20230713-9PM_750_25_BMS_1,0.839,82.0,750,25,BMS,1,-0.07623803917129975
6506,20230713-9PM_750_25_BMS_2,1.072,82.0,750,25,BMS,2,0.03019478535675124
6507,20230713-9PM_750_25_BMS_3,0.973,82.0,750,25,BMS,3,-0.0118871597316481
6508,20230713-9PM_750_25_BMS_4,1.103,82.0,750,25,BMS,4,0.04257551244019059
6509,20230713-9PM_750_25_BMS_5,0.936,82.0,750,25,BMS,5,-0.028724151261894745
6510,20230713-9PM_750_25_BMS_6,1.006,82.0,750,25,BMS,6,0.0025979807199085947
6511,20230713-9PM_750_25_BMS_7,1.027,82.0,750,25,BMS,7,0.01157044359727816
6512,20230713-9PM_680_20_3059_0,1.102,82.0,680,20,3059,0,0.04218159451576628
6513,20230713-9PM_680_20_3059_1,1.521,82.0,680,20,3059,1,0.1821292140529984
6514,20230713-9PM_680_20_3059_2,1.652,82.0,680,20,3059,2,0.21801004298436338
6515,20230713-9PM_680_20_3059_3,1.948,82.0,680,20,3059,3,0.2895889525425967
6516,20230713-9PM_680_20_3059_4,1.625,82.0,680,20,3059,4,0.21085336531489318
6517,20230713-9PM_680_20_3059_5,1.615,82.0,680,20,3059,5,0.2081725266671217
6518,20230713-9PM_680_20_3059_6,1.493,82.0,680,20,3059,6,0.17405980772502544
6519,20230713-9PM_680_20_3059_7,1.55,82.0,680,20,3059,7,0.1903316981702915
6520,20230713-9PM_750_20_3059_0,0.625,82.0,750,20,3059,0,-0.2041199826559248
6521,20230713-9PM_750_20_3059_1,0.933,82.0,750,20,3059,1,-0.030118356253500032
6522,20230713-9PM_750_20_3059_2,1.051,82.0,750,20,3059,2,0.021602716028242194
6523,20230713-9PM_750_20_3059_3,1.102,82.0,750,20,3059,3,0.04218159451576628
6524,20230713-9PM_750_20_3059_4,1.028,82.0,750,20,3059,4,0.011993114659256938
6525,20230713-9PM_750_20_3059_5,1.034,82.0,750,20,3059,5,0.014520538757923713
6526,20230713-9PM_750_20_3059_6,1.109,82.0,750,20,3059,6,0.04493154614916006
6527,20230713-9PM_750_20_3059_7,0.985,82.0,750,20,3059,7,-0.006563769502388274
6528,20230713-9PM_680_20_1691_0,1.246,82.0,680,20,1691,0,0.09551804232315081
6529,20230713-9PM_680_20_1691_1,1.651,82.0,680,20,1691,1,0.21774707326279363
6530,20230713-9PM_680_20_1691_2,0.931,82.0,680,20,1691,2,-0.031050319018657353
6531,20230713-9PM_680_20_1691_3,1.141,82.0,680,20,1691,3,0.05728564441821465
6532,20230713-9PM_680_20_1691_4,1.225,82.0,680,20,1691,4,0.0881360887005513
6533,20230713-9PM_680_20_1691_5,0.947,82.0,680,20,1691,5,-0.0236500209967266
6534,20230713-9PM_680_20_1691_6,1.159,82.0,680,20,1691,6,0.064083435963596
6535,20230713-9PM_680_20_1691_7,1.32,82.0,680,20,1691,7,0.12057393120584989
6536,20230713-9PM_750_20_1691_0,0.725,82.0,750,20,1691,0,-0.13966199342900631
6537,20230713-9PM_750_20_1691_1,0.981,82.0,750,20,1691,1,-0.008330992620051497
6538,20230713-9PM_750_20_1691_2,0.55,82.0,750,20,1691,2,-0.2596373105057561
6539,20230713-9PM_750_20_1691_3,0.714,82.0,750,20,1691,3,-0.14630178822382564
6540,20230713-9PM_750_20_1691_4,0.708,82.0,750,20,1691,4,-0.149966742310231
6541,20230713-9PM_750_20_1691_5,0.607,82.0,750,20,1691,5,-0.21681130892474243
6542,20230713-9PM_750_20_1691_6,0.777,82.0,750,20,1691,6,-0.10957898119908573
6543,20230713-9PM_750_20_1691_7,0.819,82.0,750,20,1691,7,-0.08671609823958155
6544,20230713-9PM_680_20_1690_0,1.728,82.0,680,20,1690,0,0.23754373814287447
6545,20230713-9PM_680_20_1690_1,2.381,82.0,680,20,1690,1,0.37675939540487985
6546,20230713-9PM_680_20_1690_2,1.633,82.0,680,20,1690,2,0.21298618473666817
6547,20230713-9PM_680_20_1690_3,1.612,82.0,680,20,1690,3,0.20736503746907187
6548,20230713-9PM_680_20_1690_4,1.769,82.0,680,20,1690,4,0.2477278329097231
6549,20230713-9PM_680_20_1690_5,1.343,82.0,680,20,1690,5,0.12807601266871535
6550,20230713-9PM_680_20_1690_6,1.649,82.0,680,20,1690,6,0.21722065564451878
6551,20230713-9PM_680_20_1690_7,1.55,82.0,680,20,1690,7,0.1903316981702915
6552,20230713-9PM_750_20_1690_0,1.086,82.0,750,20,1690,0,0.03582982525282817
6553,20230713-9PM_750_20_1690_1,1.438,82.0,750,20,1690,1,0.15775888604686378
6554,20230713-9PM_750_20_1690_2,1.143,82.0,750,20,1690,2,0.05804623039528174
6555,20230713-9PM_750_20_1690_3,0.951,82.0,750,20,1690,3,-0.02181948306258609
6556,20230713-9PM_750_20_1690_4,1.159,82.0,750,20,1690,4,0.064083435963596
6557,20230713-9PM_750_20_1690_5,0.837,82.0,750,20,1690,5,-0.07727454200674003
6558,20230713-9PM_750_20_1690_6,0.968,82.0,750,20,1690,6,-0.014124642691606345
6559,20230713-9PM_750_20_1690_7,0.939,82.0,750,20,1690,7,-0.027334407733889104
6560,20230713-9PM_680_20_2342_0,1.254,82.0,680,20,2342,0,0.09829753649469763
6561,20230713-9PM_680_20_2342_1,1.552,82.0,680,20,2342,1,0.19089171692216964
6562,20230713-9PM_680_20_2342_2,1.397,82.0,680,20,2342,2,0.14519640611418191
6563,20230713-9PM_680_20_2342_3,1.352,82.0,680,20,2342,3,0.13097669160561715
6564,20230713-9PM_680_20_2342_4,1.376,82.0,680,20,2342,4,0.13861843389949247
6565,20230713-9PM_680_20_2342_5,1.383,82.0,680,20,2342,5,0.14082218010931058
6566,20230713-9PM_680_20_2342_6,0.961,82.0,680,20,2342,6,-0.017276612331454656
6567,20230713-9PM_680_20_2342_7,1.135,82.0,680,20,2342,7,0.05499586152914153
6568,20230713-9PM_750_20_2342_0,0.717,82.0,750,20,2342,0,-0.1444808443321999
6569,20230713-9PM_750_20_2342_1,1.022,82.0,750,20,2342,1,0.009450895798693935
6570,20230713-9PM_750_20_2342_2,0.822,82.0,750,20,2342,2,-0.08512818245994963
6571,20230713-9PM_750_20_2342_3,0.795,82.0,750,20,2342,3,-0.09963287134352969
6572,20230713-9PM_750_20_2342_4,0.763,82.0,750,20,2342,4,-0.11747546204511952
6573,20230713-9PM_750_20_2342_5,0.817,82.0,750,20,2342,5,-0.08777794346758454
6574,20230713-9PM_750_20_2342_6,0.621,82.0,750,20,2342,6,-0.20690839982341983
6575,20230713-9PM_750_20_2342_7,0.768,82.0,750,20,2342,7,-0.114638779968488
6576,20230713-9PM_680_20_4532_0,1.698,82.0,680,20,4532,0,0.22993768590793387
6577,20230713-9PM_680_20_4532_1,1.978,82.0,680,20,4532,1,0.29622628726116057
6578,20230713-9PM_680_20_4532_2,1.223,82.0,680,20,4532,2,0.08742645703628549
6579,20230713-9PM_680_20_4532_3,1.843,82.0,680,20,4532,3,0.2655253352190738
6580,20230713-9PM_680_20_4532_4,1.622,82.0,680,20,4532,4,0.21005084987513725
6581,20230713-9PM_680_20_4532_5,1.97,82.0,680,20,4532,5,0.2944662261615929
6582,20230713-9PM_680_20_4532_6,1.558,82.0,680,20,4532,6,0.19256745333654565
6583,20230713-9PM_680_20_4532_7,1.69,82.0,680,20,4532,7,0.22788670461367352
6584,20230713-9PM_750_20_4532_0,0.981,82.0,750,20,4532,0,-0.008330992620051497
6585,20230713-9PM_750_20_4532_1,1.01,82.0,750,20,4532,1,0.004321373782642578
6586,20230713-9PM_750_20_4532_2,0.895,82.0,750,20,4532,2,-0.04817696468408802
6587,20230713-9PM_750_20_4532_3,1.146,82.0,750,20,4532,3,0.05918461763137114
6588,20230713-9PM_750_20_4532_4,1.03,82.0,750,20,4532,4,0.012837224705172217
6589,20230713-9PM_750_20_4532_5,1.104,82.0,750,20,4532,5,0.04296907339318013
6590,20230713-9PM_750_20_4532_6,0.938,82.0,750,20,4532,6,-0.027797161620935564
6591,20230713-9PM_750_20_4532_7,0.872,82.0,750,20,4532,7,-0.05948351506743278
6592,20230713-9PM_680_20_2344_0,0.621,82.0,680,20,2344,0,-0.20690839982341983
6593,20230713-9PM_680_20_2344_1,1.024,82.0,680,20,2344,1,0.010299956639811961
6594,20230713-9PM_680_20_2344_2,0.927,82.0,680,20,2344,2,-0.0329202658555029
6595,20230713-9PM_680_20_2344_3,1.165,82.0,680,20,2344,3,0.0663259253620378
6596,20230713-9PM_680_20_2344_4,0.747,82.0,680,20,2344,4,-0.12667939818460122
6597,20230713-9PM_680_20_2344_5,0.702,82.0,680,20,2344,5,-0.15366288787019475
6598,20230713-9PM_680_20_2344_6,0.893,82.0,680,20,2344,6,-0.049148541111453566
6599,20230713-9PM_680_20_2344_7,1.424,82.0,680,20,2344,7,0.15350998930083753
6600,20230713-9PM_750_20_2344_0,0.436,82.0,750,20,2344,0,-0.36051351073141397
6601,20230713-9PM_750_20_2344_1,0.583,82.0,750,20,2344,1,-0.23433144524098595
6602,20230713-9PM_750_20_2344_2,0.525,82.0,750,20,2344,2,-0.2798406965940431
6603,20230713-9PM_750_20_2344_3,0.645,82.0,750,20,2344,3,-0.19044028536473223
6604,20230713-9PM_750_20_2344_4,0.462,82.0,750,20,2344,4,-0.33535802444387447
6605,20230713-9PM_750_20_2344_5,0.414,82.0,750,20,2344,5,-0.3829996588791011
6606,20230713-9PM_750_20_2344_6,0.482,82.0,750,20,2344,6,-0.31695296176115045
6607,20230713-9PM_750_20_2344_7,0.871,82.0,750,20,2344,7,-0.059981844992336796
6608,20230713-9PM_680_20_2343_0,1.495,82.0,680,20,2343,0,0.17464119266044847
6609,20230713-9PM_680_20_2343_1,1.69,82.0,680,20,2343,1,0.22788670461367352
6610,20230713-9PM_680_20_2343_2,1.375,82.0,680,20,2343,2,0.13830269816628146
6611,20230713-9PM_680_20_2343_3,1.292,82.0,680,20,2343,3,0.1112625136590653
6612,20230713-9PM_680_20_2343_4,1.404,82.0,680,20,2343,4,0.14736710779378645
6613,20230713-9PM_680_20_2343_5,1.129,82.0,680,20,2343,5,0.05269394192496786
6614,20230713-9PM_680_20_2343_6,1.262,82.0,680,20,2343,6,0.10105935490811552
6615,20230713-9PM_680_20_2343_7,1.58,82.0,680,20,2343,7,0.19865708695442263
6616,20230713-9PM_750_20_2343_0,1.008,82.0,750,20,2343,0,0.003460532109506489
6617,20230713-9PM_750_20_2343_1,1.13,82.0,750,20,2343,1,0.05307844348341968
6618,20230713-9PM_750_20_2343_2,0.937,82.0,750,20,2343,2,-0.02826040911222171
6619,20230713-9PM_750_20_2343_3,0.838,82.0,750,20,2343,3,-0.07675598136972352
6620,20230713-9PM_750_20_2343_4,0.909,82.0,750,20,2343,4,-0.041436116778032536
6621,20230713-9PM_750_20_2343_5,0.787,82.0,750,20,2343,5,-0.10402526764093542
6622,20230713-9PM_750_20_2343_6,0.87,82.0,750,20,2343,6,-0.060480747381381476
6623,20230713-9PM_750_20_2343_7,1.109,82.0,750,20,2343,7,0.04493154614916006
6624,20230713-9PM_680_20_1952_0,1.282,82.0,680,20,1952,0,0.10788802518279862
6625,20230713-9PM_680_20_1952_1,1.456,82.0,680,20,1952,1,0.16316137497701838
6626,20230713-9PM_680_20_1952_2,1.393,82.0,680,20,1952,2,0.1439511164239635
6627,20230713-9PM_680_20_1952_3,1.467,82.0,680,20,1952,3,0.1664301138432827
6628,20230713-9PM_680_20_1952_4,1.139,82.0,680,20,1952,4,0.05652372407910037
6629,20230713-9PM_680_20_1952_5,1.242,82.0,680,20,1952,5,0.09412159584056139
6630,20230713-9PM_680_20_1952_6,1.208,82.0,680,20,1952,6,0.08206693428511301
6631,20230713-9PM_680_20_1952_7,1.351,82.0,680,20,1952,7,0.13065534902203058
6632,20230713-9PM_750_20_1952_0,0.713,82.0,750,20,1952,0,-0.14691047014813446
6633,20230713-9PM_750_20_1952_1,0.793,82.0,750,20,1952,1,-0.10072681268239618
6634,20230713-9PM_750_20_1952_2,0.81,82.0,750,20,1952,2,-0.09151498112135022
6635,20230713-9PM_750_20_1952_3,0.878,82.0,750,20,1952,3,-0.05650548409389743
6636,20230713-9PM_750_20_1952_4,0.671,82.0,750,20,1952,4,-0.17327747983100789
6637,20230713-9PM_750_20_1952_5,0.715,82.0,750,20,1952,5,-0.1456939581989194
6638,20230713-9PM_750_20_1952_6,0.693,82.0,750,20,1952,6,-0.1592667653881933
6639,20230713-9PM_750_20_1952_7,0.796,82.0,750,20,1952,7,-0.09908693226233094
6640,20230713-9PM_680_20_2931_0,0.806,82.0,680,20,2931,0,-0.09366495819490933
6641,20230713-9PM_680_20_2931_1,0.485,82.0,680,20,2931,1,-0.3142582613977364
6642,20230713-9PM_680_20_2931_2,1.146,82.0,680,20,2931,2,0.05918461763137114
6643,20230713-9PM_680_20_2931_3,0.922,82.0,680,20,2931,3,-0.03526907894637064
6644,20230713-9PM_680_20_2931_4,0.749,82.0,680,20,2931,4,-0.12551818230053352
6645,20230713-9PM_680_20_2931_5,1.009,82.0,680,20,2931,5,0.0038911662369104775
6646,20230713-9PM_680_20_2931_6,0.893,82.0,680,20,2931,6,-0.049148541111453566
6647,20230713-9PM_680_20_2931_7,1.303,82.0,680,20,2931,7,0.11494441571258467
6648,20230713-9PM_750_20_2931_0,0.458,82.0,750,20,2931,0,-0.3391345219961308
6649,20230713-9PM_750_20_2931_1,0.306,82.0,750,20,2931,1,-0.51427857351842
6650,20230713-9PM_750_20_2931_2,0.631,82.0,750,20,2931,2,-0.19997064075586568
6651,20230713-9PM_750_20_2931_3,0.5,82.0,750,20,2931,3,-0.3010299956639812
6652,20230713-9PM_750_20_2931_4,0.446,82.0,750,20,2931,4,-0.35066514128785814
6653,20230713-9PM_750_20_2931_5,0.555,82.0,750,20,2931,5,-0.2557070168773237
6654,20230713-9PM_750_20_2931_6,0.514,82.0,750,20,2931,6,-0.28903688100472424
6655,20230713-9PM_750_20_2931_7,0.681,82.0,750,20,2931,7,-0.16685288808721482
6656,20230713-9PM_680_20_JG5_0,1.004,82.0,680,20,JG5,0,0.0017337128090005312
6657,20230713-9PM_680_20_JG5_1,0.863,82.0,680,20,JG5,1,-0.06398920428479041
6658,20230713-9PM_680_20_JG5_2,0.64,82.0,680,20,JG5,2,-0.1938200260161128
6659,20230713-9PM_680_20_JG5_3,0.809,82.0,680,20,JG5,3,-0.09205147838772766
6660,20230713-9PM_680_20_JG5_4,0.996,82.0,680,20,JG5,4,-0.00174066157630127
6661,20230713-9PM_680_20_JG5_5,0.889,82.0,680,20,JG5,5,-0.0510982390297863
6662,20230713-9PM_680_20_JG5_6,0.605,82.0,680,20,JG5,6,-0.2182446253475311
6663,20230713-9PM_680_20_JG5_7,0.259,82.0,680,20,JG5,7,-0.5867002359187482
6664,20230713-9PM_750_20_JG5_0,0.597,82.0,750,20,JG5,0,-0.22402566887063094
6665,20230713-9PM_750_20_JG5_1,0.547,82.0,750,20,JG5,1,-0.2620126736665692
6666,20230713-9PM_750_20_JG5_2,0.362,82.0,750,20,JG5,2,-0.4412914294668343
6667,20230713-9PM_750_20_JG5_3,0.43,82.0,750,20,JG5,3,-0.36653154442041347
6668,20230713-9PM_750_20_JG5_4,0.534,82.0,750,20,JG5,4,-0.27245874297144357
6669,20230713-9PM_750_20_JG5_5,0.482,82.0,750,20,JG5,5,-0.31695296176115045
6670,20230713-9PM_750_20_JG5_6,0.336,82.0,750,20,JG5,6,-0.4736607226101559
6671,20230713-9PM_750_20_JG5_7,0.162,82.0,750,20,JG5,7,-0.790484985457369
6672,20230713-9PM_680_20_BMS_0,1.547,82.0,680,20,BMS,0,0.1894903136993675
6673,20230713-9PM_680_20_BMS_1,1.649,82.0,680,20,BMS,1,0.21722065564451878
6674,20230713-9PM_680_20_BMS_2,1.612,82.0,680,20,BMS,2,0.20736503746907187
6675,20230713-9PM_680_20_BMS_3,1.555,82.0,680,20,BMS,3,0.1917303933628563
6676,20230713-9PM_680_20_BMS_4,1.43,82.0,680,20,BMS,4,0.1553360374650618
6677,20230713-9PM_680_20_BMS_5,1.517,82.0,680,20,BMS,5,0.18098558078673047
6678,20230713-9PM_680_20_BMS_6,1.534,82.0,680,20,BMS,6,0.18582535961296218
6679,20230713-9PM_680_20_BMS_7,1.534,82.0,680,20,BMS,7,0.18582535961296218
6680,20230713-9PM_750_20_BMS_0,0.878,82.0,750,20,BMS,0,-0.05650548409389743
6681,20230713-9PM_750_20_BMS_1,0.942,82.0,750,20,BMS,1,-0.025949097207122653
6682,20230713-9PM_750_20_BMS_2,0.892,82.0,750,20,BMS,2,-0.04963514562387693
6683,20230713-9PM_750_20_BMS_3,0.888,82.0,750,20,BMS,3,-0.05158703422139897
6684,20230713-9PM_750_20_BMS_4,0.827,82.0,750,20,BMS,4,-0.08249449044745336
6685,20230713-9PM_750_20_BMS_5,0.869,82.0,750,20,BMS,5,-0.060980223551333534
6686,20230713-9PM_750_20_BMS_6,0.881,82.0,750,20,BMS,6,-0.05502409158795209
6687,20230713-9PM_750_20_BMS_7,0.822,82.0,750,20,BMS,7,-0.08512818245994963
6688,20230713-9PM_680_30_3059_0,1.71,82.0,680,30,3059,0,0.23299611039215382
6689,20230713-9PM_680_30_3059_1,1.859,82.0,680,30,3059,1,0.2692793897718986
6690,20230713-9PM_680_30_3059_2,1.502,82.0,680,30,3059,2,0.1766699326681496
6691,20230713-9PM_680_30_3059_3,2.135,82.0,680,30,3059,3,0.32939787936104264
6692,20230713-9PM_680_30_3059_4,1.461,82.0,680,30,3059,4,0.1646502159342968
6693,20230713-9PM_680_30_3059_5,1.214,82.0,680,30,3059,5,0.08421868673923877
6694,20230713-9PM_680_30_3059_6,1.835,82.0,680,30,3059,6,0.2636360685881081
6695,20230713-9PM_680_30_3059_7,1.735,82.0,680,30,3059,7,0.23929947912689256
6696,20230713-9PM_750_30_3059_0,1.018,82.0,750,30,3059,0,0.007747778000739948
6697,20230713-9PM_750_30_3059_1,1.139,82.0,750,30,3059,1,0.05652372407910037
6698,20230713-9PM_750_30_3059_2,0.9,82.0,750,30,3059,2,-0.045757490560675115
6699,20230713-9PM_750_30_3059_3,1.22,82.0,750,30,3059,3,0.08635983067474821
6700,20230713-9PM_750_30_3059_4,0.936,82.0,750,30,3059,4,-0.028724151261894745
6701,20230713-9PM_750_30_3059_5,0.732,82.0,750,30,3059,5,-0.13548891894160814
6702,20230713-9PM_750_30_3059_6,1.066,82.0,750,30,3059,6,0.027757204690553483
6703,20230713-9PM_750_30_3059_7,1.161,82.0,750,30,3059,7,0.06483221973857385
6704,20230713-9PM_680_30_1691_0,1.96,82.0,680,30,1691,0,0.292256071356476
6705,20230713-9PM_680_30_1691_1,2.045,82.0,680,30,1691,1,0.3106933123433606
6706,20230713-9PM_680_30_1691_2,1.203,82.0,680,30,1691,2,0.08026562733984477
6707,20230713-9PM_680_30_1691_3,1.864,82.0,680,30,1691,3,0.2704459080179626
6708,20230713-9PM_680_30_1691_4,1.178,82.0,680,30,1691,4,0.07114529045108281
6709,20230713-9PM_680_30_1691_5,1.474,82.0,680,30,1691,5,0.16849748352303268
6710,20230713-9PM_680_30_1691_6,0.67,82.0,680,30,1691,6,-0.17392519729917355
6711,20230713-9PM_680_30_1691_7,0.986,82.0,680,30,1691,7,-0.0061230850587887945
6712,20230713-9PM_750_30_1691_0,0.954,82.0,750,30,1691,0,-0.020451625295904902
6713,20230713-9PM_750_30_1691_1,1.002,82.0,750,30,1691,1,0.0008677215312269133
6714,20230713-9PM_750_30_1691_2,0.672,82.0,750,30,1691,2,-0.17263072694617473
6715,20230713-9PM_750_30_1691_3,1.019,82.0,750,30,1691,3,0.008174184006426355
6716,20230713-9PM_750_30_1691_4,0.685,82.0,750,30,1691,4,-0.1643094285075744
6717,20230713-9PM_750_30_1691_5,0.858,82.0,750,30,1691,5,-0.06651271215129456
6718,20230713-9PM_750_30_1691_6,0.387,82.0,750,30,1691,6,-0.4122890349810886
6719,20230713-9PM_750_30_1691_7,0.616,82.0,750,30,1691,7,-0.21041928783557454
6720,20230713-9PM_680_30_1690_0,1.233,82.0,680,30,1690,0,0.09096307659573168
6721,20230713-9PM_680_30_1690_1,2.378,82.0,680,30,1690,1,0.3762118502826728
6722,20230713-9PM_680_30_1690_2,1.597,82.0,680,30,1690,2,0.20330491613848292
6723,20230713-9PM_680_30_1690_3,2.06,82.0,680,30,1690,3,0.31386722036915343
6724,20230713-9PM_680_30_1690_4,1.471,82.0,680,30,1690,4,0.16761267272753014
6725,20230713-9PM_680_30_1690_5,1.766,82.0,680,30,1690,5,0.2469906992415498
6726,20230713-9PM_680_30_1690_6,1.706,82.0,680,30,1690,6,0.2319790268315042
6727,20230713-9PM_680_30_1690_7,1.86,82.0,680,30,1690,7,0.26951294421791633
6728,20230713-9PM_750_30_1690_0,0.775,82.0,750,30,1690,0,-0.1106982974936897
6729,20230713-9PM_750_30_1690_1,1.311,82.0,750,30,1690,1,0.11760269169008426
6730,20230713-9PM_750_30_1690_2,0.972,82.0,750,30,1690,2,-0.012333735073725434
6731,20230713-9PM_750_30_1690_3,1.103,82.0,750,30,1690,3,0.04257551244019059
6732,20230713-9PM_750_30_1690_4,0.851,82.0,750,30,1690,4,-0.07007043991541213
6733,20230713-9PM_750_30_1690_5,1.101,82.0,750,30,1690,5,0.041787318971751766
6734,20230713-9PM_750_30_1690_6,0.969,82.0,750,30,1690,6,-0.013676222949234686
6735,20230713-9PM_750_30_1690_7,1.038,82.0,750,30,1690,7,0.01619735351243906
6736,20230713-9PM_680_30_2342_0,0.98,82.0,680,30,2342,0,-0.00877392430750515
6737,20230713-9PM_680_30_2342_1,1.548,82.0,680,30,2342,1,0.1897709563468738
6738,20230713-9PM_680_30_2342_2,1.204,82.0,680,30,2342,2,0.08062648692180573
6739,20230713-9PM_680_30_2342_3,0.958,82.0,680,30,2342,3,-0.018634490921455603
6740,20230713-9PM_680_30_2342_4,0.928,82.0,680,30,2342,4,-0.032452023781137915
6741,20230713-9PM_680_30_2342_5,0.976,82.0,680,30,2342,5,-0.010550182333308195
6742,20230713-9PM_680_30_2342_6,1.043,82.0,680,30,2342,6,0.018284308426530838
6743,20230713-9PM_680_30_2342_7,0.933,82.0,680,30,2342,7,-0.030118356253500032
6744,20230713-9PM_750_30_2342_0,0.65,82.0,750,30,2342,0,-0.18708664335714442
6745,20230713-9PM_750_30_2342_1,1.027,82.0,750,30,2342,1,0.01157044359727816
6746,20230713-9PM_750_30_2342_2,0.671,82.0,750,30,2342,2,-0.17327747983100789
6747,20230713-9PM_750_30_2342_3,0.713,82.0,750,30,2342,3,-0.14691047014813446
6748,20230713-9PM_750_30_2342_4,0.675,82.0,750,30,2342,4,-0.17069622716897506
6749,20230713-9PM_750_30_2342_5,0.675,82.0,750,30,2342,5,-0.17069622716897506
6750,20230713-9PM_750_30_2342_6,0.822,82.0,750,30,2342,6,-0.08512818245994963
6751,20230713-9PM_750_30_2342_7,0.694,82.0,750,30,2342,7,-0.15864052954514513
6752,20230713-9PM_680_30_4532_0,1.761,82.0,680,30,4532,0,0.24575935596727688
6753,20230713-9PM_680_30_4532_1,1.744,82.0,680,30,4532,1,0.2415464805965484
6754,20230713-9PM_680_30_4532_2,2.016,82.0,680,30,4532,2,0.3044905277734877
6755,20230713-9PM_680_30_4532_3,1.964,82.0,680,30,4532,3,0.29314148345093083
6756,20230713-9PM_680_30_4532_4,2.201,82.0,680,30,4532,4,0.342620042553348
6757,20230713-9PM_680_30_4532_5,2.052,82.0,680,30,4532,5,0.3121773564397787
6758,20230713-9PM_680_30_4532_6,1.787,82.0,680,30,4532,6,0.2521245525056442
6759,20230713-9PM_680_30_4532_7,2.172,82.0,680,30,4532,7,0.3368598209168094
6760,20230713-9PM_750_30_4532_0,0.973,82.0,750,30,4532,0,-0.0118871597316481
6761,20230713-9PM_750_30_4532_1,0.895,82.0,750,30,4532,1,-0.04817696468408802
6762,20230713-9PM_750_30_4532_2,0.958,82.0,750,30,4532,2,-0.018634490921455603
6763,20230713-9PM_750_30_4532_3,0.996,82.0,750,30,4532,3,-0.00174066157630127
6764,20230713-9PM_750_30_4532_4,1.006,82.0,750,30,4532,4,0.0025979807199085947
6765,20230713-9PM_750_30_4532_5,1.042,82.0,750,30,4532,5,0.017867718963505686
6766,20230713-9PM_750_30_4532_6,0.962,82.0,750,30,4532,6,-0.016824927962187056
6767,20230713-9PM_750_30_4532_7,1.013,82.0,750,30,4532,7,0.005609445360280386
6768,20230713-9PM_680_30_2344_0,1.892,82.0,680,30,2344,0,0.27692113206577396
6769,20230713-9PM_680_30_2344_1,1.257,82.0,680,30,2344,1,0.0993352776859577
6770,20230713-9PM_680_30_2344_2,1.112,82.0,680,30,2344,2,0.046104787246038705
6771,20230713-9PM_680_30_2344_3,1.426,82.0,680,30,2344,3,0.15411952551584673
6772,20230713-9PM_680_30_2344_4,1.325,82.0,680,30,2344,4,0.12221587827282664
6773,20230713-9PM_680_30_2344_5,1.406,82.0,680,30,2344,5,0.14798532068380513
6774,20230713-9PM_680_30_2344_6,1.394,82.0,680,30,2344,6,0.1442627737619906
6775,20230713-9PM_680_30_2344_7,1.597,82.0,680,30,2344,7,0.20330491613848292
6776,20230713-9PM_750_30_2344_0,1.198,82.0,750,30,2344,0,0.07845681805329256
6777,20230713-9PM_750_30_2344_1,0.773,82.0,750,30,2344,1,-0.11182050608167508
6778,20230713-9PM_750_30_2344_2,0.696,82.0,750,30,2344,2,-0.15739076038943792
6779,20230713-9PM_750_30_2344_3,0.86,82.0,750,30,2344,3,-0.06550154875643228
6780,20230713-9PM_750_30_2344_4,0.822,82.0,750,30,2344,4,-0.08512818245994963
6781,20230713-9PM_750_30_2344_5,0.874,82.0,750,30,2344,5,-0.05848856736559697
6782,20230713-9PM_750_30_2344_6,0.843,82.0,750,30,2344,6,-0.07417242537525769
6783,20230713-9PM_750_30_2344_7,0.909,82.0,750,30,2344,7,-0.041436116778032536
6784,20230713-9PM_680_30_2343_0,1.943,82.0,680,30,2343,0,0.28847280059978253
6785,20230713-9PM_680_30_2343_1,1.277,82.0,680,30,2343,1,0.10619089726341525
6786,20230713-9PM_680_30_2343_2,2.069,82.0,680,30,2343,2,0.3157604906657346
6787,20230713-9PM_680_30_2343_3,2.358,82.0,680,30,2343,3,0.37254380075907034
6788,20230713-9PM_680_30_2343_4,1.511,82.0,680,30,2343,4,0.17926446433902535
6789,20230713-9PM_680_30_2343_5,1.927,82.0,680,30,2343,5,0.284881714655453
6790,20230713-9PM_680_30_2343_6,1.756,82.0,680,30,2343,6,0.24452451157008376
6791,20230713-9PM_680_30_2343_7,1.692,82.0,680,30,2343,7,0.2284003587030047
6792,20230713-9PM_750_30_2343_0,1.172,82.0,750,30,2343,0,0.06892761168207182
6793,20230713-9PM_750_30_2343_1,0.907,82.0,750,30,2343,1,-0.04239271293990473
6794,20230713-9PM_750_30_2343_2,1.244,82.0,750,30,2343,2,0.0948203803547999
6795,20230713-9PM_750_30_2343_3,1.343,82.0,750,30,2343,3,0.12807601266871535
6796,20230713-9PM_750_30_2343_4,0.972,82.0,750,30,2343,4,-0.012333735073725434
6797,20230713-9PM_750_30_2343_5,1.239,82.0,750,30,2343,5,0.09307130637606349
6798,20230713-9PM_750_30_2343_6,1.134,82.0,750,30,2343,6,0.05461305455688774
6799,20230713-9PM_750_30_2343_7,1.109,82.0,750,30,2343,7,0.04493154614916006
6800,20230713-9PM_680_30_1952_0,1.556,82.0,680,30,1952,0,0.19200959265367015
6801,20230713-9PM_680_30_1952_1,1.772,82.0,680,30,1952,1,0.24846371755103194
6802,20230713-9PM_680_30_1952_2,1.686,82.0,680,30,1952,2,0.2268575702887235
6803,20230713-9PM_680_30_1952_3,2.15,82.0,680,30,1952,3,0.33243845991560533
6804,20230713-9PM_680_30_1952_4,1.905,82.0,680,30,1952,4,0.2798949800116381
6805,20230713-9PM_680_30_1952_5,1.727,82.0,680,30,1952,5,0.2372923375674588
6806,20230713-9PM_680_30_1952_6,1.813,82.0,680,30,1952,6,0.25839780409550867
6807,20230713-9PM_680_30_1952_7,1.464,82.0,680,30,1952,7,0.16554107672237306
6808,20230713-9PM_750_30_1952_0,0.875,82.0,750,30,1952,0,-0.057991946977686754
6809,20230713-9PM_750_30_1952_1,0.98,82.0,750,30,1952,1,-0.00877392430750515
6810,20230713-9PM_750_30_1952_2,0.982,82.0,750,30,1952,2,-0.00788851221305034
6811,20230713-9PM_750_30_1952_3,1.19,82.0,750,30,1952,3,0.07554696139253074
6812,20230713-9PM_750_30_1952_4,0.979,82.0,750,30,1952,4,-0.009217308196862183
6813,20230713-9PM_750_30_1952_5,1.003,82.0,750,30,1952,5,0.001300933020418072
6814,20230713-9PM_750_30_1952_6,1.066,82.0,750,30,1952,6,0.027757204690553483
6815,20230713-9PM_750_30_1952_7,0.848,82.0,750,30,1952,7,-0.07160414774328619
6816,20230713-9PM_680_30_2931_0,1.644,82.0,680,30,2931,0,0.21590181320403157
6817,20230713-9PM_680_30_2931_1,1.559,82.0,680,30,2931,1,0.19284611518884168
6818,20230713-9PM_680_30_2931_2,1.949,82.0,680,30,2931,2,0.28981183911762143
6819,20230713-9PM_680_30_2931_3,1.613,82.0,680,30,2931,3,0.20763436738896152
6820,20230713-9PM_680_30_2931_4,1.652,82.0,680,30,2931,4,0.21801004298436338
6821,20230713-9PM_680_30_2931_5,1.981,82.0,680,30,2931,5,0.2968844755385471
6822,20230713-9PM_680_30_2931_6,1.758,82.0,680,30,2931,6,0.24501887073775308
6823,20230713-9PM_680_30_2931_7,1.071,82.0,680,30,2931,7,0.029789470831855614
6824,20230713-9PM_750_30_2931_0,1.054,82.0,750,30,2931,0,0.022840610876527823
6825,20230713-9PM_750_30_2931_1,0.997,82.0,750,30,2931,1,-0.0013048416883442813
6826,20230713-9PM_750_30_2931_2,1.161,82.0,750,30,2931,2,0.06483221973857385
6827,20230713-9PM_750_30_2931_3,1.058,82.0,750,30,2931,3,0.024485667699166973
6828,20230713-9PM_750_30_2931_4,1.025,82.0,750,30,2931,4,0.010723865391773066
6829,20230713-9PM_750_30_2931_5,1.144,82.0,750,30,2931,5,0.05842602445700536
6830,20230713-9PM_750_30_2931_6,1.147,82.0,750,30,2931,6,0.059563417901267686
6831,20230713-9PM_750_30_2931_7,0.779,82.0,750,30,2931,7,-0.10846254232743553
6832,20230713-9PM_680_30_JG5_0,1.171,82.0,680,30,JG5,0,0.06855689507236315
6833,20230713-9PM_680_30_JG5_1,0.761,82.0,680,30,JG5,1,-0.11861534322942717
6834,20230713-9PM_680_30_JG5_2,0.834,82.0,680,30,JG5,2,-0.0788339493622613
6835,20230713-9PM_680_30_JG5_3,0.883,82.0,680,30,JG5,3,-0.05403929642243141
6836,20230713-9PM_680_30_JG5_4,0.618,82.0,680,30,JG5,4,-0.20901152491118416
6837,20230713-9PM_680_30_JG5_5,0.916,82.0,680,30,JG5,5,-0.0381045263321496
6838,20230713-9PM_680_30_JG5_6,0.9,82.0,680,30,JG5,6,-0.045757490560675115
6839,20230713-9PM_680_30_JG5_7,0.928,82.0,680,30,JG5,7,-0.032452023781137915
6840,20230713-9PM_750_30_JG5_0,0.661,82.0,750,30,JG5,0,-0.17979854051435976
6841,20230713-9PM_750_30_JG5_1,0.507,82.0,750,30,JG5,1,-0.294992040666664
6842,20230713-9PM_750_30_JG5_2,0.447,82.0,750,30,JG5,2,-0.34969247686806354
6843,20230713-9PM_750_30_JG5_3,0.531,82.0,750,30,JG5,3,-0.2749054789185309
6844,20230713-9PM_750_30_JG5_4,0.411,82.0,750,30,JG5,4,-0.38615817812393083
6845,20230713-9PM_750_30_JG5_5,0.525,82.0,750,30,JG5,5,-0.2798406965940431
6846,20230713-9PM_750_30_JG5_6,0.54,82.0,750,30,JG5,6,-0.26760624017703144
6847,20230713-9PM_750_30_JG5_7,0.605,82.0,750,30,JG5,7,-0.2182446253475311
6848,20230713-9PM_680_30_BMS_0,1.339,82.0,680,30,BMS,0,0.12678057701200895
6849,20230713-9PM_680_30_BMS_1,2.036,82.0,680,30,BMS,1,0.30877777366472114
6850,20230713-9PM_680_30_BMS_2,1.421,82.0,680,30,BMS,2,0.15259407792746976
6851,20230713-9PM_680_30_BMS_3,1.345,82.0,680,30,BMS,3,0.12872228433842678
6852,20230713-9PM_680_30_BMS_4,1.427,82.0,680,30,BMS,4,0.15442397311464698
6853,20230713-9PM_680_30_BMS_5,1.429,82.0,680,30,BMS,5,0.15503222879097026
6854,20230713-9PM_680_30_BMS_6,1.351,82.0,680,30,BMS,6,0.13065534902203058
6855,20230713-9PM_680_30_BMS_7,1.011,82.0,680,30,BMS,7,0.00475115559100102
6856,20230713-9PM_750_30_BMS_0,0.843,82.0,750,30,BMS,0,-0.07417242537525769
6857,20230713-9PM_750_30_BMS_1,1.166,82.0,750,30,BMS,1,0.06669855042299526
6858,20230713-9PM_750_30_BMS_2,0.919,82.0,750,30,BMS,2,-0.03668448861388872
6859,20230713-9PM_750_30_BMS_3,0.84,82.0,750,30,BMS,3,-0.07572071393811836
6860,20230713-9PM_750_30_BMS_4,0.949,82.0,750,30,BMS,4,-0.022733787572707352
6861,20230713-9PM_750_30_BMS_5,0.989,82.0,750,30,BMS,5,-0.004803708402820599
6862,20230713-9PM_750_30_BMS_6,0.888,82.0,750,30,BMS,6,-0.05158703422139897
6863,20230713-9PM_750_30_BMS_7,0.685,82.0,750,30,BMS,7,-0.1643094285075744
6864,20230714-9AM_680_25_3059_0,2.005,94.0,680,25,3059,0,0.3021143769562011
6865,20230714-9AM_680_25_3059_1,1.65,94.0,680,25,3059,1,0.21748394421390627
6866,20230714-9AM_680_25_3059_2,1.606,94.0,680,25,3059,2,0.20574554094266218
6867,20230714-9AM_680_25_3059_3,1.984,94.0,680,25,3059,3,0.2975416678181598
6868,20230714-9AM_680_25_3059_4,2.105,94.0,680,25,3059,4,0.3232521001716871
6869,20230714-9AM_680_25_3059_5,1.68,94.0,680,25,3059,5,0.22530928172586284
6870,20230714-9AM_680_25_3059_6,1.902,94.0,680,25,3059,6,0.2792105126013951
6871,20230714-9AM_680_25_3059_7,1.729,94.0,680,25,3059,7,0.2377949932739226
6872,20230714-9AM_750_25_3059_0,1.265,94.0,750,25,3059,0,0.10209052551183669
6873,20230714-9AM_750_25_3059_1,1.173,94.0,750,25,3059,1,0.06929801211552926
6874,20230714-9AM_750_25_3059_2,1.168,94.0,750,25,3059,2,0.06744284277638066
6875,20230714-9AM_750_25_3059_3,1.343,94.0,750,25,3059,3,0.12807601266871535
6876,20230714-9AM_750_25_3059_4,1.324,94.0,750,25,3059,4,0.12188798510368115
6877,20230714-9AM_750_25_3059_5,1.145,94.0,750,25,3059,5,0.05880548667590681
6878,20230714-9AM_750_25_3059_6,1.31,94.0,750,25,3059,6,0.11727129565576427
6879,20230714-9AM_750_25_3059_7,1.27,94.0,750,25,3059,7,0.10380372095595687
6880,20230714-9AM_680_25_1691_0,2.299,94.0,680,25,1691,0,0.36153897126927903
6881,20230714-9AM_680_25_1691_1,2.182,94.0,680,25,1691,1,0.33885474625232304
6882,20230714-9AM_680_25_1691_2,2.011,94.0,680,25,1691,2,0.30341207059674197
6883,20230714-9AM_680_25_1691_3,1.78,94.0,680,25,1691,3,0.250420002308894
6884,20230714-9AM_680_25_1691_4,1.715,94.0,680,25,1691,4,0.23426412437878932
6885,20230714-9AM_680_25_1691_5,1.901,94.0,680,25,1691,5,0.27898211686544316
6886,20230714-9AM_680_25_1691_6,1.303,94.0,680,25,1691,6,0.11494441571258467
6887,20230714-9AM_680_25_1691_7,1.438,94.0,680,25,1691,7,0.15775888604686378
6888,20230714-9AM_750_25_1691_0,1.278,94.0,750,25,1691,0,0.10653085382238137
6889,20230714-9AM_750_25_1691_1,1.234,94.0,750,25,1691,1,0.09131515969722287
6890,20230714-9AM_750_25_1691_2,1.174,94.0,750,25,1691,2,0.06966809691159564
6891,20230714-9AM_750_25_1691_3,1.126,94.0,750,25,1691,3,0.05153839051532738
6892,20230714-9AM_750_25_1691_4,1.081,94.0,750,25,1691,4,0.03382569395331033
6893,20230714-9AM_750_25_1691_5,1.213,94.0,750,25,1691,5,0.08386080086657301
6894,20230714-9AM_750_25_1691_6,0.8,94.0,750,25,1691,6,-0.09691001300805639
6895,20230714-9AM_750_25_1691_7,0.924,94.0,750,25,1691,7,-0.03432802877989328
6896,20230714-9AM_680_25_1690_0,1.916,94.0,680,25,1690,0,0.2823955047425256
6897,20230714-9AM_680_25_1690_1,2.71,94.0,680,25,1690,1,0.4329692908744057
6898,20230714-9AM_680_25_1690_2,0.803,94.0,680,25,1690,2,-0.09528445472131904
6899,20230714-9AM_680_25_1690_3,1.717,94.0,680,25,1690,3,0.23477029516091652
6900,20230714-9AM_680_25_1690_4,1.806,94.0,680,25,1690,4,0.256717745977487
6901,20230714-9AM_680_25_1690_5,1.643,94.0,680,25,1690,5,0.21563756343506174
6902,20230714-9AM_680_25_1690_6,1.687,94.0,680,25,1690,6,0.22711508258912522
6903,20230714-9AM_680_25_1690_7,1.662,94.0,680,25,1690,7,0.22063101944809216
6904,20230714-9AM_750_25_1690_0,1.186,94.0,750,25,1690,0,0.07408468902824378
6905,20230714-9AM_750_25_1690_1,1.382,94.0,750,25,1690,1,0.14050804303817957
6906,20230714-9AM_750_25_1690_2,0.703,94.0,750,25,1690,2,-0.15304467498017607
6907,20230714-9AM_750_25_1690_3,1.027,94.0,750,25,1690,3,0.01157044359727816
6908,20230714-9AM_750_25_1690_4,1.154,94.0,750,25,1690,4,0.06220580881971259
6909,20230714-9AM_750_25_1690_5,0.942,94.0,750,25,1690,5,-0.025949097207122653
6910,20230714-9AM_750_25_1690_6,0.999,94.0,750,25,1690,6,-0.0004345117740176917
6911,20230714-9AM_750_25_1690_7,1.02,94.0,750,25,1690,7,0.00860017176191757
6912,20230714-9AM_680_25_2342_0,1.249,94.0,680,25,2342,0,0.09656243837413556
6913,20230714-9AM_680_25_2342_1,1.673,94.0,680,25,2342,1,0.22349594096239453
6914,20230714-9AM_680_25_2342_2,1.518,94.0,680,25,2342,2,0.18127177155946156
6915,20230714-9AM_680_25_2342_3,1.499,94.0,680,25,2342,3,0.1758016328482795
6916,20230714-9AM_680_25_2342_4,1.306,94.0,680,25,2342,4,0.11594317693905513
6917,20230714-9AM_680_25_2342_5,1.502,94.0,680,25,2342,5,0.1766699326681496
6918,20230714-9AM_680_25_2342_6,1.578,94.0,680,25,2342,6,0.19810699887340152
6919,20230714-9AM_680_25_2342_7,1.277,94.0,680,25,2342,7,0.10619089726341525
6920,20230714-9AM_750_25_2342_0,1.031,94.0,750,25,2342,0,0.013258665283516512
6921,20230714-9AM_750_25_2342_1,1.175,94.0,750,25,2342,1,0.07003786660775509
6922,20230714-9AM_750_25_2342_2,1.165,94.0,750,25,2342,2,0.0663259253620378
6923,20230714-9AM_750_25_2342_3,1.102,94.0,750,25,2342,3,0.04218159451576628
6924,20230714-9AM_750_25_2342_4,0.994,94.0,750,25,2342,4,-0.00261361560268669
6925,20230714-9AM_750_25_2342_5,1.142,94.0,750,25,2342,5,0.05766610390982921
6926,20230714-9AM_750_25_2342_6,1.107,94.0,750,25,2342,6,0.0441476208787228
6927,20230714-9AM_750_25_2342_7,1.031,94.0,750,25,2342,7,0.013258665283516512
6928,20230714-9AM_680_25_4532_0,1.804,94.0,680,25,4532,0,0.25623653320592293
6929,20230714-9AM_680_25_4532_1,1.831,94.0,680,25,4532,1,0.26268834430169646
6930,20230714-9AM_680_25_4532_2,1.718,94.0,680,25,4532,2,0.23502315949522348
6931,20230714-9AM_680_25_4532_3,1.754,94.0,680,25,4532,3,0.24402958903002173
6932,20230714-9AM_680_25_4532_4,2.072,94.0,680,25,4532,4,0.31638975107319545
6933,20230714-9AM_680_25_4532_5,1.928,94.0,680,25,4532,5,0.28510702956681194
6934,20230714-9AM_680_25_4532_6,1.786,94.0,680,25,4532,6,0.25188145455252764
6935,20230714-9AM_680_25_4532_7,1.788,94.0,680,25,4532,7,0.25236751445989886
6936,20230714-9AM_750_25_4532_0,0.984,94.0,750,25,4532,0,-0.007004901568658489
6937,20230714-9AM_750_25_4532_1,1.041,94.0,750,25,4532,1,0.017450729510536125
6938,20230714-9AM_750_25_4532_2,0.987,94.0,750,25,4532,2,-0.005682847330363273
6939,20230714-9AM_750_25_4532_3,1.095,94.0,750,25,4532,3,0.03941411917613713
6940,20230714-9AM_750_25_4532_4,1.084,94.0,750,25,4532,4,0.03502928220236815
6941,20230714-9AM_750_25_4532_5,1.057,94.0,750,25,4532,5,0.024074987307426243
6942,20230714-9AM_750_25_4532_6,1.009,94.0,750,25,4532,6,0.0038911662369104775
6943,20230714-9AM_750_25_4532_7,0.989,94.0,750,25,4532,7,-0.004803708402820599
6944,20230714-9AM_680_25_2344_0,2.348,94.0,680,25,2344,0,0.37069809257557684
6945,20230714-9AM_680_25_2344_1,1.431,94.0,680,25,2344,1,0.15563963375977638
6946,20230714-9AM_680_25_2344_2,1.461,94.0,680,25,2344,2,0.1646502159342968
6947,20230714-9AM_680_25_2344_3,1.787,94.0,680,25,2344,3,0.2521245525056442
6948,20230714-9AM_680_25_2344_4,1.324,94.0,680,25,2344,4,0.12188798510368115
6949,20230714-9AM_680_25_2344_5,1.569,94.0,680,25,2344,5,0.19562294358693666
6950,20230714-9AM_680_25_2344_6,1.266,94.0,680,25,2344,6,0.1024337056813363
6951,20230714-9AM_680_25_2344_7,1.444,94.0,680,25,2344,7,0.15956719323362029
6952,20230714-9AM_750_25_2344_0,1.397,94.0,750,25,2344,0,0.14519640611418191
6953,20230714-9AM_750_25_2344_1,0.816,94.0,750,25,2344,1,-0.08830984124613889
6954,20230714-9AM_750_25_2344_2,0.81,94.0,750,25,2344,2,-0.09151498112135022
6955,20230714-9AM_750_25_2344_3,1.11,94.0,750,25,2344,3,0.045322978786657475
6956,20230714-9AM_750_25_2344_4,0.857,94.0,750,25,2344,4,-0.06701917807680184
6957,20230714-9AM_750_25_2344_5,0.915,94.0,750,25,2344,5,-0.038578905933551705
6958,20230714-9AM_750_25_2344_6,0.821,94.0,750,25,2344,6,-0.08565684288055925
6959,20230714-9AM_750_25_2344_7,1.009,94.0,750,25,2344,7,0.0038911662369104775
6960,20230714-9AM_680_25_2343_0,1.607,94.0,680,25,2343,0,0.20601587676334454
6961,20230714-9AM_680_25_2343_1,1.866,94.0,680,25,2343,1,0.2709116394104812
6962,20230714-9AM_680_25_2343_2,1.963,94.0,680,25,2343,2,0.2929202996000062
6963,20230714-9AM_680_25_2343_3,1.908,94.0,680,25,2343,3,0.2805783703680763
6964,20230714-9AM_680_25_2343_4,1.856,94.0,680,25,2343,4,0.26857797188284327
6965,20230714-9AM_680_25_2343_5,1.781,94.0,680,25,2343,5,0.2506639194632435
6966,20230714-9AM_680_25_2343_6,1.437,94.0,680,25,2343,6,0.15745676813422568
6967,20230714-9AM_680_25_2343_7,1.632,94.0,680,25,2343,7,0.2127201544178423
6968,20230714-9AM_750_25_2343_0,1.162,94.0,750,25,2343,0,0.0652061280543119
6969,20230714-9AM_750_25_2343_1,1.294,94.0,750,25,2343,1,0.11193427633268159
6970,20230714-9AM_750_25_2343_2,1.384,94.0,750,25,2343,2,0.14113609012073897
6971,20230714-9AM_750_25_2343_3,1.282,94.0,750,25,2343,3,0.10788802518279862
6972,20230714-9AM_750_25_2343_4,1.243,94.0,750,25,2343,4,0.0944711286416448
6973,20230714-9AM_750_25_2343_5,1.261,94.0,750,25,2343,5,0.10071508657308159
6974,20230714-9AM_750_25_2343_6,1.018,94.0,750,25,2343,6,0.007747778000739948
6975,20230714-9AM_750_25_2343_7,1.165,94.0,750,25,2343,7,0.0663259253620378
6976,20230714-9AM_680_25_1952_0,1.256,94.0,680,25,1952,0,0.09898963940117732
6977,20230714-9AM_680_25_1952_1,1.562,94.0,680,25,1952,1,0.19368102954128152
6978,20230714-9AM_680_25_1952_2,1.128,94.0,680,25,1952,2,0.05230909964732344
6979,20230714-9AM_680_25_1952_3,0.986,94.0,680,25,1952,3,-0.0061230850587887945
6980,20230714-9AM_680_25_1952_4,1.398,94.0,680,25,1952,4,0.14550717140966257
6981,20230714-9AM_680_25_1952_5,0.818,94.0,680,25,1952,5,-0.08724669632867703
6982,20230714-9AM_680_25_1952_6,0.803,94.0,680,25,1952,6,-0.09528445472131904
6983,20230714-9AM_680_25_1952_7,1.653,94.0,680,25,1952,7,0.2182728535714475
6984,20230714-9AM_750_25_1952_0,0.801,94.0,750,25,1952,0,-0.09636748391576232
6985,20230714-9AM_750_25_1952_1,0.955,94.0,750,25,1952,1,-0.019996628416253676
6986,20230714-9AM_750_25_1952_2,0.785,94.0,750,25,1952,2,-0.10513034325474745
6987,20230714-9AM_750_25_1952_3,0.612,94.0,750,25,1952,3,-0.21324857785443882
6988,20230714-9AM_750_25_1952_4,0.954,94.0,750,25,1952,4,-0.020451625295904902
6989,20230714-9AM_750_25_1952_5,0.545,94.0,750,25,1952,5,-0.2636034977233575
6990,20230714-9AM_750_25_1952_6,0.539,94.0,750,25,1952,6,-0.2684112348132613
6991,20230714-9AM_750_25_1952_7,1.009,94.0,750,25,1952,7,0.0038911662369104775
6992,20230714-9AM_680_25_2931_0,1.546,94.0,680,25,2931,0,0.18920948958230613
6993,20230714-9AM_680_25_2931_1,1.78,94.0,680,25,2931,1,0.250420002308894
6994,20230714-9AM_680_25_2931_2,1.759,94.0,680,25,2931,2,0.24526583945746125
6995,20230714-9AM_680_25_2931_3,1.346,94.0,680,25,2931,3,0.12904505988795806
6996,20230714-9AM_680_25_2931_4,1.514,94.0,680,25,2931,4,0.18012587516405396
6997,20230714-9AM_680_25_2931_5,1.669,94.0,680,25,2931,5,0.22245633667924672
6998,20230714-9AM_680_25_2931_6,1.552,94.0,680,25,2931,6,0.19089171692216964
6999,20230714-9AM_680_25_2931_7,1.749,94.0,680,25,2931,7,0.24278980947867654
7000,20230714-9AM_750_25_2931_0,0.926,94.0,750,25,2931,0,-0.033389013318065645
7001,20230714-9AM_750_25_2931_1,1.016,94.0,750,25,2931,1,0.006893707947900456
7002,20230714-9AM_750_25_2931_2,1.01,94.0,750,25,2931,2,0.004321373782642578
7003,20230714-9AM_750_25_2931_3,0.853,94.0,750,25,2931,3,-0.06905096883247698
7004,20230714-9AM_750_25_2931_4,0.879,94.0,750,25,2931,4,-0.056011124926228104
7005,20230714-9AM_750_25_2931_5,1.022,94.0,750,25,2931,5,0.009450895798693935
7006,20230714-9AM_750_25_2931_6,1.046,94.0,750,25,2931,6,0.01953168453125545
7007,20230714-9AM_750_25_2931_7,1.019,94.0,750,25,2931,7,0.008174184006426355
7008,20230714-9AM_680_25_JG5_0,1.109,94.0,680,25,JG5,0,0.04493154614916006
7009,20230714-9AM_680_25_JG5_1,1.027,94.0,680,25,JG5,1,0.01157044359727816
7010,20230714-9AM_680_25_JG5_2,0.76,94.0,680,25,JG5,2,-0.11918640771920865
7011,20230714-9AM_680_25_JG5_3,0.818,94.0,680,25,JG5,3,-0.08724669632867703
7012,20230714-9AM_680_25_JG5_4,0.95,94.0,680,25,JG5,4,-0.022276394711152253
7013,20230714-9AM_680_25_JG5_5,1.129,94.0,680,25,JG5,5,0.05269394192496786
7014,20230714-9AM_680_25_JG5_6,1.11,94.0,680,25,JG5,6,0.045322978786657475
7015,20230714-9AM_680_25_JG5_7,1.297,94.0,680,25,JG5,7,0.11293997608408006
7016,20230714-9AM_750_25_JG5_0,0.752,94.0,750,25,JG5,0,-0.12378215940835775
7017,20230714-9AM_750_25_JG5_1,0.632,94.0,750,25,JG5,1,-0.19928292171761497
7018,20230714-9AM_750_25_JG5_2,0.454,94.0,750,25,JG5,2,-0.34294414714289606
7019,20230714-9AM_750_25_JG5_3,0.578,94.0,750,25,JG5,3,-0.23807216157947098
7020,20230714-9AM_750_25_JG5_4,0.618,94.0,750,25,JG5,4,-0.20901152491118416
7021,20230714-9AM_750_25_JG5_5,0.668,94.0,750,25,JG5,5,-0.1752235375244543
7022,20230714-9AM_750_25_JG5_6,0.645,94.0,750,25,JG5,6,-0.19044028536473223
7023,20230714-9AM_750_25_JG5_7,0.692,94.0,750,25,JG5,7,-0.15989390554324223
7024,20230714-9AM_680_25_BMS_0,2.179,94.0,680,25,BMS,0,0.3382572302462556
7025,20230714-9AM_680_25_BMS_1,2.081,94.0,680,25,BMS,1,0.31827208021162695
7026,20230714-9AM_680_25_BMS_2,1.706,94.0,680,25,BMS,2,0.2319790268315042
7027,20230714-9AM_680_25_BMS_3,2.001,94.0,680,25,BMS,3,0.30124708863621136
7028,20230714-9AM_680_25_BMS_4,1.297,94.0,680,25,BMS,4,0.11293997608408006
7029,20230714-9AM_680_25_BMS_5,1.786,94.0,680,25,BMS,5,0.25188145455252764
7030,20230714-9AM_680_25_BMS_6,1.632,94.0,680,25,BMS,6,0.2127201544178423
7031,20230714-9AM_680_25_BMS_7,1.753,94.0,680,25,BMS,7,0.2437819160937949
7032,20230714-9AM_750_25_BMS_0,1.26,94.0,750,25,BMS,0,0.10037054511756291
7033,20230714-9AM_750_25_BMS_1,1.231,94.0,750,25,BMS,1,0.09025805293131633
7034,20230714-9AM_750_25_BMS_2,1.114,94.0,750,25,BMS,2,0.04688519083771014
7035,20230714-9AM_750_25_BMS_3,1.211,94.0,750,25,BMS,3,0.08314414314305227
7036,20230714-9AM_750_25_BMS_4,0.882,94.0,750,25,BMS,4,-0.054531414868180264
7037,20230714-9AM_750_25_BMS_5,1.095,94.0,750,25,BMS,5,0.03941411917613713
7038,20230714-9AM_750_25_BMS_6,1.05,94.0,750,25,BMS,6,0.021189299069938092
7039,20230714-9AM_750_25_BMS_7,1.087,94.0,750,25,BMS,7,0.03622954408629453
7040,20230714-9AM_680_20_3059_0,1.345,94.0,680,20,3059,0,0.12872228433842678
7041,20230714-9AM_680_20_3059_1,1.656,94.0,680,20,3059,1,0.2190603324488613
7042,20230714-9AM_680_20_3059_2,1.775,94.0,680,20,3059,2,0.24919835739111287
7043,20230714-9AM_680_20_3059_3,2.02,94.0,680,20,3059,3,0.3053513694466238
7044,20230714-9AM_680_20_3059_4,1.466,94.0,680,20,3059,4,0.16613397030510912
7045,20230714-9AM_680_20_3059_5,1.583,94.0,680,20,3059,5,0.1994809148623559
7046,20230714-9AM_680_20_3059_6,1.579,94.0,680,20,3059,6,0.19838213000829422
7047,20230714-9AM_680_20_3059_7,1.585,94.0,680,20,3059,7,0.2000292665537703
7048,20230714-9AM_750_20_3059_0,0.834,94.0,750,20,3059,0,-0.0788339493622613
7049,20230714-9AM_750_20_3059_1,1.049,94.0,750,20,3059,1,0.02077548819355783
7050,20230714-9AM_750_20_3059_2,1.234,94.0,750,20,3059,2,0.09131515969722287
7051,20230714-9AM_750_20_3059_3,1.188,94.0,750,20,3059,3,0.07481644064517472
7052,20230714-9AM_750_20_3059_4,1.025,94.0,750,20,3059,4,0.010723865391773066
7053,20230714-9AM_750_20_3059_5,1.118,94.0,750,20,3059,5,0.04844180355040453
7054,20230714-9AM_750_20_3059_6,1.126,94.0,750,20,3059,6,0.05153839051532738
7055,20230714-9AM_750_20_3059_7,1.081,94.0,750,20,3059,7,0.03382569395331033
7056,20230714-9AM_680_20_1691_0,1.343,94.0,680,20,1691,0,0.12807601266871535
7057,20230714-9AM_680_20_1691_1,1.883,94.0,680,20,1691,1,0.2748503200166648
7058,20230714-9AM_680_20_1691_2,0.954,94.0,680,20,1691,2,-0.020451625295904902
7059,20230714-9AM_680_20_1691_3,1.016,94.0,680,20,1691,3,0.006893707947900456
7060,20230714-9AM_680_20_1691_4,1.201,94.0,680,20,1691,4,0.07954300740290607
7061,20230714-9AM_680_20_1691_5,0.994,94.0,680,20,1691,5,-0.00261361560268669
7062,20230714-9AM_680_20_1691_6,1.137,94.0,680,20,1691,6,0.05576046468773478
7063,20230714-9AM_680_20_1691_7,1.013,94.0,680,20,1691,7,0.005609445360280386
7064,20230714-9AM_750_20_1691_0,0.825,94.0,750,20,1691,0,-0.08354605145007493
7065,20230714-9AM_750_20_1691_1,1.073,94.0,750,20,1691,1,0.030599721965951066
7066,20230714-9AM_750_20_1691_2,0.609,94.0,750,20,1691,2,-0.21538270736712464
7067,20230714-9AM_750_20_1691_3,0.756,94.0,750,20,1691,3,-0.12147820449879346
7068,20230714-9AM_750_20_1691_4,0.714,94.0,750,20,1691,4,-0.14630178822382564
7069,20230714-9AM_750_20_1691_5,0.731,94.0,750,20,1691,5,-0.13608262304213956
7070,20230714-9AM_750_20_1691_6,0.709,94.0,750,20,1691,6,-0.1493537648169335
7071,20230714-9AM_750_20_1691_7,0.665,94.0,750,20,1691,7,-0.17717835469689538
7072,20230714-9AM_680_20_1690_0,1.776,94.0,680,20,1690,0,0.2494429614425822
7073,20230714-9AM_680_20_1690_1,2.341,94.0,680,20,1690,1,0.3694014136966244
7074,20230714-9AM_680_20_1690_2,1.662,94.0,680,20,1690,2,0.22063101944809216
7075,20230714-9AM_680_20_1690_3,1.665,94.0,680,20,1690,3,0.22141423784233868
7076,20230714-9AM_680_20_1690_4,1.854,94.0,680,20,1690,4,0.2681097298084783
7077,20230714-9AM_680_20_1690_5,1.42,94.0,680,20,1690,5,0.15228834438305647
7078,20230714-9AM_680_20_1690_6,1.706,94.0,680,20,1690,6,0.2319790268315042
7079,20230714-9AM_680_20_1690_7,1.647,94.0,680,20,1690,7,0.21669359916975436
7080,20230714-9AM_750_20_1690_0,1.163,94.0,750,20,1690,0,0.06557971472844842
7081,20230714-9AM_750_20_1690_1,1.455,94.0,750,20,1690,1,0.1628629933219261
7082,20230714-9AM_750_20_1690_2,1.192,94.0,750,20,1690,2,0.0762762554042176
7083,20230714-9AM_750_20_1690_3,1.011,94.0,750,20,1690,3,0.00475115559100102
7084,20230714-9AM_750_20_1690_4,1.144,94.0,750,20,1690,4,0.05842602445700536
7085,20230714-9AM_750_20_1690_5,0.913,94.0,750,20,1690,5,-0.039529222465701036
7086,20230714-9AM_750_20_1690_6,1.029,94.0,750,20,1690,6,0.012415374762432893
7087,20230714-9AM_750_20_1690_7,1.018,94.0,750,20,1690,7,0.007747778000739948
7088,20230714-9AM_680_20_2342_0,1.378,94.0,680,20,2342,0,0.13924921757160696
7089,20230714-9AM_680_20_2342_1,1.635,94.0,680,20,2342,1,0.21351775699630487
7090,20230714-9AM_680_20_2342_2,1.666,94.0,680,20,2342,2,0.22167499707076876
7091,20230714-9AM_680_20_2342_3,1.443,94.0,680,20,2342,3,0.15926633109349422
7092,20230714-9AM_680_20_2342_4,1.289,94.0,680,20,2342,4,0.110252917353403
7093,20230714-9AM_680_20_2342_5,1.662,94.0,680,20,2342,5,0.22063101944809216
7094,20230714-9AM_680_20_2342_6,0.91,94.0,680,20,2342,6,-0.040958607678906384
7095,20230714-9AM_680_20_2342_7,1.405,94.0,680,20,2342,7,0.1476763242410987
7096,20230714-9AM_750_20_2342_0,0.883,94.0,750,20,2342,0,-0.05403929642243141
7097,20230714-9AM_750_20_2342_1,1.124,94.0,750,20,2342,1,0.05076631123304232
7098,20230714-9AM_750_20_2342_2,1.031,94.0,750,20,2342,2,0.013258665283516512
7099,20230714-9AM_750_20_2342_3,0.94,94.0,750,20,2342,3,-0.026872146400301365
7100,20230714-9AM_750_20_2342_4,0.788,94.0,750,20,2342,4,-0.10347378251044466
7101,20230714-9AM_750_20_2342_5,1.093,94.0,750,20,2342,5,0.03862016194970278
7102,20230714-9AM_750_20_2342_6,0.716,94.0,750,20,2342,6,-0.14508697769214446
7103,20230714-9AM_750_20_2342_7,1.042,94.0,750,20,2342,7,0.017867718963505686
7104,20230714-9AM_680_20_4532_0,1.594,94.0,680,20,4532,0,0.20248831706009357
7105,20230714-9AM_680_20_4532_1,1.79,94.0,680,20,4532,1,0.2528530309798932
7106,20230714-9AM_680_20_4532_2,1.225,94.0,680,20,4532,2,0.0881360887005513
7107,20230714-9AM_680_20_4532_3,1.742,94.0,680,20,4532,3,0.2410481506716444
7108,20230714-9AM_680_20_4532_4,1.721,94.0,680,20,4532,4,0.2357808703275603
7109,20230714-9AM_680_20_4532_5,1.849,94.0,680,20,4532,5,0.26693691115917306
7110,20230714-9AM_680_20_4532_6,1.569,94.0,680,20,4532,6,0.19562294358693666
7111,20230714-9AM_680_20_4532_7,1.825,94.0,680,20,4532,7,0.2612628687924935
7112,20230714-9AM_750_20_4532_0,1.07,94.0,750,20,4532,0,0.029383777685209667
7113,20230714-9AM_750_20_4532_1,1.129,94.0,750,20,4532,1,0.05269394192496786
7114,20230714-9AM_750_20_4532_2,0.84,94.0,750,20,4532,2,-0.07572071393811836
7115,20230714-9AM_750_20_4532_3,1.045,94.0,750,20,4532,3,0.01911629044707278
7116,20230714-9AM_750_20_4532_4,1.023,94.0,750,20,4532,4,0.009875633712160119
7117,20230714-9AM_750_20_4532_5,1.124,94.0,750,20,4532,5,0.05076631123304232
7118,20230714-9AM_750_20_4532_6,1.108,94.0,750,20,4532,6,0.04453976039241098
7119,20230714-9AM_750_20_4532_7,0.973,94.0,750,20,4532,7,-0.0118871597316481
7120,20230714-9AM_680_20_2344_0,0.706,94.0,680,20,2344,0,-0.15119529894819625
7121,20230714-9AM_680_20_2344_1,1.159,94.0,680,20,2344,1,0.064083435963596
7122,20230714-9AM_680_20_2344_2,1.121,94.0,680,20,2344,2,0.04960561259497315
7123,20230714-9AM_680_20_2344_3,1.368,94.0,680,20,2344,3,0.13608609738409747
7124,20230714-9AM_680_20_2344_4,0.964,94.0,680,20,2344,4,-0.01592296609716924
7125,20230714-9AM_680_20_2344_5,0.918,94.0,680,20,2344,5,-0.03715731879875755
7126,20230714-9AM_680_20_2344_6,1.052,94.0,680,20,2344,6,0.02201573981772028
7127,20230714-9AM_680_20_2344_7,1.634,94.0,680,20,2344,7,0.21325205219639665
7128,20230714-9AM_750_20_2344_0,0.512,94.0,750,20,2344,0,-0.2907300390241692
7129,20230714-9AM_750_20_2344_1,0.672,94.0,750,20,2344,1,-0.17263072694617473
7130,20230714-9AM_750_20_2344_2,0.646,94.0,750,20,2344,2,-0.1897674820049159
7131,20230714-9AM_750_20_2344_3,0.809,94.0,750,20,2344,3,-0.09205147838772766
7132,20230714-9AM_750_20_2344_4,0.624,94.0,750,20,2344,4,-0.20481541031757602
7133,20230714-9AM_750_20_2344_5,0.539,94.0,750,20,2344,5,-0.2684112348132613
7134,20230714-9AM_750_20_2344_6,0.627,94.0,750,20,2344,6,-0.20273245916928356
7135,20230714-9AM_750_20_2344_7,1.045,94.0,750,20,2344,7,0.01911629044707278
7136,20230714-9AM_680_20_2343_0,1.699,94.0,680,20,2343,0,0.23019337886904562
7137,20230714-9AM_680_20_2343_1,1.944,94.0,680,20,2343,1,0.28869626059025577
7138,20230714-9AM_680_20_2343_2,1.284,94.0,680,20,2343,2,0.10856502373283448
7139,20230714-9AM_680_20_2343_3,1.569,94.0,680,20,2343,3,0.19562294358693666
7140,20230714-9AM_680_20_2343_4,1.249,94.0,680,20,2343,4,0.09656243837413556
7141,20230714-9AM_680_20_2343_5,1.168,94.0,680,20,2343,5,0.06744284277638066
7142,20230714-9AM_680_20_2343_6,1.362,94.0,680,20,2343,6,0.13417710757676637
7143,20230714-9AM_680_20_2343_7,1.634,94.0,680,20,2343,7,0.21325205219639665
7144,20230714-9AM_750_20_2343_0,1.181,94.0,750,20,2343,0,0.07224989761351482
7145,20230714-9AM_750_20_2343_1,1.308,94.0,750,20,2343,1,0.11660774398824848
7146,20230714-9AM_750_20_2343_2,0.958,94.0,750,20,2343,2,-0.018634490921455603
7147,20230714-9AM_750_20_2343_3,1.067,94.0,750,20,2343,3,0.028164419424469872
7148,20230714-9AM_750_20_2343_4,0.878,94.0,750,20,2343,4,-0.05650548409389743
7149,20230714-9AM_750_20_2343_5,0.8,94.0,750,20,2343,5,-0.09691001300805639
7150,20230714-9AM_750_20_2343_6,0.878,94.0,750,20,2343,6,-0.05650548409389743
7151,20230714-9AM_750_20_2343_7,1.192,94.0,750,20,2343,7,0.0762762554042176
7152,20230714-9AM_680_20_1952_0,1.495,94.0,680,20,1952,0,0.17464119266044847
7153,20230714-9AM_680_20_1952_1,1.626,94.0,680,20,1952,1,0.21112054125804933
7154,20230714-9AM_680_20_1952_2,1.537,94.0,680,20,1952,2,0.1866738674997451
7155,20230714-9AM_680_20_1952_3,1.434,94.0,680,20,1952,3,0.1565491513317813
7156,20230714-9AM_680_20_1952_4,1.36,94.0,680,20,1952,4,0.13353890837021754
7157,20230714-9AM_680_20_1952_5,1.508,94.0,680,20,1952,5,0.17840134153375525
7158,20230714-9AM_680_20_1952_6,1.48,94.0,680,20,1952,6,0.17026171539495738
7159,20230714-9AM_680_20_1952_7,1.468,94.0,680,20,1952,7,0.1667260555800517
7160,20230714-9AM_750_20_1952_0,0.853,94.0,750,20,1952,0,-0.06905096883247698
7161,20230714-9AM_750_20_1952_1,0.914,94.0,750,20,1952,1,-0.039053804266168564
7162,20230714-9AM_750_20_1952_2,0.977,94.0,750,20,1952,2,-0.010105436281226938
7163,20230714-9AM_750_20_1952_3,0.953,94.0,750,20,1952,3,-0.02090709936167361
7164,20230714-9AM_750_20_1952_4,0.854,94.0,750,20,1952,4,-0.06854212931099495
7165,20230714-9AM_750_20_1952_5,0.919,94.0,750,20,1952,5,-0.03668448861388872
7166,20230714-9AM_750_20_1952_6,0.891,94.0,750,20,1952,6,-0.0501222959631252
7167,20230714-9AM_750_20_1952_7,0.907,94.0,750,20,1952,7,-0.04239271293990473
7168,20230714-9AM_680_20_2931_0,1.254,94.0,680,20,2931,0,0.09829753649469763
7169,20230714-9AM_680_20_2931_1,0.685,94.0,680,20,2931,1,-0.1643094285075744
7170,20230714-9AM_680_20_2931_2,1.444,94.0,680,20,2931,2,0.15956719323362029
7171,20230714-9AM_680_20_2931_3,1.25,94.0,680,20,2931,3,0.09691001300805642
7172,20230714-9AM_680_20_2931_4,0.987,94.0,680,20,2931,4,-0.005682847330363273
7173,20230714-9AM_680_20_2931_5,1.34,94.0,680,20,2931,5,0.12710479836480765
7174,20230714-9AM_680_20_2931_6,1.209,94.0,680,20,2931,6,0.0824263008607719
7175,20230714-9AM_680_20_2931_7,1.571,94.0,680,20,2931,7,0.1961761850399733
7176,20230714-9AM_750_20_2931_0,0.706,94.0,750,20,2931,0,-0.15119529894819625
7177,20230714-9AM_750_20_2931_1,0.419,94.0,750,20,2931,1,-0.3777859770337047
7178,20230714-9AM_750_20_2931_2,0.823,94.0,750,20,2931,2,-0.08460016478773018
7179,20230714-9AM_750_20_2931_3,0.704,94.0,750,20,2931,3,-0.1524273408578878
7180,20230714-9AM_750_20_2931_4,0.589,94.0,750,20,2931,4,-0.2298847052128984
7181,20230714-9AM_750_20_2931_5,0.794,94.0,750,20,2931,5,-0.10017949757290372
7182,20230714-9AM_750_20_2931_6,0.748,94.0,750,20,2931,6,-0.12609840213553863
7183,20230714-9AM_750_20_2931_7,0.908,94.0,750,20,2931,7,-0.04191415147891488
7184,20230714-9AM_680_20_JG5_0,1.073,94.0,680,20,JG5,0,0.030599721965951066
7185,20230714-9AM_680_20_JG5_1,1.082,94.0,680,20,JG5,1,0.03422726077055066
7186,20230714-9AM_680_20_JG5_2,0.901,94.0,680,20,JG5,2,-0.04527520902093701
7187,20230714-9AM_680_20_JG5_3,1.207,94.0,680,20,JG5,3,0.08170727009734924
7188,20230714-9AM_680_20_JG5_4,1.108,94.0,680,20,JG5,4,0.04453976039241098
7189,20230714-9AM_680_20_JG5_5,1.179,94.0,680,20,JG5,5,0.07151380509508916
7190,20230714-9AM_680_20_JG5_6,0.885,94.0,680,20,JG5,6,-0.05305672930217456
7191,20230714-9AM_680_20_JG5_7,0.437,94.0,680,20,JG5,7,-0.3595185630295782
7192,20230714-9AM_750_20_JG5_0,0.611,94.0,750,20,JG5,0,-0.21395878975744578
7193,20230714-9AM_750_20_JG5_1,0.561,94.0,750,20,JG5,1,-0.25103713874383854
7194,20230714-9AM_750_20_JG5_2,0.496,94.0,750,20,JG5,2,-0.30451832350980257
7195,20230714-9AM_750_20_JG5_3,0.625,94.0,750,20,JG5,3,-0.2041199826559248
7196,20230714-9AM_750_20_JG5_4,0.644,94.0,750,20,JG5,4,-0.1911141326401879
7197,20230714-9AM_750_20_JG5_5,0.666,94.0,750,20,JG5,5,-0.17652577082969892
7198,20230714-9AM_750_20_JG5_6,0.507,94.0,750,20,JG5,6,-0.294992040666664
7199,20230714-9AM_750_20_JG5_7,0.261,94.0,750,20,JG5,7,-0.583359492661719
7200,20230714-9AM_680_20_BMS_0,1.541,94.0,680,20,BMS,0,0.1878026387184193
7201,20230714-9AM_680_20_BMS_1,1.573,94.0,680,20,BMS,1,0.19672872262328683
7202,20230714-9AM_680_20_BMS_2,1.635,94.0,680,20,BMS,2,0.21351775699630487
7203,20230714-9AM_680_20_BMS_3,1.539,94.0,680,20,BMS,3,0.1872386198314787
7204,20230714-9AM_680_20_BMS_4,1.467,94.0,680,20,BMS,4,0.1664301138432827
7205,20230714-9AM_680_20_BMS_5,1.51,94.0,680,20,BMS,5,0.17897694729316943
7206,20230714-9AM_680_20_BMS_6,1.573,94.0,680,20,BMS,6,0.19672872262328683
7207,20230714-9AM_680_20_BMS_7,1.585,94.0,680,20,BMS,7,0.2000292665537703
7208,20230714-9AM_750_20_BMS_0,0.936,94.0,750,20,BMS,0,-0.028724151261894745
7209,20230714-9AM_750_20_BMS_1,0.963,94.0,750,20,BMS,1,-0.0163737128754655
7210,20230714-9AM_750_20_BMS_2,0.962,94.0,750,20,BMS,2,-0.016824927962187056
7211,20230714-9AM_750_20_BMS_3,0.929,94.0,750,20,BMS,3,-0.03198428600635821
7212,20230714-9AM_750_20_BMS_4,0.901,94.0,750,20,BMS,4,-0.04527520902093701
7213,20230714-9AM_750_20_BMS_5,0.931,94.0,750,20,BMS,5,-0.031050319018657353
7214,20230714-9AM_750_20_BMS_6,0.953,94.0,750,20,BMS,6,-0.02090709936167361
7215,20230714-9AM_750_20_BMS_7,0.906,94.0,750,20,BMS,7,-0.042871802323186915
7216,20230714-9AM_680_30_3059_0,1.829,94.0,680,30,3059,0,0.26221370547641687
7217,20230714-9AM_680_30_3059_1,1.548,94.0,680,30,3059,1,0.1897709563468738
7218,20230714-9AM_680_30_3059_2,1.625,94.0,680,30,3059,2,0.21085336531489318
7219,20230714-9AM_680_30_3059_3,2.177,94.0,680,30,3059,3,0.33785842904109437
7220,20230714-9AM_680_30_3059_4,1.414,94.0,680,30,3059,4,0.1504494094608806
7221,20230714-9AM_680_30_3059_5,1.541,94.0,680,30,3059,5,0.1878026387184193
7222,20230714-9AM_680_30_3059_6,2.085,94.0,680,30,3059,6,0.3191060593097763
7223,20230714-9AM_680_30_3059_7,1.671,94.0,680,30,3059,7,0.22297644989339135
7224,20230714-9AM_750_30_3059_0,1.112,94.0,750,30,3059,0,0.046104787246038705
7225,20230714-9AM_750_30_3059_1,1.015,94.0,750,30,3059,1,0.006466042249231681
7226,20230714-9AM_750_30_3059_2,1.032,94.0,750,30,3059,2,0.01367969729119256
7227,20230714-9AM_750_30_3059_3,1.298,94.0,750,30,3059,3,0.11327469246435044
7228,20230714-9AM_750_30_3059_4,0.876,94.0,750,30,3059,4,-0.05749589383191927
7229,20230714-9AM_750_30_3059_5,1.0,94.0,750,30,3059,5,0.0
7230,20230714-9AM_750_30_3059_6,1.188,94.0,750,30,3059,6,0.07481644064517472
7231,20230714-9AM_750_30_3059_7,1.158,94.0,750,30,3059,7,0.06370855939141737
7232,20230714-9AM_680_30_1691_0,1.986,94.0,680,30,1691,0,0.2979792441593624
7233,20230714-9AM_680_30_1691_1,2.27,94.0,680,30,1691,1,0.35602585719312274
7234,20230714-9AM_680_30_1691_2,1.773,94.0,680,30,1691,2,0.24870873560091777
7235,20230714-9AM_680_30_1691_3,1.984,94.0,680,30,1691,3,0.2975416678181598
7236,20230714-9AM_680_30_1691_4,1.769,94.0,680,30,1691,4,0.2477278329097231
7237,20230714-9AM_680_30_1691_5,1.381,94.0,680,30,1691,5,0.1401936785786313
7238,20230714-9AM_680_30_1691_6,0.676,94.0,680,30,1691,6,-0.17005330405836405
7239,20230714-9AM_680_30_1691_7,2.054,94.0,680,30,1691,7,0.31260043926125936
7240,20230714-9AM_750_30_1691_0,0.982,94.0,750,30,1691,0,-0.00788851221305034
7241,20230714-9AM_750_30_1691_1,1.161,94.0,750,30,1691,1,0.06483221973857385
7242,20230714-9AM_750_30_1691_2,0.983,94.0,750,30,1691,2,-0.007446482167864384
7243,20230714-9AM_750_30_1691_3,1.072,94.0,750,30,1691,3,0.03019478535675124
7244,20230714-9AM_750_30_1691_4,0.995,94.0,750,30,1691,4,-0.002176919254274547
7245,20230714-9AM_750_30_1691_5,0.817,94.0,750,30,1691,5,-0.08777794346758454
7246,20230714-9AM_750_30_1691_6,0.416,94.0,750,30,1691,6,-0.3809066693732573
7247,20230714-9AM_750_30_1691_7,1.133,94.0,750,30,1691,7,0.05422990986339725
7248,20230714-9AM_680_30_1690_0,1.286,94.0,680,30,1690,0,0.10924096858820327
7249,20230714-9AM_680_30_1690_1,2.365,94.0,680,30,1690,1,0.3738311450738304
7250,20230714-9AM_680_30_1690_2,1.611,94.0,680,30,1690,2,0.20709554041921804
7251,20230714-9AM_680_30_1690_3,2.053,94.0,680,30,1690,3,0.31238894937059186
7252,20230714-9AM_680_30_1690_4,2.1,94.0,680,30,1690,4,0.3222192947339193
7253,20230714-9AM_680_30_1690_5,1.796,94.0,680,30,1690,5,0.2543063323312856
7254,20230714-9AM_680_30_1690_6,1.724,94.0,680,30,1690,6,0.23653726148869397
7255,20230714-9AM_680_30_1690_7,1.876,94.0,680,30,1690,7,0.2732328340430456
7256,20230714-9AM_750_30_1690_0,0.83,94.0,750,30,1690,0,-0.08092190762392612
7257,20230714-9AM_750_30_1690_1,1.325,94.0,750,30,1690,1,0.12221587827282664
7258,20230714-9AM_750_30_1690_2,0.995,94.0,750,30,1690,2,-0.002176919254274547
7259,20230714-9AM_750_30_1690_3,1.122,94.0,750,30,1690,3,0.049992856920142645
7260,20230714-9AM_750_30_1690_4,1.069,94.0,750,30,1690,4,0.028977705208777998
7261,20230714-9AM_750_30_1690_5,1.145,94.0,750,30,1690,5,0.05880548667590681
7262,20230714-9AM_750_30_1690_6,0.992,94.0,750,30,1690,6,-0.0034883278458213473
7263,20230714-9AM_750_30_1690_7,1.062,94.0,750,30,1690,7,0.026124516745450282
7264,20230714-9AM_680_30_2342_0,0.985,94.0,680,30,2342,0,-0.006563769502388274
7265,20230714-9AM_680_30_2342_1,1.474,94.0,680,30,2342,1,0.16849748352303268
7266,20230714-9AM_680_30_2342_2,1.162,94.0,680,30,2342,2,0.0652061280543119
7267,20230714-9AM_680_30_2342_3,1.075,94.0,680,30,2342,3,0.03140846425162412
7268,20230714-9AM_680_30_2342_4,0.885,94.0,680,30,2342,4,-0.05305672930217456
7269,20230714-9AM_680_30_2342_5,1.219,94.0,680,30,2342,5,0.08600370561838196
7270,20230714-9AM_680_30_2342_6,1.144,94.0,680,30,2342,6,0.05842602445700536
7271,20230714-9AM_680_30_2342_7,1.114,94.0,680,30,2342,7,0.04688519083771014
7272,20230714-9AM_750_30_2342_0,0.701,94.0,750,30,2342,0,-0.15428198203334137
7273,20230714-9AM_750_30_2342_1,1.055,94.0,750,30,2342,1,0.023252459633711444
7274,20230714-9AM_750_30_2342_2,0.773,94.0,750,30,2342,2,-0.11182050608167508
7275,20230714-9AM_750_30_2342_3,0.82,94.0,750,30,2342,3,-0.08618614761628333
7276,20230714-9AM_750_30_2342_4,0.682,94.0,750,30,2342,4,-0.16621562534352105
7277,20230714-9AM_750_30_2342_5,0.926,94.0,750,30,2342,5,-0.033389013318065645
7278,20230714-9AM_750_30_2342_6,0.924,94.0,750,30,2342,6,-0.03432802877989328
7279,20230714-9AM_750_30_2342_7,0.908,94.0,750,30,2342,7,-0.04191415147891488
7280,20230714-9AM_680_30_4532_0,1.523,94.0,680,30,4532,0,0.18269990333604255
7281,20230714-9AM_680_30_4532_1,1.887,94.0,680,30,4532,1,0.27577190016493136
7282,20230714-9AM_680_30_4532_2,1.583,94.0,680,30,4532,2,0.1994809148623559
7283,20230714-9AM_680_30_4532_3,1.875,94.0,680,30,4532,3,0.27300127206373764
7284,20230714-9AM_680_30_4532_4,1.898,94.0,680,30,4532,4,0.27829620809127387
7285,20230714-9AM_680_30_4532_5,2.182,94.0,680,30,4532,5,0.33885474625232304
7286,20230714-9AM_680_30_4532_6,1.824,94.0,680,30,4532,6,0.2610248339923974
7287,20230714-9AM_680_30_4532_7,2.196,94.0,680,30,4532,7,0.34163233577805435
7288,20230714-9AM_750_30_4532_0,0.969,94.0,750,30,4532,0,-0.013676222949234686
7289,20230714-9AM_750_30_4532_1,0.946,94.0,750,30,4532,1,-0.02410886359820726
7290,20230714-9AM_750_30_4532_2,0.846,94.0,750,30,4532,2,-0.07262963696097648
7291,20230714-9AM_750_30_4532_3,0.994,94.0,750,30,4532,3,-0.00261361560268669
7292,20230714-9AM_750_30_4532_4,0.989,94.0,750,30,4532,4,-0.004803708402820599
7293,20230714-9AM_750_30_4532_5,1.065,94.0,750,30,4532,5,0.027349607774756507
7294,20230714-9AM_750_30_4532_6,0.998,94.0,750,30,4532,6,-0.0008694587126288914
7295,20230714-9AM_750_30_4532_7,1.061,94.0,750,30,4532,7,0.025715383901340642
7296,20230714-9AM_680_30_2344_0,2.098,94.0,680,30,2344,0,0.32180548385753904
7297,20230714-9AM_680_30_2344_1,1.287,94.0,680,30,2344,1,0.10957854690438666
7298,20230714-9AM_680_30_2344_2,1.179,94.0,680,30,2344,2,0.07151380509508916
7299,20230714-9AM_680_30_2344_3,1.418,94.0,680,30,2344,3,0.1516762308470477
7300,20230714-9AM_680_30_2344_4,1.426,94.0,680,30,2344,4,0.15411952551584673
7301,20230714-9AM_680_30_2344_5,1.48,94.0,680,30,2344,5,0.17026171539495738
7302,20230714-9AM_680_30_2344_6,1.347,94.0,680,30,2344,6,0.12936759572298562
7303,20230714-9AM_680_30_2344_7,1.571,94.0,680,30,2344,7,0.1961761850399733
7304,20230714-9AM_750_30_2344_0,1.302,94.0,750,30,2344,0,0.11461098423217315
7305,20230714-9AM_750_30_2344_1,0.803,94.0,750,30,2344,1,-0.09528445472131904
7306,20230714-9AM_750_30_2344_2,0.758,94.0,750,30,2344,2,-0.12033079436794646
7307,20230714-9AM_750_30_2344_3,0.877,94.0,750,30,2344,3,-0.05700040663395948
7308,20230714-9AM_750_30_2344_4,0.871,94.0,750,30,2344,4,-0.059981844992336796
7309,20230714-9AM_750_30_2344_5,0.935,94.0,750,30,2344,5,-0.0291883891274822
7310,20230714-9AM_750_30_2344_6,0.84,94.0,750,30,2344,6,-0.07572071393811836
7311,20230714-9AM_750_30_2344_7,0.913,94.0,750,30,2344,7,-0.039529222465701036
7312,20230714-9AM_680_30_2343_0,2.177,94.0,680,30,2343,0,0.33785842904109437
7313,20230714-9AM_680_30_2343_1,1.272,94.0,680,30,2343,1,0.10448711131239508
7314,20230714-9AM_680_30_2343_2,1.894,94.0,680,30,2343,2,0.2773799746672546
7315,20230714-9AM_680_30_2343_3,2.229,94.0,680,30,2343,3,0.34811006848023773
7316,20230714-9AM_680_30_2343_4,2.079,94.0,680,30,2343,4,0.3178544893314692
7317,20230714-9AM_680_30_2343_5,1.691,94.0,680,30,2343,5,0.22814360759774177
7318,20230714-9AM_680_30_2343_6,1.75,94.0,680,30,2343,6,0.24303804868629444
7319,20230714-9AM_680_30_2343_7,2.025,94.0,680,30,2343,7,0.30642502755068735
7320,20230714-9AM_750_30_2343_0,1.28,94.0,750,30,2343,0,0.10720996964786837
7321,20230714-9AM_750_30_2343_1,0.928,94.0,750,30,2343,1,-0.032452023781137915
7322,20230714-9AM_750_30_2343_2,1.207,94.0,750,30,2343,2,0.08170727009734924
7323,20230714-9AM_750_30_2343_3,1.324,94.0,750,30,2343,3,0.12188798510368115
7324,20230714-9AM_750_30_2343_4,1.207,94.0,750,30,2343,4,0.08170727009734924
7325,20230714-9AM_750_30_2343_5,1.192,94.0,750,30,2343,5,0.0762762554042176
7326,20230714-9AM_750_30_2343_6,1.162,94.0,750,30,2343,6,0.0652061280543119
7327,20230714-9AM_750_30_2343_7,1.245,94.0,750,30,2343,7,0.09516935143175519
7328,20230714-9AM_680_30_1952_0,1.545,94.0,680,30,1952,0,0.18892848376085342
7329,20230714-9AM_680_30_1952_1,1.825,94.0,680,30,1952,1,0.2612628687924935
7330,20230714-9AM_680_30_1952_2,1.679,94.0,680,30,1952,2,0.2250506961380488
7331,20230714-9AM_680_30_1952_3,2.091,94.0,680,30,1952,3,0.3203540328176719
7332,20230714-9AM_680_30_1952_4,2.042,94.0,680,30,1952,4,0.3100557377508914
7333,20230714-9AM_680_30_1952_5,1.67,94.0,680,30,1952,5,0.22271647114758325
7334,20230714-9AM_680_30_1952_6,1.675,94.0,680,30,1952,6,0.22401481137286405
7335,20230714-9AM_680_30_1952_7,0.896,94.0,680,30,1952,7,-0.047691990337874794
7336,20230714-9AM_750_30_1952_0,0.9,94.0,750,30,1952,0,-0.045757490560675115
7337,20230714-9AM_750_30_1952_1,1.025,94.0,750,30,1952,1,0.010723865391773066
7338,20230714-9AM_750_30_1952_2,1.0,94.0,750,30,1952,2,0.0
7339,20230714-9AM_750_30_1952_3,1.206,94.0,750,30,1952,3,0.08134730780413249
7340,20230714-9AM_750_30_1952_4,1.058,94.0,750,30,1952,4,0.024485667699166973
7341,20230714-9AM_750_30_1952_5,1.003,94.0,750,30,1952,5,0.001300933020418072
7342,20230714-9AM_750_30_1952_6,1.054,94.0,750,30,1952,6,0.022840610876527823
7343,20230714-9AM_750_30_1952_7,0.556,94.0,750,30,1952,7,-0.2549252084179425
7344,20230714-9AM_680_30_2931_0,1.821,94.0,680,30,2931,0,0.26030994579492
7345,20230714-9AM_680_30_2931_1,1.593,94.0,680,30,2931,1,0.20221577580113148
7346,20230714-9AM_680_30_2931_2,1.856,94.0,680,30,2931,2,0.26857797188284327
7347,20230714-9AM_680_30_2931_3,1.551,94.0,680,30,2931,3,0.19061179781360493
7348,20230714-9AM_680_30_2931_4,1.56,94.0,680,30,2931,4,0.1931245983544616
7349,20230714-9AM_680_30_2931_5,2.003,94.0,680,30,2931,5,0.30168094929357625
7350,20230714-9AM_680_30_2931_6,1.626,94.0,680,30,2931,6,0.21112054125804933
7351,20230714-9AM_680_30_2931_7,1.121,94.0,680,30,2931,7,0.04960561259497315
7352,20230714-9AM_750_30_2931_0,1.16,94.0,750,30,2931,0,0.06445798922691845
7353,20230714-9AM_750_30_2931_1,1.048,94.0,750,30,2931,1,0.020361282647707864
7354,20230714-9AM_750_30_2931_2,1.158,94.0,750,30,2931,2,0.06370855939141737
7355,20230714-9AM_750_30_2931_3,1.057,94.0,750,30,2931,3,0.024074987307426243
7356,20230714-9AM_750_30_2931_4,1.038,94.0,750,30,2931,4,0.01619735351243906
7357,20230714-9AM_750_30_2931_5,1.192,94.0,750,30,2931,5,0.0762762554042176
7358,20230714-9AM_750_30_2931_6,1.13,94.0,750,30,2931,6,0.05307844348341968
7359,20230714-9AM_750_30_2931_7,0.872,94.0,750,30,2931,7,-0.05948351506743278
7360,20230714-9AM_680_30_JG5_0,1.752,94.0,680,30,JG5,0,0.24353410183206192
7361,20230714-9AM_680_30_JG5_1,0.667,94.0,680,30,JG5,1,-0.17587416608345102
7362,20230714-9AM_680_30_JG5_2,0.592,94.0,680,30,JG5,2,-0.22767829327708025
7363,20230714-9AM_680_30_JG5_3,0.927,94.0,680,30,JG5,3,-0.0329202658555029
7364,20230714-9AM_680_30_JG5_4,0.418,94.0,680,30,JG5,4,-0.3788237182249648
7365,20230714-9AM_680_30_JG5_5,0.977,94.0,680,30,JG5,5,-0.010105436281226938
7366,20230714-9AM_680_30_JG5_6,0.469,94.0,680,30,JG5,6,-0.32882715728491674
7367,20230714-9AM_680_30_JG5_7,0.819,94.0,680,30,JG5,7,-0.08671609823958155
7368,20230714-9AM_750_30_JG5_0,0.981,94.0,750,30,JG5,0,-0.008330992620051497
7369,20230714-9AM_750_30_JG5_1,0.513,94.0,750,30,JG5,1,-0.2898826348881837
7370,20230714-9AM_750_30_JG5_2,0.357,94.0,750,30,JG5,2,-0.4473317838878068
7371,20230714-9AM_750_30_JG5_3,0.584,94.0,750,30,JG5,3,-0.23358715288760054
7372,20230714-9AM_750_30_JG5_4,0.315,94.0,750,30,JG5,4,-0.5016894462103995
7373,20230714-9AM_750_30_JG5_5,0.68,94.0,750,30,JG5,5,-0.16749108729376366
7374,20230714-9AM_750_30_JG5_6,0.35,94.0,750,30,JG5,6,-0.4559319556497244
7375,20230714-9AM_750_30_JG5_7,0.626,94.0,750,30,JG5,7,-0.20342566678957033
7376,20230714-9AM_680_30_BMS_0,1.693,94.0,680,30,BMS,0,0.22865695810893527
7377,20230714-9AM_680_30_BMS_1,1.433,94.0,680,30,BMS,1,0.1562461903973445
7378,20230714-9AM_680_30_BMS_2,1.634,94.0,680,30,BMS,2,0.21325205219639665
7379,20230714-9AM_680_30_BMS_3,1.886,94.0,680,30,BMS,3,0.27554168840130955
7380,20230714-9AM_680_30_BMS_4,1.489,94.0,680,30,BMS,4,0.17289469775217617
7381,20230714-9AM_680_30_BMS_5,1.576,94.0,680,30,BMS,5,0.19755621315353653
7382,20230714-9AM_680_30_BMS_6,1.524,94.0,680,30,BMS,6,0.1829849670035817
7383,20230714-9AM_680_30_BMS_7,1.645,94.0,680,30,BMS,7,0.2161659022859931
7384,20230714-9AM_750_30_BMS_0,1.038,94.0,750,30,BMS,0,0.01619735351243906
7385,20230714-9AM_750_30_BMS_1,0.96,94.0,750,30,BMS,1,-0.017728766960431602
7386,20230714-9AM_750_30_BMS_2,1.053,94.0,750,30,BMS,2,0.022428371185486493
7387,20230714-9AM_750_30_BMS_3,1.126,94.0,750,30,BMS,3,0.05153839051532738
7388,20230714-9AM_750_30_BMS_4,0.973,94.0,750,30,BMS,4,-0.0118871597316481
7389,20230714-9AM_750_30_BMS_5,1.055,94.0,750,30,BMS,5,0.023252459633711444
7390,20230714-9AM_750_30_BMS_6,1.026,94.0,750,30,BMS,6,0.011147360775797479
7391,20230714-9AM_750_30_BMS_7,1.033,94.0,750,30,BMS,7,0.014100321519620545
7392,20230712-9PM_680_25_3059_0,1.363,58.0,680,25,3059,0,0.13449585583467355
7393,20230712-9PM_680_25_3059_1,1.87,58.0,680,25,3059,1,0.27184160653649897
7394,20230712-9PM_680_25_3059_2,1.329,58.0,680,25,3059,2,0.12352498094273198
7395,20230712-9PM_680_25_3059_3,1.651,58.0,680,25,3059,3,0.21774707326279363
7396,20230712-9PM_680_25_3059_4,1.683,58.0,680,25,3059,4,0.22608411597582387
7397,20230712-9PM_680_25_3059_5,1.92,58.0,680,25,3059,5,0.28330122870354957
7398,20230712-9PM_680_25_3059_6,1.775,58.0,680,25,3059,6,0.24919835739111287
7399,20230712-9PM_680_25_3059_7,1.522,58.0,680,25,3059,7,0.18241465243455401
7400,20230712-9PM_750_25_3059_0,0.803,58.0,750,25,3059,0,-0.09528445472131904
7401,20230712-9PM_750_25_3059_1,1.075,58.0,750,25,3059,1,0.03140846425162412
7402,20230712-9PM_750_25_3059_2,0.911,58.0,750,25,3059,2,-0.040481623027001735
7403,20230712-9PM_750_25_3059_3,1.061,58.0,750,25,3059,3,0.025715383901340642
7404,20230712-9PM_750_25_3059_4,1.009,58.0,750,25,3059,4,0.0038911662369104775
7405,20230712-9PM_750_25_3059_5,1.148,58.0,750,25,3059,5,0.05994188806195468
7406,20230712-9PM_750_25_3059_6,1.108,58.0,750,25,3059,6,0.04453976039241098
7407,20230712-9PM_750_25_3059_7,0.953,58.0,750,25,3059,7,-0.02090709936167361
7408,20230712-9PM_680_25_1691_0,1.967,58.0,680,25,1691,0,0.29380435991933673
7409,20230712-9PM_680_25_1691_1,1.801,58.0,680,25,1691,1,0.25551371281953333
7410,20230712-9PM_680_25_1691_2,2.361,58.0,680,25,1691,2,0.37309598707872704
7411,20230712-9PM_680_25_1691_3,1.888,58.0,680,25,1691,3,0.27600198996205016
7412,20230712-9PM_680_25_1691_4,1.924,58.0,680,25,1691,4,0.28420506770179416
7413,20230712-9PM_680_25_1691_5,1.433,58.0,680,25,1691,5,0.1562461903973445
7414,20230712-9PM_680_25_1691_6,1.475,58.0,680,25,1691,6,0.16879202031418183
7415,20230712-9PM_680_25_1691_7,1.502,58.0,680,25,1691,7,0.1766699326681496
7416,20230712-9PM_750_25_1691_0,1.105,58.0,750,25,1691,0,0.0433622780211295
7417,20230712-9PM_750_25_1691_1,1.022,58.0,750,25,1691,1,0.009450895798693935
7418,20230712-9PM_750_25_1691_2,1.175,58.0,750,25,1691,2,0.07003786660775509
7419,20230712-9PM_750_25_1691_3,1.112,58.0,750,25,1691,3,0.046104787246038705
7420,20230712-9PM_750_25_1691_4,1.05,58.0,750,25,1691,4,0.021189299069938092
7421,20230712-9PM_750_25_1691_5,0.904,58.0,750,25,1691,5,-0.04383156952463668
7422,20230712-9PM_750_25_1691_6,0.84,58.0,750,25,1691,6,-0.07572071393811836
7423,20230712-9PM_750_25_1691_7,0.839,58.0,750,25,1691,7,-0.07623803917129975
7424,20230712-9PM_680_25_1690_0,1.889,58.0,680,25,1690,0,0.2762319579218336
7425,20230712-9PM_680_25_1690_1,2.808,58.0,680,25,1690,1,0.4483971034577676
7426,20230712-9PM_680_25_1690_2,1.357,58.0,680,25,1690,2,0.13257984765973707
7427,20230712-9PM_680_25_1690_3,1.599,58.0,680,25,1690,3,0.2038484637462347
7428,20230712-9PM_680_25_1690_4,1.609,58.0,680,25,1690,4,0.20655604409902956
7429,20230712-9PM_680_25_1690_5,1.484,58.0,680,25,1690,5,0.17143390094300825
7430,20230712-9PM_680_25_1690_6,1.482,58.0,680,25,1690,6,0.17084820364330935
7431,20230712-9PM_680_25_1690_7,1.545,58.0,680,25,1690,7,0.18892848376085342
7432,20230712-9PM_750_25_1690_0,1.104,58.0,750,25,1690,0,0.04296907339318013
7433,20230712-9PM_750_25_1690_1,1.379,58.0,750,25,1690,1,0.13956426617584977
7434,20230712-9PM_750_25_1690_2,0.718,58.0,750,25,1690,2,-0.14387555575769967
7435,20230712-9PM_750_25_1690_3,0.918,58.0,750,25,1690,3,-0.03715731879875755
7436,20230712-9PM_750_25_1690_4,0.985,58.0,750,25,1690,4,-0.006563769502388274
7437,20230712-9PM_750_25_1690_5,0.809,58.0,750,25,1690,5,-0.09205147838772766
7438,20230712-9PM_750_25_1690_6,0.841,58.0,750,25,1690,6,-0.07520400420208784
7439,20230712-9PM_750_25_1690_7,0.897,58.0,750,25,1690,7,-0.047207556955907906
7440,20230712-9PM_680_25_2342_0,1.127,58.0,680,25,2342,0,0.05192391604610654
7441,20230712-9PM_680_25_2342_1,1.272,58.0,680,25,2342,1,0.10448711131239508
7442,20230712-9PM_680_25_2342_2,1.131,58.0,680,25,2342,2,0.05346260492545529
7443,20230712-9PM_680_25_2342_3,1.073,58.0,680,25,2342,3,0.030599721965951066
7444,20230712-9PM_680_25_2342_4,0.978,58.0,680,25,2342,4,-0.009661145212398569
7445,20230712-9PM_680_25_2342_5,1.283,58.0,680,25,2342,5,0.10822665637492848
7446,20230712-9PM_680_25_2342_6,1.141,58.0,680,25,2342,6,0.05728564441821465
7447,20230712-9PM_680_25_2342_7,0.921,58.0,680,25,2342,7,-0.03574036980315106
7448,20230712-9PM_750_25_2342_0,0.654,58.0,750,25,2342,0,-0.18442225167573273
7449,20230712-9PM_750_25_2342_1,0.796,58.0,750,25,2342,1,-0.09908693226233094
7450,20230712-9PM_750_25_2342_2,0.727,58.0,750,25,2342,2,-0.1384655891409622
7451,20230712-9PM_750_25_2342_3,0.63,58.0,750,25,2342,3,-0.2006594505464183
7452,20230712-9PM_750_25_2342_4,0.581,58.0,750,25,2342,4,-0.2358238676096693
7453,20230712-9PM_750_25_2342_5,0.854,58.0,750,25,2342,5,-0.06854212931099495
7454,20230712-9PM_750_25_2342_6,0.681,58.0,750,25,2342,6,-0.16685288808721482
7455,20230712-9PM_750_25_2342_7,0.576,58.0,750,25,2342,7,-0.239577516576788
7456,20230712-9PM_680_25_4532_0,1.704,58.0,680,25,4532,0,0.2314695904306813
7457,20230712-9PM_680_25_4532_1,1.612,58.0,680,25,4532,1,0.20736503746907187
7458,20230712-9PM_680_25_4532_2,1.551,58.0,680,25,4532,2,0.19061179781360493
7459,20230712-9PM_680_25_4532_3,1.51,58.0,680,25,4532,3,0.17897694729316943
7460,20230712-9PM_680_25_4532_4,1.838,58.0,680,25,4532,4,0.26434550705009247
7461,20230712-9PM_680_25_4532_5,1.642,58.0,680,25,4532,5,0.21537315278342195
7462,20230712-9PM_680_25_4532_6,1.578,58.0,680,25,4532,6,0.19810699887340152
7463,20230712-9PM_680_25_4532_7,1.638,58.0,680,25,4532,7,0.21431389742439963
7464,20230712-9PM_750_25_4532_0,0.919,58.0,750,25,4532,0,-0.03668448861388872
7465,20230712-9PM_750_25_4532_1,1.102,58.0,750,25,4532,1,0.04218159451576628
7466,20230712-9PM_750_25_4532_2,0.944,58.0,750,25,4532,2,-0.02502800570193105
7467,20230712-9PM_750_25_4532_3,0.831,58.0,750,25,4532,3,-0.08039897621588903
7468,20230712-9PM_750_25_4532_4,1.01,58.0,750,25,4532,4,0.004321373782642578
7469,20230712-9PM_750_25_4532_5,0.958,58.0,750,25,4532,5,-0.018634490921455603
7470,20230712-9PM_750_25_4532_6,0.914,58.0,750,25,4532,6,-0.039053804266168564
7471,20230712-9PM_750_25_4532_7,0.971,58.0,750,25,4532,7,-0.012780770091995148
7472,20230712-9PM_680_25_2344_0,1.491,58.0,680,25,2344,0,0.17347764345299457
7473,20230712-9PM_680_25_2344_1,1.182,58.0,680,25,2344,1,0.07261747654523654
7474,20230712-9PM_680_25_2344_2,1.068,58.0,680,25,2344,2,0.028571252692537637
7475,20230712-9PM_680_25_2344_3,1.269,58.0,680,25,2344,3,0.10346162209470475
7476,20230712-9PM_680_25_2344_4,0.581,58.0,680,25,2344,4,-0.2358238676096693
7477,20230712-9PM_680_25_2344_5,1.123,58.0,680,25,2344,5,0.050379756261457784
7478,20230712-9PM_680_25_2344_6,0.993,58.0,680,25,2344,6,-0.0030507515046188267
7479,20230712-9PM_680_25_2344_7,1.405,58.0,680,25,2344,7,0.1476763242410987
7480,20230712-9PM_750_25_2344_0,0.881,58.0,750,25,2344,0,-0.05502409158795209
7481,20230712-9PM_750_25_2344_1,0.679,58.0,750,25,2344,1,-0.1681302257194983
7482,20230712-9PM_750_25_2344_2,0.569,58.0,750,25,2344,2,-0.24488773360492885
7483,20230712-9PM_750_25_2344_3,0.709,58.0,750,25,2344,3,-0.1493537648169335
7484,20230712-9PM_750_25_2344_4,0.381,58.0,750,25,2344,4,-0.4190750243243807
7485,20230712-9PM_750_25_2344_5,0.647,58.0,750,25,2344,5,-0.1890957193312996
7486,20230712-9PM_750_25_2344_6,0.572,58.0,750,25,2344,6,-0.24260397120697583
7487,20230712-9PM_750_25_2344_7,0.851,58.0,750,25,2344,7,-0.07007043991541213
7488,20230712-9PM_680_25_2343_0,1.042,58.0,680,25,2343,0,0.017867718963505686
7489,20230712-9PM_680_25_2343_1,1.159,58.0,680,25,2343,1,0.064083435963596
7490,20230712-9PM_680_25_2343_2,1.399,58.0,680,25,2343,2,0.14581771449182765
7491,20230712-9PM_680_25_2343_3,1.351,58.0,680,25,2343,3,0.13065534902203058
7492,20230712-9PM_680_25_2343_4,1.343,58.0,680,25,2343,4,0.12807601266871535
7493,20230712-9PM_680_25_2343_5,1.517,58.0,680,25,2343,5,0.18098558078673047
7494,20230712-9PM_680_25_2343_6,1.279,58.0,680,25,2343,6,0.10687054447865389
7495,20230712-9PM_680_25_2343_7,0.982,58.0,680,25,2343,7,-0.00788851221305034
7496,20230712-9PM_750_25_2343_0,0.754,58.0,750,25,2343,0,-0.12262865413022594
7497,20230712-9PM_750_25_2343_1,0.786,58.0,750,25,2343,1,-0.10457745396059209
7498,20230712-9PM_750_25_2343_2,0.906,58.0,750,25,2343,2,-0.042871802323186915
7499,20230712-9PM_750_25_2343_3,0.891,58.0,750,25,2343,3,-0.0501222959631252
7500,20230712-9PM_750_25_2343_4,0.864,58.0,750,25,2343,4,-0.06348625752110672
7501,20230712-9PM_750_25_2343_5,1.025,58.0,750,25,2343,5,0.010723865391773066
7502,20230712-9PM_750_25_2343_6,0.829,58.0,750,25,2343,6,-0.08144546944972647
7503,20230712-9PM_750_25_2343_7,0.735,58.0,750,25,2343,7,-0.1337126609158051
7504,20230712-9PM_680_25_1952_0,1.201,58.0,680,25,1952,0,0.07954300740290607
7505,20230712-9PM_680_25_1952_1,1.259,58.0,680,25,1952,1,0.10002573010786256
7506,20230712-9PM_680_25_1952_2,1.515,58.0,680,25,1952,2,0.1804126328383238
7507,20230712-9PM_680_25_1952_3,1.435,58.0,680,25,1952,3,0.15685190107001115
7508,20230712-9PM_680_25_1952_4,1.717,58.0,680,25,1952,4,0.23477029516091652
7509,20230712-9PM_680_25_1952_5,1.347,58.0,680,25,1952,5,0.12936759572298562
7510,20230712-9PM_680_25_1952_6,1.372,58.0,680,25,1952,6,0.13735411137073292
7511,20230712-9PM_680_25_1952_7,1.301,58.0,680,25,1952,7,0.11427729656158624
7512,20230712-9PM_750_25_1952_0,0.657,58.0,750,25,1952,0,-0.1824346304402192
7513,20230712-9PM_750_25_1952_1,0.701,58.0,750,25,1952,1,-0.15428198203334137
7514,20230712-9PM_750_25_1952_2,0.812,58.0,750,25,1952,2,-0.09044397075882467
7515,20230712-9PM_750_25_1952_3,0.837,58.0,750,25,1952,3,-0.07727454200674003
7516,20230712-9PM_750_25_1952_4,0.918,58.0,750,25,1952,4,-0.03715731879875755
7517,20230712-9PM_750_25_1952_5,0.725,58.0,750,25,1952,5,-0.13966199342900631
7518,20230712-9PM_750_25_1952_6,0.779,58.0,750,25,1952,6,-0.10846254232743553
7519,20230712-9PM_750_25_1952_7,0.745,58.0,750,25,1952,7,-0.12784372725170717
7520,20230712-9PM_680_25_2931_0,1.114,58.0,680,25,2931,0,0.04688519083771014
7521,20230712-9PM_680_25_2931_1,0.842,58.0,680,25,2931,1,-0.07468790850035051
7522,20230712-9PM_680_25_2931_2,1.422,58.0,680,25,2931,2,0.15289959639374748
7523,20230712-9PM_680_25_2931_3,0.982,58.0,680,25,2931,3,-0.00788851221305034
7524,20230712-9PM_680_25_2931_4,0.973,58.0,680,25,2931,4,-0.0118871597316481
7525,20230712-9PM_680_25_2931_5,1.439,58.0,680,25,2931,5,0.15806079393660522
7526,20230712-9PM_680_25_2931_6,1.508,58.0,680,25,2931,6,0.17840134153375525
7527,20230712-9PM_680_25_2931_7,1.446,58.0,680,25,2931,7,0.160168292958512
7528,20230712-9PM_750_25_2931_0,0.605,58.0,750,25,2931,0,-0.2182446253475311
7529,20230712-9PM_750_25_2931_1,0.482,58.0,750,25,2931,1,-0.31695296176115045
7530,20230712-9PM_750_25_2931_2,0.743,58.0,750,25,2931,2,-0.1290111862394247
7531,20230712-9PM_750_25_2931_3,0.533,58.0,750,25,2931,3,-0.2732727909734277
7532,20230712-9PM_750_25_2931_4,0.549,58.0,750,25,2931,4,-0.26042765554990804
7533,20230712-9PM_750_25_2931_5,0.784,58.0,750,25,2931,5,-0.10568393731556154
7534,20230712-9PM_750_25_2931_6,0.842,58.0,750,25,2931,6,-0.07468790850035051
7535,20230712-9PM_750_25_2931_7,0.758,58.0,750,25,2931,7,-0.12033079436794646
7536,20230712-9PM_680_25_JG5_0,0.704,58.0,680,25,JG5,0,-0.1524273408578878
7537,20230712-9PM_680_25_JG5_1,1.041,58.0,680,25,JG5,1,0.017450729510536125
7538,20230712-9PM_680_25_JG5_2,0.714,58.0,680,25,JG5,2,-0.14630178822382564
7539,20230712-9PM_680_25_JG5_3,1.098,58.0,680,25,JG5,3,0.04060234011407314
7540,20230712-9PM_680_25_JG5_4,0.924,58.0,680,25,JG5,4,-0.03432802877989328
7541,20230712-9PM_680_25_JG5_5,1.382,58.0,680,25,JG5,5,0.14050804303817957
7542,20230712-9PM_680_25_JG5_6,1.05,58.0,680,25,JG5,6,0.021189299069938092
7543,20230712-9PM_680_25_JG5_7,0.903,58.0,680,25,JG5,7,-0.04431224968649419
7544,20230712-9PM_750_25_JG5_0,0.405,58.0,750,25,JG5,0,-0.3925449767853314
7545,20230712-9PM_750_25_JG5_1,0.557,58.0,750,25,JG5,1,-0.25414480482627105
7546,20230712-9PM_750_25_JG5_2,0.376,58.0,750,25,JG5,2,-0.42481215507233894
7547,20230712-9PM_750_25_JG5_3,0.592,58.0,750,25,JG5,3,-0.22767829327708025
7548,20230712-9PM_750_25_JG5_4,0.474,58.0,750,25,JG5,4,-0.324221658325915
7549,20230712-9PM_750_25_JG5_5,0.656,58.0,750,25,JG5,5,-0.1830961606243397
7550,20230712-9PM_750_25_JG5_6,0.576,58.0,750,25,JG5,6,-0.239577516576788
7551,20230712-9PM_750_25_JG5_7,0.485,58.0,750,25,JG5,7,-0.3142582613977364
7552,20230712-9PM_680_25_BMS_0,1.585,58.0,680,25,BMS,0,0.2000292665537703
7553,20230712-9PM_680_25_BMS_1,1.719,58.0,680,25,BMS,1,0.23527587668705244
7554,20230712-9PM_680_25_BMS_2,1.605,58.0,680,25,BMS,2,0.20547503674089088
7555,20230712-9PM_680_25_BMS_3,1.607,58.0,680,25,BMS,3,0.20601587676334454
7556,20230712-9PM_680_25_BMS_4,1.562,58.0,680,25,BMS,4,0.19368102954128152
7557,20230712-9PM_680_25_BMS_5,1.717,58.0,680,25,BMS,5,0.23477029516091652
7558,20230712-9PM_680_25_BMS_6,1.606,58.0,680,25,BMS,6,0.20574554094266218
7559,20230712-9PM_680_25_BMS_7,1.603,58.0,680,25,BMS,7,0.20493352235414483
7560,20230712-9PM_750_25_BMS_0,0.843,58.0,750,25,BMS,0,-0.07417242537525769
7561,20230712-9PM_750_25_BMS_1,0.868,58.0,750,25,BMS,1,-0.0614802748235081
7562,20230712-9PM_750_25_BMS_2,0.865,58.0,750,25,BMS,2,-0.06298389253518578
7563,20230712-9PM_750_25_BMS_3,0.848,58.0,750,25,BMS,3,-0.07160414774328619
7564,20230712-9PM_750_25_BMS_4,0.814,58.0,750,25,BMS,4,-0.0893755951107988
7565,20230712-9PM_750_25_BMS_5,0.848,58.0,750,25,BMS,5,-0.07160414774328619
7566,20230712-9PM_750_25_BMS_6,0.843,58.0,750,25,BMS,6,-0.07417242537525769
7567,20230712-9PM_750_25_BMS_7,0.834,58.0,750,25,BMS,7,-0.0788339493622613
7568,20230712-9PM_680_20_3059_0,0.493,58.0,680,20,3059,0,-0.30715308072277
7569,20230712-9PM_680_20_3059_1,0.768,58.0,680,20,3059,1,-0.114638779968488
7570,20230712-9PM_680_20_3059_2,1.432,58.0,680,20,3059,2,0.15594301797183674
7571,20230712-9PM_680_20_3059_3,0.838,58.0,680,20,3059,3,-0.07675598136972352
7572,20230712-9PM_680_20_3059_4,0.754,58.0,680,20,3059,4,-0.12262865413022594
7573,20230712-9PM_680_20_3059_5,1.411,58.0,680,20,3059,5,0.14952701375434785
7574,20230712-9PM_680_20_3059_6,1.054,58.0,680,20,3059,6,0.022840610876527823
7575,20230712-9PM_680_20_3059_7,0.932,58.0,680,20,3059,7,-0.030584087646018613
7576,20230712-9PM_750_20_3059_0,0.266,58.0,750,20,3059,0,-0.575118363368933
7577,20230712-9PM_750_20_3059_1,0.383,58.0,750,20,3059,1,-0.41680122603137726
7578,20230712-9PM_750_20_3059_2,0.725,58.0,750,20,3059,2,-0.13966199342900631
7579,20230712-9PM_750_20_3059_3,0.409,58.0,750,20,3059,3,-0.38827669199265824
7580,20230712-9PM_750_20_3059_4,0.39,58.0,750,20,3059,4,-0.4089353929735008
7581,20230712-9PM_750_20_3059_5,0.761,58.0,750,20,3059,5,-0.11861534322942717
7582,20230712-9PM_750_20_3059_6,0.497,58.0,750,20,3059,6,-0.3036436112666679
7583,20230712-9PM_750_20_3059_7,0.502,58.0,750,20,3059,7,-0.29929628285498067
7584,20230712-9PM_680_20_1691_0,1.191,58.0,680,20,1691,0,0.07591176148277752
7585,20230712-9PM_680_20_1691_1,1.421,58.0,680,20,1691,1,0.15259407792746976
7586,20230712-9PM_680_20_1691_2,1.107,58.0,680,20,1691,2,0.0441476208787228
7587,20230712-9PM_680_20_1691_3,1.07,58.0,680,20,1691,3,0.029383777685209667
7588,20230712-9PM_680_20_1691_4,1.291,58.0,680,20,1691,4,0.11092624226642028
7589,20230712-9PM_680_20_1691_5,1.129,58.0,680,20,1691,5,0.05269394192496786
7590,20230712-9PM_680_20_1691_6,1.287,58.0,680,20,1691,6,0.10957854690438666
7591,20230712-9PM_680_20_1691_7,1.53,58.0,680,20,1691,7,0.1846914308175988
7592,20230712-9PM_750_20_1691_0,0.652,58.0,750,20,1691,0,-0.1857524042680798
7593,20230712-9PM_750_20_1691_1,0.759,58.0,750,20,1691,1,-0.11975822410451964
7594,20230712-9PM_750_20_1691_2,0.511,58.0,750,20,1691,2,-0.29157909986528724
7595,20230712-9PM_750_20_1691_3,0.624,58.0,750,20,1691,3,-0.20481541031757602
7596,20230712-9PM_750_20_1691_4,0.603,58.0,750,20,1691,4,-0.2196826878598487
7597,20230712-9PM_750_20_1691_5,0.65,58.0,750,20,1691,5,-0.18708664335714442
7598,20230712-9PM_750_20_1691_6,0.694,58.0,750,20,1691,6,-0.15864052954514513
7599,20230712-9PM_750_20_1691_7,0.821,58.0,750,20,1691,7,-0.08565684288055925
7600,20230712-9PM_680_20_1690_0,1.196,58.0,680,20,1690,0,0.07773117965239203
7601,20230712-9PM_680_20_1690_1,1.793,58.0,680,20,1690,1,0.2535802895621828
7602,20230712-9PM_680_20_1690_2,1.193,58.0,680,20,1690,2,0.0766404436703419
7603,20230712-9PM_680_20_1690_3,1.383,58.0,680,20,1690,3,0.14082218010931058
7604,20230712-9PM_680_20_1690_4,1.422,58.0,680,20,1690,4,0.15289959639374748
7605,20230712-9PM_680_20_1690_5,0.727,58.0,680,20,1690,5,-0.1384655891409622
7606,20230712-9PM_680_20_1690_6,1.178,58.0,680,20,1690,6,0.07114529045108281
7607,20230712-9PM_680_20_1690_7,1.062,58.0,680,20,1690,7,0.026124516745450282
7608,20230712-9PM_750_20_1690_0,0.753,58.0,750,20,1690,0,-0.12320502379929942
7609,20230712-9PM_750_20_1690_1,1.085,58.0,750,20,1690,1,0.0354297381845483
7610,20230712-9PM_750_20_1690_2,0.678,58.0,750,20,1690,2,-0.16877030613293661
7611,20230712-9PM_750_20_1690_3,0.781,58.0,750,20,1690,3,-0.10734896612269966
7612,20230712-9PM_750_20_1690_4,0.85,58.0,750,20,1690,4,-0.07058107428570728
7613,20230712-9PM_750_20_1690_5,0.41,58.0,750,20,1690,5,-0.38721614328026455
7614,20230712-9PM_750_20_1690_6,0.67,58.0,750,20,1690,6,-0.17392519729917355
7615,20230712-9PM_750_20_1690_7,0.537,58.0,750,20,1690,7,-0.27002571430044436
7616,20230712-9PM_680_20_2342_0,1.051,58.0,680,20,2342,0,0.021602716028242194
7617,20230712-9PM_680_20_2342_1,1.105,58.0,680,20,2342,1,0.0433622780211295
7618,20230712-9PM_680_20_2342_2,1.014,58.0,680,20,2342,2,0.006037954997317177
7619,20230712-9PM_680_20_2342_3,1.25,58.0,680,20,2342,3,0.09691001300805642
7620,20230712-9PM_680_20_2342_4,0.887,58.0,680,20,2342,4,-0.0520763801682736
7621,20230712-9PM_680_20_2342_5,1.072,58.0,680,20,2342,5,0.03019478535675124
7622,20230712-9PM_680_20_2342_6,0.644,58.0,680,20,2342,6,-0.1911141326401879
7623,20230712-9PM_680_20_2342_7,1.352,58.0,680,20,2342,7,0.13097669160561715
7624,20230712-9PM_750_20_2342_0,0.708,58.0,750,20,2342,0,-0.149966742310231
7625,20230712-9PM_750_20_2342_1,0.637,58.0,750,20,2342,1,-0.19586056766464957
7626,20230712-9PM_750_20_2342_2,0.66,58.0,750,20,2342,2,-0.1804560644581313
7627,20230712-9PM_750_20_2342_3,0.753,58.0,750,20,2342,3,-0.12320502379929942
7628,20230712-9PM_750_20_2342_4,0.584,58.0,750,20,2342,4,-0.23358715288760054
7629,20230712-9PM_750_20_2342_5,0.53,58.0,750,20,2342,5,-0.27572413039921095
7630,20230712-9PM_750_20_2342_6,0.375,58.0,750,20,2342,6,-0.42596873227228116
7631,20230712-9PM_750_20_2342_7,0.808,58.0,750,20,2342,7,-0.09258863922541381
7632,20230712-9PM_680_20_4532_0,1.679,58.0,680,20,4532,0,0.2250506961380488
7633,20230712-9PM_680_20_4532_1,1.383,58.0,680,20,4532,1,0.14082218010931058
7634,20230712-9PM_680_20_4532_2,1.077,58.0,680,20,4532,2,0.03221570329798157
7635,20230712-9PM_680_20_4532_3,1.42,58.0,680,20,4532,3,0.15228834438305647
7636,20230712-9PM_680_20_4532_4,1.538,58.0,680,20,4532,4,0.18695633546541224
7637,20230712-9PM_680_20_4532_5,1.719,58.0,680,20,4532,5,0.23527587668705244
7638,20230712-9PM_680_20_4532_6,1.637,58.0,680,20,4532,6,0.21404867941194144
7639,20230712-9PM_680_20_4532_7,1.559,58.0,680,20,4532,7,0.19284611518884168
7640,20230712-9PM_750_20_4532_0,0.814,58.0,750,20,4532,0,-0.0893755951107988
7641,20230712-9PM_750_20_4532_1,0.854,58.0,750,20,4532,1,-0.06854212931099495
7642,20230712-9PM_750_20_4532_2,0.594,58.0,750,20,4532,2,-0.22621355501880647
7643,20230712-9PM_750_20_4532_3,0.833,58.0,750,20,4532,3,-0.07935499859321243
7644,20230712-9PM_750_20_4532_4,0.902,58.0,750,20,4532,4,-0.04479346245805826
7645,20230712-9PM_750_20_4532_5,1.024,58.0,750,20,4532,5,0.010299956639811961
7646,20230712-9PM_750_20_4532_6,0.982,58.0,750,20,4532,6,-0.00788851221305034
7647,20230712-9PM_750_20_4532_7,0.94,58.0,750,20,4532,7,-0.026872146400301365
7648,20230712-9PM_680_20_2344_0,1.283,58.0,680,20,2344,0,0.10822665637492848
7649,20230712-9PM_680_20_2344_1,0.66,58.0,680,20,2344,1,-0.1804560644581313
7650,20230712-9PM_680_20_2344_2,0.535,58.0,680,20,2344,2,-0.27164621797877153
7651,20230712-9PM_680_20_2344_3,0.604,58.0,680,20,2344,3,-0.21896306137886817
7652,20230712-9PM_680_20_2344_4,0.267,58.0,680,20,2344,4,-0.5734887386354247
7653,20230712-9PM_680_20_2344_5,0.393,58.0,680,20,2344,5,-0.4056074496245733
7654,20230712-9PM_680_20_2344_6,0.497,58.0,680,20,2344,6,-0.3036436112666679
7655,20230712-9PM_680_20_2344_7,0.77,58.0,680,20,2344,7,-0.11350927482751812
7656,20230712-9PM_750_20_2344_0,0.694,58.0,750,20,2344,0,-0.15864052954514513
7657,20230712-9PM_750_20_2344_1,0.388,58.0,750,20,2344,1,-0.41116827440579273
7658,20230712-9PM_750_20_2344_2,0.317,58.0,750,20,2344,2,-0.4989407377822485
7659,20230712-9PM_750_20_2344_3,0.322,58.0,750,20,2344,3,-0.4921441283041691
7660,20230712-9PM_750_20_2344_4,0.175,58.0,750,20,2344,4,-0.7569619513137056
7661,20230712-9PM_750_20_2344_5,0.247,58.0,750,20,2344,5,-0.6073030467403343
7662,20230712-9PM_750_20_2344_6,0.27,58.0,750,20,2344,6,-0.5686362358410126
7663,20230712-9PM_750_20_2344_7,0.376,58.0,750,20,2344,7,-0.42481215507233894
7664,20230712-9PM_680_20_2343_0,0.958,58.0,680,20,2343,0,-0.018634490921455603
7665,20230712-9PM_680_20_2343_1,0.846,58.0,680,20,2343,1,-0.07262963696097648
7666,20230712-9PM_680_20_2343_2,0.961,58.0,680,20,2343,2,-0.017276612331454656
7667,20230712-9PM_680_20_2343_3,0.9,58.0,680,20,2343,3,-0.045757490560675115
7668,20230712-9PM_680_20_2343_4,1.539,58.0,680,20,2343,4,0.1872386198314787
7669,20230712-9PM_680_20_2343_5,0.793,58.0,680,20,2343,5,-0.10072681268239618
7670,20230712-9PM_680_20_2343_6,0.921,58.0,680,20,2343,6,-0.03574036980315106
7671,20230712-9PM_680_20_2343_7,1.061,58.0,680,20,2343,7,0.025715383901340642
7672,20230712-9PM_750_20_2343_0,0.558,58.0,750,20,2343,0,-0.25336580106242124
7673,20230712-9PM_750_20_2343_1,0.495,58.0,750,20,2343,1,-0.3053948010664313
7674,20230712-9PM_750_20_2343_2,0.474,58.0,750,20,2343,2,-0.324221658325915
7675,20230712-9PM_750_20_2343_3,0.464,58.0,750,20,2343,3,-0.3334820194451191
7676,20230712-9PM_750_20_2343_4,0.786,58.0,750,20,2343,4,-0.10457745396059209
7677,20230712-9PM_750_20_2343_5,0.47,58.0,750,20,2343,5,-0.3279021420642826
7678,20230712-9PM_750_20_2343_6,0.537,58.0,750,20,2343,6,-0.27002571430044436
7679,20230712-9PM_750_20_2343_7,0.602,58.0,750,20,2343,7,-0.22040350874217546
7680,20230712-9PM_680_20_1952_0,0.596,58.0,680,20,1952,0,-0.22475374025976358
7681,20230712-9PM_680_20_1952_1,0.771,58.0,680,20,1952,1,-0.11294562194904302
7682,20230712-9PM_680_20_1952_2,0.711,58.0,680,20,1952,2,-0.14813039927023372
7683,20230712-9PM_680_20_1952_3,0.806,58.0,680,20,1952,3,-0.09366495819490933
7684,20230712-9PM_680_20_1952_4,0.582,58.0,680,20,1952,4,-0.23507701535011155
7685,20230712-9PM_680_20_1952_5,0.593,58.0,680,20,1952,5,-0.22694530663573742
7686,20230712-9PM_680_20_1952_6,0.585,58.0,680,20,1952,6,-0.23284413391781958
7687,20230712-9PM_680_20_1952_7,0.626,58.0,680,20,1952,7,-0.20342566678957033
7688,20230712-9PM_750_20_1952_0,0.373,58.0,750,20,1952,0,-0.4282911681913124
7689,20230712-9PM_750_20_1952_1,0.453,58.0,750,20,1952,1,-0.34390179798716813
7690,20230712-9PM_750_20_1952_2,0.415,58.0,750,20,1952,2,-0.3819519032879073
7691,20230712-9PM_750_20_1952_3,0.461,58.0,750,20,1952,3,-0.33629907461035186
7692,20230712-9PM_750_20_1952_4,0.361,58.0,750,20,1952,4,-0.4424927980943421
7693,20230712-9PM_750_20_1952_5,0.362,58.0,750,20,1952,5,-0.4412914294668343
7694,20230712-9PM_750_20_1952_6,0.357,58.0,750,20,1952,6,-0.4473317838878068
7695,20230712-9PM_750_20_1952_7,0.384,58.0,750,20,1952,7,-0.4156687756324692
7696,20230712-9PM_680_20_2931_0,0.437,58.0,680,20,2931,0,-0.3595185630295782
7697,20230712-9PM_680_20_2931_1,0.274,58.0,680,20,2931,1,-0.562249437179612
7698,20230712-9PM_680_20_2931_2,0.543,58.0,680,20,2931,2,-0.265200170411153
7699,20230712-9PM_680_20_2931_3,0.444,58.0,680,20,2931,3,-0.3526170298853802
7700,20230712-9PM_680_20_2931_4,0.454,58.0,680,20,2931,4,-0.34294414714289606
7701,20230712-9PM_680_20_2931_5,0.52,58.0,680,20,2931,5,-0.28399665636520083
7702,20230712-9PM_680_20_2931_6,0.539,58.0,680,20,2931,6,-0.2684112348132613
7703,20230712-9PM_680_20_2931_7,0.69,58.0,680,20,2931,7,-0.16115090926274472
7704,20230712-9PM_750_20_2931_0,0.245,58.0,750,20,2931,0,-0.6108339156354675
7705,20230712-9PM_750_20_2931_1,0.166,58.0,750,20,2931,1,-0.7798919119599449
7706,20230712-9PM_750_20_2931_2,0.305,58.0,750,20,2931,2,-0.5157001606532142
7707,20230712-9PM_750_20_2931_3,0.244,58.0,750,20,2931,3,-0.6126101736612706
7708,20230712-9PM_750_20_2931_4,0.248,58.0,750,20,2931,4,-0.6055483191737837
7709,20230712-9PM_750_20_2931_5,0.292,58.0,750,20,2931,5,-0.5346171485515817
7710,20230712-9PM_750_20_2931_6,0.306,58.0,750,20,2931,6,-0.51427857351842
7711,20230712-9PM_750_20_2931_7,0.382,58.0,750,20,2931,7,-0.41793663708829126
7712,20230712-9PM_680_20_JG5_0,0.609,58.0,680,20,JG5,0,-0.21538270736712464
7713,20230712-9PM_680_20_JG5_1,0.42,58.0,680,20,JG5,1,-0.37675070960209955
7714,20230712-9PM_680_20_JG5_2,0.368,58.0,680,20,JG5,2,-0.43415218132648237
7715,20230712-9PM_680_20_JG5_3,0.392,58.0,680,20,JG5,3,-0.4067139329795427
7716,20230712-9PM_680_20_JG5_4,0.513,58.0,680,20,JG5,4,-0.2898826348881837
7717,20230712-9PM_680_20_JG5_5,0.467,58.0,680,20,JG5,5,-0.33068311943388784
7718,20230712-9PM_680_20_JG5_6,0.264,58.0,680,20,JG5,6,-0.5783960731301689
7719,20230712-9PM_680_20_JG5_7,0.109,58.0,680,20,JG5,7,-0.9625735020593764
7720,20230712-9PM_750_20_JG5_0,0.337,58.0,750,20,JG5,0,-0.47237009912866135
7721,20230712-9PM_750_20_JG5_1,0.251,58.0,750,20,JG5,1,-0.6003262785189618
7722,20230712-9PM_750_20_JG5_2,0.208,58.0,750,20,JG5,2,-0.6819366650372385
7723,20230712-9PM_750_20_JG5_3,0.223,58.0,750,20,JG5,3,-0.6516951369518393
7724,20230712-9PM_750_20_JG5_4,0.291,58.0,750,20,JG5,4,-0.5361070110140927
7725,20230712-9PM_750_20_JG5_5,0.261,58.0,750,20,JG5,5,-0.583359492661719
7726,20230712-9PM_750_20_JG5_6,0.159,58.0,750,20,JG5,6,-0.7986028756795485
7727,20230712-9PM_750_20_JG5_7,0.081,58.0,750,20,JG5,7,-1.0915149811213503
7728,20230712-9PM_680_20_BMS_0,1.124,58.0,680,20,BMS,0,0.05076631123304232
7729,20230712-9PM_680_20_BMS_1,1.35,58.0,680,20,BMS,1,0.13033376849500614
7730,20230712-9PM_680_20_BMS_2,1.09,58.0,680,20,BMS,2,0.037426497940623665
7731,20230712-9PM_680_20_BMS_3,1.227,58.0,680,20,BMS,3,0.08884456272700428
7732,20230712-9PM_680_20_BMS_4,1.018,58.0,680,20,BMS,4,0.007747778000739948
7733,20230712-9PM_680_20_BMS_5,1.085,58.0,680,20,BMS,5,0.0354297381845483
7734,20230712-9PM_680_20_BMS_6,1.037,58.0,680,20,BMS,6,0.01577875638904093
7735,20230712-9PM_680_20_BMS_7,1.034,58.0,680,20,BMS,7,0.014520538757923713
7736,20230712-9PM_750_20_BMS_0,0.616,58.0,750,20,BMS,0,-0.21041928783557454
7737,20230712-9PM_750_20_BMS_1,0.739,58.0,750,20,BMS,1,-0.13135556160517428
7738,20230712-9PM_750_20_BMS_2,0.607,58.0,750,20,BMS,2,-0.21681130892474243
7739,20230712-9PM_750_20_BMS_3,0.662,58.0,750,20,BMS,3,-0.17914201056030005
7740,20230712-9PM_750_20_BMS_4,0.573,58.0,750,20,BMS,4,-0.24184537803261005
7741,20230712-9PM_750_20_BMS_5,0.607,58.0,750,20,BMS,5,-0.21681130892474243
7742,20230712-9PM_750_20_BMS_6,0.585,58.0,750,20,BMS,6,-0.23284413391781958
7743,20230712-9PM_750_20_BMS_7,0.574,58.0,750,20,BMS,7,-0.2410881076020265
7744,20230712-9PM_680_30_3059_0,1.177,58.0,680,30,3059,0,0.0707764628434347
7745,20230712-9PM_680_30_3059_1,1.469,58.0,680,30,3059,1,0.16702179579025653
7746,20230712-9PM_680_30_3059_2,1.527,58.0,680,30,3059,2,0.18383903705642116
7747,20230712-9PM_680_30_3059_3,2.14,58.0,680,30,3059,3,0.33041377334919086
7748,20230712-9PM_680_30_3059_4,1.422,58.0,680,30,3059,4,0.15289959639374748
7749,20230712-9PM_680_30_3059_5,1.273,58.0,680,30,3059,5,0.10482840365365537
7750,20230712-9PM_680_30_3059_6,1.645,58.0,680,30,3059,6,0.2161659022859931
7751,20230712-9PM_680_30_3059_7,1.553,58.0,680,30,3059,7,0.1911714557285585
7752,20230712-9PM_750_30_3059_0,0.682,58.0,750,30,3059,0,-0.16621562534352105
7753,20230712-9PM_750_30_3059_1,0.89,58.0,750,30,3059,1,-0.05060999335508721
7754,20230712-9PM_750_30_3059_2,0.88,58.0,750,30,3059,2,-0.05551732784983137
7755,20230712-9PM_750_30_3059_3,1.158,58.0,750,30,3059,3,0.06370855939141737
7756,20230712-9PM_750_30_3059_4,0.865,58.0,750,30,3059,4,-0.06298389253518578
7757,20230712-9PM_750_30_3059_5,0.765,58.0,750,30,3059,5,-0.11633856484638239
7758,20230712-9PM_750_30_3059_6,0.947,58.0,750,30,3059,6,-0.0236500209967266
7759,20230712-9PM_750_30_3059_7,1.004,58.0,750,30,3059,7,0.0017337128090005312
7760,20230712-9PM_680_30_1691_0,1.506,58.0,680,30,1691,0,0.17782497186468177
7761,20230712-9PM_680_30_1691_1,1.578,58.0,680,30,1691,1,0.19810699887340152
7762,20230712-9PM_680_30_1691_2,1.8,58.0,680,30,1691,2,0.25527250510330607
7763,20230712-9PM_680_30_1691_3,1.454,58.0,680,30,1691,3,0.162564406523019
7764,20230712-9PM_680_30_1691_4,1.431,58.0,680,30,1691,4,0.15563963375977638
7765,20230712-9PM_680_30_1691_5,1.216,58.0,680,30,1691,5,0.08493357493671612
7766,20230712-9PM_680_30_1691_6,1.27,58.0,680,30,1691,6,0.10380372095595687
7767,20230712-9PM_680_30_1691_7,1.473,58.0,680,30,1691,7,0.16820274684263092
7768,20230712-9PM_750_30_1691_0,0.79,58.0,750,30,1691,0,-0.10237290870955855
7769,20230712-9PM_750_30_1691_1,0.78,58.0,750,30,1691,1,-0.10790539730951958
7770,20230712-9PM_750_30_1691_2,0.921,58.0,750,30,1691,2,-0.03574036980315106
7771,20230712-9PM_750_30_1691_3,0.838,58.0,750,30,1691,3,-0.07675598136972352
7772,20230712-9PM_750_30_1691_4,0.722,58.0,750,30,1691,4,-0.14146280243036088
7773,20230712-9PM_750_30_1691_5,0.753,58.0,750,30,1691,5,-0.12320502379929942
7774,20230712-9PM_750_30_1691_6,0.673,58.0,750,30,1691,6,-0.1719849357760231
7775,20230712-9PM_750_30_1691_7,0.78,58.0,750,30,1691,7,-0.10790539730951958
7776,20230712-9PM_680_30_1690_0,1.024,58.0,680,30,1690,0,0.010299956639811961
7777,20230712-9PM_680_30_1690_1,2.628,58.0,680,30,1690,1,0.41962536088774316
7778,20230712-9PM_680_30_1690_2,1.473,58.0,680,30,1690,2,0.16820274684263092
7779,20230712-9PM_680_30_1690_3,1.924,58.0,680,30,1690,3,0.28420506770179416
7780,20230712-9PM_680_30_1690_4,1.537,58.0,680,30,1690,4,0.1866738674997451
7781,20230712-9PM_680_30_1690_5,1.579,58.0,680,30,1690,5,0.19838213000829422
7782,20230712-9PM_680_30_1690_6,1.536,58.0,680,30,1690,6,0.1863912156954932
7783,20230712-9PM_680_30_1690_7,1.822,58.0,680,30,1690,7,0.26054837263697944
7784,20230712-9PM_750_30_1690_0,0.624,58.0,750,30,1690,0,-0.20481541031757602
7785,20230712-9PM_750_30_1690_1,1.298,58.0,750,30,1690,1,0.11327469246435044
7786,20230712-9PM_750_30_1690_2,0.894,58.0,750,30,1690,2,-0.04866248120408232
7787,20230712-9PM_750_30_1690_3,1.02,58.0,750,30,1690,3,0.00860017176191757
7788,20230712-9PM_750_30_1690_4,0.929,58.0,750,30,1690,4,-0.03198428600635821
7789,20230712-9PM_750_30_1690_5,1.006,58.0,750,30,1690,5,0.0025979807199085947
7790,20230712-9PM_750_30_1690_6,0.868,58.0,750,30,1690,6,-0.0614802748235081
7791,20230712-9PM_750_30_1690_7,0.987,58.0,750,30,1690,7,-0.005682847330363273
7792,20230712-9PM_680_30_2342_0,1.284,58.0,680,30,2342,0,0.10856502373283448
7793,20230712-9PM_680_30_2342_1,1.443,58.0,680,30,2342,1,0.15926633109349422
7794,20230712-9PM_680_30_2342_2,1.748,58.0,680,30,2342,2,0.24254142829838424
7795,20230712-9PM_680_30_2342_3,1.034,58.0,680,30,2342,3,0.014520538757923713
7796,20230712-9PM_680_30_2342_4,1.001,58.0,680,30,2342,4,0.0004340774793185929
7797,20230712-9PM_680_30_2342_5,1.279,58.0,680,30,2342,5,0.10687054447865389
7798,20230712-9PM_680_30_2342_6,0.803,58.0,680,30,2342,6,-0.09528445472131904
7799,20230712-9PM_680_30_2342_7,0.935,58.0,680,30,2342,7,-0.0291883891274822
7800,20230712-9PM_750_30_2342_0,0.66,58.0,750,30,2342,0,-0.1804560644581313
7801,20230712-9PM_750_30_2342_1,0.856,58.0,750,30,2342,1,-0.06752623532284678
7802,20230712-9PM_750_30_2342_2,0.878,58.0,750,30,2342,2,-0.05650548409389743
7803,20230712-9PM_750_30_2342_3,0.596,58.0,750,30,2342,3,-0.22475374025976358
7804,20230712-9PM_750_30_2342_4,0.527,58.0,750,30,2342,4,-0.27818938478745336
7805,20230712-9PM_750_30_2342_5,0.623,58.0,750,30,2342,5,-0.2055119533408304
7806,20230712-9PM_750_30_2342_6,0.494,58.0,750,30,2342,6,-0.30627305107635305
7807,20230712-9PM_750_30_2342_7,0.527,58.0,750,30,2342,7,-0.27818938478745336
7808,20230712-9PM_680_30_4532_0,1.808,58.0,680,30,4532,0,0.2571984261393445
7809,20230712-9PM_680_30_4532_1,1.638,58.0,680,30,4532,1,0.21431389742439963
7810,20230712-9PM_680_30_4532_2,1.934,58.0,680,30,4532,2,0.28645646974698286
7811,20230712-9PM_680_30_4532_3,2.051,58.0,680,30,4532,3,0.3119656603683663
7812,20230712-9PM_680_30_4532_4,1.732,58.0,680,30,4532,4,0.23854788768132784
7813,20230712-9PM_680_30_4532_5,1.469,58.0,680,30,4532,5,0.16702179579025653
7814,20230712-9PM_680_30_4532_6,1.575,58.0,680,30,4532,6,0.19728055812561932
7815,20230712-9PM_680_30_4532_7,1.961,58.0,680,30,4532,7,0.2924775936677841
7816,20230712-9PM_750_30_4532_0,0.911,58.0,750,30,4532,0,-0.040481623027001735
7817,20230712-9PM_750_30_4532_1,0.881,58.0,750,30,4532,1,-0.05502409158795209
7818,20230712-9PM_750_30_4532_2,0.915,58.0,750,30,4532,2,-0.038578905933551705
7819,20230712-9PM_750_30_4532_3,0.973,58.0,750,30,4532,3,-0.0118871597316481
7820,20230712-9PM_750_30_4532_4,0.935,58.0,750,30,4532,4,-0.0291883891274822
7821,20230712-9PM_750_30_4532_5,0.876,58.0,750,30,4532,5,-0.05749589383191927
7822,20230712-9PM_750_30_4532_6,0.897,58.0,750,30,4532,6,-0.047207556955907906
7823,20230712-9PM_750_30_4532_7,0.962,58.0,750,30,4532,7,-0.016824927962187056
7824,20230712-9PM_680_30_2344_0,1.349,58.0,680,30,2344,0,0.13001194967190424
7825,20230712-9PM_680_30_2344_1,1.348,58.0,680,30,2344,1,0.12968989219930105
7826,20230712-9PM_680_30_2344_2,0.876,58.0,680,30,2344,2,-0.05749589383191927
7827,20230712-9PM_680_30_2344_3,1.154,58.0,680,30,2344,3,0.06220580881971259
7828,20230712-9PM_680_30_2344_4,1.176,58.0,680,30,2344,4,0.07040732174011965
7829,20230712-9PM_680_30_2344_5,1.256,58.0,680,30,2344,5,0.09898963940117732
7830,20230712-9PM_680_30_2344_6,1.121,58.0,680,30,2344,6,0.04960561259497315
7831,20230712-9PM_680_30_2344_7,1.588,58.0,680,30,2344,7,0.20085049809107747
7832,20230712-9PM_750_30_2344_0,0.814,58.0,750,30,2344,0,-0.0893755951107988
7833,20230712-9PM_750_30_2344_1,0.79,58.0,750,30,2344,1,-0.10237290870955855
7834,20230712-9PM_750_30_2344_2,0.544,58.0,750,30,2344,2,-0.26440110030182007
7835,20230712-9PM_750_30_2344_3,0.675,58.0,750,30,2344,3,-0.17069622716897506
7836,20230712-9PM_750_30_2344_4,0.672,58.0,750,30,2344,4,-0.17263072694617473
7837,20230712-9PM_750_30_2344_5,0.76,58.0,750,30,2344,5,-0.11918640771920865
7838,20230712-9PM_750_30_2344_6,0.661,58.0,750,30,2344,6,-0.17979854051435976
7839,20230712-9PM_750_30_2344_7,0.886,58.0,750,30,2344,7,-0.05256627811294924
7840,20230712-9PM_680_30_2343_0,1.725,58.0,680,30,2343,0,0.23678909940929294
7841,20230712-9PM_680_30_2343_1,1.35,58.0,680,30,2343,1,0.13033376849500614
7842,20230712-9PM_680_30_2343_2,1.761,58.0,680,30,2343,2,0.24575935596727688
7843,20230712-9PM_680_30_2343_3,1.707,58.0,680,30,2343,3,0.23223352111473364
7844,20230712-9PM_680_30_2343_4,1.073,58.0,680,30,2343,4,0.030599721965951066
7845,20230712-9PM_680_30_2343_5,1.835,58.0,680,30,2343,5,0.2636360685881081
7846,20230712-9PM_680_30_2343_6,1.129,58.0,680,30,2343,6,0.05269394192496786
7847,20230712-9PM_680_30_2343_7,1.382,58.0,680,30,2343,7,0.14050804303817957
7848,20230712-9PM_750_30_2343_0,0.968,58.0,750,30,2343,0,-0.014124642691606345
7849,20230712-9PM_750_30_2343_1,0.929,58.0,750,30,2343,1,-0.03198428600635821
7850,20230712-9PM_750_30_2343_2,1.072,58.0,750,30,2343,2,0.03019478535675124
7851,20230712-9PM_750_30_2343_3,1.014,58.0,750,30,2343,3,0.006037954997317177
7852,20230712-9PM_750_30_2343_4,0.629,58.0,750,30,2343,4,-0.20134935455473107
7853,20230712-9PM_750_30_2343_5,1.106,58.0,750,30,2343,5,0.04375512696867949
7854,20230712-9PM_750_30_2343_6,0.705,58.0,750,30,2343,6,-0.15181088300860132
7855,20230712-9PM_750_30_2343_7,0.813,58.0,750,30,2343,7,-0.08990945440593186
7856,20230712-9PM_680_30_1952_0,1.471,58.0,680,30,1952,0,0.16761267272753014
7857,20230712-9PM_680_30_1952_1,1.511,58.0,680,30,1952,1,0.17926446433902535
7858,20230712-9PM_680_30_1952_2,1.576,58.0,680,30,1952,2,0.19755621315353653
7859,20230712-9PM_680_30_1952_3,1.745,58.0,680,30,1952,3,0.24179543129519873
7860,20230712-9PM_680_30_1952_4,1.594,58.0,680,30,1952,4,0.20248831706009357
7861,20230712-9PM_680_30_1952_5,1.524,58.0,680,30,1952,5,0.1829849670035817
7862,20230712-9PM_680_30_1952_6,1.586,58.0,680,30,1952,6,0.20030318298158503
7863,20230712-9PM_680_30_1952_7,2.185,58.0,680,30,1952,7,0.33945144130644067
7864,20230712-9PM_750_30_1952_0,0.803,58.0,750,30,1952,0,-0.09528445472131904
7865,20230712-9PM_750_30_1952_1,0.819,58.0,750,30,1952,1,-0.08671609823958155
7866,20230712-9PM_750_30_1952_2,0.883,58.0,750,30,1952,2,-0.05403929642243141
7867,20230712-9PM_750_30_1952_3,1.022,58.0,750,30,1952,3,0.009450895798693935
7868,20230712-9PM_750_30_1952_4,0.837,58.0,750,30,1952,4,-0.07727454200674003
7869,20230712-9PM_750_30_1952_5,0.878,58.0,750,30,1952,5,-0.05650548409389743
7870,20230712-9PM_750_30_1952_6,0.894,58.0,750,30,1952,6,-0.04866248120408232
7871,20230712-9PM_750_30_1952_7,1.038,58.0,750,30,1952,7,0.01619735351243906
7872,20230712-9PM_680_30_2931_0,1.645,58.0,680,30,2931,0,0.2161659022859931
7873,20230712-9PM_680_30_2931_1,1.539,58.0,680,30,2931,1,0.1872386198314787
7874,20230712-9PM_680_30_2931_2,1.636,58.0,680,30,2931,2,0.21378329933530416
7875,20230712-9PM_680_30_2931_3,1.358,58.0,680,30,2931,3,0.1328997699444829
7876,20230712-9PM_680_30_2931_4,1.585,58.0,680,30,2931,4,0.2000292665537703
7877,20230712-9PM_680_30_2931_5,1.839,58.0,680,30,2931,5,0.2645817292380775
7878,20230712-9PM_680_30_2931_6,1.587,58.0,680,30,2931,6,0.20057692675484817
7879,20230712-9PM_680_30_2931_7,1.674,58.0,680,30,2931,7,0.22375545365724117
7880,20230712-9PM_750_30_2931_0,0.913,58.0,750,30,2931,0,-0.039529222465701036
7881,20230712-9PM_750_30_2931_1,0.86,58.0,750,30,2931,1,-0.06550154875643228
7882,20230712-9PM_750_30_2931_2,0.887,58.0,750,30,2931,2,-0.0520763801682736
7883,20230712-9PM_750_30_2931_3,0.835,58.0,750,30,2931,3,-0.07831352451639793
7884,20230712-9PM_750_30_2931_4,0.861,58.0,750,30,2931,4,-0.06499684854634524
7885,20230712-9PM_750_30_2931_5,0.961,58.0,750,30,2931,5,-0.017276612331454656
7886,20230712-9PM_750_30_2931_6,0.931,58.0,750,30,2931,6,-0.031050319018657353
7887,20230712-9PM_750_30_2931_7,1.079,58.0,750,30,2931,7,0.033021444682910656
7888,20230712-9PM_680_30_JG5_0,1.57,58.0,680,30,JG5,0,0.19589965240923377
7889,20230712-9PM_680_30_JG5_1,1.237,58.0,680,30,JG5,1,0.09236969962912069
7890,20230712-9PM_680_30_JG5_2,0.898,58.0,680,30,JG5,2,-0.04672366333269562
7891,20230712-9PM_680_30_JG5_3,0.948,58.0,680,30,JG5,3,-0.023191662661933767
7892,20230712-9PM_680_30_JG5_4,1.09,58.0,680,30,JG5,4,0.037426497940623665
7893,20230712-9PM_680_30_JG5_5,1.129,58.0,680,30,JG5,5,0.05269394192496786
7894,20230712-9PM_680_30_JG5_6,1.112,58.0,680,30,JG5,6,0.046104787246038705
7895,20230712-9PM_680_30_JG5_7,1.357,58.0,680,30,JG5,7,0.13257984765973707
7896,20230712-9PM_750_30_JG5_0,0.732,58.0,750,30,JG5,0,-0.13548891894160814
7897,20230712-9PM_750_30_JG5_1,0.628,58.0,750,30,JG5,1,-0.20204035626280387
7898,20230712-9PM_750_30_JG5_2,0.45,58.0,750,30,JG5,2,-0.3467874862246563
7899,20230712-9PM_750_30_JG5_3,0.49,58.0,750,30,JG5,3,-0.3098039199714863
7900,20230712-9PM_750_30_JG5_4,0.549,58.0,750,30,JG5,4,-0.26042765554990804
7901,20230712-9PM_750_30_JG5_5,0.55,58.0,750,30,JG5,5,-0.2596373105057561
7902,20230712-9PM_750_30_JG5_6,0.55,58.0,750,30,JG5,6,-0.2596373105057561
7903,20230712-9PM_750_30_JG5_7,0.653,58.0,750,30,JG5,7,-0.18508681872492605
7904,20230712-9PM_680_30_BMS_0,1.669,58.0,680,30,BMS,0,0.22245633667924672
7905,20230712-9PM_680_30_BMS_1,1.445,58.0,680,30,BMS,1,0.15986784709256668
7906,20230712-9PM_680_30_BMS_2,0.74,58.0,680,30,BMS,2,-0.13076828026902382
7907,20230712-9PM_680_30_BMS_3,2.061,58.0,680,30,BMS,3,0.31407799177921286
7908,20230712-9PM_680_30_BMS_4,1.558,58.0,680,30,BMS,4,0.19256745333654565
7909,20230712-9PM_680_30_BMS_5,1.583,58.0,680,30,BMS,5,0.1994809148623559
7910,20230712-9PM_680_30_BMS_6,0.649,58.0,680,30,BMS,6,-0.18775530319963074
7911,20230712-9PM_680_30_BMS_7,1.467,58.0,680,30,BMS,7,0.1664301138432827
7912,20230712-9PM_750_30_BMS_0,0.837,58.0,750,30,BMS,0,-0.07727454200674003
7913,20230712-9PM_750_30_BMS_1,0.797,58.0,750,30,BMS,1,-0.09854167860388763
7914,20230712-9PM_750_30_BMS_2,0.423,58.0,750,30,BMS,2,-0.37365963262495766
7915,20230712-9PM_750_30_BMS_3,0.991,58.0,750,30,BMS,3,-0.003926345514724675
7916,20230712-9PM_750_30_BMS_4,0.902,58.0,750,30,BMS,4,-0.04479346245805826
7917,20230712-9PM_750_30_BMS_5,0.949,58.0,750,30,BMS,5,-0.022733787572707352
7918,20230712-9PM_750_30_BMS_6,0.405,58.0,750,30,BMS,6,-0.3925449767853314
7919,20230712-9PM_750_30_BMS_7,0.813,58.0,750,30,BMS,7,-0.08990945440593186
