,ID,value,Hours,Absorbance,Temperature,Cell_Line,Replicate,log10_transformed
0,20230817-9AM_680_25_3059_0,1.785,71.0,680,25,3059,0,0.251638220448212
1,20230817-9AM_680_25_3059_1,1.685,71.0,680,25,3059,1,0.22659990520735745
2,20230817-9AM_680_25_3059_2,1.862,71.0,680,25,3059,2,0.26997967664532385
3,20230817-9AM_680_25_3059_3,1.941,71.0,680,25,3059,3,0.28802553538836284
4,20230817-9AM_680_25_3059_4,1.5,71.0,680,25,3059,4,0.17609125905568124
5,20230817-9AM_680_25_3059_5,2.063,71.0,680,25,3059,5,0.3144992279731516
6,20230817-9AM_680_25_3059_6,1.683,71.0,680,25,3059,6,0.22608411597582387
7,20230817-9AM_680_25_3059_7,1.938,71.0,680,25,3059,7,0.2873537727147465
8,20230817-9AM_750_25_3059_0,0.999,71.0,750,25,3059,0,-0.0004345117740176917
9,20230817-9AM_750_25_3059_1,0.944,71.0,750,25,3059,1,-0.02502800570193105
10,20230817-9AM_750_25_3059_2,1.027,71.0,750,25,3059,2,0.01157044359727816
11,20230817-9AM_750_25_3059_3,1.084,71.0,750,25,3059,3,0.03502928220236815
12,20230817-9AM_750_25_3059_4,0.927,71.0,750,25,3059,4,-0.0329202658555029
13,20230817-9AM_750_25_3059_5,1.013,71.0,750,25,3059,5,0.005609445360280386
14,20230817-9AM_750_25_3059_6,0.93,71.0,750,25,3059,6,-0.03151705144606486
15,20230817-9AM_750_25_3059_7,1.034,71.0,750,25,3059,7,0.014520538757923713
16,20230817-9AM_680_25_1691_0,1.984,71.0,680,25,1691,0,0.2975416678181598
17,20230817-9AM_680_25_1691_1,1.171,71.0,680,25,1691,1,0.06855689507236315
18,20230817-9AM_680_25_1691_2,1.502,71.0,680,25,1691,2,0.1766699326681496
19,20230817-9AM_680_25_1691_3,0.818,71.0,680,25,1691,3,-0.08724669632867703
20,20230817-9AM_680_25_1691_4,1.222,71.0,680,25,1691,4,0.08707120590653541
21,20230817-9AM_680_25_1691_5,1.008,71.0,680,25,1691,5,0.003460532109506489
22,20230817-9AM_680_25_1691_6,1.033,71.0,680,25,1691,6,0.014100321519620545
23,20230817-9AM_680_25_1691_7,1.026,71.0,680,25,1691,7,0.011147360775797479
24,20230817-9AM_750_25_1691_0,1.045,71.0,750,25,1691,0,0.01911629044707278
25,20230817-9AM_750_25_1691_1,0.587,71.0,750,25,1691,1,-0.23136189875238555
26,20230817-9AM_750_25_1691_2,0.812,71.0,750,25,1691,2,-0.09044397075882467
27,20230817-9AM_750_25_1691_3,0.46,71.0,750,25,1691,3,-0.3372421683184259
28,20230817-9AM_750_25_1691_4,0.719,71.0,750,25,1691,4,-0.14327110961711742
29,20230817-9AM_750_25_1691_5,0.578,71.0,750,25,1691,5,-0.23807216157947098
30,20230817-9AM_750_25_1691_6,0.543,71.0,750,25,1691,6,-0.265200170411153
31,20230817-9AM_750_25_1691_7,0.556,71.0,750,25,1691,7,-0.2549252084179425
32,20230817-9AM_680_25_1690_0,1.672,71.0,680,25,1690,0,0.22323627310299757
33,20230817-9AM_680_25_1690_1,2.301,71.0,680,25,1690,1,0.36191661866864344
34,20230817-9AM_680_25_1690_2,2.091,71.0,680,25,1690,2,0.3203540328176719
35,20230817-9AM_680_25_1690_3,1.062,71.0,680,25,1690,3,0.026124516745450282
36,20230817-9AM_680_25_1690_4,1.073,71.0,680,25,1690,4,0.030599721965951066
37,20230817-9AM_680_25_1690_5,1.412,71.0,680,25,1690,5,0.14983469671578492
38,20230817-9AM_680_25_1690_6,1.966,71.0,680,25,1690,6,0.29358351349611683
39,20230817-9AM_680_25_1690_7,1.669,71.0,680,25,1690,7,0.22245633667924672
40,20230817-9AM_750_25_1690_0,0.936,71.0,750,25,1690,0,-0.028724151261894745
41,20230817-9AM_750_25_1690_1,1.172,71.0,750,25,1690,1,0.06892761168207182
42,20230817-9AM_750_25_1690_2,1.075,71.0,750,25,1690,2,0.03140846425162412
43,20230817-9AM_750_25_1690_3,0.745,71.0,750,25,1690,3,-0.12784372725170717
44,20230817-9AM_750_25_1690_4,0.599,71.0,750,25,1690,4,-0.22257317761068865
45,20230817-9AM_750_25_1690_5,0.791,71.0,750,25,1690,5,-0.10182351650232342
46,20230817-9AM_750_25_1690_6,0.983,71.0,750,25,1690,6,-0.007446482167864384
47,20230817-9AM_750_25_1690_7,0.957,71.0,750,25,1690,7,-0.01908806222315645
48,20230817-9AM_680_25_2342_0,1.27,71.0,680,25,2342,0,0.10380372095595687
49,20230817-9AM_680_25_2342_1,1.324,71.0,680,25,2342,1,0.12188798510368115
50,20230817-9AM_680_25_2342_2,1.686,71.0,680,25,2342,2,0.2268575702887235
51,20230817-9AM_680_25_2342_3,1.921,71.0,680,25,2342,3,0.28352736486169366
52,20230817-9AM_680_25_2342_4,1.17,71.0,680,25,2342,4,0.06818586174616162
53,20230817-9AM_680_25_2342_5,1.253,71.0,680,25,2342,5,0.09795107099414996
54,20230817-9AM_680_25_2342_6,1.105,71.0,680,25,2342,6,0.0433622780211295
55,20230817-9AM_680_25_2342_7,1.152,71.0,680,25,2342,7,0.06145247908719321
56,20230817-9AM_750_25_2342_0,0.719,71.0,750,25,2342,0,-0.14327110961711742
57,20230817-9AM_750_25_2342_1,0.843,71.0,750,25,2342,1,-0.07417242537525769
58,20230817-9AM_750_25_2342_2,0.956,71.0,750,25,2342,2,-0.019542107723899943
59,20230817-9AM_750_25_2342_3,1.093,71.0,750,25,2342,3,0.03862016194970278
60,20230817-9AM_750_25_2342_4,0.555,71.0,750,25,2342,4,-0.2557070168773237
61,20230817-9AM_750_25_2342_5,0.811,71.0,750,25,2342,5,-0.09097914578884395
62,20230817-9AM_750_25_2342_6,0.674,71.0,750,25,2342,6,-0.17134010346468015
63,20230817-9AM_750_25_2342_7,0.727,71.0,750,25,2342,7,-0.1384655891409622
64,20230817-9AM_680_25_4532_0,1.769,71.0,680,25,4532,0,0.2477278329097231
65,20230817-9AM_680_25_4532_1,1.735,71.0,680,25,4532,1,0.23929947912689256
66,20230817-9AM_680_25_4532_2,1.646,71.0,680,25,4532,2,0.216429830876251
67,20230817-9AM_680_25_4532_3,1.912,71.0,680,25,4532,3,0.2814878879400812
68,20230817-9AM_680_25_4532_4,1.866,71.0,680,25,4532,4,0.2709116394104812
69,20230817-9AM_680_25_4532_5,1.561,71.0,680,25,4532,5,0.19340290306241747
70,20230817-9AM_680_25_4532_6,1.987,71.0,680,25,4532,6,0.29819786710981516
71,20230817-9AM_680_25_4532_7,1.415,71.0,680,25,4532,7,0.15075643986030904
72,20230817-9AM_750_25_4532_0,0.927,71.0,750,25,4532,0,-0.0329202658555029
73,20230817-9AM_750_25_4532_1,0.909,71.0,750,25,4532,1,-0.041436116778032536
74,20230817-9AM_750_25_4532_2,0.924,71.0,750,25,4532,2,-0.03432802877989328
75,20230817-9AM_750_25_4532_3,0.933,71.0,750,25,4532,3,-0.030118356253500032
76,20230817-9AM_750_25_4532_4,0.948,71.0,750,25,4532,4,-0.023191662661933767
77,20230817-9AM_750_25_4532_5,0.814,71.0,750,25,4532,5,-0.0893755951107988
78,20230817-9AM_750_25_4532_6,1.132,71.0,750,25,4532,6,0.053846426852252584
79,20230817-9AM_750_25_4532_7,0.704,71.0,750,25,4532,7,-0.1524273408578878
80,20230817-9AM_680_25_2344_0,1.014,71.0,680,25,2344,0,0.006037954997317177
81,20230817-9AM_680_25_2344_1,1.465,71.0,680,25,2344,1,0.16583762469012828
82,20230817-9AM_680_25_2344_2,1.357,71.0,680,25,2344,2,0.13257984765973707
83,20230817-9AM_680_25_2344_3,1.137,71.0,680,25,2344,3,0.05576046468773478
84,20230817-9AM_680_25_2344_4,1.453,71.0,680,25,2344,4,0.16226561429802155
85,20230817-9AM_680_25_2344_5,1.148,71.0,680,25,2344,5,0.05994188806195468
86,20230817-9AM_680_25_2344_6,1.769,71.0,680,25,2344,6,0.2477278329097231
87,20230817-9AM_680_25_2344_7,1.055,71.0,680,25,2344,7,0.023252459633711444
88,20230817-9AM_750_25_2344_0,0.617,71.0,750,25,2344,0,-0.20971483596675833
89,20230817-9AM_750_25_2344_1,0.828,71.0,750,25,2344,1,-0.08196966321511988
90,20230817-9AM_750_25_2344_2,0.788,71.0,750,25,2344,2,-0.10347378251044466
91,20230817-9AM_750_25_2344_3,0.671,71.0,750,25,2344,3,-0.17327747983100789
92,20230817-9AM_750_25_2344_4,0.796,71.0,750,25,2344,4,-0.09908693226233094
93,20230817-9AM_750_25_2344_5,0.69,71.0,750,25,2344,5,-0.16115090926274472
94,20230817-9AM_750_25_2344_6,0.925,71.0,750,25,2344,6,-0.03385826726096737
95,20230817-9AM_750_25_2344_7,0.641,71.0,750,25,2344,7,-0.19314197048118256
96,20230817-9AM_680_25_2343_0,1.287,71.0,680,25,2343,0,0.10957854690438666
97,20230817-9AM_680_25_2343_1,1.11,71.0,680,25,2343,1,0.045322978786657475
98,20230817-9AM_680_25_2343_2,0.948,71.0,680,25,2343,2,-0.023191662661933767
99,20230817-9AM_680_25_2343_3,1.783,71.0,680,25,2343,3,0.2511513431753546
100,20230817-9AM_680_25_2343_4,1.27,71.0,680,25,2343,4,0.10380372095595687
101,20230817-9AM_680_25_2343_5,2.075,71.0,680,25,2343,5,0.31701810104811157
102,20230817-9AM_680_25_2343_6,2.182,71.0,680,25,2343,6,0.33885474625232304
103,20230817-9AM_680_25_2343_7,1.773,71.0,680,25,2343,7,0.24870873560091777
104,20230817-9AM_750_25_2343_0,0.808,71.0,750,25,2343,0,-0.09258863922541381
105,20230817-9AM_750_25_2343_1,0.782,71.0,750,25,2343,1,-0.10679324694015198
106,20230817-9AM_750_25_2343_2,0.685,71.0,750,25,2343,2,-0.1643094285075744
107,20230817-9AM_750_25_2343_3,1.015,71.0,750,25,2343,3,0.006466042249231681
108,20230817-9AM_750_25_2343_4,0.852,71.0,750,25,2343,4,-0.0695604052332999
109,20230817-9AM_750_25_2343_5,1.219,71.0,750,25,2343,5,0.08600370561838196
110,20230817-9AM_750_25_2343_6,1.205,71.0,750,25,2343,6,0.08098704691088722
111,20230817-9AM_750_25_2343_7,1.134,71.0,750,25,2343,7,0.05461305455688774
112,20230817-9AM_680_25_1952_0,1.418,71.0,680,25,1952,0,0.1516762308470477
113,20230817-9AM_680_25_1952_1,1.882,71.0,680,25,1952,1,0.27461961909123805
114,20230817-9AM_680_25_1952_2,1.103,71.0,680,25,1952,2,0.04257551244019059
115,20230817-9AM_680_25_1952_3,1.833,71.0,680,25,1952,3,0.2631624649622167
116,20230817-9AM_680_25_1952_4,1.715,71.0,680,25,1952,4,0.23426412437878932
117,20230817-9AM_680_25_1952_5,1.82,71.0,680,25,1952,5,0.2600713879850748
118,20230817-9AM_680_25_1952_6,2.034,71.0,680,25,1952,6,0.30835094858672574
119,20230817-9AM_680_25_1952_7,1.519,71.0,680,25,1952,7,0.18155777386278632
120,20230817-9AM_750_25_1952_0,0.812,71.0,750,25,1952,0,-0.09044397075882467
121,20230817-9AM_750_25_1952_1,0.962,71.0,750,25,1952,1,-0.016824927962187056
122,20230817-9AM_750_25_1952_2,0.658,71.0,750,25,1952,2,-0.1817741063860445
123,20230817-9AM_750_25_1952_3,0.921,71.0,750,25,1952,3,-0.03574036980315106
124,20230817-9AM_750_25_1952_4,0.89,71.0,750,25,1952,4,-0.05060999335508721
125,20230817-9AM_750_25_1952_5,0.955,71.0,750,25,1952,5,-0.019996628416253676
126,20230817-9AM_750_25_1952_6,0.996,71.0,750,25,1952,6,-0.00174066157630127
127,20230817-9AM_750_25_1952_7,0.882,71.0,750,25,1952,7,-0.054531414868180264
128,20230817-9AM_680_25_2931_0,1.812,71.0,680,25,2931,0,0.25815819334079426
129,20230817-9AM_680_25_2931_1,1.427,71.0,680,25,2931,1,0.15442397311464698
130,20230817-9AM_680_25_2931_2,1.424,71.0,680,25,2931,2,0.15350998930083753
131,20230817-9AM_680_25_2931_3,1.472,71.0,680,25,2931,3,0.16790781000148003
132,20230817-9AM_680_25_2931_4,1.671,71.0,680,25,2931,4,0.22297644989339135
133,20230817-9AM_680_25_2931_5,1.648,71.0,680,25,2931,5,0.21695720736109697
134,20230817-9AM_680_25_2931_6,1.827,71.0,680,25,2931,6,0.26173854735253776
135,20230817-9AM_680_25_2931_7,1.797,71.0,680,25,2931,7,0.2545480771089738
136,20230817-9AM_750_25_2931_0,1.106,71.0,750,25,2931,0,0.04375512696867949
137,20230817-9AM_750_25_2931_1,0.78,71.0,750,25,2931,1,-0.10790539730951958
138,20230817-9AM_750_25_2931_2,0.775,71.0,750,25,2931,2,-0.1106982974936897
139,20230817-9AM_750_25_2931_3,0.839,71.0,750,25,2931,3,-0.07623803917129975
140,20230817-9AM_750_25_2931_4,0.892,71.0,750,25,2931,4,-0.04963514562387693
141,20230817-9AM_750_25_2931_5,0.936,71.0,750,25,2931,5,-0.028724151261894745
142,20230817-9AM_750_25_2931_6,1.028,71.0,750,25,2931,6,0.011993114659256938
143,20230817-9AM_750_25_2931_7,0.904,71.0,750,25,2931,7,-0.04383156952463668
144,20230817-9AM_680_25_JG5_0,1.094,71.0,680,25,JG5,0,0.039017321997412
145,20230817-9AM_680_25_JG5_1,1.0,71.0,680,25,JG5,1,0.0
146,20230817-9AM_680_25_JG5_2,0.826,71.0,680,25,JG5,2,-0.0830199526796178
147,20230817-9AM_680_25_JG5_3,1.11,71.0,680,25,JG5,3,0.045322978786657475
148,20230817-9AM_680_25_JG5_4,1.665,71.0,680,25,JG5,4,0.22141423784233868
149,20230817-9AM_680_25_JG5_5,1.17,71.0,680,25,JG5,5,0.06818586174616162
150,20230817-9AM_680_25_JG5_6,1.081,71.0,680,25,JG5,6,0.03382569395331033
151,20230817-9AM_680_25_JG5_7,1.079,71.0,680,25,JG5,7,0.033021444682910656
152,20230817-9AM_750_25_JG5_0,0.611,71.0,750,25,JG5,0,-0.21395878975744578
153,20230817-9AM_750_25_JG5_1,0.494,71.0,750,25,JG5,1,-0.30627305107635305
154,20230817-9AM_750_25_JG5_2,0.389,71.0,750,25,JG5,2,-0.41005039867429227
155,20230817-9AM_750_25_JG5_3,0.589,71.0,750,25,JG5,3,-0.2298847052128984
156,20230817-9AM_750_25_JG5_4,0.824,71.0,750,25,JG5,4,-0.08407278830288423
157,20230817-9AM_750_25_JG5_5,0.625,71.0,750,25,JG5,5,-0.2041199826559248
158,20230817-9AM_750_25_JG5_6,0.535,71.0,750,25,JG5,6,-0.27164621797877153
159,20230817-9AM_750_25_JG5_7,0.494,71.0,750,25,JG5,7,-0.30627305107635305
160,20230817-9AM_680_25_BMS_0,1.402,71.0,680,25,BMS,0,0.14674801363063983
161,20230817-9AM_680_25_BMS_1,1.548,71.0,680,25,BMS,1,0.1897709563468738
162,20230817-9AM_680_25_BMS_2,1.633,71.0,680,25,BMS,2,0.21298618473666817
163,20230817-9AM_680_25_BMS_3,1.826,71.0,680,25,BMS,3,0.26150077319828013
164,20230817-9AM_680_25_BMS_4,0.466,71.0,680,25,BMS,4,-0.3316140833099998
165,20230817-9AM_680_25_BMS_5,1.257,71.0,680,25,BMS,5,0.0993352776859577
166,20230817-9AM_680_25_BMS_6,1.792,71.0,680,25,BMS,6,0.2533380053261064
167,20230817-9AM_680_25_BMS_7,0.973,71.0,680,25,BMS,7,-0.0118871597316481
168,20230817-9AM_750_25_BMS_0,0.809,71.0,750,25,BMS,0,-0.09205147838772766
169,20230817-9AM_750_25_BMS_1,0.949,71.0,750,25,BMS,1,-0.022733787572707352
170,20230817-9AM_750_25_BMS_2,0.8,71.0,750,25,BMS,2,-0.09691001300805639
171,20230817-9AM_750_25_BMS_3,1.021,71.0,750,25,BMS,3,0.009025742086910208
172,20230817-9AM_750_25_BMS_4,0.363,71.0,750,25,BMS,4,-0.4400933749638875
173,20230817-9AM_750_25_BMS_5,0.777,71.0,750,25,BMS,5,-0.10957898119908573
174,20230817-9AM_750_25_BMS_6,0.855,71.0,750,25,BMS,6,-0.06803388527182737
175,20230817-9AM_750_25_BMS_7,0.626,71.0,750,25,BMS,7,-0.20342566678957033
176,20230817-9AM_680_39_3059_0,0.704,71.0,680,39,3059,0,-0.1524273408578878
177,20230817-9AM_680_39_3059_1,0.419,71.0,680,39,3059,1,-0.3777859770337047
178,20230817-9AM_680_39_3059_2,0.676,71.0,680,39,3059,2,-0.17005330405836405
179,20230817-9AM_680_39_3059_3,0.885,71.0,680,39,3059,3,-0.05305672930217456
180,20230817-9AM_680_39_3059_4,0.931,71.0,680,39,3059,4,-0.031050319018657353
181,20230817-9AM_680_39_3059_5,0.423,71.0,680,39,3059,5,-0.37365963262495766
182,20230817-9AM_680_39_3059_6,0.488,71.0,680,39,3059,6,-0.3115801779972894
183,20230817-9AM_680_39_3059_7,0.739,71.0,680,39,3059,7,-0.13135556160517428
184,20230817-9AM_750_39_3059_0,0.463,71.0,750,39,3059,0,-0.33441900898204685
185,20230817-9AM_750_39_3059_1,0.26,71.0,750,39,3059,1,-0.585026652029182
186,20230817-9AM_750_39_3059_2,0.425,71.0,750,39,3059,2,-0.37161106994968846
187,20230817-9AM_750_39_3059_3,0.577,71.0,750,39,3059,3,-0.2388241868442686
188,20230817-9AM_750_39_3059_4,0.646,71.0,750,39,3059,4,-0.1897674820049159
189,20230817-9AM_750_39_3059_5,0.268,71.0,750,39,3059,5,-0.5718652059712112
190,20230817-9AM_750_39_3059_6,0.329,71.0,750,39,3059,6,-0.48280410205002566
191,20230817-9AM_750_39_3059_7,0.512,71.0,750,39,3059,7,-0.2907300390241692
192,20230817-9AM_680_39_1691_0,0.871,71.0,680,39,1691,0,-0.059981844992336796
193,20230817-9AM_680_39_1691_1,0.62,71.0,680,39,1691,1,-0.20760831050174613
194,20230817-9AM_680_39_1691_2,0.676,71.0,680,39,1691,2,-0.17005330405836405
195,20230817-9AM_680_39_1691_3,0.626,71.0,680,39,1691,3,-0.20342566678957033
196,20230817-9AM_680_39_1691_4,0.712,71.0,680,39,1691,4,-0.14752000636314366
197,20230817-9AM_680_39_1691_5,0.929,71.0,680,39,1691,5,-0.03198428600635821
198,20230817-9AM_680_39_1691_6,0.798,71.0,680,39,1691,6,-0.09799710864927055
199,20230817-9AM_680_39_1691_7,0.776,71.0,680,39,1691,7,-0.11013827874181155
200,20230817-9AM_750_39_1691_0,0.597,71.0,750,39,1691,0,-0.22402566887063094
201,20230817-9AM_750_39_1691_1,0.442,71.0,750,39,1691,1,-0.3545777306509081
202,20230817-9AM_750_39_1691_2,0.504,71.0,750,39,1691,2,-0.2975694635544747
203,20230817-9AM_750_39_1691_3,0.468,71.0,750,39,1691,3,-0.32975414692587596
204,20230817-9AM_750_39_1691_4,0.498,71.0,750,39,1691,4,-0.30277065724028246
205,20230817-9AM_750_39_1691_5,0.675,71.0,750,39,1691,5,-0.17069622716897506
206,20230817-9AM_750_39_1691_6,0.573,71.0,750,39,1691,6,-0.24184537803261005
207,20230817-9AM_750_39_1691_7,0.512,71.0,750,39,1691,7,-0.2907300390241692
208,20230817-9AM_680_39_1690_0,0.482,71.0,680,39,1690,0,-0.31695296176115045
209,20230817-9AM_680_39_1690_1,0.495,71.0,680,39,1690,1,-0.3053948010664313
210,20230817-9AM_680_39_1690_2,0.592,71.0,680,39,1690,2,-0.22767829327708025
211,20230817-9AM_680_39_1690_3,0.592,71.0,680,39,1690,3,-0.22767829327708025
212,20230817-9AM_680_39_1690_4,0.429,71.0,680,39,1690,4,-0.36754270781527576
213,20230817-9AM_680_39_1690_5,0.516,71.0,680,39,1690,5,-0.28735029837278864
214,20230817-9AM_680_39_1690_6,0.648,71.0,680,39,1690,6,-0.18842499412940666
215,20230817-9AM_680_39_1690_7,0.467,71.0,680,39,1690,7,-0.33068311943388784
216,20230817-9AM_750_39_1690_0,0.333,71.0,750,39,1690,0,-0.4775557664936801
217,20230817-9AM_750_39_1690_1,0.379,71.0,750,39,1690,1,-0.42136079003192767
218,20230817-9AM_750_39_1690_2,0.442,71.0,750,39,1690,2,-0.3545777306509081
219,20230817-9AM_750_39_1690_3,0.478,71.0,750,39,1690,3,-0.3205721033878811
220,20230817-9AM_750_39_1690_4,0.333,71.0,750,39,1690,4,-0.4775557664936801
221,20230817-9AM_750_39_1690_5,0.385,71.0,750,39,1690,5,-0.4145392704914993
222,20230817-9AM_750_39_1690_6,0.48,71.0,750,39,1690,6,-0.3187587626244128
223,20230817-9AM_750_39_1690_7,0.38,71.0,750,39,1690,7,-0.42021640338318983
224,20230817-9AM_680_39_2342_0,0.228,71.0,680,39,2342,0,-0.6420651529995461
225,20230817-9AM_680_39_2342_1,0.32,71.0,680,39,2342,1,-0.494850021680094
226,20230817-9AM_680_39_2342_2,0.376,71.0,680,39,2342,2,-0.42481215507233894
227,20230817-9AM_680_39_2342_3,0.269,71.0,680,39,2342,3,-0.5702477199975919
228,20230817-9AM_680_39_2342_4,0.187,71.0,680,39,2342,4,-0.7281583934635011
229,20230817-9AM_680_39_2342_5,0.337,71.0,680,39,2342,5,-0.47237009912866135
230,20230817-9AM_680_39_2342_6,0.725,71.0,680,39,2342,6,-0.13966199342900631
231,20230817-9AM_680_39_2342_7,0.279,71.0,680,39,2342,7,-0.5543957967264024
232,20230817-9AM_750_39_2342_0,0.205,71.0,750,39,2342,0,-0.6882461389442457
233,20230817-9AM_750_39_2342_1,0.278,71.0,750,39,2342,1,-0.5559552040819237
234,20230817-9AM_750_39_2342_2,0.319,71.0,750,39,2342,2,-0.4962093169428189
235,20230817-9AM_750_39_2342_3,0.226,71.0,750,39,2342,3,-0.645891560852599
236,20230817-9AM_750_39_2342_4,0.172,71.0,750,39,2342,4,-0.7644715530924511
237,20230817-9AM_750_39_2342_5,0.293,71.0,750,39,2342,5,-0.5331323796458906
238,20230817-9AM_750_39_2342_6,0.626,71.0,750,39,2342,6,-0.20342566678957033
239,20230817-9AM_750_39_2342_7,0.248,71.0,750,39,2342,7,-0.6055483191737837
240,20230817-9AM_680_39_4532_0,0.571,71.0,680,39,4532,0,-0.243363891754152
241,20230817-9AM_680_39_4532_1,0.476,71.0,680,39,4532,1,-0.32239304727950685
242,20230817-9AM_680_39_4532_2,0.469,71.0,680,39,4532,2,-0.32882715728491674
243,20230817-9AM_680_39_4532_3,0.385,71.0,680,39,4532,3,-0.4145392704914993
244,20230817-9AM_680_39_4532_4,0.43,71.0,680,39,4532,4,-0.36653154442041347
245,20230817-9AM_680_39_4532_5,0.455,71.0,680,39,4532,5,-0.34198860334288755
246,20230817-9AM_680_39_4532_6,0.388,71.0,680,39,4532,6,-0.41116827440579273
247,20230817-9AM_680_39_4532_7,0.504,71.0,680,39,4532,7,-0.2975694635544747
248,20230817-9AM_750_39_4532_0,0.31,71.0,750,39,4532,0,-0.5086383061657274
249,20230817-9AM_750_39_4532_1,0.369,71.0,750,39,4532,1,-0.4329736338409396
250,20230817-9AM_750_39_4532_2,0.365,71.0,750,39,4532,2,-0.4377071355435253
251,20230817-9AM_750_39_4532_3,0.308,71.0,750,39,4532,3,-0.5114492834995558
252,20230817-9AM_750_39_4532_4,0.339,71.0,750,39,4532,4,-0.4698003017969178
253,20230817-9AM_750_39_4532_5,0.291,71.0,750,39,4532,5,-0.5361070110140927
254,20230817-9AM_750_39_4532_6,0.327,71.0,750,39,4532,6,-0.4854522473397139
255,20230817-9AM_750_39_4532_7,0.386,71.0,750,39,4532,7,-0.41341269532824504
256,20230817-9AM_680_39_2344_0,0.567,71.0,680,39,2344,0,-0.24641694110709345
257,20230817-9AM_680_39_2344_1,0.34,71.0,680,39,2344,1,-0.46852108295774486
258,20230817-9AM_680_39_2344_2,0.563,71.0,680,39,2344,2,-0.24949160514865382
259,20230817-9AM_680_39_2344_3,0.378,71.0,680,39,2344,3,-0.4225082001627747
260,20230817-9AM_680_39_2344_4,0.391,71.0,680,39,2344,4,-0.40782324260413316
261,20230817-9AM_680_39_2344_5,0.547,71.0,680,39,2344,5,-0.2620126736665692
262,20230817-9AM_680_39_2344_6,0.667,71.0,680,39,2344,6,-0.17587416608345102
263,20230817-9AM_680_39_2344_7,0.412,71.0,680,39,2344,7,-0.3851027839668654
264,20230817-9AM_750_39_2344_0,0.432,71.0,750,39,2344,0,-0.3645162531850879
265,20230817-9AM_750_39_2344_1,0.274,71.0,750,39,2344,1,-0.562249437179612
266,20230817-9AM_750_39_2344_2,0.411,71.0,750,39,2344,2,-0.38615817812393083
267,20230817-9AM_750_39_2344_3,0.294,71.0,750,39,2344,3,-0.5316526695878427
268,20230817-9AM_750_39_2344_4,0.31,71.0,750,39,2344,4,-0.5086383061657274
269,20230817-9AM_750_39_2344_5,0.413,71.0,750,39,2344,5,-0.384049948343599
270,20230817-9AM_750_39_2344_6,0.479,71.0,750,39,2344,6,-0.3196644865854368
271,20230817-9AM_750_39_2344_7,0.325,71.0,750,39,2344,7,-0.4881166390211256
272,20230817-9AM_680_39_2343_0,0.517,71.0,680,39,2343,0,-0.2865094569060575
273,20230817-9AM_680_39_2343_1,0.659,71.0,680,39,2343,1,-0.18111458540599013
274,20230817-9AM_680_39_2343_2,0.452,71.0,680,39,2343,2,-0.3448615651886179
275,20230817-9AM_680_39_2343_3,0.574,71.0,680,39,2343,3,-0.2410881076020265
276,20230817-9AM_680_39_2343_4,0.366,71.0,680,39,2343,4,-0.43651891460558934
277,20230817-9AM_680_39_2343_5,0.436,71.0,680,39,2343,5,-0.36051351073141397
278,20230817-9AM_680_39_2343_6,0.454,71.0,680,39,2343,6,-0.34294414714289606
279,20230817-9AM_680_39_2343_7,0.46,71.0,680,39,2343,7,-0.3372421683184259
280,20230817-9AM_750_39_2343_0,0.378,71.0,750,39,2343,0,-0.4225082001627747
281,20230817-9AM_750_39_2343_1,0.446,71.0,750,39,2343,1,-0.35066514128785814
282,20230817-9AM_750_39_2343_2,0.324,71.0,750,39,2343,2,-0.48945498979338786
283,20230817-9AM_750_39_2343_3,0.387,71.0,750,39,2343,3,-0.4122890349810886
284,20230817-9AM_750_39_2343_4,0.293,71.0,750,39,2343,4,-0.5331323796458906
285,20230817-9AM_750_39_2343_5,0.304,71.0,750,39,2343,5,-0.5171264163912462
286,20230817-9AM_750_39_2343_6,0.313,71.0,750,39,2343,6,-0.5044556624535516
287,20230817-9AM_750_39_2343_7,0.347,71.0,750,39,2343,7,-0.4596705252091263
288,20230817-9AM_680_39_1952_0,0.714,71.0,680,39,1952,0,-0.14630178822382564
289,20230817-9AM_680_39_1952_1,0.848,71.0,680,39,1952,1,-0.07160414774328619
290,20230817-9AM_680_39_1952_2,0.717,71.0,680,39,1952,2,-0.1444808443321999
291,20230817-9AM_680_39_1952_3,0.85,71.0,680,39,1952,3,-0.07058107428570728
292,20230817-9AM_680_39_1952_4,0.946,71.0,680,39,1952,4,-0.02410886359820726
293,20230817-9AM_680_39_1952_5,0.969,71.0,680,39,1952,5,-0.013676222949234686
294,20230817-9AM_680_39_1952_6,0.746,71.0,680,39,1952,6,-0.1272611725273312
295,20230817-9AM_680_39_1952_7,0.977,71.0,680,39,1952,7,-0.010105436281226938
296,20230817-9AM_750_39_1952_0,0.487,71.0,750,39,1952,0,-0.3124710387853657
297,20230817-9AM_750_39_1952_1,0.533,71.0,750,39,1952,1,-0.2732727909734277
298,20230817-9AM_750_39_1952_2,0.456,71.0,750,39,1952,2,-0.341035157335565
299,20230817-9AM_750_39_1952_3,0.54,71.0,750,39,1952,3,-0.26760624017703144
300,20230817-9AM_750_39_1952_4,0.581,71.0,750,39,1952,4,-0.2358238676096693
301,20230817-9AM_750_39_1952_5,0.619,71.0,750,39,1952,5,-0.208309350979882
302,20230817-9AM_750_39_1952_6,0.496,71.0,750,39,1952,6,-0.30451832350980257
303,20230817-9AM_750_39_1952_7,0.629,71.0,750,39,1952,7,-0.20134935455473107
304,20230817-9AM_680_39_2931_0,0.723,71.0,680,39,2931,0,-0.1408617027054692
305,20230817-9AM_680_39_2931_1,0.506,71.0,680,39,2931,1,-0.2958494831602009
306,20230817-9AM_680_39_2931_2,0.62,71.0,680,39,2931,2,-0.20760831050174613
307,20230817-9AM_680_39_2931_3,0.51,71.0,680,39,2931,3,-0.2924298239020636
308,20230817-9AM_680_39_2931_4,0.647,71.0,680,39,2931,4,-0.1890957193312996
309,20230817-9AM_680_39_2931_5,0.458,71.0,680,39,2931,5,-0.3391345219961308
310,20230817-9AM_680_39_2931_6,0.835,71.0,680,39,2931,6,-0.07831352451639793
311,20230817-9AM_680_39_2931_7,0.49,71.0,680,39,2931,7,-0.3098039199714863
312,20230817-9AM_750_39_2931_0,0.487,71.0,750,39,2931,0,-0.3124710387853657
313,20230817-9AM_750_39_2931_1,0.344,71.0,750,39,2931,1,-0.46344155742846993
314,20230817-9AM_750_39_2931_2,0.445,71.0,750,39,2931,2,-0.3516399890190684
315,20230817-9AM_750_39_2931_3,0.324,71.0,750,39,2931,3,-0.48945498979338786
316,20230817-9AM_750_39_2931_4,0.434,71.0,750,39,2931,4,-0.3625102704874893
317,20230817-9AM_750_39_2931_5,0.314,71.0,750,39,2931,5,-0.5030703519267851
318,20230817-9AM_750_39_2931_6,0.571,71.0,750,39,2931,6,-0.243363891754152
319,20230817-9AM_750_39_2931_7,0.405,71.0,750,39,2931,7,-0.3925449767853314
320,20230817-9AM_680_39_JG5_0,0.147,71.0,680,39,JG5,0,-0.8326826652518239
321,20230817-9AM_680_39_JG5_1,0.155,71.0,680,39,JG5,1,-0.8096683018297085
322,20230817-9AM_680_39_JG5_2,0.144,71.0,680,39,JG5,2,-0.8416375079047503
323,20230817-9AM_680_39_JG5_3,0.179,71.0,680,39,JG5,3,-0.7471469690201068
324,20230817-9AM_680_39_JG5_4,0.139,71.0,680,39,JG5,4,-0.8569851997459049
325,20230817-9AM_680_39_JG5_5,0.137,71.0,680,39,JG5,5,-0.8632794328435932
326,20230817-9AM_680_39_JG5_6,0.156,71.0,680,39,JG5,6,-0.8068754016455384
327,20230817-9AM_680_39_JG5_7,0.094,71.0,680,39,JG5,7,-1.0268721464003014
328,20230817-9AM_750_39_JG5_0,0.123,71.0,750,39,JG5,0,-0.9100948885606021
329,20230817-9AM_750_39_JG5_1,0.142,71.0,750,39,JG5,1,-0.8477116556169435
330,20230817-9AM_750_39_JG5_2,0.126,71.0,750,39,JG5,2,-0.8996294548824371
331,20230817-9AM_750_39_JG5_3,0.15,71.0,750,39,JG5,3,-0.8239087409443188
332,20230817-9AM_750_39_JG5_4,0.127,71.0,750,39,JG5,4,-0.8961962790440431
333,20230817-9AM_750_39_JG5_5,0.123,71.0,750,39,JG5,5,-0.9100948885606021
334,20230817-9AM_750_39_JG5_6,0.123,71.0,750,39,JG5,6,-0.9100948885606021
335,20230817-9AM_750_39_JG5_7,0.084,71.0,750,39,JG5,7,-1.0757207139381184
336,20230817-9AM_680_39_BMS_0,0.708,71.0,680,39,BMS,0,-0.149966742310231
337,20230817-9AM_680_39_BMS_1,0.578,71.0,680,39,BMS,1,-0.23807216157947098
338,20230817-9AM_680_39_BMS_2,0.728,71.0,680,39,BMS,2,-0.13786862068696282
339,20230817-9AM_680_39_BMS_3,0.849,71.0,680,39,BMS,3,-0.07109230975604734
340,20230817-9AM_680_39_BMS_4,0.614,71.0,680,39,BMS,4,-0.21183162885883233
341,20230817-9AM_680_39_BMS_5,0.747,71.0,680,39,BMS,5,-0.12667939818460122
342,20230817-9AM_680_39_BMS_6,0.622,71.0,680,39,BMS,6,-0.2062096153091813
343,20230817-9AM_680_39_BMS_7,0.662,71.0,680,39,BMS,7,-0.17914201056030005
344,20230817-9AM_750_39_BMS_0,0.516,71.0,750,39,BMS,0,-0.28735029837278864
345,20230817-9AM_750_39_BMS_1,0.481,71.0,750,39,BMS,1,-0.31785492362616824
346,20230817-9AM_750_39_BMS_2,0.497,71.0,750,39,BMS,2,-0.3036436112666679
347,20230817-9AM_750_39_BMS_3,0.605,71.0,750,39,BMS,3,-0.2182446253475311
348,20230817-9AM_750_39_BMS_4,0.491,71.0,750,39,BMS,4,-0.3089185078770315
349,20230817-9AM_750_39_BMS_5,0.541,71.0,750,39,BMS,5,-0.26680273489343054
350,20230817-9AM_750_39_BMS_6,0.476,71.0,750,39,BMS,6,-0.32239304727950685
351,20230817-9AM_750_39_BMS_7,0.468,71.0,750,39,BMS,7,-0.32975414692587596
352,20230817-9AM_680_37_3059_0,1.336,71.0,680,37,3059,0,0.1258064581395269
353,20230817-9AM_680_37_3059_1,1.143,71.0,680,37,3059,1,0.05804623039528174
354,20230817-9AM_680_37_3059_2,1.176,71.0,680,37,3059,2,0.07040732174011965
355,20230817-9AM_680_37_3059_3,1.15,71.0,680,37,3059,3,0.06069784035361165
356,20230817-9AM_680_37_3059_4,1.222,71.0,680,37,3059,4,0.08707120590653541
357,20230817-9AM_680_37_3059_5,0.94,71.0,680,37,3059,5,-0.026872146400301365
358,20230817-9AM_680_37_3059_6,0.963,71.0,680,37,3059,6,-0.0163737128754655
359,20230817-9AM_680_37_3059_7,1.095,71.0,680,37,3059,7,0.03941411917613713
360,20230817-9AM_750_37_3059_0,0.836,71.0,750,37,3059,0,-0.07779372256098363
361,20230817-9AM_750_37_3059_1,0.717,71.0,750,37,3059,1,-0.1444808443321999
362,20230817-9AM_750_37_3059_2,0.806,71.0,750,37,3059,2,-0.09366495819490933
363,20230817-9AM_750_37_3059_3,0.767,71.0,750,37,3059,3,-0.11520463605101904
364,20230817-9AM_750_37_3059_4,0.79,71.0,750,37,3059,4,-0.10237290870955855
365,20230817-9AM_750_37_3059_5,0.612,71.0,750,37,3059,5,-0.21324857785443882
366,20230817-9AM_750_37_3059_6,0.617,71.0,750,37,3059,6,-0.20971483596675833
367,20230817-9AM_750_37_3059_7,0.803,71.0,750,37,3059,7,-0.09528445472131904
368,20230817-9AM_680_37_1691_0,0.843,71.0,680,37,1691,0,-0.07417242537525769
369,20230817-9AM_680_37_1691_1,0.797,71.0,680,37,1691,1,-0.09854167860388763
370,20230817-9AM_680_37_1691_2,0.767,71.0,680,37,1691,2,-0.11520463605101904
371,20230817-9AM_680_37_1691_3,1.054,71.0,680,37,1691,3,0.022840610876527823
372,20230817-9AM_680_37_1691_4,0.766,71.0,680,37,1691,4,-0.11577123036739606
373,20230817-9AM_680_37_1691_5,1.669,71.0,680,37,1691,5,0.22245633667924672
374,20230817-9AM_680_37_1691_6,1.244,71.0,680,37,1691,6,0.0948203803547999
375,20230817-9AM_680_37_1691_7,1.083,71.0,680,37,1691,7,0.034628456625320346
376,20230817-9AM_750_37_1691_0,0.556,71.0,750,37,1691,0,-0.2549252084179425
377,20230817-9AM_750_37_1691_1,0.524,71.0,750,37,1691,1,-0.28066871301627333
378,20230817-9AM_750_37_1691_2,0.51,71.0,750,37,1691,2,-0.2924298239020636
379,20230817-9AM_750_37_1691_3,0.68,71.0,750,37,1691,3,-0.16749108729376366
380,20230817-9AM_750_37_1691_4,0.545,71.0,750,37,1691,4,-0.2636034977233575
381,20230817-9AM_750_37_1691_5,0.974,71.0,750,37,1691,5,-0.011441043121384482
382,20230817-9AM_750_37_1691_6,0.778,71.0,750,37,1691,6,-0.10902040301031106
383,20230817-9AM_750_37_1691_7,0.694,71.0,750,37,1691,7,-0.15864052954514513
384,20230817-9AM_680_37_1690_0,1.106,71.0,680,37,1690,0,0.04375512696867949
385,20230817-9AM_680_37_1690_1,0.929,71.0,680,37,1690,1,-0.03198428600635821
386,20230817-9AM_680_37_1690_2,1.159,71.0,680,37,1690,2,0.064083435963596
387,20230817-9AM_680_37_1690_3,0.955,71.0,680,37,1690,3,-0.019996628416253676
388,20230817-9AM_680_37_1690_4,0.968,71.0,680,37,1690,4,-0.014124642691606345
389,20230817-9AM_680_37_1690_5,1.032,71.0,680,37,1690,5,0.01367969729119256
390,20230817-9AM_680_37_1690_6,1.157,71.0,680,37,1690,6,0.06333335895174956
391,20230817-9AM_680_37_1690_7,1.181,71.0,680,37,1690,7,0.07224989761351482
392,20230817-9AM_750_37_1690_0,0.708,71.0,750,37,1690,0,-0.149966742310231
393,20230817-9AM_750_37_1690_1,0.647,71.0,750,37,1690,1,-0.1890957193312996
394,20230817-9AM_750_37_1690_2,0.77,71.0,750,37,1690,2,-0.11350927482751812
395,20230817-9AM_750_37_1690_3,0.643,71.0,750,37,1690,3,-0.1917890270757779
396,20230817-9AM_750_37_1690_4,0.657,71.0,750,37,1690,4,-0.1824346304402192
397,20230817-9AM_750_37_1690_5,0.696,71.0,750,37,1690,5,-0.15739076038943792
398,20230817-9AM_750_37_1690_6,0.736,71.0,750,37,1690,6,-0.13312218566250114
399,20230817-9AM_750_37_1690_7,0.776,71.0,750,37,1690,7,-0.11013827874181155
400,20230817-9AM_680_37_2342_0,0.398,71.0,680,37,2342,0,-0.40011692792631215
401,20230817-9AM_680_37_2342_1,0.487,71.0,680,37,2342,1,-0.3124710387853657
402,20230817-9AM_680_37_2342_2,0.448,71.0,680,37,2342,2,-0.348721986001856
403,20230817-9AM_680_37_2342_3,0.56,71.0,680,37,2342,3,-0.25181197299379954
404,20230817-9AM_680_37_2342_4,0.5,71.0,680,37,2342,4,-0.3010299956639812
405,20230817-9AM_680_37_2342_5,0.423,71.0,680,37,2342,5,-0.37365963262495766
406,20230817-9AM_680_37_2342_6,0.757,71.0,680,37,2342,6,-0.12090412049992724
407,20230817-9AM_680_37_2342_7,0.612,71.0,680,37,2342,7,-0.21324857785443882
408,20230817-9AM_750_37_2342_0,0.347,71.0,750,37,2342,0,-0.4596705252091263
409,20230817-9AM_750_37_2342_1,0.438,71.0,750,37,2342,1,-0.3585258894959005
410,20230817-9AM_750_37_2342_2,0.391,71.0,750,37,2342,2,-0.40782324260413316
411,20230817-9AM_750_37_2342_3,0.448,71.0,750,37,2342,3,-0.348721986001856
412,20230817-9AM_750_37_2342_4,0.443,71.0,750,37,2342,4,-0.3535962737769304
413,20230817-9AM_750_37_2342_5,0.366,71.0,750,37,2342,5,-0.43651891460558934
414,20230817-9AM_750_37_2342_6,0.611,71.0,750,37,2342,6,-0.21395878975744578
415,20230817-9AM_750_37_2342_7,0.528,71.0,750,37,2342,7,-0.27736607746618774
416,20230817-9AM_680_37_4532_0,0.693,71.0,680,37,4532,0,-0.1592667653881933
417,20230817-9AM_680_37_4532_1,0.678,71.0,680,37,4532,1,-0.16877030613293661
418,20230817-9AM_680_37_4532_2,0.565,71.0,680,37,4532,2,-0.2479515521805615
419,20230817-9AM_680_37_4532_3,0.619,71.0,680,37,4532,3,-0.208309350979882
420,20230817-9AM_680_37_4532_4,0.856,71.0,680,37,4532,4,-0.06752623532284678
421,20230817-9AM_680_37_4532_5,0.456,71.0,680,37,4532,5,-0.341035157335565
422,20230817-9AM_680_37_4532_6,0.478,71.0,680,37,4532,6,-0.3205721033878811
423,20230817-9AM_680_37_4532_7,0.489,71.0,680,37,4532,7,-0.3106911408763798
424,20230817-9AM_750_37_4532_0,0.427,71.0,750,37,4532,0,-0.36957212497497616
425,20230817-9AM_750_37_4532_1,0.48,71.0,750,37,4532,1,-0.3187587626244128
426,20230817-9AM_750_37_4532_2,0.471,71.0,750,37,4532,2,-0.3269790928711038
427,20230817-9AM_750_37_4532_3,0.484,71.0,750,37,4532,3,-0.31515463835558755
428,20230817-9AM_750_37_4532_4,0.563,71.0,750,37,4532,4,-0.24949160514865382
429,20230817-9AM_750_37_4532_5,0.363,71.0,750,37,4532,5,-0.4400933749638875
430,20230817-9AM_750_37_4532_6,0.437,71.0,750,37,4532,6,-0.3595185630295782
431,20230817-9AM_750_37_4532_7,0.39,71.0,750,37,4532,7,-0.4089353929735008
432,20230817-9AM_680_37_2344_0,0.773,71.0,680,37,2344,0,-0.11182050608167508
433,20230817-9AM_680_37_2344_1,0.946,71.0,680,37,2344,1,-0.02410886359820726
434,20230817-9AM_680_37_2344_2,0.922,71.0,680,37,2344,2,-0.03526907894637064
435,20230817-9AM_680_37_2344_3,0.687,71.0,680,37,2344,3,-0.16304326294044955
436,20230817-9AM_680_37_2344_4,0.473,71.0,680,37,2344,4,-0.32513885926218844
437,20230817-9AM_680_37_2344_5,1.075,71.0,680,37,2344,5,0.03140846425162412
438,20230817-9AM_680_37_2344_6,0.969,71.0,680,37,2344,6,-0.013676222949234686
439,20230817-9AM_680_37_2344_7,0.673,71.0,680,37,2344,7,-0.1719849357760231
440,20230817-9AM_750_37_2344_0,0.566,71.0,750,37,2344,0,-0.24718356881172862
441,20230817-9AM_750_37_2344_1,0.679,71.0,750,37,2344,1,-0.1681302257194983
442,20230817-9AM_750_37_2344_2,0.641,71.0,750,37,2344,2,-0.19314197048118256
443,20230817-9AM_750_37_2344_3,0.511,71.0,750,37,2344,3,-0.29157909986528724
444,20230817-9AM_750_37_2344_4,0.373,71.0,750,37,2344,4,-0.4282911681913124
445,20230817-9AM_750_37_2344_5,0.736,71.0,750,37,2344,5,-0.13312218566250114
446,20230817-9AM_750_37_2344_6,0.699,71.0,750,37,2344,6,-0.15552282425431863
447,20230817-9AM_750_37_2344_7,0.51,71.0,750,37,2344,7,-0.2924298239020636
448,20230817-9AM_680_37_2343_0,0.462,71.0,680,37,2343,0,-0.33535802444387447
449,20230817-9AM_680_37_2343_1,0.651,71.0,680,37,2343,1,-0.18641901143180803
450,20230817-9AM_680_37_2343_2,0.847,71.0,680,37,2343,2,-0.0721165896692931
451,20230817-9AM_680_37_2343_3,0.647,71.0,680,37,2343,3,-0.1890957193312996
452,20230817-9AM_680_37_2343_4,0.529,71.0,680,37,2343,4,-0.2765443279648142
453,20230817-9AM_680_37_2343_5,1.014,71.0,680,37,2343,5,0.006037954997317177
454,20230817-9AM_680_37_2343_6,0.568,71.0,680,37,2343,6,-0.24565166428898116
455,20230817-9AM_680_37_2343_7,0.51,71.0,680,37,2343,7,-0.2924298239020636
456,20230817-9AM_750_37_2343_0,0.349,71.0,750,37,2343,0,-0.45717457304082015
457,20230817-9AM_750_37_2343_1,0.462,71.0,750,37,2343,1,-0.33535802444387447
458,20230817-9AM_750_37_2343_2,0.563,71.0,750,37,2343,2,-0.24949160514865382
459,20230817-9AM_750_37_2343_3,0.47,71.0,750,37,2343,3,-0.3279021420642826
460,20230817-9AM_750_37_2343_4,0.406,71.0,750,37,2343,4,-0.39147396642280585
461,20230817-9AM_750_37_2343_5,0.676,71.0,750,37,2343,5,-0.17005330405836405
462,20230817-9AM_750_37_2343_6,0.416,71.0,750,37,2343,6,-0.3809066693732573
463,20230817-9AM_750_37_2343_7,0.377,71.0,750,37,2343,7,-0.42365864979420714
464,20230817-9AM_680_37_1952_0,0.816,71.0,680,37,1952,0,-0.08830984124613889
465,20230817-9AM_680_37_1952_1,0.704,71.0,680,37,1952,1,-0.1524273408578878
466,20230817-9AM_680_37_1952_2,0.634,71.0,680,37,1952,2,-0.1979107421182673
467,20230817-9AM_680_37_1952_3,0.863,71.0,680,37,1952,3,-0.06398920428479041
468,20230817-9AM_680_37_1952_4,0.875,71.0,680,37,1952,4,-0.057991946977686754
469,20230817-9AM_680_37_1952_5,0.87,71.0,680,37,1952,5,-0.060480747381381476
470,20230817-9AM_680_37_1952_6,0.857,71.0,680,37,1952,6,-0.06701917807680184
471,20230817-9AM_680_37_1952_7,0.697,71.0,680,37,1952,7,-0.1567672219019906
472,20230817-9AM_750_37_1952_0,0.532,71.0,750,37,1952,0,-0.2740883677049518
473,20230817-9AM_750_37_1952_1,0.445,71.0,750,37,1952,1,-0.3516399890190684
474,20230817-9AM_750_37_1952_2,0.432,71.0,750,37,1952,2,-0.3645162531850879
475,20230817-9AM_750_37_1952_3,0.555,71.0,750,37,1952,3,-0.2557070168773237
476,20230817-9AM_750_37_1952_4,0.557,71.0,750,37,1952,4,-0.25414480482627105
477,20230817-9AM_750_37_1952_5,0.547,71.0,750,37,1952,5,-0.2620126736665692
478,20230817-9AM_750_37_1952_6,0.531,71.0,750,37,1952,6,-0.2749054789185309
479,20230817-9AM_750_37_1952_7,0.448,71.0,750,37,1952,7,-0.348721986001856
480,20230817-9AM_680_37_2931_0,0.627,71.0,680,37,2931,0,-0.20273245916928356
481,20230817-9AM_680_37_2931_1,0.739,71.0,680,37,2931,1,-0.13135556160517428
482,20230817-9AM_680_37_2931_2,0.582,71.0,680,37,2931,2,-0.23507701535011155
483,20230817-9AM_680_37_2931_3,0.612,71.0,680,37,2931,3,-0.21324857785443882
484,20230817-9AM_680_37_2931_4,0.515,71.0,680,37,2931,4,-0.28819277095880896
485,20230817-9AM_680_37_2931_5,0.414,71.0,680,37,2931,5,-0.3829996588791011
486,20230817-9AM_680_37_2931_6,0.737,71.0,680,37,2931,6,-0.13253251214094852
487,20230817-9AM_680_37_2931_7,1.37,71.0,680,37,2931,7,0.1367205671564068
488,20230817-9AM_750_37_2931_0,0.406,71.0,750,37,2931,0,-0.39147396642280585
489,20230817-9AM_750_37_2931_1,0.449,71.0,750,37,2931,1,-0.3477536589966768
490,20230817-9AM_750_37_2931_2,0.389,71.0,750,37,2931,2,-0.41005039867429227
491,20230817-9AM_750_37_2931_3,0.395,71.0,750,37,2931,3,-0.40340290437353976
492,20230817-9AM_750_37_2931_4,0.338,71.0,750,37,2931,4,-0.47108329972234525
493,20230817-9AM_750_37_2931_5,0.301,71.0,750,37,2931,5,-0.5214335044061567
494,20230817-9AM_750_37_2931_6,0.443,71.0,750,37,2931,6,-0.3535962737769304
495,20230817-9AM_750_37_2931_7,0.882,71.0,750,37,2931,7,-0.054531414868180264
496,20230817-9AM_680_37_JG5_0,0.485,71.0,680,37,JG5,0,-0.3142582613977364
497,20230817-9AM_680_37_JG5_1,0.413,71.0,680,37,JG5,1,-0.384049948343599
498,20230817-9AM_680_37_JG5_2,0.227,71.0,680,37,JG5,2,-0.6439741428068773
499,20230817-9AM_680_37_JG5_3,0.242,71.0,680,37,JG5,3,-0.6161846340195687
500,20230817-9AM_680_37_JG5_4,0.749,71.0,680,37,JG5,4,-0.12551818230053352
501,20230817-9AM_680_37_JG5_5,0.359,71.0,680,37,JG5,5,-0.44490555142168087
502,20230817-9AM_680_37_JG5_6,0.512,71.0,680,37,JG5,6,-0.2907300390241692
503,20230817-9AM_680_37_JG5_7,0.335,71.0,680,37,JG5,7,-0.47495519296315475
504,20230817-9AM_750_37_JG5_0,0.338,71.0,750,37,JG5,0,-0.47108329972234525
505,20230817-9AM_750_37_JG5_1,0.304,71.0,750,37,JG5,1,-0.5171264163912462
506,20230817-9AM_750_37_JG5_2,0.188,71.0,750,37,JG5,2,-0.7258421507363202
507,20230817-9AM_750_37_JG5_3,0.195,71.0,750,37,JG5,3,-0.7099653886374819
508,20230817-9AM_750_37_JG5_4,0.509,71.0,750,37,JG5,4,-0.29328221766324125
509,20230817-9AM_750_37_JG5_5,0.275,71.0,750,37,JG5,5,-0.5606673061697374
510,20230817-9AM_750_37_JG5_6,0.374,71.0,750,37,JG5,6,-0.42712839779951983
511,20230817-9AM_750_37_JG5_7,0.242,71.0,750,37,JG5,7,-0.6161846340195687
512,20230817-9AM_680_37_BMS_0,1.034,71.0,680,37,BMS,0,0.014520538757923713
513,20230817-9AM_680_37_BMS_1,1.027,71.0,680,37,BMS,1,0.01157044359727816
514,20230817-9AM_680_37_BMS_2,1.329,71.0,680,37,BMS,2,0.12352498094273198
515,20230817-9AM_680_37_BMS_3,0.717,71.0,680,37,BMS,3,-0.1444808443321999
516,20230817-9AM_680_37_BMS_4,1.203,71.0,680,37,BMS,4,0.08026562733984477
517,20230817-9AM_680_37_BMS_5,1.059,71.0,680,37,BMS,5,0.024895960107484977
518,20230817-9AM_680_37_BMS_6,1.185,71.0,680,37,BMS,6,0.07371835034612269
519,20230817-9AM_680_37_BMS_7,0.821,71.0,680,37,BMS,7,-0.08565684288055925
520,20230817-9AM_750_37_BMS_0,0.681,71.0,750,37,BMS,0,-0.16685288808721482
521,20230817-9AM_750_37_BMS_1,0.677,71.0,750,37,BMS,1,-0.16941133131485567
522,20230817-9AM_750_37_BMS_2,0.825,71.0,750,37,BMS,2,-0.08354605145007493
523,20230817-9AM_750_37_BMS_3,0.506,71.0,750,37,BMS,3,-0.2958494831602009
524,20230817-9AM_750_37_BMS_4,0.753,71.0,750,37,BMS,4,-0.12320502379929942
525,20230817-9AM_750_37_BMS_5,0.697,71.0,750,37,BMS,5,-0.1567672219019906
526,20230817-9AM_750_37_BMS_6,0.753,71.0,750,37,BMS,6,-0.12320502379929942
527,20230817-9AM_750_37_BMS_7,0.588,71.0,750,37,BMS,7,-0.23062267392386154
528,20230814-3PM_680_25_3059_0,0.189,5.0,680,25,3059,0,-0.7235381958267558
529,20230814-3PM_680_25_3059_1,0.188,5.0,680,25,3059,1,-0.7258421507363202
530,20230814-3PM_680_25_3059_2,0.133,5.0,680,25,3059,2,-0.8761483590329142
531,20230814-3PM_680_25_3059_3,0.243,5.0,680,25,3059,3,-0.6143937264016879
532,20230814-3PM_680_25_3059_4,0.26,5.0,680,25,3059,4,-0.585026652029182
533,20230814-3PM_680_25_3059_5,0.219,5.0,680,25,3059,5,-0.6595558851598816
534,20230814-3PM_680_25_3059_6,0.235,5.0,680,25,3059,6,-0.6289321377282637
535,20230814-3PM_680_25_3059_7,0.22,5.0,680,25,3059,7,-0.6575773191777937
536,20230814-3PM_750_25_3059_0,0.129,5.0,750,25,3059,0,-0.889410289700751
537,20230814-3PM_750_25_3059_1,0.126,5.0,750,25,3059,1,-0.8996294548824371
538,20230814-3PM_750_25_3059_2,0.092,5.0,750,25,3059,2,-1.0362121726544447
539,20230814-3PM_750_25_3059_3,0.161,5.0,750,25,3059,3,-0.7931741239681502
540,20230814-3PM_750_25_3059_4,0.171,5.0,750,25,3059,4,-0.7670038896078462
541,20230814-3PM_750_25_3059_5,0.143,5.0,750,25,3059,5,-0.8446639625349383
542,20230814-3PM_750_25_3059_6,0.151,5.0,750,25,3059,6,-0.8210230527068306
543,20230814-3PM_750_25_3059_7,0.149,5.0,750,25,3059,7,-0.826813731587726
544,20230814-3PM_680_25_1691_0,0.213,5.0,680,25,1691,0,-0.6716203965612623
545,20230814-3PM_680_25_1691_1,0.157,5.0,680,25,1691,1,-0.8041003475907662
546,20230814-3PM_680_25_1691_2,0.274,5.0,680,25,1691,2,-0.562249437179612
547,20230814-3PM_680_25_1691_3,0.099,5.0,680,25,1691,3,-1.00436480540245
548,20230814-3PM_680_25_1691_4,0.232,5.0,680,25,1691,4,-0.6345120151091003
549,20230814-3PM_680_25_1691_5,0.26,5.0,680,25,1691,5,-0.585026652029182
550,20230814-3PM_680_25_1691_6,0.204,5.0,680,25,1691,6,-0.6903698325741012
551,20230814-3PM_680_25_1691_7,0.333,5.0,680,25,1691,7,-0.4775557664936801
552,20230814-3PM_750_25_1691_0,0.141,5.0,750,25,1691,0,-0.8507808873446201
553,20230814-3PM_750_25_1691_1,0.108,5.0,750,25,1691,1,-0.9665762445130504
554,20230814-3PM_750_25_1691_2,0.175,5.0,750,25,1691,2,-0.7569619513137056
555,20230814-3PM_750_25_1691_3,0.078,5.0,750,25,1691,3,-1.1079053973095196
556,20230814-3PM_750_25_1691_4,0.153,5.0,750,25,1691,4,-0.8153085691824012
557,20230814-3PM_750_25_1691_5,0.164,5.0,750,25,1691,5,-0.7851561519523022
558,20230814-3PM_750_25_1691_6,0.137,5.0,750,25,1691,6,-0.8632794328435932
559,20230814-3PM_750_25_1691_7,0.204,5.0,750,25,1691,7,-0.6903698325741012
560,20230814-3PM_680_25_1690_0,0.252,5.0,680,25,1690,0,-0.5985994592184559
561,20230814-3PM_680_25_1690_1,0.232,5.0,680,25,1690,1,-0.6345120151091003
562,20230814-3PM_680_25_1690_2,0.137,5.0,680,25,1690,2,-0.8632794328435932
563,20230814-3PM_680_25_1690_3,0.097,5.0,680,25,1690,3,-1.0132282657337552
564,20230814-3PM_680_25_1690_4,0.117,5.0,680,25,1690,4,-0.9318141382538383
565,20230814-3PM_680_25_1690_5,0.112,5.0,680,25,1690,5,-0.9507819773298184
566,20230814-3PM_680_25_1690_6,0.143,5.0,680,25,1690,6,-0.8446639625349383
567,20230814-3PM_680_25_1690_7,0.214,5.0,680,25,1690,7,-0.6695862266508091
568,20230814-3PM_750_25_1690_0,0.176,5.0,750,25,1690,0,-0.7544873321858502
569,20230814-3PM_750_25_1690_1,0.181,5.0,750,25,1690,1,-0.7423214251308154
570,20230814-3PM_750_25_1690_2,0.108,5.0,750,25,1690,2,-0.9665762445130504
571,20230814-3PM_750_25_1690_3,0.075,5.0,750,25,1690,3,-1.1249387366083
572,20230814-3PM_750_25_1690_4,0.099,5.0,750,25,1690,4,-1.00436480540245
573,20230814-3PM_750_25_1690_5,0.086,5.0,750,25,1690,5,-1.0655015487564323
574,20230814-3PM_750_25_1690_6,0.11,5.0,750,25,1690,6,-0.958607314841775
575,20230814-3PM_750_25_1690_7,0.156,5.0,750,25,1690,7,-0.8068754016455384
576,20230814-3PM_680_25_2342_0,0.199,5.0,680,25,2342,0,-0.7011469235902933
577,20230814-3PM_680_25_2342_1,0.098,5.0,680,25,2342,1,-1.0087739243075051
578,20230814-3PM_680_25_2342_2,0.141,5.0,680,25,2342,2,-0.8507808873446201
579,20230814-3PM_680_25_2342_3,0.186,5.0,680,25,2342,3,-0.7304870557820837
580,20230814-3PM_680_25_2342_4,0.129,5.0,680,25,2342,4,-0.889410289700751
581,20230814-3PM_680_25_2342_5,0.201,5.0,680,25,2342,5,-0.6968039425795111
582,20230814-3PM_680_25_2342_6,0.145,5.0,680,25,2342,6,-0.8386319977650252
583,20230814-3PM_680_25_2342_7,0.217,5.0,680,25,2342,7,-0.6635402661514705
584,20230814-3PM_750_25_2342_0,0.097,5.0,750,25,2342,0,-1.0132282657337552
585,20230814-3PM_750_25_2342_1,0.067,5.0,750,25,2342,1,-1.1739251972991736
586,20230814-3PM_750_25_2342_2,0.107,5.0,750,25,2342,2,-0.9706162223147904
587,20230814-3PM_750_25_2342_3,0.1,5.0,750,25,2342,3,-1.0
588,20230814-3PM_750_25_2342_4,0.087,5.0,750,25,2342,4,-1.0604807473813815
589,20230814-3PM_750_25_2342_5,0.101,5.0,750,25,2342,5,-0.9956786262173574
590,20230814-3PM_750_25_2342_6,0.087,5.0,750,25,2342,6,-1.0604807473813815
591,20230814-3PM_750_25_2342_7,0.103,5.0,750,25,2342,7,-0.9871627752948278
592,20230814-3PM_680_25_4532_0,0.284,5.0,680,25,4532,0,-0.5466816599529624
593,20230814-3PM_680_25_4532_1,0.286,5.0,680,25,4532,1,-0.543633966870957
594,20230814-3PM_680_25_4532_2,0.19,5.0,680,25,4532,2,-0.721246399047171
595,20230814-3PM_680_25_4532_3,0.302,5.0,680,25,4532,3,-0.5199930570428494
596,20230814-3PM_680_25_4532_4,0.265,5.0,680,25,4532,4,-0.5767541260631921
597,20230814-3PM_680_25_4532_5,0.244,5.0,680,25,4532,5,-0.6126101736612706
598,20230814-3PM_680_25_4532_6,0.31,5.0,680,25,4532,6,-0.5086383061657274
599,20230814-3PM_680_25_4532_7,0.156,5.0,680,25,4532,7,-0.8068754016455384
600,20230814-3PM_750_25_4532_0,0.128,5.0,750,25,4532,0,-0.8927900303521317
601,20230814-3PM_750_25_4532_1,0.129,5.0,750,25,4532,1,-0.889410289700751
602,20230814-3PM_750_25_4532_2,0.119,5.0,750,25,4532,2,-0.9244530386074693
603,20230814-3PM_750_25_4532_3,0.128,5.0,750,25,4532,3,-0.8927900303521317
604,20230814-3PM_750_25_4532_4,0.125,5.0,750,25,4532,4,-0.9030899869919435
605,20230814-3PM_750_25_4532_5,0.183,5.0,750,25,4532,5,-0.7375489102695706
606,20230814-3PM_750_25_4532_6,0.122,5.0,750,25,4532,6,-0.9136401693252518
607,20230814-3PM_750_25_4532_7,0.101,5.0,750,25,4532,7,-0.9956786262173574
608,20230814-3PM_680_25_2344_0,0.094,5.0,680,25,2344,0,-1.0268721464003014
609,20230814-3PM_680_25_2344_1,0.1,5.0,680,25,2344,1,-1.0
610,20230814-3PM_680_25_2344_2,0.108,5.0,680,25,2344,2,-0.9665762445130504
611,20230814-3PM_680_25_2344_3,0.113,5.0,680,25,2344,3,-0.9469215565165803
612,20230814-3PM_680_25_2344_4,0.119,5.0,680,25,2344,4,-0.9244530386074693
613,20230814-3PM_680_25_2344_5,0.112,5.0,680,25,2344,5,-0.9507819773298184
614,20230814-3PM_680_25_2344_6,0.139,5.0,680,25,2344,6,-0.8569851997459049
615,20230814-3PM_680_25_2344_7,0.136,5.0,680,25,2344,7,-0.8664610916297825
616,20230814-3PM_750_25_2344_0,0.079,5.0,750,25,2344,0,-1.1023729087095586
617,20230814-3PM_750_25_2344_1,0.089,5.0,750,25,2344,1,-1.0506099933550872
618,20230814-3PM_750_25_2344_2,0.086,5.0,750,25,2344,2,-1.0655015487564323
619,20230814-3PM_750_25_2344_3,0.086,5.0,750,25,2344,3,-1.0655015487564323
620,20230814-3PM_750_25_2344_4,0.09,5.0,750,25,2344,4,-1.0457574905606752
621,20230814-3PM_750_25_2344_5,0.092,5.0,750,25,2344,5,-1.0362121726544447
622,20230814-3PM_750_25_2344_6,0.101,5.0,750,25,2344,6,-0.9956786262173574
623,20230814-3PM_750_25_2344_7,0.078,5.0,750,25,2344,7,-1.1079053973095196
624,20230814-3PM_680_25_2343_0,0.271,5.0,680,25,2343,0,-0.5670307091255943
625,20230814-3PM_680_25_2343_1,0.205,5.0,680,25,2343,1,-0.6882461389442457
626,20230814-3PM_680_25_2343_2,0.166,5.0,680,25,2343,2,-0.7798919119599449
627,20230814-3PM_680_25_2343_3,0.208,5.0,680,25,2343,3,-0.6819366650372385
628,20230814-3PM_680_25_2343_4,0.124,5.0,680,25,2343,4,-0.906578314837765
629,20230814-3PM_680_25_2343_5,0.203,5.0,680,25,2343,5,-0.6925039620867871
630,20230814-3PM_680_25_2343_6,0.177,5.0,680,25,2343,6,-0.7520267336381934
631,20230814-3PM_680_25_2343_7,0.204,5.0,680,25,2343,7,-0.6903698325741012
632,20230814-3PM_750_25_2343_0,0.179,5.0,750,25,2343,0,-0.7471469690201068
633,20230814-3PM_750_25_2343_1,0.141,5.0,750,25,2343,1,-0.8507808873446201
634,20230814-3PM_750_25_2343_2,0.108,5.0,750,25,2343,2,-0.9665762445130504
635,20230814-3PM_750_25_2343_3,0.141,5.0,750,25,2343,3,-0.8507808873446201
636,20230814-3PM_750_25_2343_4,0.091,5.0,750,25,2343,4,-1.0409586076789064
637,20230814-3PM_750_25_2343_5,0.135,5.0,750,25,2343,5,-0.8696662315049939
638,20230814-3PM_750_25_2343_6,0.121,5.0,750,25,2343,6,-0.9172146296835499
639,20230814-3PM_750_25_2343_7,0.129,5.0,750,25,2343,7,-0.889410289700751
640,20230814-3PM_680_25_1952_0,0.088,5.0,680,25,1952,0,-1.0555173278498313
641,20230814-3PM_680_25_1952_1,0.141,5.0,680,25,1952,1,-0.8507808873446201
642,20230814-3PM_680_25_1952_2,0.158,5.0,680,25,1952,2,-0.8013429130455774
643,20230814-3PM_680_25_1952_3,0.224,5.0,680,25,1952,3,-0.6497519816658371
644,20230814-3PM_680_25_1952_4,0.147,5.0,680,25,1952,4,-0.8326826652518239
645,20230814-3PM_680_25_1952_5,0.173,5.0,680,25,1952,5,-0.7619538968712046
646,20230814-3PM_680_25_1952_6,0.173,5.0,680,25,1952,6,-0.7619538968712046
647,20230814-3PM_680_25_1952_7,0.149,5.0,680,25,1952,7,-0.826813731587726
648,20230814-3PM_750_25_1952_0,0.074,5.0,750,25,1952,0,-1.1307682802690238
649,20230814-3PM_750_25_1952_1,0.099,5.0,750,25,1952,1,-1.00436480540245
650,20230814-3PM_750_25_1952_2,0.109,5.0,750,25,1952,2,-0.9625735020593764
651,20230814-3PM_750_25_1952_3,0.143,5.0,750,25,1952,3,-0.8446639625349383
652,20230814-3PM_750_25_1952_4,0.109,5.0,750,25,1952,4,-0.9625735020593764
653,20230814-3PM_750_25_1952_5,0.118,5.0,750,25,1952,5,-0.9281179926938746
654,20230814-3PM_750_25_1952_6,0.121,5.0,750,25,1952,6,-0.9172146296835499
655,20230814-3PM_750_25_1952_7,0.103,5.0,750,25,1952,7,-0.9871627752948278
656,20230814-3PM_680_25_2931_0,0.176,5.0,680,25,2931,0,-0.7544873321858502
657,20230814-3PM_680_25_2931_1,0.148,5.0,680,25,2931,1,-0.8297382846050426
658,20230814-3PM_680_25_2931_2,0.143,5.0,680,25,2931,2,-0.8446639625349383
659,20230814-3PM_680_25_2931_3,0.165,5.0,680,25,2931,3,-0.7825160557860937
660,20230814-3PM_680_25_2931_4,0.211,5.0,680,25,2931,4,-0.6757175447023074
661,20230814-3PM_680_25_2931_5,0.125,5.0,680,25,2931,5,-0.9030899869919435
662,20230814-3PM_680_25_2931_6,0.146,5.0,680,25,2931,6,-0.835647144215563
663,20230814-3PM_680_25_2931_7,0.156,5.0,680,25,2931,7,-0.8068754016455384
664,20230814-3PM_750_25_2931_0,0.12,5.0,750,25,2931,0,-0.9208187539523752
665,20230814-3PM_750_25_2931_1,0.104,5.0,750,25,2931,1,-0.9829666607012196
666,20230814-3PM_750_25_2931_2,0.103,5.0,750,25,2931,2,-0.9871627752948278
667,20230814-3PM_750_25_2931_3,0.118,5.0,750,25,2931,3,-0.9281179926938746
668,20230814-3PM_750_25_2931_4,0.14,5.0,750,25,2931,4,-0.8538719643217619
669,20230814-3PM_750_25_2931_5,0.094,5.0,750,25,2931,5,-1.0268721464003014
670,20230814-3PM_750_25_2931_6,0.096,5.0,750,25,2931,6,-1.0177287669604316
671,20230814-3PM_750_25_2931_7,0.103,5.0,750,25,2931,7,-0.9871627752948278
672,20230814-3PM_680_25_JG5_0,0.089,5.0,680,25,JG5,0,-1.0506099933550872
673,20230814-3PM_680_25_JG5_1,0.109,5.0,680,25,JG5,1,-0.9625735020593764
674,20230814-3PM_680_25_JG5_2,0.241,5.0,680,25,JG5,2,-0.6179829574251317
675,20230814-3PM_680_25_JG5_3,0.226,5.0,680,25,JG5,3,-0.645891560852599
676,20230814-3PM_680_25_JG5_4,0.222,5.0,680,25,JG5,4,-0.6536470255493614
677,20230814-3PM_680_25_JG5_5,0.106,5.0,680,25,JG5,5,-0.9746941347352298
678,20230814-3PM_680_25_JG5_6,0.061,5.0,680,25,JG5,6,-1.214670164989233
679,20230814-3PM_680_25_JG5_7,0.053,5.0,680,25,JG5,7,-1.275724130399211
680,20230814-3PM_750_25_JG5_0,0.073,5.0,750,25,JG5,0,-1.136677139879544
681,20230814-3PM_750_25_JG5_1,0.081,5.0,750,25,JG5,1,-1.0915149811213503
682,20230814-3PM_750_25_JG5_2,0.142,5.0,750,25,JG5,2,-0.8477116556169435
683,20230814-3PM_750_25_JG5_3,0.135,5.0,750,25,JG5,3,-0.8696662315049939
684,20230814-3PM_750_25_JG5_4,0.138,5.0,750,25,JG5,4,-0.8601209135987634
685,20230814-3PM_750_25_JG5_5,0.084,5.0,750,25,JG5,5,-1.0757207139381184
686,20230814-3PM_750_25_JG5_6,0.058,5.0,750,25,JG5,6,-1.2365720064370627
687,20230814-3PM_750_25_JG5_7,0.052,5.0,750,25,JG5,7,-1.2839966563652008
688,20230814-3PM_680_25_BMS_0,0.184,5.0,680,25,BMS,0,-0.7351821769904635
689,20230814-3PM_680_25_BMS_1,0.191,5.0,680,25,BMS,1,-0.7189666327522725
690,20230814-3PM_680_25_BMS_2,0.159,5.0,680,25,BMS,2,-0.7986028756795485
691,20230814-3PM_680_25_BMS_3,0.21,5.0,680,25,BMS,3,-0.6777807052660807
692,20230814-3PM_680_25_BMS_4,0.156,5.0,680,25,BMS,4,-0.8068754016455384
693,20230814-3PM_680_25_BMS_5,0.14,5.0,680,25,BMS,5,-0.8538719643217619
694,20230814-3PM_680_25_BMS_6,0.175,5.0,680,25,BMS,6,-0.7569619513137056
695,20230814-3PM_680_25_BMS_7,0.084,5.0,680,25,BMS,7,-1.0757207139381184
696,20230814-3PM_750_25_BMS_0,0.119,5.0,750,25,BMS,0,-0.9244530386074693
697,20230814-3PM_750_25_BMS_1,0.125,5.0,750,25,BMS,1,-0.9030899869919435
698,20230814-3PM_750_25_BMS_2,0.105,5.0,750,25,BMS,2,-0.978810700930062
699,20230814-3PM_750_25_BMS_3,0.144,5.0,750,25,BMS,3,-0.8416375079047503
700,20230814-3PM_750_25_BMS_4,0.104,5.0,750,25,BMS,4,-0.9829666607012196
701,20230814-3PM_750_25_BMS_5,0.097,5.0,750,25,BMS,5,-1.0132282657337552
702,20230814-3PM_750_25_BMS_6,0.112,5.0,750,25,BMS,6,-0.9507819773298184
703,20230814-3PM_750_25_BMS_7,0.068,5.0,750,25,BMS,7,-1.1674910872937636
704,20230814-3PM_680_39_3059_0,0.129,5.0,680,39,3059,0,-0.889410289700751
705,20230814-3PM_680_39_3059_1,0.169,5.0,680,39,3059,1,-0.7721132953863264
706,20230814-3PM_680_39_3059_2,0.133,5.0,680,39,3059,2,-0.8761483590329142
707,20230814-3PM_680_39_3059_3,0.241,5.0,680,39,3059,3,-0.6179829574251317
708,20230814-3PM_680_39_3059_4,0.208,5.0,680,39,3059,4,-0.6819366650372385
709,20230814-3PM_680_39_3059_5,0.144,5.0,680,39,3059,5,-0.8416375079047503
710,20230814-3PM_680_39_3059_6,0.133,5.0,680,39,3059,6,-0.8761483590329142
711,20230814-3PM_680_39_3059_7,0.249,5.0,680,39,3059,7,-0.6038006529042637
712,20230814-3PM_750_39_3059_0,0.093,5.0,750,39,3059,0,-1.031517051446065
713,20230814-3PM_750_39_3059_1,0.113,5.0,750,39,3059,1,-0.9469215565165803
714,20230814-3PM_750_39_3059_2,0.089,5.0,750,39,3059,2,-1.0506099933550872
715,20230814-3PM_750_39_3059_3,0.143,5.0,750,39,3059,3,-0.8446639625349383
716,20230814-3PM_750_39_3059_4,0.128,5.0,750,39,3059,4,-0.8927900303521317
717,20230814-3PM_750_39_3059_5,0.098,5.0,750,39,3059,5,-1.0087739243075051
718,20230814-3PM_750_39_3059_6,0.093,5.0,750,39,3059,6,-1.031517051446065
719,20230814-3PM_750_39_3059_7,0.156,5.0,750,39,3059,7,-0.8068754016455384
720,20230814-3PM_680_39_1691_0,0.166,5.0,680,39,1691,0,-0.7798919119599449
721,20230814-3PM_680_39_1691_1,0.149,5.0,680,39,1691,1,-0.826813731587726
722,20230814-3PM_680_39_1691_2,0.168,5.0,680,39,1691,2,-0.7746907182741372
723,20230814-3PM_680_39_1691_3,0.19,5.0,680,39,1691,3,-0.721246399047171
724,20230814-3PM_680_39_1691_4,0.167,5.0,680,39,1691,4,-0.7772835288524167
725,20230814-3PM_680_39_1691_5,0.206,5.0,680,39,1691,5,-0.6861327796308466
726,20230814-3PM_680_39_1691_6,0.203,5.0,680,39,1691,6,-0.6925039620867871
727,20230814-3PM_680_39_1691_7,0.166,5.0,680,39,1691,7,-0.7798919119599449
728,20230814-3PM_750_39_1691_0,0.107,5.0,750,39,1691,0,-0.9706162223147904
729,20230814-3PM_750_39_1691_1,0.1,5.0,750,39,1691,1,-1.0
730,20230814-3PM_750_39_1691_2,0.116,5.0,750,39,1691,2,-0.9355420107730815
731,20230814-3PM_750_39_1691_3,0.134,5.0,750,39,1691,3,-0.8728952016351923
732,20230814-3PM_750_39_1691_4,0.137,5.0,750,39,1691,4,-0.8632794328435932
733,20230814-3PM_750_39_1691_5,0.11,5.0,750,39,1691,5,-0.958607314841775
734,20230814-3PM_750_39_1691_6,0.155,5.0,750,39,1691,6,-0.8096683018297085
735,20230814-3PM_750_39_1691_7,0.103,5.0,750,39,1691,7,-0.9871627752948278
736,20230814-3PM_680_39_1690_0,0.174,5.0,680,39,1690,0,-0.7594507517174003
737,20230814-3PM_680_39_1690_1,0.118,5.0,680,39,1690,1,-0.9281179926938746
738,20230814-3PM_680_39_1690_2,0.097,5.0,680,39,1690,2,-1.0132282657337552
739,20230814-3PM_680_39_1690_3,0.145,5.0,680,39,1690,3,-0.8386319977650252
740,20230814-3PM_680_39_1690_4,0.117,5.0,680,39,1690,4,-0.9318141382538383
741,20230814-3PM_680_39_1690_5,0.157,5.0,680,39,1690,5,-0.8041003475907662
742,20230814-3PM_680_39_1690_6,0.231,5.0,680,39,1690,6,-0.6363880201078557
743,20230814-3PM_680_39_1690_7,0.184,5.0,680,39,1690,7,-0.7351821769904635
744,20230814-3PM_750_39_1690_0,0.12,5.0,750,39,1690,0,-0.9208187539523752
745,20230814-3PM_750_39_1690_1,0.096,5.0,750,39,1690,1,-1.0177287669604316
746,20230814-3PM_750_39_1690_2,0.08,5.0,750,39,1690,2,-1.0969100130080565
747,20230814-3PM_750_39_1690_3,0.104,5.0,750,39,1690,3,-0.9829666607012196
748,20230814-3PM_750_39_1690_4,0.094,5.0,750,39,1690,4,-1.0268721464003014
749,20230814-3PM_750_39_1690_5,0.112,5.0,750,39,1690,5,-0.9507819773298184
750,20230814-3PM_750_39_1690_6,0.158,5.0,750,39,1690,6,-0.8013429130455774
751,20230814-3PM_750_39_1690_7,0.13,5.0,750,39,1690,7,-0.8860566476931632
752,20230814-3PM_680_39_2342_0,0.135,5.0,680,39,2342,0,-0.8696662315049939
753,20230814-3PM_680_39_2342_1,0.204,5.0,680,39,2342,1,-0.6903698325741012
754,20230814-3PM_680_39_2342_2,0.117,5.0,680,39,2342,2,-0.9318141382538383
755,20230814-3PM_680_39_2342_3,0.072,5.0,680,39,2342,3,-1.1426675035687315
756,20230814-3PM_680_39_2342_4,0.068,5.0,680,39,2342,4,-1.1674910872937636
757,20230814-3PM_680_39_2342_5,0.164,5.0,680,39,2342,5,-0.7851561519523022
758,20230814-3PM_680_39_2342_6,0.182,5.0,680,39,2342,6,-0.7399286120149252
759,20230814-3PM_680_39_2342_7,0.08,5.0,680,39,2342,7,-1.0969100130080565
760,20230814-3PM_750_39_2342_0,0.09,5.0,750,39,2342,0,-1.0457574905606752
761,20230814-3PM_750_39_2342_1,0.132,5.0,750,39,2342,1,-0.8794260687941501
762,20230814-3PM_750_39_2342_2,0.1,5.0,750,39,2342,2,-1.0
763,20230814-3PM_750_39_2342_3,0.091,5.0,750,39,2342,3,-1.0409586076789064
764,20230814-3PM_750_39_2342_4,0.097,5.0,750,39,2342,4,-1.0132282657337552
765,20230814-3PM_750_39_2342_5,0.082,5.0,750,39,2342,5,-1.0861861476162833
766,20230814-3PM_750_39_2342_6,0.105,5.0,750,39,2342,6,-0.978810700930062
767,20230814-3PM_750_39_2342_7,0.064,5.0,750,39,2342,7,-1.193820026016113
768,20230814-3PM_680_39_4532_0,0.08,5.0,680,39,4532,0,-1.0969100130080565
769,20230814-3PM_680_39_4532_1,0.092,5.0,680,39,4532,1,-1.0362121726544447
770,20230814-3PM_680_39_4532_2,0.097,5.0,680,39,4532,2,-1.0132282657337552
771,20230814-3PM_680_39_4532_3,0.072,5.0,680,39,4532,3,-1.1426675035687315
772,20230814-3PM_680_39_4532_4,0.063,5.0,680,39,4532,4,-1.2006594505464183
773,20230814-3PM_680_39_4532_5,0.088,5.0,680,39,4532,5,-1.0555173278498313
774,20230814-3PM_680_39_4532_6,0.094,5.0,680,39,4532,6,-1.0268721464003014
775,20230814-3PM_680_39_4532_7,0.078,5.0,680,39,4532,7,-1.1079053973095196
776,20230814-3PM_750_39_4532_0,0.066,5.0,750,39,4532,0,-1.1804560644581312
777,20230814-3PM_750_39_4532_1,0.092,5.0,750,39,4532,1,-1.0362121726544447
778,20230814-3PM_750_39_4532_2,0.085,5.0,750,39,4532,2,-1.0705810742857071
779,20230814-3PM_750_39_4532_3,0.075,5.0,750,39,4532,3,-1.1249387366083
780,20230814-3PM_750_39_4532_4,0.077,5.0,750,39,4532,4,-1.1135092748275182
781,20230814-3PM_750_39_4532_5,0.084,5.0,750,39,4532,5,-1.0757207139381184
782,20230814-3PM_750_39_4532_6,0.063,5.0,750,39,4532,6,-1.2006594505464183
783,20230814-3PM_750_39_4532_7,0.066,5.0,750,39,4532,7,-1.1804560644581312
784,20230814-3PM_680_39_2344_0,0.142,5.0,680,39,2344,0,-0.8477116556169435
785,20230814-3PM_680_39_2344_1,0.09,5.0,680,39,2344,1,-1.0457574905606752
786,20230814-3PM_680_39_2344_2,0.143,5.0,680,39,2344,2,-0.8446639625349383
787,20230814-3PM_680_39_2344_3,0.133,5.0,680,39,2344,3,-0.8761483590329142
788,20230814-3PM_680_39_2344_4,0.164,5.0,680,39,2344,4,-0.7851561519523022
789,20230814-3PM_680_39_2344_5,0.109,5.0,680,39,2344,5,-0.9625735020593764
790,20230814-3PM_680_39_2344_6,0.132,5.0,680,39,2344,6,-0.8794260687941501
791,20230814-3PM_680_39_2344_7,0.108,5.0,680,39,2344,7,-0.9665762445130504
792,20230814-3PM_750_39_2344_0,0.117,5.0,750,39,2344,0,-0.9318141382538383
793,20230814-3PM_750_39_2344_1,0.079,5.0,750,39,2344,1,-1.1023729087095586
794,20230814-3PM_750_39_2344_2,0.11,5.0,750,39,2344,2,-0.958607314841775
795,20230814-3PM_750_39_2344_3,0.1,5.0,750,39,2344,3,-1.0
796,20230814-3PM_750_39_2344_4,0.108,5.0,750,39,2344,4,-0.9665762445130504
797,20230814-3PM_750_39_2344_5,0.092,5.0,750,39,2344,5,-1.0362121726544447
798,20230814-3PM_750_39_2344_6,0.102,5.0,750,39,2344,6,-0.9913998282380825
799,20230814-3PM_750_39_2344_7,0.092,5.0,750,39,2344,7,-1.0362121726544447
800,20230814-3PM_680_39_2343_0,0.199,5.0,680,39,2343,0,-0.7011469235902933
801,20230814-3PM_680_39_2343_1,0.16,5.0,680,39,2343,1,-0.7958800173440752
802,20230814-3PM_680_39_2343_2,0.138,5.0,680,39,2343,2,-0.8601209135987634
803,20230814-3PM_680_39_2343_3,0.166,5.0,680,39,2343,3,-0.7798919119599449
804,20230814-3PM_680_39_2343_4,0.141,5.0,680,39,2343,4,-0.8507808873446201
805,20230814-3PM_680_39_2343_5,0.163,5.0,680,39,2343,5,-0.7878123955960422
806,20230814-3PM_680_39_2343_6,0.137,5.0,680,39,2343,6,-0.8632794328435932
807,20230814-3PM_680_39_2343_7,0.113,5.0,680,39,2343,7,-0.9469215565165803
808,20230814-3PM_750_39_2343_0,0.122,5.0,750,39,2343,0,-0.9136401693252518
809,20230814-3PM_750_39_2343_1,0.125,5.0,750,39,2343,1,-0.9030899869919435
810,20230814-3PM_750_39_2343_2,0.105,5.0,750,39,2343,2,-0.978810700930062
811,20230814-3PM_750_39_2343_3,0.129,5.0,750,39,2343,3,-0.889410289700751
812,20230814-3PM_750_39_2343_4,0.108,5.0,750,39,2343,4,-0.9665762445130504
813,20230814-3PM_750_39_2343_5,0.115,5.0,750,39,2343,5,-0.9393021596463883
814,20230814-3PM_750_39_2343_6,0.096,5.0,750,39,2343,6,-1.0177287669604316
815,20230814-3PM_750_39_2343_7,0.084,5.0,750,39,2343,7,-1.0757207139381184
816,20230814-3PM_680_39_1952_0,0.131,5.0,680,39,1952,0,-0.8827287043442357
817,20230814-3PM_680_39_1952_1,0.159,5.0,680,39,1952,1,-0.7986028756795485
818,20230814-3PM_680_39_1952_2,0.116,5.0,680,39,1952,2,-0.9355420107730815
819,20230814-3PM_680_39_1952_3,0.167,5.0,680,39,1952,3,-0.7772835288524167
820,20230814-3PM_680_39_1952_4,0.133,5.0,680,39,1952,4,-0.8761483590329142
821,20230814-3PM_680_39_1952_5,0.193,5.0,680,39,1952,5,-0.7144426909922262
822,20230814-3PM_680_39_1952_6,0.155,5.0,680,39,1952,6,-0.8096683018297085
823,20230814-3PM_680_39_1952_7,0.18,5.0,680,39,1952,7,-0.744727494896694
824,20230814-3PM_750_39_1952_0,0.101,5.0,750,39,1952,0,-0.9956786262173574
825,20230814-3PM_750_39_1952_1,0.112,5.0,750,39,1952,1,-0.9507819773298184
826,20230814-3PM_750_39_1952_2,0.088,5.0,750,39,1952,2,-1.0555173278498313
827,20230814-3PM_750_39_1952_3,0.117,5.0,750,39,1952,3,-0.9318141382538383
828,20230814-3PM_750_39_1952_4,0.1,5.0,750,39,1952,4,-1.0
829,20230814-3PM_750_39_1952_5,0.13,5.0,750,39,1952,5,-0.8860566476931632
830,20230814-3PM_750_39_1952_6,0.113,5.0,750,39,1952,6,-0.9469215565165803
831,20230814-3PM_750_39_1952_7,0.124,5.0,750,39,1952,7,-0.906578314837765
832,20230814-3PM_680_39_2931_0,0.098,5.0,680,39,2931,0,-1.0087739243075051
833,20230814-3PM_680_39_2931_1,0.112,5.0,680,39,2931,1,-0.9507819773298184
834,20230814-3PM_680_39_2931_2,0.116,5.0,680,39,2931,2,-0.9355420107730815
835,20230814-3PM_680_39_2931_3,0.115,5.0,680,39,2931,3,-0.9393021596463883
836,20230814-3PM_680_39_2931_4,0.138,5.0,680,39,2931,4,-0.8601209135987634
837,20230814-3PM_680_39_2931_5,0.104,5.0,680,39,2931,5,-0.9829666607012196
838,20230814-3PM_680_39_2931_6,0.083,5.0,680,39,2931,6,-1.080921907623926
839,20230814-3PM_680_39_2931_7,0.137,5.0,680,39,2931,7,-0.8632794328435932
840,20230814-3PM_750_39_2931_0,0.095,5.0,750,39,2931,0,-1.0222763947111522
841,20230814-3PM_750_39_2931_1,0.087,5.0,750,39,2931,1,-1.0604807473813815
842,20230814-3PM_750_39_2931_2,0.091,5.0,750,39,2931,2,-1.0409586076789064
843,20230814-3PM_750_39_2931_3,0.09,5.0,750,39,2931,3,-1.0457574905606752
844,20230814-3PM_750_39_2931_4,0.115,5.0,750,39,2931,4,-0.9393021596463883
845,20230814-3PM_750_39_2931_5,0.082,5.0,750,39,2931,5,-1.0861861476162833
846,20230814-3PM_750_39_2931_6,0.088,5.0,750,39,2931,6,-1.0555173278498313
847,20230814-3PM_750_39_2931_7,0.102,5.0,750,39,2931,7,-0.9913998282380825
848,20230814-3PM_680_39_JG5_0,0.111,5.0,680,39,JG5,0,-0.9546770212133425
849,20230814-3PM_680_39_JG5_1,0.265,5.0,680,39,JG5,1,-0.5767541260631921
850,20230814-3PM_680_39_JG5_2,0.068,5.0,680,39,JG5,2,-1.1674910872937636
851,20230814-3PM_680_39_JG5_3,0.105,5.0,680,39,JG5,3,-0.978810700930062
852,20230814-3PM_680_39_JG5_4,0.106,5.0,680,39,JG5,4,-0.9746941347352298
853,20230814-3PM_680_39_JG5_5,0.1,5.0,680,39,JG5,5,-1.0
854,20230814-3PM_680_39_JG5_6,0.095,5.0,680,39,JG5,6,-1.0222763947111522
855,20230814-3PM_680_39_JG5_7,0.058,5.0,680,39,JG5,7,-1.2365720064370627
856,20230814-3PM_750_39_JG5_0,0.083,5.0,750,39,JG5,0,-1.080921907623926
857,20230814-3PM_750_39_JG5_1,0.129,5.0,750,39,JG5,1,-0.889410289700751
858,20230814-3PM_750_39_JG5_2,0.077,5.0,750,39,JG5,2,-1.1135092748275182
859,20230814-3PM_750_39_JG5_3,0.092,5.0,750,39,JG5,3,-1.0362121726544447
860,20230814-3PM_750_39_JG5_4,0.089,5.0,750,39,JG5,4,-1.0506099933550872
861,20230814-3PM_750_39_JG5_5,0.073,5.0,750,39,JG5,5,-1.136677139879544
862,20230814-3PM_750_39_JG5_6,0.083,5.0,750,39,JG5,6,-1.080921907623926
863,20230814-3PM_750_39_JG5_7,0.06,5.0,750,39,JG5,7,-1.2218487496163564
864,20230814-3PM_680_39_BMS_0,0.171,5.0,680,39,BMS,0,-0.7670038896078462
865,20230814-3PM_680_39_BMS_1,0.195,5.0,680,39,BMS,1,-0.7099653886374819
866,20230814-3PM_680_39_BMS_2,0.163,5.0,680,39,BMS,2,-0.7878123955960422
867,20230814-3PM_680_39_BMS_3,0.186,5.0,680,39,BMS,3,-0.7304870557820837
868,20230814-3PM_680_39_BMS_4,0.159,5.0,680,39,BMS,4,-0.7986028756795485
869,20230814-3PM_680_39_BMS_5,0.162,5.0,680,39,BMS,5,-0.790484985457369
870,20230814-3PM_680_39_BMS_6,0.174,5.0,680,39,BMS,6,-0.7594507517174003
871,20230814-3PM_680_39_BMS_7,0.164,5.0,680,39,BMS,7,-0.7851561519523022
872,20230814-3PM_750_39_BMS_0,0.111,5.0,750,39,BMS,0,-0.9546770212133425
873,20230814-3PM_750_39_BMS_1,0.132,5.0,750,39,BMS,1,-0.8794260687941501
874,20230814-3PM_750_39_BMS_2,0.111,5.0,750,39,BMS,2,-0.9546770212133425
875,20230814-3PM_750_39_BMS_3,0.126,5.0,750,39,BMS,3,-0.8996294548824371
876,20230814-3PM_750_39_BMS_4,0.111,5.0,750,39,BMS,4,-0.9546770212133425
877,20230814-3PM_750_39_BMS_5,0.112,5.0,750,39,BMS,5,-0.9507819773298184
878,20230814-3PM_750_39_BMS_6,0.118,5.0,750,39,BMS,6,-0.9281179926938746
879,20230814-3PM_750_39_BMS_7,0.115,5.0,750,39,BMS,7,-0.9393021596463883
880,20230814-3PM_680_37_3059_0,0.178,5.0,680,37,3059,0,-0.7495799976911061
881,20230814-3PM_680_37_3059_1,0.193,5.0,680,37,3059,1,-0.7144426909922262
882,20230814-3PM_680_37_3059_2,0.114,5.0,680,37,3059,2,-0.9430951486635274
883,20230814-3PM_680_37_3059_3,0.219,5.0,680,37,3059,3,-0.6595558851598816
884,20230814-3PM_680_37_3059_4,0.166,5.0,680,37,3059,4,-0.7798919119599449
885,20230814-3PM_680_37_3059_5,0.148,5.0,680,37,3059,5,-0.8297382846050426
886,20230814-3PM_680_37_3059_6,0.151,5.0,680,37,3059,6,-0.8210230527068306
887,20230814-3PM_680_37_3059_7,0.197,5.0,680,37,3059,7,-0.7055337738384071
888,20230814-3PM_750_37_3059_0,0.115,5.0,750,37,3059,0,-0.9393021596463883
889,20230814-3PM_750_37_3059_1,0.122,5.0,750,37,3059,1,-0.9136401693252518
890,20230814-3PM_750_37_3059_2,0.079,5.0,750,37,3059,2,-1.1023729087095586
891,20230814-3PM_750_37_3059_3,0.129,5.0,750,37,3059,3,-0.889410289700751
892,20230814-3PM_750_37_3059_4,0.105,5.0,750,37,3059,4,-0.978810700930062
893,20230814-3PM_750_37_3059_5,0.1,5.0,750,37,3059,5,-1.0
894,20230814-3PM_750_37_3059_6,0.101,5.0,750,37,3059,6,-0.9956786262173574
895,20230814-3PM_750_37_3059_7,0.125,5.0,750,37,3059,7,-0.9030899869919435
896,20230814-3PM_680_37_1691_0,0.168,5.0,680,37,1691,0,-0.7746907182741372
897,20230814-3PM_680_37_1691_1,0.116,5.0,680,37,1691,1,-0.9355420107730815
898,20230814-3PM_680_37_1691_2,0.173,5.0,680,37,1691,2,-0.7619538968712046
899,20230814-3PM_680_37_1691_3,0.114,5.0,680,37,1691,3,-0.9430951486635274
900,20230814-3PM_680_37_1691_4,0.168,5.0,680,37,1691,4,-0.7746907182741372
901,20230814-3PM_680_37_1691_5,0.178,5.0,680,37,1691,5,-0.7495799976911061
902,20230814-3PM_680_37_1691_6,0.166,5.0,680,37,1691,6,-0.7798919119599449
903,20230814-3PM_680_37_1691_7,0.193,5.0,680,37,1691,7,-0.7144426909922262
904,20230814-3PM_750_37_1691_0,0.1,5.0,750,37,1691,0,-1.0
905,20230814-3PM_750_37_1691_1,0.081,5.0,750,37,1691,1,-1.0915149811213503
906,20230814-3PM_750_37_1691_2,0.107,5.0,750,37,1691,2,-0.9706162223147904
907,20230814-3PM_750_37_1691_3,0.108,5.0,750,37,1691,3,-0.9665762445130504
908,20230814-3PM_750_37_1691_4,0.12,5.0,750,37,1691,4,-0.9208187539523752
909,20230814-3PM_750_37_1691_5,0.105,5.0,750,37,1691,5,-0.978810700930062
910,20230814-3PM_750_37_1691_6,0.098,5.0,750,37,1691,6,-1.0087739243075051
911,20230814-3PM_750_37_1691_7,0.136,5.0,750,37,1691,7,-0.8664610916297825
912,20230814-3PM_680_37_1690_0,0.157,5.0,680,37,1690,0,-0.8041003475907662
913,20230814-3PM_680_37_1690_1,0.124,5.0,680,37,1690,1,-0.906578314837765
914,20230814-3PM_680_37_1690_2,0.223,5.0,680,37,1690,2,-0.6516951369518393
915,20230814-3PM_680_37_1690_3,0.152,5.0,680,37,1690,3,-0.8181564120552275
916,20230814-3PM_680_37_1690_4,0.111,5.0,680,37,1690,4,-0.9546770212133425
917,20230814-3PM_680_37_1690_5,0.153,5.0,680,37,1690,5,-0.8153085691824012
918,20230814-3PM_680_37_1690_6,0.221,5.0,680,37,1690,6,-0.6556077263148893
919,20230814-3PM_680_37_1690_7,0.231,5.0,680,37,1690,7,-0.6363880201078557
920,20230814-3PM_750_37_1690_0,0.108,5.0,750,37,1690,0,-0.9665762445130504
921,20230814-3PM_750_37_1690_1,0.098,5.0,750,37,1690,1,-1.0087739243075051
922,20230814-3PM_750_37_1690_2,0.155,5.0,750,37,1690,2,-0.8096683018297085
923,20230814-3PM_750_37_1690_3,0.101,5.0,750,37,1690,3,-0.9956786262173574
924,20230814-3PM_750_37_1690_4,0.088,5.0,750,37,1690,4,-1.0555173278498313
925,20230814-3PM_750_37_1690_5,0.108,5.0,750,37,1690,5,-0.9665762445130504
926,20230814-3PM_750_37_1690_6,0.152,5.0,750,37,1690,6,-0.8181564120552275
927,20230814-3PM_750_37_1690_7,0.159,5.0,750,37,1690,7,-0.7986028756795485
928,20230814-3PM_680_37_2342_0,0.142,5.0,680,37,2342,0,-0.8477116556169435
929,20230814-3PM_680_37_2342_1,0.173,5.0,680,37,2342,1,-0.7619538968712046
930,20230814-3PM_680_37_2342_2,0.107,5.0,680,37,2342,2,-0.9706162223147904
931,20230814-3PM_680_37_2342_3,0.062,5.0,680,37,2342,3,-1.207608310501746
932,20230814-3PM_680_37_2342_4,0.105,5.0,680,37,2342,4,-0.978810700930062
933,20230814-3PM_680_37_2342_5,0.163,5.0,680,37,2342,5,-0.7878123955960422
934,20230814-3PM_680_37_2342_6,0.164,5.0,680,37,2342,6,-0.7851561519523022
935,20230814-3PM_680_37_2342_7,0.167,5.0,680,37,2342,7,-0.7772835288524167
936,20230814-3PM_750_37_2342_0,0.072,5.0,750,37,2342,0,-1.1426675035687315
937,20230814-3PM_750_37_2342_1,0.105,5.0,750,37,2342,1,-0.978810700930062
938,20230814-3PM_750_37_2342_2,0.102,5.0,750,37,2342,2,-0.9913998282380825
939,20230814-3PM_750_37_2342_3,0.085,5.0,750,37,2342,3,-1.0705810742857071
940,20230814-3PM_750_37_2342_4,0.091,5.0,750,37,2342,4,-1.0409586076789064
941,20230814-3PM_750_37_2342_5,0.075,5.0,750,37,2342,5,-1.1249387366083
942,20230814-3PM_750_37_2342_6,0.073,5.0,750,37,2342,6,-1.136677139879544
943,20230814-3PM_750_37_2342_7,0.098,5.0,750,37,2342,7,-1.0087739243075051
944,20230814-3PM_680_37_4532_0,0.067,5.0,680,37,4532,0,-1.1739251972991736
945,20230814-3PM_680_37_4532_1,0.1,5.0,680,37,4532,1,-1.0
946,20230814-3PM_680_37_4532_2,0.15,5.0,680,37,4532,2,-0.8239087409443188
947,20230814-3PM_680_37_4532_3,0.082,5.0,680,37,4532,3,-1.0861861476162833
948,20230814-3PM_680_37_4532_4,0.072,5.0,680,37,4532,4,-1.1426675035687315
949,20230814-3PM_680_37_4532_5,0.133,5.0,680,37,4532,5,-0.8761483590329142
950,20230814-3PM_680_37_4532_6,0.106,5.0,680,37,4532,6,-0.9746941347352298
951,20230814-3PM_680_37_4532_7,0.11,5.0,680,37,4532,7,-0.958607314841775
952,20230814-3PM_750_37_4532_0,0.073,5.0,750,37,4532,0,-1.136677139879544
953,20230814-3PM_750_37_4532_1,0.079,5.0,750,37,4532,1,-1.1023729087095586
954,20230814-3PM_750_37_4532_2,0.096,5.0,750,37,4532,2,-1.0177287669604316
955,20230814-3PM_750_37_4532_3,0.076,5.0,750,37,4532,3,-1.1191864077192086
956,20230814-3PM_750_37_4532_4,0.074,5.0,750,37,4532,4,-1.1307682802690238
957,20230814-3PM_750_37_4532_5,0.071,5.0,750,37,4532,5,-1.1487416512809248
958,20230814-3PM_750_37_4532_6,0.067,5.0,750,37,4532,6,-1.1739251972991736
959,20230814-3PM_750_37_4532_7,0.069,5.0,750,37,4532,7,-1.1611509092627446
960,20230814-3PM_680_37_2344_0,0.179,5.0,680,37,2344,0,-0.7471469690201068
961,20230814-3PM_680_37_2344_1,0.129,5.0,680,37,2344,1,-0.889410289700751
962,20230814-3PM_680_37_2344_2,0.164,5.0,680,37,2344,2,-0.7851561519523022
963,20230814-3PM_680_37_2344_3,0.108,5.0,680,37,2344,3,-0.9665762445130504
964,20230814-3PM_680_37_2344_4,0.147,5.0,680,37,2344,4,-0.8326826652518239
965,20230814-3PM_680_37_2344_5,0.137,5.0,680,37,2344,5,-0.8632794328435932
966,20230814-3PM_680_37_2344_6,0.143,5.0,680,37,2344,6,-0.8446639625349383
967,20230814-3PM_680_37_2344_7,0.15,5.0,680,37,2344,7,-0.8239087409443188
968,20230814-3PM_750_37_2344_0,0.101,5.0,750,37,2344,0,-0.9956786262173574
969,20230814-3PM_750_37_2344_1,0.1,5.0,750,37,2344,1,-1.0
970,20230814-3PM_750_37_2344_2,0.118,5.0,750,37,2344,2,-0.9281179926938746
971,20230814-3PM_750_37_2344_3,0.091,5.0,750,37,2344,3,-1.0409586076789064
972,20230814-3PM_750_37_2344_4,0.087,5.0,750,37,2344,4,-1.0604807473813815
973,20230814-3PM_750_37_2344_5,0.11,5.0,750,37,2344,5,-0.958607314841775
974,20230814-3PM_750_37_2344_6,0.107,5.0,750,37,2344,6,-0.9706162223147904
975,20230814-3PM_750_37_2344_7,0.114,5.0,750,37,2344,7,-0.9430951486635274
976,20230814-3PM_680_37_2343_0,0.168,5.0,680,37,2343,0,-0.7746907182741372
977,20230814-3PM_680_37_2343_1,0.125,5.0,680,37,2343,1,-0.9030899869919435
978,20230814-3PM_680_37_2343_2,0.13,5.0,680,37,2343,2,-0.8860566476931632
979,20230814-3PM_680_37_2343_3,0.157,5.0,680,37,2343,3,-0.8041003475907662
980,20230814-3PM_680_37_2343_4,0.133,5.0,680,37,2343,4,-0.8761483590329142
981,20230814-3PM_680_37_2343_5,0.136,5.0,680,37,2343,5,-0.8664610916297825
982,20230814-3PM_680_37_2343_6,0.105,5.0,680,37,2343,6,-0.978810700930062
983,20230814-3PM_680_37_2343_7,0.158,5.0,680,37,2343,7,-0.8013429130455774
984,20230814-3PM_750_37_2343_0,0.109,5.0,750,37,2343,0,-0.9625735020593764
985,20230814-3PM_750_37_2343_1,0.104,5.0,750,37,2343,1,-0.9829666607012196
986,20230814-3PM_750_37_2343_2,0.087,5.0,750,37,2343,2,-1.0604807473813815
987,20230814-3PM_750_37_2343_3,0.116,5.0,750,37,2343,3,-0.9355420107730815
988,20230814-3PM_750_37_2343_4,0.096,5.0,750,37,2343,4,-1.0177287669604316
989,20230814-3PM_750_37_2343_5,0.092,5.0,750,37,2343,5,-1.0362121726544447
990,20230814-3PM_750_37_2343_6,0.079,5.0,750,37,2343,6,-1.1023729087095586
991,20230814-3PM_750_37_2343_7,0.101,5.0,750,37,2343,7,-0.9956786262173574
992,20230814-3PM_680_37_1952_0,0.15,5.0,680,37,1952,0,-0.8239087409443188
993,20230814-3PM_680_37_1952_1,0.167,5.0,680,37,1952,1,-0.7772835288524167
994,20230814-3PM_680_37_1952_2,0.16,5.0,680,37,1952,2,-0.7958800173440752
995,20230814-3PM_680_37_1952_3,0.172,5.0,680,37,1952,3,-0.7644715530924511
996,20230814-3PM_680_37_1952_4,0.169,5.0,680,37,1952,4,-0.7721132953863264
997,20230814-3PM_680_37_1952_5,0.166,5.0,680,37,1952,5,-0.7798919119599449
998,20230814-3PM_680_37_1952_6,0.205,5.0,680,37,1952,6,-0.6882461389442457
999,20230814-3PM_680_37_1952_7,0.162,5.0,680,37,1952,7,-0.790484985457369
1000,20230814-3PM_750_37_1952_0,0.112,5.0,750,37,1952,0,-0.9507819773298184
1001,20230814-3PM_750_37_1952_1,0.111,5.0,750,37,1952,1,-0.9546770212133425
1002,20230814-3PM_750_37_1952_2,0.113,5.0,750,37,1952,2,-0.9469215565165803
1003,20230814-3PM_750_37_1952_3,0.118,5.0,750,37,1952,3,-0.9281179926938746
1004,20230814-3PM_750_37_1952_4,0.123,5.0,750,37,1952,4,-0.9100948885606021
1005,20230814-3PM_750_37_1952_5,0.118,5.0,750,37,1952,5,-0.9281179926938746
1006,20230814-3PM_750_37_1952_6,0.142,5.0,750,37,1952,6,-0.8477116556169435
1007,20230814-3PM_750_37_1952_7,0.115,5.0,750,37,1952,7,-0.9393021596463883
1008,20230814-3PM_680_37_2931_0,0.078,5.0,680,37,2931,0,-1.1079053973095196
1009,20230814-3PM_680_37_2931_1,0.103,5.0,680,37,2931,1,-0.9871627752948278
1010,20230814-3PM_680_37_2931_2,0.137,5.0,680,37,2931,2,-0.8632794328435932
1011,20230814-3PM_680_37_2931_3,0.111,5.0,680,37,2931,3,-0.9546770212133425
1012,20230814-3PM_680_37_2931_4,0.135,5.0,680,37,2931,4,-0.8696662315049939
1013,20230814-3PM_680_37_2931_5,0.091,5.0,680,37,2931,5,-1.0409586076789064
1014,20230814-3PM_680_37_2931_6,0.081,5.0,680,37,2931,6,-1.0915149811213503
1015,20230814-3PM_680_37_2931_7,0.104,5.0,680,37,2931,7,-0.9829666607012196
1016,20230814-3PM_750_37_2931_0,0.087,5.0,750,37,2931,0,-1.0604807473813815
1017,20230814-3PM_750_37_2931_1,0.084,5.0,750,37,2931,1,-1.0757207139381184
1018,20230814-3PM_750_37_2931_2,0.101,5.0,750,37,2931,2,-0.9956786262173574
1019,20230814-3PM_750_37_2931_3,0.086,5.0,750,37,2931,3,-1.0655015487564323
1020,20230814-3PM_750_37_2931_4,0.113,5.0,750,37,2931,4,-0.9469215565165803
1021,20230814-3PM_750_37_2931_5,0.074,5.0,750,37,2931,5,-1.1307682802690238
1022,20230814-3PM_750_37_2931_6,0.072,5.0,750,37,2931,6,-1.1426675035687315
1023,20230814-3PM_750_37_2931_7,0.078,5.0,750,37,2931,7,-1.1079053973095196
1024,20230814-3PM_680_37_JG5_0,0.128,5.0,680,37,JG5,0,-0.8927900303521317
1025,20230814-3PM_680_37_JG5_1,0.127,5.0,680,37,JG5,1,-0.8961962790440431
1026,20230814-3PM_680_37_JG5_2,0.077,5.0,680,37,JG5,2,-1.1135092748275182
1027,20230814-3PM_680_37_JG5_3,0.065,5.0,680,37,JG5,3,-1.1870866433571443
1028,20230814-3PM_680_37_JG5_4,0.173,5.0,680,37,JG5,4,-0.7619538968712046
1029,20230814-3PM_680_37_JG5_5,0.111,5.0,680,37,JG5,5,-0.9546770212133425
1030,20230814-3PM_680_37_JG5_6,0.073,5.0,680,37,JG5,6,-1.136677139879544
1031,20230814-3PM_680_37_JG5_7,0.067,5.0,680,37,JG5,7,-1.1739251972991736
1032,20230814-3PM_750_37_JG5_0,0.099,5.0,750,37,JG5,0,-1.00436480540245
1033,20230814-3PM_750_37_JG5_1,0.104,5.0,750,37,JG5,1,-0.9829666607012196
1034,20230814-3PM_750_37_JG5_2,0.073,5.0,750,37,JG5,2,-1.136677139879544
1035,20230814-3PM_750_37_JG5_3,0.055,5.0,750,37,JG5,3,-1.2596373105057561
1036,20230814-3PM_750_37_JG5_4,0.109,5.0,750,37,JG5,4,-0.9625735020593764
1037,20230814-3PM_750_37_JG5_5,0.092,5.0,750,37,JG5,5,-1.0362121726544447
1038,20230814-3PM_750_37_JG5_6,0.063,5.0,750,37,JG5,6,-1.2006594505464183
1039,20230814-3PM_750_37_JG5_7,0.06,5.0,750,37,JG5,7,-1.2218487496163564
1040,20230814-3PM_680_37_BMS_0,0.182,5.0,680,37,BMS,0,-0.7399286120149252
1041,20230814-3PM_680_37_BMS_1,0.193,5.0,680,37,BMS,1,-0.7144426909922262
1042,20230814-3PM_680_37_BMS_2,0.135,5.0,680,37,BMS,2,-0.8696662315049939
1043,20230814-3PM_680_37_BMS_3,0.15,5.0,680,37,BMS,3,-0.8239087409443188
1044,20230814-3PM_680_37_BMS_4,0.17,5.0,680,37,BMS,4,-0.769551078621726
1045,20230814-3PM_680_37_BMS_5,0.175,5.0,680,37,BMS,5,-0.7569619513137056
1046,20230814-3PM_680_37_BMS_6,0.166,5.0,680,37,BMS,6,-0.7798919119599449
1047,20230814-3PM_680_37_BMS_7,0.171,5.0,680,37,BMS,7,-0.7670038896078462
1048,20230814-3PM_750_37_BMS_0,0.113,5.0,750,37,BMS,0,-0.9469215565165803
1049,20230814-3PM_750_37_BMS_1,0.121,5.0,750,37,BMS,1,-0.9172146296835499
1050,20230814-3PM_750_37_BMS_2,0.092,5.0,750,37,BMS,2,-1.0362121726544447
1051,20230814-3PM_750_37_BMS_3,0.103,5.0,750,37,BMS,3,-0.9871627752948278
1052,20230814-3PM_750_37_BMS_4,0.113,5.0,750,37,BMS,4,-0.9469215565165803
1053,20230814-3PM_750_37_BMS_5,0.114,5.0,750,37,BMS,5,-0.9430951486635274
1054,20230814-3PM_750_37_BMS_6,0.107,5.0,750,37,BMS,6,-0.9706162223147904
1055,20230814-3PM_750_37_BMS_7,0.113,5.0,750,37,BMS,7,-0.9469215565165803
1056,20230815-3PM_680_25_3059_0,0.619,29.0,680,25,3059,0,-0.208309350979882
1057,20230815-3PM_680_25_3059_1,0.467,29.0,680,25,3059,1,-0.33068311943388784
1058,20230815-3PM_680_25_3059_2,0.532,29.0,680,25,3059,2,-0.2740883677049518
1059,20230815-3PM_680_25_3059_3,0.772,29.0,680,25,3059,3,-0.11238269966426384
1060,20230815-3PM_680_25_3059_4,0.93,29.0,680,25,3059,4,-0.03151705144606486
1061,20230815-3PM_680_25_3059_5,0.59,29.0,680,25,3059,5,-0.22914798835785583
1062,20230815-3PM_680_25_3059_6,0.485,29.0,680,25,3059,6,-0.3142582613977364
1063,20230815-3PM_680_25_3059_7,0.588,29.0,680,25,3059,7,-0.23062267392386154
1064,20230815-3PM_750_25_3059_0,0.298,29.0,750,25,3059,0,-0.5257837359237448
1065,20230815-3PM_750_25_3059_1,0.244,29.0,750,25,3059,1,-0.6126101736612706
1066,20230815-3PM_750_25_3059_2,0.265,29.0,750,25,3059,2,-0.5767541260631921
1067,20230815-3PM_750_25_3059_3,0.323,29.0,750,25,3059,3,-0.4907974776688971
1068,20230815-3PM_750_25_3059_4,0.435,29.0,750,25,3059,4,-0.3615107430453627
1069,20230815-3PM_750_25_3059_5,0.302,29.0,750,25,3059,5,-0.5199930570428494
1070,20230815-3PM_750_25_3059_6,0.262,29.0,750,25,3059,6,-0.5816987086802545
1071,20230815-3PM_750_25_3059_7,0.281,29.0,750,25,3059,7,-0.5512936800949201
1072,20230815-3PM_680_25_1691_0,0.533,29.0,680,25,1691,0,-0.2732727909734277
1073,20230815-3PM_680_25_1691_1,0.413,29.0,680,25,1691,1,-0.384049948343599
1074,20230815-3PM_680_25_1691_2,0.502,29.0,680,25,1691,2,-0.29929628285498067
1075,20230815-3PM_680_25_1691_3,0.442,29.0,680,25,1691,3,-0.3545777306509081
1076,20230815-3PM_680_25_1691_4,0.375,29.0,680,25,1691,4,-0.42596873227228116
1077,20230815-3PM_680_25_1691_5,0.464,29.0,680,25,1691,5,-0.3334820194451191
1078,20230815-3PM_680_25_1691_6,0.393,29.0,680,25,1691,6,-0.4056074496245733
1079,20230815-3PM_680_25_1691_7,0.417,29.0,680,25,1691,7,-0.3798639450262425
1080,20230815-3PM_750_25_1691_0,0.184,29.0,750,25,1691,0,-0.7351821769904635
1081,20230815-3PM_750_25_1691_1,0.162,29.0,750,25,1691,1,-0.790484985457369
1082,20230815-3PM_750_25_1691_2,0.2,29.0,750,25,1691,2,-0.6989700043360187
1083,20230815-3PM_750_25_1691_3,0.21,29.0,750,25,1691,3,-0.6777807052660807
1084,20230815-3PM_750_25_1691_4,0.176,29.0,750,25,1691,4,-0.7544873321858502
1085,20230815-3PM_750_25_1691_5,0.224,29.0,750,25,1691,5,-0.6497519816658371
1086,20230815-3PM_750_25_1691_6,0.175,29.0,750,25,1691,6,-0.7569619513137056
1087,20230815-3PM_750_25_1691_7,0.188,29.0,750,25,1691,7,-0.7258421507363202
1088,20230815-3PM_680_25_1690_0,0.807,29.0,680,25,1690,0,-0.09312646527792956
1089,20230815-3PM_680_25_1690_1,0.85,29.0,680,25,1690,1,-0.07058107428570728
1090,20230815-3PM_680_25_1690_2,0.761,29.0,680,25,1690,2,-0.11861534322942717
1091,20230815-3PM_680_25_1690_3,0.54,29.0,680,25,1690,3,-0.26760624017703144
1092,20230815-3PM_680_25_1690_4,0.495,29.0,680,25,1690,4,-0.3053948010664313
1093,20230815-3PM_680_25_1690_5,0.324,29.0,680,25,1690,5,-0.48945498979338786
1094,20230815-3PM_680_25_1690_6,0.712,29.0,680,25,1690,6,-0.14752000636314366
1095,20230815-3PM_680_25_1690_7,1.069,29.0,680,25,1690,7,0.028977705208777998
1096,20230815-3PM_750_25_1690_0,0.435,29.0,750,25,1690,0,-0.3615107430453627
1097,20230815-3PM_750_25_1690_1,0.454,29.0,750,25,1690,1,-0.34294414714289606
1098,20230815-3PM_750_25_1690_2,0.386,29.0,750,25,1690,2,-0.41341269532824504
1099,20230815-3PM_750_25_1690_3,0.259,29.0,750,25,1690,3,-0.5867002359187482
1100,20230815-3PM_750_25_1690_4,0.228,29.0,750,25,1690,4,-0.6420651529995461
1101,20230815-3PM_750_25_1690_5,0.206,29.0,750,25,1690,5,-0.6861327796308466
1102,20230815-3PM_750_25_1690_6,0.386,29.0,750,25,1690,6,-0.41341269532824504
1103,20230815-3PM_750_25_1690_7,0.566,29.0,750,25,1690,7,-0.24718356881172862
1104,20230815-3PM_680_25_2342_0,0.382,29.0,680,25,2342,0,-0.41793663708829126
1105,20230815-3PM_680_25_2342_1,0.375,29.0,680,25,2342,1,-0.42596873227228116
1106,20230815-3PM_680_25_2342_2,0.182,29.0,680,25,2342,2,-0.7399286120149252
1107,20230815-3PM_680_25_2342_3,0.397,29.0,680,25,2342,3,-0.40120949323688493
1108,20230815-3PM_680_25_2342_4,0.683,29.0,680,25,2342,4,-0.1655792963184674
1109,20230815-3PM_680_25_2342_5,0.778,29.0,680,25,2342,5,-0.10902040301031106
1110,20230815-3PM_680_25_2342_6,0.359,29.0,680,25,2342,6,-0.44490555142168087
1111,20230815-3PM_680_25_2342_7,0.836,29.0,680,25,2342,7,-0.07779372256098363
1112,20230815-3PM_750_25_2342_0,0.154,29.0,750,25,2342,0,-0.8124792791635369
1113,20230815-3PM_750_25_2342_1,0.132,29.0,750,25,2342,1,-0.8794260687941501
1114,20230815-3PM_750_25_2342_2,0.102,29.0,750,25,2342,2,-0.9913998282380825
1115,20230815-3PM_750_25_2342_3,0.129,29.0,750,25,2342,3,-0.889410289700751
1116,20230815-3PM_750_25_2342_4,0.305,29.0,750,25,2342,4,-0.5157001606532142
1117,20230815-3PM_750_25_2342_5,0.416,29.0,750,25,2342,5,-0.3809066693732573
1118,20230815-3PM_750_25_2342_6,0.174,29.0,750,25,2342,6,-0.7594507517174003
1119,20230815-3PM_750_25_2342_7,0.264,29.0,750,25,2342,7,-0.5783960731301689
1120,20230815-3PM_680_25_4532_0,0.749,29.0,680,25,4532,0,-0.12551818230053352
1121,20230815-3PM_680_25_4532_1,0.433,29.0,680,25,4532,1,-0.36351210364663455
1122,20230815-3PM_680_25_4532_2,0.498,29.0,680,25,4532,2,-0.30277065724028246
1123,20230815-3PM_680_25_4532_3,0.584,29.0,680,25,4532,3,-0.23358715288760054
1124,20230815-3PM_680_25_4532_4,0.486,29.0,680,25,4532,4,-0.3133637307377066
1125,20230815-3PM_680_25_4532_5,0.497,29.0,680,25,4532,5,-0.3036436112666679
1126,20230815-3PM_680_25_4532_6,0.705,29.0,680,25,4532,6,-0.15181088300860132
1127,20230815-3PM_680_25_4532_7,0.302,29.0,680,25,4532,7,-0.5199930570428494
1128,20230815-3PM_750_25_4532_0,0.39,29.0,750,25,4532,0,-0.4089353929735008
1129,20230815-3PM_750_25_4532_1,0.175,29.0,750,25,4532,1,-0.7569619513137056
1130,20230815-3PM_750_25_4532_2,0.279,29.0,750,25,4532,2,-0.5543957967264024
1131,20230815-3PM_750_25_4532_3,0.305,29.0,750,25,4532,3,-0.5157001606532142
1132,20230815-3PM_750_25_4532_4,0.196,29.0,750,25,4532,4,-0.707743928643524
1133,20230815-3PM_750_25_4532_5,0.261,29.0,750,25,4532,5,-0.583359492661719
1134,20230815-3PM_750_25_4532_6,0.346,29.0,750,25,4532,6,-0.46092390120722343
1135,20230815-3PM_750_25_4532_7,0.162,29.0,750,25,4532,7,-0.790484985457369
1136,20230815-3PM_680_25_2344_0,0.304,29.0,680,25,2344,0,-0.5171264163912462
1137,20230815-3PM_680_25_2344_1,0.273,29.0,680,25,2344,1,-0.563837352959244
1138,20230815-3PM_680_25_2344_2,0.296,29.0,680,25,2344,2,-0.5287082889410615
1139,20230815-3PM_680_25_2344_3,0.246,29.0,680,25,2344,3,-0.6090648928966209
1140,20230815-3PM_680_25_2344_4,0.391,29.0,680,25,2344,4,-0.40782324260413316
1141,20230815-3PM_680_25_2344_5,0.269,29.0,680,25,2344,5,-0.5702477199975919
1142,20230815-3PM_680_25_2344_6,0.448,29.0,680,25,2344,6,-0.348721986001856
1143,20230815-3PM_680_25_2344_7,0.186,29.0,680,25,2344,7,-0.7304870557820837
1144,20230815-3PM_750_25_2344_0,0.202,29.0,750,25,2344,0,-0.6946486305533762
1145,20230815-3PM_750_25_2344_1,0.177,29.0,750,25,2344,1,-0.7520267336381934
1146,20230815-3PM_750_25_2344_2,0.205,29.0,750,25,2344,2,-0.6882461389442457
1147,20230815-3PM_750_25_2344_3,0.182,29.0,750,25,2344,3,-0.7399286120149252
1148,20230815-3PM_750_25_2344_4,0.247,29.0,750,25,2344,4,-0.6073030467403343
1149,20230815-3PM_750_25_2344_5,0.195,29.0,750,25,2344,5,-0.7099653886374819
1150,20230815-3PM_750_25_2344_6,0.282,29.0,750,25,2344,6,-0.549750891680639
1151,20230815-3PM_750_25_2344_7,0.148,29.0,750,25,2344,7,-0.8297382846050426
1152,20230815-3PM_680_25_2343_0,0.672,29.0,680,25,2343,0,-0.17263072694617473
1153,20230815-3PM_680_25_2343_1,0.597,29.0,680,25,2343,1,-0.22402566887063094
1154,20230815-3PM_680_25_2343_2,0.538,29.0,680,25,2343,2,-0.2692177243336108
1155,20230815-3PM_680_25_2343_3,0.691,29.0,680,25,2343,3,-0.16052195262580163
1156,20230815-3PM_680_25_2343_4,0.747,29.0,680,25,2343,4,-0.12667939818460122
1157,20230815-3PM_680_25_2343_5,0.591,29.0,680,25,2343,5,-0.22841251911874466
1158,20230815-3PM_680_25_2343_6,0.526,29.0,680,25,2343,6,-0.27901425584626094
1159,20230815-3PM_680_25_2343_7,0.559,29.0,680,25,2343,7,-0.25258819211357664
1160,20230815-3PM_750_25_2343_0,0.346,29.0,750,25,2343,0,-0.46092390120722343
1161,20230815-3PM_750_25_2343_1,0.358,29.0,750,25,2343,1,-0.44611697335612566
1162,20230815-3PM_750_25_2343_2,0.265,29.0,750,25,2343,2,-0.5767541260631921
1163,20230815-3PM_750_25_2343_3,0.412,29.0,750,25,2343,3,-0.3851027839668654
1164,20230815-3PM_750_25_2343_4,0.428,29.0,750,25,2343,4,-0.368556230986828
1165,20230815-3PM_750_25_2343_5,0.361,29.0,750,25,2343,5,-0.4424927980943421
1166,20230815-3PM_750_25_2343_6,0.315,29.0,750,25,2343,6,-0.5016894462103995
1167,20230815-3PM_750_25_2343_7,0.348,29.0,750,25,2343,7,-0.4584207560534191
1168,20230815-3PM_680_25_1952_0,0.247,29.0,680,25,1952,0,-0.6073030467403343
1169,20230815-3PM_680_25_1952_1,0.529,29.0,680,25,1952,1,-0.2765443279648142
1170,20230815-3PM_680_25_1952_2,0.523,29.0,680,25,1952,2,-0.2814983111327257
1171,20230815-3PM_680_25_1952_3,0.713,29.0,680,25,1952,3,-0.14691047014813446
1172,20230815-3PM_680_25_1952_4,0.521,29.0,680,25,1952,4,-0.2831622767004755
1173,20230815-3PM_680_25_1952_5,0.611,29.0,680,25,1952,5,-0.21395878975744578
1174,20230815-3PM_680_25_1952_6,0.682,29.0,680,25,1952,6,-0.16621562534352105
1175,20230815-3PM_680_25_1952_7,0.513,29.0,680,25,1952,7,-0.2898826348881837
1176,20230815-3PM_750_25_1952_0,0.165,29.0,750,25,1952,0,-0.7825160557860937
1177,20230815-3PM_750_25_1952_1,0.298,29.0,750,25,1952,1,-0.5257837359237448
1178,20230815-3PM_750_25_1952_2,0.295,29.0,750,25,1952,2,-0.530177984021837
1179,20230815-3PM_750_25_1952_3,0.404,29.0,750,25,1952,3,-0.393618634889395
1180,20230815-3PM_750_25_1952_4,0.312,29.0,750,25,1952,4,-0.5058454059815573
1181,20230815-3PM_750_25_1952_5,0.342,29.0,750,25,1952,5,-0.46597389394386496
1182,20230815-3PM_750_25_1952_6,0.374,29.0,750,25,1952,6,-0.42712839779951983
1183,20230815-3PM_750_25_1952_7,0.306,29.0,750,25,1952,7,-0.51427857351842
1184,20230815-3PM_680_25_2931_0,1.01,29.0,680,25,2931,0,0.004321373782642578
1185,20230815-3PM_680_25_2931_1,0.331,29.0,680,25,2931,1,-0.48017200622428124
1186,20230815-3PM_680_25_2931_2,0.336,29.0,680,25,2931,2,-0.4736607226101559
1187,20230815-3PM_680_25_2931_3,0.531,29.0,680,25,2931,3,-0.2749054789185309
1188,20230815-3PM_680_25_2931_4,0.551,29.0,680,25,2931,4,-0.2588484011482149
1189,20230815-3PM_680_25_2931_5,0.354,29.0,680,25,2931,5,-0.4509967379742122
1190,20230815-3PM_680_25_2931_6,0.618,29.0,680,25,2931,6,-0.20901152491118416
1191,20230815-3PM_680_25_2931_7,0.445,29.0,680,25,2931,7,-0.3516399890190684
1192,20230815-3PM_750_25_2931_0,0.512,29.0,750,25,2931,0,-0.2907300390241692
1193,20230815-3PM_750_25_2931_1,0.188,29.0,750,25,2931,1,-0.7258421507363202
1194,20230815-3PM_750_25_2931_2,0.196,29.0,750,25,2931,2,-0.707743928643524
1195,20230815-3PM_750_25_2931_3,0.308,29.0,750,25,2931,3,-0.5114492834995558
1196,20230815-3PM_750_25_2931_4,0.288,29.0,750,25,2931,4,-0.5406075122407692
1197,20230815-3PM_750_25_2931_5,0.212,29.0,750,25,2931,5,-0.6736641390712486
1198,20230815-3PM_750_25_2931_6,0.351,29.0,750,25,2931,6,-0.4546928835341759
1199,20230815-3PM_750_25_2931_7,0.256,29.0,750,25,2931,7,-0.5917600346881504
1200,20230815-3PM_680_25_JG5_0,0.49,29.0,680,25,JG5,0,-0.3098039199714863
1201,20230815-3PM_680_25_JG5_1,0.314,29.0,680,25,JG5,1,-0.5030703519267851
1202,20230815-3PM_680_25_JG5_2,0.918,29.0,680,25,JG5,2,-0.03715731879875755
1203,20230815-3PM_680_25_JG5_3,0.774,29.0,680,25,JG5,3,-0.11125903931710739
1204,20230815-3PM_680_25_JG5_4,0.807,29.0,680,25,JG5,4,-0.09312646527792956
1205,20230815-3PM_680_25_JG5_5,0.439,29.0,680,25,JG5,5,-0.35753547975787864
1206,20230815-3PM_680_25_JG5_6,0.216,29.0,680,25,JG5,6,-0.6655462488490691
1207,20230815-3PM_680_25_JG5_7,0.317,29.0,680,25,JG5,7,-0.4989407377822485
1208,20230815-3PM_750_25_JG5_0,0.278,29.0,750,25,JG5,0,-0.5559552040819237
1209,20230815-3PM_750_25_JG5_1,0.185,29.0,750,25,JG5,1,-0.7328282715969862
1210,20230815-3PM_750_25_JG5_2,0.438,29.0,750,25,JG5,2,-0.3585258894959005
1211,20230815-3PM_750_25_JG5_3,0.374,29.0,750,25,JG5,3,-0.42712839779951983
1212,20230815-3PM_750_25_JG5_4,0.384,29.0,750,25,JG5,4,-0.4156687756324692
1213,20230815-3PM_750_25_JG5_5,0.241,29.0,750,25,JG5,5,-0.6179829574251317
1214,20230815-3PM_750_25_JG5_6,0.132,29.0,750,25,JG5,6,-0.8794260687941501
1215,20230815-3PM_750_25_JG5_7,0.179,29.0,750,25,JG5,7,-0.7471469690201068
1216,20230815-3PM_680_25_BMS_0,0.679,29.0,680,25,BMS,0,-0.1681302257194983
1217,20230815-3PM_680_25_BMS_1,0.765,29.0,680,25,BMS,1,-0.11633856484638239
1218,20230815-3PM_680_25_BMS_2,0.631,29.0,680,25,BMS,2,-0.19997064075586568
1219,20230815-3PM_680_25_BMS_3,0.705,29.0,680,25,BMS,3,-0.15181088300860132
1220,20230815-3PM_680_25_BMS_4,0.635,29.0,680,25,BMS,4,-0.1972262747080243
1221,20230815-3PM_680_25_BMS_5,0.515,29.0,680,25,BMS,5,-0.28819277095880896
1222,20230815-3PM_680_25_BMS_6,0.594,29.0,680,25,BMS,6,-0.22621355501880647
1223,20230815-3PM_680_25_BMS_7,0.36,29.0,680,25,BMS,7,-0.44369749923271273
1224,20230815-3PM_750_25_BMS_0,0.371,29.0,750,25,BMS,0,-0.43062609038495414
1225,20230815-3PM_750_25_BMS_1,0.419,29.0,750,25,BMS,1,-0.3777859770337047
1226,20230815-3PM_750_25_BMS_2,0.354,29.0,750,25,BMS,2,-0.4509967379742122
1227,20230815-3PM_750_25_BMS_3,0.387,29.0,750,25,BMS,3,-0.4122890349810886
1228,20230815-3PM_750_25_BMS_4,0.356,29.0,750,25,BMS,4,-0.44855000202712486
1229,20230815-3PM_750_25_BMS_5,0.293,29.0,750,25,BMS,5,-0.5331323796458906
1230,20230815-3PM_750_25_BMS_6,0.332,29.0,750,25,BMS,6,-0.4788619162959637
1231,20230815-3PM_750_25_BMS_7,0.195,29.0,750,25,BMS,7,-0.7099653886374819
1232,20230815-3PM_680_39_3059_0,0.312,29.0,680,39,3059,0,-0.5058454059815573
1233,20230815-3PM_680_39_3059_1,0.304,29.0,680,39,3059,1,-0.5171264163912462
1234,20230815-3PM_680_39_3059_2,0.296,29.0,680,39,3059,2,-0.5287082889410615
1235,20230815-3PM_680_39_3059_3,0.564,29.0,680,39,3059,3,-0.24872089601665776
1236,20230815-3PM_680_39_3059_4,0.568,29.0,680,39,3059,4,-0.24565166428898116
1237,20230815-3PM_680_39_3059_5,0.262,29.0,680,39,3059,5,-0.5816987086802545
1238,20230815-3PM_680_39_3059_6,0.22,29.0,680,39,3059,6,-0.6575773191777937
1239,20230815-3PM_680_39_3059_7,0.467,29.0,680,39,3059,7,-0.33068311943388784
1240,20230815-3PM_750_39_3059_0,0.181,29.0,750,39,3059,0,-0.7423214251308154
1241,20230815-3PM_750_39_3059_1,0.185,29.0,750,39,3059,1,-0.7328282715969862
1242,20230815-3PM_750_39_3059_2,0.173,29.0,750,39,3059,2,-0.7619538968712046
1243,20230815-3PM_750_39_3059_3,0.302,29.0,750,39,3059,3,-0.5199930570428494
1244,20230815-3PM_750_39_3059_4,0.314,29.0,750,39,3059,4,-0.5030703519267851
1245,20230815-3PM_750_39_3059_5,0.154,29.0,750,39,3059,5,-0.8124792791635369
1246,20230815-3PM_750_39_3059_6,0.138,29.0,750,39,3059,6,-0.8601209135987634
1247,20230815-3PM_750_39_3059_7,0.25,29.0,750,39,3059,7,-0.6020599913279624
1248,20230815-3PM_680_39_1691_0,0.545,29.0,680,39,1691,0,-0.2636034977233575
1249,20230815-3PM_680_39_1691_1,0.455,29.0,680,39,1691,1,-0.34198860334288755
1250,20230815-3PM_680_39_1691_2,0.489,29.0,680,39,1691,2,-0.3106911408763798
1251,20230815-3PM_680_39_1691_3,0.579,29.0,680,39,1691,3,-0.23732143627256383
1252,20230815-3PM_680_39_1691_4,0.559,29.0,680,39,1691,4,-0.25258819211357664
1253,20230815-3PM_680_39_1691_5,0.815,29.0,680,39,1691,5,-0.08884239126002341
1254,20230815-3PM_680_39_1691_6,0.848,29.0,680,39,1691,6,-0.07160414774328619
1255,20230815-3PM_680_39_1691_7,0.694,29.0,680,39,1691,7,-0.15864052954514513
1256,20230815-3PM_750_39_1691_0,0.279,29.0,750,39,1691,0,-0.5543957967264024
1257,20230815-3PM_750_39_1691_1,0.249,29.0,750,39,1691,1,-0.6038006529042637
1258,20230815-3PM_750_39_1691_2,0.264,29.0,750,39,1691,2,-0.5783960731301689
1259,20230815-3PM_750_39_1691_3,0.309,29.0,750,39,1691,3,-0.5100415205751654
1260,20230815-3PM_750_39_1691_4,0.303,29.0,750,39,1691,4,-0.518557371497695
1261,20230815-3PM_750_39_1691_5,0.475,29.0,750,39,1691,5,-0.3233063903751334
1262,20230815-3PM_750_39_1691_6,0.458,29.0,750,39,1691,6,-0.3391345219961308
1263,20230815-3PM_750_39_1691_7,0.383,29.0,750,39,1691,7,-0.41680122603137726
1264,20230815-3PM_680_39_1690_0,0.437,29.0,680,39,1690,0,-0.3595185630295782
1265,20230815-3PM_680_39_1690_1,0.309,29.0,680,39,1690,1,-0.5100415205751654
1266,20230815-3PM_680_39_1690_2,0.271,29.0,680,39,1690,2,-0.5670307091255943
1267,20230815-3PM_680_39_1690_3,0.533,29.0,680,39,1690,3,-0.2732727909734277
1268,20230815-3PM_680_39_1690_4,0.291,29.0,680,39,1690,4,-0.5361070110140927
1269,20230815-3PM_680_39_1690_5,0.409,29.0,680,39,1690,5,-0.38827669199265824
1270,20230815-3PM_680_39_1690_6,0.574,29.0,680,39,1690,6,-0.2410881076020265
1271,20230815-3PM_680_39_1690_7,0.459,29.0,680,39,1690,7,-0.33818731446273875
1272,20230815-3PM_750_39_1690_0,0.266,29.0,750,39,1690,0,-0.575118363368933
1273,20230815-3PM_750_39_1690_1,0.22,29.0,750,39,1690,1,-0.6575773191777937
1274,20230815-3PM_750_39_1690_2,0.196,29.0,750,39,1690,2,-0.707743928643524
1275,20230815-3PM_750_39_1690_3,0.292,29.0,750,39,1690,3,-0.5346171485515817
1276,20230815-3PM_750_39_1690_4,0.206,29.0,750,39,1690,4,-0.6861327796308466
1277,20230815-3PM_750_39_1690_5,0.282,29.0,750,39,1690,5,-0.549750891680639
1278,20230815-3PM_750_39_1690_6,0.369,29.0,750,39,1690,6,-0.4329736338409396
1279,20230815-3PM_750_39_1690_7,0.303,29.0,750,39,1690,7,-0.518557371497695
1280,20230815-3PM_680_39_2342_0,0.366,29.0,680,39,2342,0,-0.43651891460558934
1281,20230815-3PM_680_39_2342_1,0.688,29.0,680,39,2342,1,-0.16241156176448873
1282,20230815-3PM_680_39_2342_2,0.518,29.0,680,39,2342,2,-0.28567024025476695
1283,20230815-3PM_680_39_2342_3,0.493,29.0,680,39,2342,3,-0.30715308072277
1284,20230815-3PM_680_39_2342_4,0.311,29.0,680,39,2342,4,-0.5072396109731625
1285,20230815-3PM_680_39_2342_5,0.486,29.0,680,39,2342,5,-0.3133637307377066
1286,20230815-3PM_680_39_2342_6,1.03,29.0,680,39,2342,6,0.012837224705172217
1287,20230815-3PM_680_39_2342_7,0.412,29.0,680,39,2342,7,-0.3851027839668654
1288,20230815-3PM_750_39_2342_0,0.223,29.0,750,39,2342,0,-0.6516951369518393
1289,20230815-3PM_750_39_2342_1,0.388,29.0,750,39,2342,1,-0.41116827440579273
1290,20230815-3PM_750_39_2342_2,0.3,29.0,750,39,2342,2,-0.5228787452803376
1291,20230815-3PM_750_39_2342_3,0.275,29.0,750,39,2342,3,-0.5606673061697374
1292,20230815-3PM_750_39_2342_4,0.183,29.0,750,39,2342,4,-0.7375489102695706
1293,20230815-3PM_750_39_2342_5,0.286,29.0,750,39,2342,5,-0.543633966870957
1294,20230815-3PM_750_39_2342_6,0.617,29.0,750,39,2342,6,-0.20971483596675833
1295,20230815-3PM_750_39_2342_7,0.252,29.0,750,39,2342,7,-0.5985994592184559
1296,20230815-3PM_680_39_4532_0,0.755,29.0,680,39,4532,0,-0.12205304837081175
1297,20230815-3PM_680_39_4532_1,0.617,29.0,680,39,4532,1,-0.20971483596675833
1298,20230815-3PM_680_39_4532_2,0.563,29.0,680,39,4532,2,-0.24949160514865382
1299,20230815-3PM_680_39_4532_3,0.505,29.0,680,39,4532,3,-0.2967086218813386
1300,20230815-3PM_680_39_4532_4,0.655,29.0,680,39,4532,4,-0.18375870000821692
1301,20230815-3PM_680_39_4532_5,0.536,29.0,680,39,4532,5,-0.27083521030722996
1302,20230815-3PM_680_39_4532_6,0.483,29.0,680,39,4532,6,-0.31605286924848786
1303,20230815-3PM_680_39_4532_7,0.629,29.0,680,39,4532,7,-0.20134935455473107
1304,20230815-3PM_750_39_4532_0,0.44,29.0,750,39,4532,0,-0.3565473235138126
1305,20230815-3PM_750_39_4532_1,0.4,29.0,750,39,4532,1,-0.3979400086720376
1306,20230815-3PM_750_39_4532_2,0.365,29.0,750,39,4532,2,-0.4377071355435253
1307,20230815-3PM_750_39_4532_3,0.336,29.0,750,39,4532,3,-0.4736607226101559
1308,20230815-3PM_750_39_4532_4,0.392,29.0,750,39,4532,4,-0.4067139329795427
1309,20230815-3PM_750_39_4532_5,0.343,29.0,750,39,4532,5,-0.46470587995722945
1310,20230815-3PM_750_39_4532_6,0.328,29.0,750,39,4532,6,-0.4841261562883209
1311,20230815-3PM_750_39_4532_7,0.407,29.0,750,39,4532,7,-0.39040559077478
1312,20230815-3PM_680_39_2344_0,0.429,29.0,680,39,2344,0,-0.36754270781527576
1313,20230815-3PM_680_39_2344_1,0.257,29.0,680,39,2344,1,-0.5900668766687055
1314,20230815-3PM_680_39_2344_2,0.413,29.0,680,39,2344,2,-0.384049948343599
1315,20230815-3PM_680_39_2344_3,0.305,29.0,680,39,2344,3,-0.5157001606532142
1316,20230815-3PM_680_39_2344_4,0.313,29.0,680,39,2344,4,-0.5044556624535516
1317,20230815-3PM_680_39_2344_5,0.436,29.0,680,39,2344,5,-0.36051351073141397
1318,20230815-3PM_680_39_2344_6,0.497,29.0,680,39,2344,6,-0.3036436112666679
1319,20230815-3PM_680_39_2344_7,0.262,29.0,680,39,2344,7,-0.5816987086802545
1320,20230815-3PM_750_39_2344_0,0.303,29.0,750,39,2344,0,-0.518557371497695
1321,20230815-3PM_750_39_2344_1,0.177,29.0,750,39,2344,1,-0.7520267336381934
1322,20230815-3PM_750_39_2344_2,0.29,29.0,750,39,2344,2,-0.5376020021010439
1323,20230815-3PM_750_39_2344_3,0.223,29.0,750,39,2344,3,-0.6516951369518393
1324,20230815-3PM_750_39_2344_4,0.218,29.0,750,39,2344,4,-0.6615435063953952
1325,20230815-3PM_750_39_2344_5,0.306,29.0,750,39,2344,5,-0.51427857351842
1326,20230815-3PM_750_39_2344_6,0.313,29.0,750,39,2344,6,-0.5044556624535516
1327,20230815-3PM_750_39_2344_7,0.199,29.0,750,39,2344,7,-0.7011469235902933
1328,20230815-3PM_680_39_2343_0,0.515,29.0,680,39,2343,0,-0.28819277095880896
1329,20230815-3PM_680_39_2343_1,0.755,29.0,680,39,2343,1,-0.12205304837081175
1330,20230815-3PM_680_39_2343_2,0.53,29.0,680,39,2343,2,-0.27572413039921095
1331,20230815-3PM_680_39_2343_3,0.634,29.0,680,39,2343,3,-0.1979107421182673
1332,20230815-3PM_680_39_2343_4,0.295,29.0,680,39,2343,4,-0.530177984021837
1333,20230815-3PM_680_39_2343_5,0.527,29.0,680,39,2343,5,-0.27818938478745336
1334,20230815-3PM_680_39_2343_6,0.51,29.0,680,39,2343,6,-0.2924298239020636
1335,20230815-3PM_680_39_2343_7,0.381,29.0,680,39,2343,7,-0.4190750243243807
1336,20230815-3PM_750_39_2343_0,0.319,29.0,750,39,2343,0,-0.4962093169428189
1337,20230815-3PM_750_39_2343_1,0.456,29.0,750,39,2343,1,-0.341035157335565
1338,20230815-3PM_750_39_2343_2,0.315,29.0,750,39,2343,2,-0.5016894462103995
1339,20230815-3PM_750_39_2343_3,0.398,29.0,750,39,2343,3,-0.40011692792631215
1340,20230815-3PM_750_39_2343_4,0.218,29.0,750,39,2343,4,-0.6615435063953952
1341,20230815-3PM_750_39_2343_5,0.337,29.0,750,39,2343,5,-0.47237009912866135
1342,20230815-3PM_750_39_2343_6,0.332,29.0,750,39,2343,6,-0.4788619162959637
1343,20230815-3PM_750_39_2343_7,0.261,29.0,750,39,2343,7,-0.583359492661719
1344,20230815-3PM_680_39_1952_0,0.507,29.0,680,39,1952,0,-0.294992040666664
1345,20230815-3PM_680_39_1952_1,0.542,29.0,680,39,1952,1,-0.266000713461613
1346,20230815-3PM_680_39_1952_2,0.585,29.0,680,39,1952,2,-0.23284413391781958
1347,20230815-3PM_680_39_1952_3,0.856,29.0,680,39,1952,3,-0.06752623532284678
1348,20230815-3PM_680_39_1952_4,0.488,29.0,680,39,1952,4,-0.3115801779972894
1349,20230815-3PM_680_39_1952_5,0.936,29.0,680,39,1952,5,-0.028724151261894745
1350,20230815-3PM_680_39_1952_6,0.779,29.0,680,39,1952,6,-0.10846254232743553
1351,20230815-3PM_680_39_1952_7,0.777,29.0,680,39,1952,7,-0.10957898119908573
1352,20230815-3PM_750_39_1952_0,0.299,29.0,750,39,1952,0,-0.5243288116755703
1353,20230815-3PM_750_39_1952_1,0.339,29.0,750,39,1952,1,-0.4698003017969178
1354,20230815-3PM_750_39_1952_2,0.329,29.0,750,39,1952,2,-0.48280410205002566
1355,20230815-3PM_750_39_1952_3,0.463,29.0,750,39,1952,3,-0.33441900898204685
1356,20230815-3PM_750_39_1952_4,0.29,29.0,750,39,1952,4,-0.5376020021010439
1357,20230815-3PM_750_39_1952_5,0.503,29.0,750,39,1952,5,-0.2984320149440726
1358,20230815-3PM_750_39_1952_6,0.44,29.0,750,39,1952,6,-0.3565473235138126
1359,20230815-3PM_750_39_1952_7,0.478,29.0,750,39,1952,7,-0.3205721033878811
1360,20230815-3PM_680_39_2931_0,0.695,29.0,680,39,2931,0,-0.15801519540988615
1361,20230815-3PM_680_39_2931_1,0.363,29.0,680,39,2931,1,-0.4400933749638875
1362,20230815-3PM_680_39_2931_2,0.451,29.0,680,39,2931,2,-0.34582345812203946
1363,20230815-3PM_680_39_2931_3,0.448,29.0,680,39,2931,3,-0.348721986001856
1364,20230815-3PM_680_39_2931_4,0.502,29.0,680,39,2931,4,-0.29929628285498067
1365,20230815-3PM_680_39_2931_5,0.186,29.0,680,39,2931,5,-0.7304870557820837
1366,20230815-3PM_680_39_2931_6,0.736,29.0,680,39,2931,6,-0.13312218566250114
1367,20230815-3PM_680_39_2931_7,0.662,29.0,680,39,2931,7,-0.17914201056030005
1368,20230815-3PM_750_39_2931_0,0.398,29.0,750,39,2931,0,-0.40011692792631215
1369,20230815-3PM_750_39_2931_1,0.211,29.0,750,39,2931,1,-0.6757175447023074
1370,20230815-3PM_750_39_2931_2,0.263,29.0,750,39,2931,2,-0.5800442515102421
1371,20230815-3PM_750_39_2931_3,0.247,29.0,750,39,2931,3,-0.6073030467403343
1372,20230815-3PM_750_39_2931_4,0.29,29.0,750,39,2931,4,-0.5376020021010439
1373,20230815-3PM_750_39_2931_5,0.138,29.0,750,39,2931,5,-0.8601209135987634
1374,20230815-3PM_750_39_2931_6,0.388,29.0,750,39,2931,6,-0.41116827440579273
1375,20230815-3PM_750_39_2931_7,0.367,29.0,750,39,2931,7,-0.4353339357479107
1376,20230815-3PM_680_39_JG5_0,0.165,29.0,680,39,JG5,0,-0.7825160557860937
1377,20230815-3PM_680_39_JG5_1,0.194,29.0,680,39,JG5,1,-0.712198270069774
1378,20230815-3PM_680_39_JG5_2,0.126,29.0,680,39,JG5,2,-0.8996294548824371
1379,20230815-3PM_680_39_JG5_3,0.235,29.0,680,39,JG5,3,-0.6289321377282637
1380,20230815-3PM_680_39_JG5_4,0.201,29.0,680,39,JG5,4,-0.6968039425795111
1381,20230815-3PM_680_39_JG5_5,0.145,29.0,680,39,JG5,5,-0.8386319977650252
1382,20230815-3PM_680_39_JG5_6,0.204,29.0,680,39,JG5,6,-0.6903698325741012
1383,20230815-3PM_680_39_JG5_7,0.118,29.0,680,39,JG5,7,-0.9281179926938746
1384,20230815-3PM_750_39_JG5_0,0.107,29.0,750,39,JG5,0,-0.9706162223147904
1385,20230815-3PM_750_39_JG5_1,0.122,29.0,750,39,JG5,1,-0.9136401693252518
1386,20230815-3PM_750_39_JG5_2,0.102,29.0,750,39,JG5,2,-0.9913998282380825
1387,20230815-3PM_750_39_JG5_3,0.162,29.0,750,39,JG5,3,-0.790484985457369
1388,20230815-3PM_750_39_JG5_4,0.135,29.0,750,39,JG5,4,-0.8696662315049939
1389,20230815-3PM_750_39_JG5_5,0.103,29.0,750,39,JG5,5,-0.9871627752948278
1390,20230815-3PM_750_39_JG5_6,0.142,29.0,750,39,JG5,6,-0.8477116556169435
1391,20230815-3PM_750_39_JG5_7,0.089,29.0,750,39,JG5,7,-1.0506099933550872
1392,20230815-3PM_680_39_BMS_0,0.476,29.0,680,39,BMS,0,-0.32239304727950685
1393,20230815-3PM_680_39_BMS_1,0.675,29.0,680,39,BMS,1,-0.17069622716897506
1394,20230815-3PM_680_39_BMS_2,0.515,29.0,680,39,BMS,2,-0.28819277095880896
1395,20230815-3PM_680_39_BMS_3,0.55,29.0,680,39,BMS,3,-0.2596373105057561
1396,20230815-3PM_680_39_BMS_4,0.637,29.0,680,39,BMS,4,-0.19586056766464957
1397,20230815-3PM_680_39_BMS_5,0.734,29.0,680,39,BMS,5,-0.13430394008392949
1398,20230815-3PM_680_39_BMS_6,0.635,29.0,680,39,BMS,6,-0.1972262747080243
1399,20230815-3PM_680_39_BMS_7,0.472,29.0,680,39,BMS,7,-0.32605800136591223
1400,20230815-3PM_750_39_BMS_0,0.295,29.0,750,39,BMS,0,-0.530177984021837
1401,20230815-3PM_750_39_BMS_1,0.424,29.0,750,39,BMS,1,-0.37263414340726736
1402,20230815-3PM_750_39_BMS_2,0.362,29.0,750,39,BMS,2,-0.4412914294668343
1403,20230815-3PM_750_39_BMS_3,0.375,29.0,750,39,BMS,3,-0.42596873227228116
1404,20230815-3PM_750_39_BMS_4,0.411,29.0,750,39,BMS,4,-0.38615817812393083
1405,20230815-3PM_750_39_BMS_5,0.416,29.0,750,39,BMS,5,-0.3809066693732573
1406,20230815-3PM_750_39_BMS_6,0.437,29.0,750,39,BMS,6,-0.3595185630295782
1407,20230815-3PM_750_39_BMS_7,0.34,29.0,750,39,BMS,7,-0.46852108295774486
1408,20230815-3PM_680_37_3059_0,0.601,29.0,680,37,3059,0,-0.22112552799726048
1409,20230815-3PM_680_37_3059_1,0.461,29.0,680,37,3059,1,-0.33629907461035186
1410,20230815-3PM_680_37_3059_2,0.625,29.0,680,37,3059,2,-0.2041199826559248
1411,20230815-3PM_680_37_3059_3,0.643,29.0,680,37,3059,3,-0.1917890270757779
1412,20230815-3PM_680_37_3059_4,0.575,29.0,680,37,3059,4,-0.24033215531036956
1413,20230815-3PM_680_37_3059_5,0.367,29.0,680,37,3059,5,-0.4353339357479107
1414,20230815-3PM_680_37_3059_6,0.355,29.0,680,37,3059,6,-0.44977164694490596
1415,20230815-3PM_680_37_3059_7,0.578,29.0,680,37,3059,7,-0.23807216157947098
1416,20230815-3PM_750_37_3059_0,0.354,29.0,750,37,3059,0,-0.4509967379742122
1417,20230815-3PM_750_37_3059_1,0.247,29.0,750,37,3059,1,-0.6073030467403343
1418,20230815-3PM_750_37_3059_2,0.285,29.0,750,37,3059,2,-0.5451551399914898
1419,20230815-3PM_750_37_3059_3,0.318,29.0,750,37,3059,3,-0.4975728800155673
1420,20230815-3PM_750_37_3059_4,0.322,29.0,750,37,3059,4,-0.4921441283041691
1421,20230815-3PM_750_37_3059_5,0.209,29.0,750,37,3059,5,-0.679853713888946
1422,20230815-3PM_750_37_3059_6,0.203,29.0,750,37,3059,6,-0.6925039620867871
1423,20230815-3PM_750_37_3059_7,0.281,29.0,750,37,3059,7,-0.5512936800949201
1424,20230815-3PM_680_37_1691_0,0.749,29.0,680,37,1691,0,-0.12551818230053352
1425,20230815-3PM_680_37_1691_1,0.507,29.0,680,37,1691,1,-0.294992040666664
1426,20230815-3PM_680_37_1691_2,0.5,29.0,680,37,1691,2,-0.3010299956639812
1427,20230815-3PM_680_37_1691_3,0.655,29.0,680,37,1691,3,-0.18375870000821692
1428,20230815-3PM_680_37_1691_4,0.641,29.0,680,37,1691,4,-0.19314197048118256
1429,20230815-3PM_680_37_1691_5,1.168,29.0,680,37,1691,5,0.06744284277638066
1430,20230815-3PM_680_37_1691_6,0.84,29.0,680,37,1691,6,-0.07572071393811836
1431,20230815-3PM_680_37_1691_7,0.707,29.0,680,37,1691,7,-0.1505805862031006
1432,20230815-3PM_750_37_1691_0,0.452,29.0,750,37,1691,0,-0.3448615651886179
1433,20230815-3PM_750_37_1691_1,0.304,29.0,750,37,1691,1,-0.5171264163912462
1434,20230815-3PM_750_37_1691_2,0.292,29.0,750,37,1691,2,-0.5346171485515817
1435,20230815-3PM_750_37_1691_3,0.377,29.0,750,37,1691,3,-0.42365864979420714
1436,20230815-3PM_750_37_1691_4,0.39,29.0,750,37,1691,4,-0.4089353929735008
1437,20230815-3PM_750_37_1691_5,0.694,29.0,750,37,1691,5,-0.15864052954514513
1438,20230815-3PM_750_37_1691_6,0.504,29.0,750,37,1691,6,-0.2975694635544747
1439,20230815-3PM_750_37_1691_7,0.437,29.0,750,37,1691,7,-0.3595185630295782
1440,20230815-3PM_680_37_1690_0,0.757,29.0,680,37,1690,0,-0.12090412049992724
1441,20230815-3PM_680_37_1690_1,0.517,29.0,680,37,1690,1,-0.2865094569060575
1442,20230815-3PM_680_37_1690_2,0.871,29.0,680,37,1690,2,-0.059981844992336796
1443,20230815-3PM_680_37_1690_3,0.861,29.0,680,37,1690,3,-0.06499684854634524
1444,20230815-3PM_680_37_1690_4,0.458,29.0,680,37,1690,4,-0.3391345219961308
1445,20230815-3PM_680_37_1690_5,0.507,29.0,680,37,1690,5,-0.294992040666664
1446,20230815-3PM_680_37_1690_6,0.797,29.0,680,37,1690,6,-0.09854167860388763
1447,20230815-3PM_680_37_1690_7,0.748,29.0,680,37,1690,7,-0.12609840213553863
1448,20230815-3PM_750_37_1690_0,0.434,29.0,750,37,1690,0,-0.3625102704874893
1449,20230815-3PM_750_37_1690_1,0.337,29.0,750,37,1690,1,-0.47237009912866135
1450,20230815-3PM_750_37_1690_2,0.515,29.0,750,37,1690,2,-0.28819277095880896
1451,20230815-3PM_750_37_1690_3,0.438,29.0,750,37,1690,3,-0.3585258894959005
1452,20230815-3PM_750_37_1690_4,0.299,29.0,750,37,1690,4,-0.5243288116755703
1453,20230815-3PM_750_37_1690_5,0.357,29.0,750,37,1690,5,-0.4473317838878068
1454,20230815-3PM_750_37_1690_6,0.478,29.0,750,37,1690,6,-0.3205721033878811
1455,20230815-3PM_750_37_1690_7,0.486,29.0,750,37,1690,7,-0.3133637307377066
1456,20230815-3PM_680_37_2342_0,0.591,29.0,680,37,2342,0,-0.22841251911874466
1457,20230815-3PM_680_37_2342_1,0.86,29.0,680,37,2342,1,-0.06550154875643228
1458,20230815-3PM_680_37_2342_2,0.637,29.0,680,37,2342,2,-0.19586056766464957
1459,20230815-3PM_680_37_2342_3,0.813,29.0,680,37,2342,3,-0.08990945440593186
1460,20230815-3PM_680_37_2342_4,0.937,29.0,680,37,2342,4,-0.02826040911222171
1461,20230815-3PM_680_37_2342_5,0.489,29.0,680,37,2342,5,-0.3106911408763798
1462,20230815-3PM_680_37_2342_6,1.011,29.0,680,37,2342,6,0.00475115559100102
1463,20230815-3PM_680_37_2342_7,1.043,29.0,680,37,2342,7,0.018284308426530838
1464,20230815-3PM_750_37_2342_0,0.374,29.0,750,37,2342,0,-0.42712839779951983
1465,20230815-3PM_750_37_2342_1,0.525,29.0,750,37,2342,1,-0.2798406965940431
1466,20230815-3PM_750_37_2342_2,0.412,29.0,750,37,2342,2,-0.3851027839668654
1467,20230815-3PM_750_37_2342_3,0.477,29.0,750,37,2342,3,-0.3214816209598861
1468,20230815-3PM_750_37_2342_4,0.527,29.0,750,37,2342,4,-0.27818938478745336
1469,20230815-3PM_750_37_2342_5,0.336,29.0,750,37,2342,5,-0.4736607226101559
1470,20230815-3PM_750_37_2342_6,0.617,29.0,750,37,2342,6,-0.20971483596675833
1471,20230815-3PM_750_37_2342_7,0.601,29.0,750,37,2342,7,-0.22112552799726048
1472,20230815-3PM_680_37_4532_0,0.857,29.0,680,37,4532,0,-0.06701917807680184
1473,20230815-3PM_680_37_4532_1,0.902,29.0,680,37,4532,1,-0.04479346245805826
1474,20230815-3PM_680_37_4532_2,0.785,29.0,680,37,4532,2,-0.10513034325474745
1475,20230815-3PM_680_37_4532_3,0.829,29.0,680,37,4532,3,-0.08144546944972647
1476,20230815-3PM_680_37_4532_4,1.121,29.0,680,37,4532,4,0.04960561259497315
1477,20230815-3PM_680_37_4532_5,0.542,29.0,680,37,4532,5,-0.266000713461613
1478,20230815-3PM_680_37_4532_6,0.679,29.0,680,37,4532,6,-0.1681302257194983
1479,20230815-3PM_680_37_4532_7,0.678,29.0,680,37,4532,7,-0.16877030613293661
1480,20230815-3PM_750_37_4532_0,0.477,29.0,750,37,4532,0,-0.3214816209598861
1481,20230815-3PM_750_37_4532_1,0.523,29.0,750,37,4532,1,-0.2814983111327257
1482,20230815-3PM_750_37_4532_2,0.48,29.0,750,37,4532,2,-0.3187587626244128
1483,20230815-3PM_750_37_4532_3,0.488,29.0,750,37,4532,3,-0.3115801779972894
1484,20230815-3PM_750_37_4532_4,0.59,29.0,750,37,4532,4,-0.22914798835785583
1485,20230815-3PM_750_37_4532_5,0.349,29.0,750,37,4532,5,-0.45717457304082015
1486,20230815-3PM_750_37_4532_6,0.44,29.0,750,37,4532,6,-0.3565473235138126
1487,20230815-3PM_750_37_4532_7,0.418,29.0,750,37,4532,7,-0.3788237182249648
1488,20230815-3PM_680_37_2344_0,0.423,29.0,680,37,2344,0,-0.37365963262495766
1489,20230815-3PM_680_37_2344_1,0.567,29.0,680,37,2344,1,-0.24641694110709345
1490,20230815-3PM_680_37_2344_2,0.493,29.0,680,37,2344,2,-0.30715308072277
1491,20230815-3PM_680_37_2344_3,0.393,29.0,680,37,2344,3,-0.4056074496245733
1492,20230815-3PM_680_37_2344_4,0.343,29.0,680,37,2344,4,-0.46470587995722945
1493,20230815-3PM_680_37_2344_5,0.739,29.0,680,37,2344,5,-0.13135556160517428
1494,20230815-3PM_680_37_2344_6,0.657,29.0,680,37,2344,6,-0.1824346304402192
1495,20230815-3PM_680_37_2344_7,0.46,29.0,680,37,2344,7,-0.3372421683184259
1496,20230815-3PM_750_37_2344_0,0.315,29.0,750,37,2344,0,-0.5016894462103995
1497,20230815-3PM_750_37_2344_1,0.382,29.0,750,37,2344,1,-0.41793663708829126
1498,20230815-3PM_750_37_2344_2,0.362,29.0,750,37,2344,2,-0.4412914294668343
1499,20230815-3PM_750_37_2344_3,0.295,29.0,750,37,2344,3,-0.530177984021837
1500,20230815-3PM_750_37_2344_4,0.248,29.0,750,37,2344,4,-0.6055483191737837
1501,20230815-3PM_750_37_2344_5,0.507,29.0,750,37,2344,5,-0.294992040666664
1502,20230815-3PM_750_37_2344_6,0.416,29.0,750,37,2344,6,-0.3809066693732573
1503,20230815-3PM_750_37_2344_7,0.335,29.0,750,37,2344,7,-0.47495519296315475
1504,20230815-3PM_680_37_2343_0,0.565,29.0,680,37,2343,0,-0.2479515521805615
1505,20230815-3PM_680_37_2343_1,0.674,29.0,680,37,2343,1,-0.17134010346468015
1506,20230815-3PM_680_37_2343_2,0.653,29.0,680,37,2343,2,-0.18508681872492605
1507,20230815-3PM_680_37_2343_3,0.749,29.0,680,37,2343,3,-0.12551818230053352
1508,20230815-3PM_680_37_2343_4,0.434,29.0,680,37,2343,4,-0.3625102704874893
1509,20230815-3PM_680_37_2343_5,0.893,29.0,680,37,2343,5,-0.049148541111453566
1510,20230815-3PM_680_37_2343_6,0.544,29.0,680,37,2343,6,-0.26440110030182007
1511,20230815-3PM_680_37_2343_7,0.481,29.0,680,37,2343,7,-0.31785492362616824
1512,20230815-3PM_750_37_2343_0,0.35,29.0,750,37,2343,0,-0.4559319556497244
1513,20230815-3PM_750_37_2343_1,0.413,29.0,750,37,2343,1,-0.384049948343599
1514,20230815-3PM_750_37_2343_2,0.385,29.0,750,37,2343,2,-0.4145392704914993
1515,20230815-3PM_750_37_2343_3,0.467,29.0,750,37,2343,3,-0.33068311943388784
1516,20230815-3PM_750_37_2343_4,0.327,29.0,750,37,2343,4,-0.4854522473397139
1517,20230815-3PM_750_37_2343_5,0.566,29.0,750,37,2343,5,-0.24718356881172862
1518,20230815-3PM_750_37_2343_6,0.356,29.0,750,37,2343,6,-0.44855000202712486
1519,20230815-3PM_750_37_2343_7,0.321,29.0,750,37,2343,7,-0.4934949675951279
1520,20230815-3PM_680_37_1952_0,0.781,29.0,680,37,1952,0,-0.10734896612269966
1521,20230815-3PM_680_37_1952_1,0.712,29.0,680,37,1952,1,-0.14752000636314366
1522,20230815-3PM_680_37_1952_2,0.85,29.0,680,37,1952,2,-0.07058107428570728
1523,20230815-3PM_680_37_1952_3,0.796,29.0,680,37,1952,3,-0.09908693226233094
1524,20230815-3PM_680_37_1952_4,0.859,29.0,680,37,1952,4,-0.0660068361687577
1525,20230815-3PM_680_37_1952_5,1.064,29.0,680,37,1952,5,0.0269416279590294
1526,20230815-3PM_680_37_1952_6,0.786,29.0,680,37,1952,6,-0.10457745396059209
1527,20230815-3PM_680_37_1952_7,0.722,29.0,680,37,1952,7,-0.14146280243036088
1528,20230815-3PM_750_37_1952_0,0.444,29.0,750,37,1952,0,-0.3526170298853802
1529,20230815-3PM_750_37_1952_1,0.404,29.0,750,37,1952,1,-0.393618634889395
1530,20230815-3PM_750_37_1952_2,0.465,29.0,750,37,1952,2,-0.33254704711004607
1531,20230815-3PM_750_37_1952_3,0.435,29.0,750,37,1952,3,-0.3615107430453627
1532,20230815-3PM_750_37_1952_4,0.464,29.0,750,37,1952,4,-0.3334820194451191
1533,20230815-3PM_750_37_1952_5,0.579,29.0,750,37,1952,5,-0.23732143627256383
1534,20230815-3PM_750_37_1952_6,0.44,29.0,750,37,1952,6,-0.3565473235138126
1535,20230815-3PM_750_37_1952_7,0.387,29.0,750,37,1952,7,-0.4122890349810886
1536,20230815-3PM_680_37_2931_0,0.636,29.0,680,37,2931,0,-0.19654288435158612
1537,20230815-3PM_680_37_2931_1,0.646,29.0,680,37,2931,1,-0.1897674820049159
1538,20230815-3PM_680_37_2931_2,0.566,29.0,680,37,2931,2,-0.24718356881172862
1539,20230815-3PM_680_37_2931_3,0.598,29.0,680,37,2931,3,-0.22329881601158919
1540,20230815-3PM_680_37_2931_4,0.6,29.0,680,37,2931,4,-0.2218487496163564
1541,20230815-3PM_680_37_2931_5,0.234,29.0,680,37,2931,5,-0.6307841425898572
1542,20230815-3PM_680_37_2931_6,0.624,29.0,680,37,2931,6,-0.20481541031757602
1543,20230815-3PM_680_37_2931_7,0.696,29.0,680,37,2931,7,-0.15739076038943792
1544,20230815-3PM_750_37_2931_0,0.376,29.0,750,37,2931,0,-0.42481215507233894
1545,20230815-3PM_750_37_2931_1,0.37,29.0,750,37,2931,1,-0.431798275933005
1546,20230815-3PM_750_37_2931_2,0.359,29.0,750,37,2931,2,-0.44490555142168087
1547,20230815-3PM_750_37_2931_3,0.372,29.0,750,37,2931,3,-0.4294570601181025
1548,20230815-3PM_750_37_2931_4,0.347,29.0,750,37,2931,4,-0.4596705252091263
1549,20230815-3PM_750_37_2931_5,0.17,29.0,750,37,2931,5,-0.769551078621726
1550,20230815-3PM_750_37_2931_6,0.362,29.0,750,37,2931,6,-0.4412914294668343
1551,20230815-3PM_750_37_2931_7,0.458,29.0,750,37,2931,7,-0.3391345219961308
1552,20230815-3PM_680_37_JG5_0,0.392,29.0,680,37,JG5,0,-0.4067139329795427
1553,20230815-3PM_680_37_JG5_1,0.343,29.0,680,37,JG5,1,-0.46470587995722945
1554,20230815-3PM_680_37_JG5_2,0.214,29.0,680,37,JG5,2,-0.6695862266508091
1555,20230815-3PM_680_37_JG5_3,0.167,29.0,680,37,JG5,3,-0.7772835288524167
1556,20230815-3PM_680_37_JG5_4,0.574,29.0,680,37,JG5,4,-0.2410881076020265
1557,20230815-3PM_680_37_JG5_5,0.32,29.0,680,37,JG5,5,-0.494850021680094
1558,20230815-3PM_680_37_JG5_6,0.228,29.0,680,37,JG5,6,-0.6420651529995461
1559,20230815-3PM_680_37_JG5_7,0.292,29.0,680,37,JG5,7,-0.5346171485515817
1560,20230815-3PM_750_37_JG5_0,0.222,29.0,750,37,JG5,0,-0.6536470255493614
1561,20230815-3PM_750_37_JG5_1,0.197,29.0,750,37,JG5,1,-0.7055337738384071
1562,20230815-3PM_750_37_JG5_2,0.138,29.0,750,37,JG5,2,-0.8601209135987634
1563,20230815-3PM_750_37_JG5_3,0.112,29.0,750,37,JG5,3,-0.9507819773298184
1564,20230815-3PM_750_37_JG5_4,0.306,29.0,750,37,JG5,4,-0.51427857351842
1565,20230815-3PM_750_37_JG5_5,0.205,29.0,750,37,JG5,5,-0.6882461389442457
1566,20230815-3PM_750_37_JG5_6,0.141,29.0,750,37,JG5,6,-0.8507808873446201
1567,20230815-3PM_750_37_JG5_7,0.176,29.0,750,37,JG5,7,-0.7544873321858502
1568,20230815-3PM_680_37_BMS_0,0.778,29.0,680,37,BMS,0,-0.10902040301031106
1569,20230815-3PM_680_37_BMS_1,0.601,29.0,680,37,BMS,1,-0.22112552799726048
1570,20230815-3PM_680_37_BMS_2,0.908,29.0,680,37,BMS,2,-0.04191415147891488
1571,20230815-3PM_680_37_BMS_3,0.719,29.0,680,37,BMS,3,-0.14327110961711742
1572,20230815-3PM_680_37_BMS_4,0.932,29.0,680,37,BMS,4,-0.030584087646018613
1573,20230815-3PM_680_37_BMS_5,0.9,29.0,680,37,BMS,5,-0.045757490560675115
1574,20230815-3PM_680_37_BMS_6,0.809,29.0,680,37,BMS,6,-0.09205147838772766
1575,20230815-3PM_680_37_BMS_7,0.756,29.0,680,37,BMS,7,-0.12147820449879346
1576,20230815-3PM_750_37_BMS_0,0.435,29.0,750,37,BMS,0,-0.3615107430453627
1577,20230815-3PM_750_37_BMS_1,0.378,29.0,750,37,BMS,1,-0.4225082001627747
1578,20230815-3PM_750_37_BMS_2,0.486,29.0,750,37,BMS,2,-0.3133637307377066
1579,20230815-3PM_750_37_BMS_3,0.428,29.0,750,37,BMS,3,-0.368556230986828
1580,20230815-3PM_750_37_BMS_4,0.57,29.0,750,37,BMS,4,-0.24412514432750865
1581,20230815-3PM_750_37_BMS_5,0.556,29.0,750,37,BMS,5,-0.2549252084179425
1582,20230815-3PM_750_37_BMS_6,0.466,29.0,750,37,BMS,6,-0.3316140833099998
1583,20230815-3PM_750_37_BMS_7,0.445,29.0,750,37,BMS,7,-0.3516399890190684
1584,20230818-9PM_680_25_3059_0,2.034,107.0,680,25,3059,0,0.30835094858672574
1585,20230818-9PM_680_25_3059_1,1.952,107.0,680,25,3059,1,0.290479813330673
1586,20230818-9PM_680_25_3059_2,2.119,107.0,680,25,3059,2,0.3261309567107946
1587,20230818-9PM_680_25_3059_3,2.107,107.0,680,25,3059,3,0.3236645356081002
1588,20230818-9PM_680_25_3059_4,1.932,107.0,680,25,3059,4,0.28600712207947454
1589,20230818-9PM_680_25_3059_5,2.246,107.0,680,25,3059,5,0.351409751925439
1590,20230818-9PM_680_25_3059_6,1.842,107.0,680,25,3059,6,0.26528962586083016
1591,20230818-9PM_680_25_3059_7,2.274,107.0,680,25,3059,7,0.35679046035171597
1592,20230818-9PM_750_25_3059_0,1.224,107.0,750,25,3059,0,0.08778141780954238
1593,20230818-9PM_750_25_3059_1,1.135,107.0,750,25,3059,1,0.05499586152914153
1594,20230818-9PM_750_25_3059_2,1.212,107.0,750,25,3059,2,0.0835026198302674
1595,20230818-9PM_750_25_3059_3,1.259,107.0,750,25,3059,3,0.10002573010786256
1596,20230818-9PM_750_25_3059_4,1.23,107.0,750,25,3059,4,0.08990511143939793
1597,20230818-9PM_750_25_3059_5,1.156,107.0,750,25,3059,5,0.06295783408451022
1598,20230818-9PM_750_25_3059_6,1.12,107.0,750,25,3059,6,0.04921802267018165
1599,20230818-9PM_750_25_3059_7,1.23,107.0,750,25,3059,7,0.08990511143939793
1600,20230818-9PM_680_25_1691_0,2.37,107.0,680,25,1691,0,0.37474834601010387
1601,20230818-9PM_680_25_1691_1,2.076,107.0,680,25,1691,1,0.31722734917642026
1602,20230818-9PM_680_25_1691_2,2.145,107.0,680,25,1691,2,0.33142729652074304
1603,20230818-9PM_680_25_1691_3,0.736,107.0,680,25,1691,3,-0.13312218566250114
1604,20230818-9PM_680_25_1691_4,1.682,107.0,680,25,1691,4,0.22582599146189336
1605,20230818-9PM_680_25_1691_5,0.788,107.0,680,25,1691,5,-0.10347378251044466
1606,20230818-9PM_680_25_1691_6,2.247,107.0,680,25,1691,6,0.3516030724191289
1607,20230818-9PM_680_25_1691_7,2.083,107.0,680,25,1691,7,0.3186892699477459
1608,20230818-9PM_750_25_1691_0,1.233,107.0,750,25,1691,0,0.09096307659573168
1609,20230818-9PM_750_25_1691_1,1.093,107.0,750,25,1691,1,0.03862016194970278
1610,20230818-9PM_750_25_1691_2,1.106,107.0,750,25,1691,2,0.04375512696867949
1611,20230818-9PM_750_25_1691_3,0.522,107.0,750,25,1691,3,-0.28232949699773785
1612,20230818-9PM_750_25_1691_4,0.978,107.0,750,25,1691,4,-0.009661145212398569
1613,20230818-9PM_750_25_1691_5,0.482,107.0,750,25,1691,5,-0.31695296176115045
1614,20230818-9PM_750_25_1691_6,1.139,107.0,750,25,1691,6,0.05652372407910037
1615,20230818-9PM_750_25_1691_7,1.099,107.0,750,25,1691,7,0.04099769242349056
1616,20230818-9PM_680_25_1690_0,1.778,107.0,680,25,1690,0,0.2499317566341949
1617,20230818-9PM_680_25_1690_1,2.279,107.0,680,25,1690,1,0.3577443251803756
1618,20230818-9PM_680_25_1690_2,2.087,107.0,680,25,1690,2,0.3195224490654541
1619,20230818-9PM_680_25_1690_3,1.241,107.0,680,25,1690,3,0.09377178149872986
1620,20230818-9PM_680_25_1690_4,1.067,107.0,680,25,1690,4,0.028164419424469872
1621,20230818-9PM_680_25_1690_5,1.425,107.0,680,25,1690,5,0.153814864344529
1622,20230818-9PM_680_25_1690_6,1.831,107.0,680,25,1690,6,0.26268834430169646
1623,20230818-9PM_680_25_1690_7,1.619,107.0,680,25,1690,7,0.20924684875337374
1624,20230818-9PM_750_25_1690_0,1.05,107.0,750,25,1690,0,0.021189299069938092
1625,20230818-9PM_750_25_1690_1,1.193,107.0,750,25,1690,1,0.0766404436703419
1626,20230818-9PM_750_25_1690_2,1.111,107.0,750,25,1690,2,0.04571405894086761
1627,20230818-9PM_750_25_1690_3,0.875,107.0,750,25,1690,3,-0.057991946977686754
1628,20230818-9PM_750_25_1690_4,0.722,107.0,750,25,1690,4,-0.14146280243036088
1629,20230818-9PM_750_25_1690_5,0.881,107.0,750,25,1690,5,-0.05502409158795209
1630,20230818-9PM_750_25_1690_6,0.961,107.0,750,25,1690,6,-0.017276612331454656
1631,20230818-9PM_750_25_1690_7,0.955,107.0,750,25,1690,7,-0.019996628416253676
1632,20230818-9PM_680_25_2342_0,1.287,107.0,680,25,2342,0,0.10957854690438666
1633,20230818-9PM_680_25_2342_1,1.383,107.0,680,25,2342,1,0.14082218010931058
1634,20230818-9PM_680_25_2342_2,1.865,107.0,680,25,2342,2,0.2706788361447064
1635,20230818-9PM_680_25_2342_3,1.851,107.0,680,25,2342,3,0.2674064187529041
1636,20230818-9PM_680_25_2342_4,1.218,107.0,680,25,2342,4,0.08564728829685654
1637,20230818-9PM_680_25_2342_5,1.188,107.0,680,25,2342,5,0.07481644064517472
1638,20230818-9PM_680_25_2342_6,1.211,107.0,680,25,2342,6,0.08314414314305227
1639,20230818-9PM_680_25_2342_7,1.046,107.0,680,25,2342,7,0.01953168453125545
1640,20230818-9PM_750_25_2342_0,0.958,107.0,750,25,2342,0,-0.018634490921455603
1641,20230818-9PM_750_25_2342_1,1.085,107.0,750,25,2342,1,0.0354297381845483
1642,20230818-9PM_750_25_2342_2,1.275,107.0,750,25,2342,2,0.10551018476997394
1643,20230818-9PM_750_25_2342_3,1.313,107.0,750,25,2342,3,0.11826472608947933
1644,20230818-9PM_750_25_2342_4,0.816,107.0,750,25,2342,4,-0.08830984124613889
1645,20230818-9PM_750_25_2342_5,0.922,107.0,750,25,2342,5,-0.03526907894637064
1646,20230818-9PM_750_25_2342_6,0.962,107.0,750,25,2342,6,-0.016824927962187056
1647,20230818-9PM_750_25_2342_7,0.813,107.0,750,25,2342,7,-0.08990945440593186
1648,20230818-9PM_680_25_4532_0,1.837,107.0,680,25,4532,0,0.26410915630580833
1649,20230818-9PM_680_25_4532_1,1.771,107.0,680,25,4532,1,0.24821856119007474
1650,20230818-9PM_680_25_4532_2,1.811,107.0,680,25,4532,2,0.2579184503140584
1651,20230818-9PM_680_25_4532_3,1.861,107.0,680,25,4532,3,0.269746373130767
1652,20230818-9PM_680_25_4532_4,2.152,107.0,680,25,4532,4,0.3328422669943516
1653,20230818-9PM_680_25_4532_5,1.463,107.0,680,25,4532,5,0.16524432612531087
1654,20230818-9PM_680_25_4532_6,2.047,107.0,680,25,4532,6,0.3111178426625057
1655,20230818-9PM_680_25_4532_7,1.598,107.0,680,25,4532,7,0.2035767749779726
1656,20230818-9PM_750_25_4532_0,0.949,107.0,750,25,4532,0,-0.022733787572707352
1657,20230818-9PM_750_25_4532_1,0.946,107.0,750,25,4532,1,-0.02410886359820726
1658,20230818-9PM_750_25_4532_2,0.976,107.0,750,25,4532,2,-0.010550182333308195
1659,20230818-9PM_750_25_4532_3,0.937,107.0,750,25,4532,3,-0.02826040911222171
1660,20230818-9PM_750_25_4532_4,1.054,107.0,750,25,4532,4,0.022840610876527823
1661,20230818-9PM_750_25_4532_5,0.791,107.0,750,25,4532,5,-0.10182351650232342
1662,20230818-9PM_750_25_4532_6,1.021,107.0,750,25,4532,6,0.009025742086910208
1663,20230818-9PM_750_25_4532_7,0.838,107.0,750,25,4532,7,-0.07675598136972352
1664,20230818-9PM_680_25_2344_0,1.225,107.0,680,25,2344,0,0.0881360887005513
1665,20230818-9PM_680_25_2344_1,1.77,107.0,680,25,2344,1,0.24797326636180664
1666,20230818-9PM_680_25_2344_2,1.511,107.0,680,25,2344,2,0.17926446433902535
1667,20230818-9PM_680_25_2344_3,1.369,107.0,680,25,2344,3,0.13640344813399
1668,20230818-9PM_680_25_2344_4,1.531,107.0,680,25,2344,4,0.18497519069826102
1669,20230818-9PM_680_25_2344_5,1.331,107.0,680,25,2344,5,0.12417805547467511
1670,20230818-9PM_680_25_2344_6,1.925,107.0,680,25,2344,6,0.2844307338445195
1671,20230818-9PM_680_25_2344_7,1.297,107.0,680,25,2344,7,0.11293997608408006
1672,20230818-9PM_750_25_2344_0,0.756,107.0,750,25,2344,0,-0.12147820449879346
1673,20230818-9PM_750_25_2344_1,0.961,107.0,750,25,2344,1,-0.017276612331454656
1674,20230818-9PM_750_25_2344_2,0.888,107.0,750,25,2344,2,-0.05158703422139897
1675,20230818-9PM_750_25_2344_3,0.798,107.0,750,25,2344,3,-0.09799710864927055
1676,20230818-9PM_750_25_2344_4,0.9,107.0,750,25,2344,4,-0.045757490560675115
1677,20230818-9PM_750_25_2344_5,0.802,107.0,750,25,2344,5,-0.09582563171583647
1678,20230818-9PM_750_25_2344_6,1.023,107.0,750,25,2344,6,0.009875633712160119
1679,20230818-9PM_750_25_2344_7,0.775,107.0,750,25,2344,7,-0.1106982974936897
1680,20230818-9PM_680_25_2343_0,1.452,107.0,680,25,2343,0,0.1619666163640749
1681,20230818-9PM_680_25_2343_1,1.042,107.0,680,25,2343,1,0.017867718963505686
1682,20230818-9PM_680_25_2343_2,1.161,107.0,680,25,2343,2,0.06483221973857385
1683,20230818-9PM_680_25_2343_3,2.12,107.0,680,25,2343,3,0.32633586092875144
1684,20230818-9PM_680_25_2343_4,1.311,107.0,680,25,2343,4,0.11760269169008426
1685,20230818-9PM_680_25_2343_5,1.999,107.0,680,25,2343,5,0.30081279411811696
1686,20230818-9PM_680_25_2343_6,2.11,107.0,680,25,2343,6,0.3242824552976926
1687,20230818-9PM_680_25_2343_7,1.687,107.0,680,25,2343,7,0.22711508258912522
1688,20230818-9PM_750_25_2343_0,0.92,107.0,750,25,2343,0,-0.036212172654444715
1689,20230818-9PM_750_25_2343_1,0.77,107.0,750,25,2343,1,-0.11350927482751812
1690,20230818-9PM_750_25_2343_2,0.886,107.0,750,25,2343,2,-0.05256627811294924
1691,20230818-9PM_750_25_2343_3,1.255,107.0,750,25,2343,3,0.09864372581705691
1692,20230818-9PM_750_25_2343_4,0.965,107.0,750,25,2343,4,-0.015472686656207449
1693,20230818-9PM_750_25_2343_5,1.295,107.0,750,25,2343,5,0.11226976841727061
1694,20230818-9PM_750_25_2343_6,1.3,107.0,750,25,2343,6,0.11394335230683679
1695,20230818-9PM_750_25_2343_7,1.17,107.0,750,25,2343,7,0.06818586174616162
1696,20230818-9PM_680_25_1952_0,1.738,107.0,680,25,1952,0,0.24004977211264766
1697,20230818-9PM_680_25_1952_1,2.103,107.0,680,25,1952,1,0.3228392726863211
1698,20230818-9PM_680_25_1952_2,0.887,107.0,680,25,1952,2,-0.0520763801682736
1699,20230818-9PM_680_25_1952_3,2.114,107.0,680,25,1952,3,0.32510498297140744
1700,20230818-9PM_680_25_1952_4,1.831,107.0,680,25,1952,4,0.26268834430169646
1701,20230818-9PM_680_25_1952_5,1.995,107.0,680,25,1952,5,0.2999429000227671
1702,20230818-9PM_680_25_1952_6,2.083,107.0,680,25,1952,6,0.3186892699477459
1703,20230818-9PM_680_25_1952_7,1.765,107.0,680,25,1952,7,0.24674470972384135
1704,20230818-9PM_750_25_1952_0,1.075,107.0,750,25,1952,0,0.03140846425162412
1705,20230818-9PM_750_25_1952_1,1.095,107.0,750,25,1952,1,0.03941411917613713
1706,20230818-9PM_750_25_1952_2,0.531,107.0,750,25,1952,2,-0.2749054789185309
1707,20230818-9PM_750_25_1952_3,1.113,107.0,750,25,1952,3,0.04649516433470831
1708,20230818-9PM_750_25_1952_4,1.058,107.0,750,25,1952,4,0.024485667699166973
1709,20230818-9PM_750_25_1952_5,1.116,107.0,750,25,1952,5,0.04766419460155998
1710,20230818-9PM_750_25_1952_6,1.113,107.0,750,25,1952,6,0.04649516433470831
1711,20230818-9PM_750_25_1952_7,1.083,107.0,750,25,1952,7,0.034628456625320346
1712,20230818-9PM_680_25_2931_0,1.754,107.0,680,25,2931,0,0.24402958903002173
1713,20230818-9PM_680_25_2931_1,1.534,107.0,680,25,2931,1,0.18582535961296218
1714,20230818-9PM_680_25_2931_2,1.598,107.0,680,25,2931,2,0.2035767749779726
1715,20230818-9PM_680_25_2931_3,1.533,107.0,680,25,2931,3,0.18554215485437514
1716,20230818-9PM_680_25_2931_4,1.722,107.0,680,25,2931,4,0.23603314711763596
1717,20230818-9PM_680_25_2931_5,1.69,107.0,680,25,2931,5,0.22788670461367352
1718,20230818-9PM_680_25_2931_6,1.831,107.0,680,25,2931,6,0.26268834430169646
1719,20230818-9PM_680_25_2931_7,2.018,107.0,680,25,2931,7,0.3049211619008917
1720,20230818-9PM_750_25_2931_0,1.255,107.0,750,25,2931,0,0.09864372581705691
1721,20230818-9PM_750_25_2931_1,0.9,107.0,750,25,2931,1,-0.045757490560675115
1722,20230818-9PM_750_25_2931_2,0.92,107.0,750,25,2931,2,-0.036212172654444715
1723,20230818-9PM_750_25_2931_3,0.949,107.0,750,25,2931,3,-0.022733787572707352
1724,20230818-9PM_750_25_2931_4,0.976,107.0,750,25,2931,4,-0.010550182333308195
1725,20230818-9PM_750_25_2931_5,1.019,107.0,750,25,2931,5,0.008174184006426355
1726,20230818-9PM_750_25_2931_6,1.222,107.0,750,25,2931,6,0.08707120590653541
1727,20230818-9PM_750_25_2931_7,1.041,107.0,750,25,2931,7,0.017450729510536125
1728,20230818-9PM_680_25_JG5_0,1.298,107.0,680,25,JG5,0,0.11327469246435044
1729,20230818-9PM_680_25_JG5_1,0.911,107.0,680,25,JG5,1,-0.040481623027001735
1730,20230818-9PM_680_25_JG5_2,0.744,107.0,680,25,JG5,2,-0.1284270644541213
1731,20230818-9PM_680_25_JG5_3,0.894,107.0,680,25,JG5,3,-0.04866248120408232
1732,20230818-9PM_680_25_JG5_4,1.312,107.0,680,25,JG5,4,0.11793383503964149
1733,20230818-9PM_680_25_JG5_5,1.052,107.0,680,25,JG5,5,0.02201573981772028
1734,20230818-9PM_680_25_JG5_6,1.215,107.0,680,25,JG5,6,0.08457627793433102
1735,20230818-9PM_680_25_JG5_7,1.065,107.0,680,25,JG5,7,0.027349607774756507
1736,20230818-9PM_750_25_JG5_0,0.906,107.0,750,25,JG5,0,-0.042871802323186915
1737,20230818-9PM_750_25_JG5_1,0.63,107.0,750,25,JG5,1,-0.2006594505464183
1738,20230818-9PM_750_25_JG5_2,0.495,107.0,750,25,JG5,2,-0.3053948010664313
1739,20230818-9PM_750_25_JG5_3,0.67,107.0,750,25,JG5,3,-0.17392519729917355
1740,20230818-9PM_750_25_JG5_4,0.783,107.0,750,25,JG5,4,-0.10623823794205658
1741,20230818-9PM_750_25_JG5_5,0.689,107.0,750,25,JG5,5,-0.1617807780923742
1742,20230818-9PM_750_25_JG5_6,0.72,107.0,750,25,JG5,6,-0.14266750356873156
1743,20230818-9PM_750_25_JG5_7,0.63,107.0,750,25,JG5,7,-0.2006594505464183
1744,20230818-9PM_680_25_BMS_0,1.337,107.0,680,25,BMS,0,0.12613140726198435
1745,20230818-9PM_680_25_BMS_1,1.24,107.0,680,25,BMS,1,0.09342168516223506
1746,20230818-9PM_680_25_BMS_2,1.514,107.0,680,25,BMS,2,0.18012587516405396
1747,20230818-9PM_680_25_BMS_3,1.42,107.0,680,25,BMS,3,0.15228834438305647
1748,20230818-9PM_680_25_BMS_4,1.329,107.0,680,25,BMS,4,0.12352498094273198
1749,20230818-9PM_680_25_BMS_5,1.331,107.0,680,25,BMS,5,0.12417805547467511
1750,20230818-9PM_680_25_BMS_6,2.001,107.0,680,25,BMS,6,0.30124708863621136
1751,20230818-9PM_680_25_BMS_7,1.159,107.0,680,25,BMS,7,0.064083435963596
1752,20230818-9PM_750_25_BMS_0,0.896,107.0,750,25,BMS,0,-0.047691990337874794
1753,20230818-9PM_750_25_BMS_1,0.844,107.0,750,25,BMS,1,-0.07365755337434496
1754,20230818-9PM_750_25_BMS_2,0.974,107.0,750,25,BMS,2,-0.011441043121384482
1755,20230818-9PM_750_25_BMS_3,0.972,107.0,750,25,BMS,3,-0.012333735073725434
1756,20230818-9PM_750_25_BMS_4,1.042,107.0,750,25,BMS,4,0.017867718963505686
1757,20230818-9PM_750_25_BMS_5,0.885,107.0,750,25,BMS,5,-0.05305672930217456
1758,20230818-9PM_750_25_BMS_6,1.147,107.0,750,25,BMS,6,0.059563417901267686
1759,20230818-9PM_750_25_BMS_7,0.743,107.0,750,25,BMS,7,-0.1290111862394247
1760,20230818-9PM_680_39_3059_0,0.729,107.0,680,39,3059,0,-0.1372724716820254
1761,20230818-9PM_680_39_3059_1,0.526,107.0,680,39,3059,1,-0.27901425584626094
1762,20230818-9PM_680_39_3059_2,0.787,107.0,680,39,3059,2,-0.10402526764093542
1763,20230818-9PM_680_39_3059_3,0.835,107.0,680,39,3059,3,-0.07831352451639793
1764,20230818-9PM_680_39_3059_4,0.816,107.0,680,39,3059,4,-0.08830984124613889
1765,20230818-9PM_680_39_3059_5,0.559,107.0,680,39,3059,5,-0.25258819211357664
1766,20230818-9PM_680_39_3059_6,0.649,107.0,680,39,3059,6,-0.18775530319963074
1767,20230818-9PM_680_39_3059_7,0.042,107.0,680,39,3059,7,-1.3767507096020994
1768,20230818-9PM_750_39_3059_0,0.543,107.0,750,39,3059,0,-0.265200170411153
1769,20230818-9PM_750_39_3059_1,0.345,107.0,750,39,3059,1,-0.4621809049267259
1770,20230818-9PM_750_39_3059_2,0.583,107.0,750,39,3059,2,-0.23433144524098595
1771,20230818-9PM_750_39_3059_3,0.6,107.0,750,39,3059,3,-0.2218487496163564
1772,20230818-9PM_750_39_3059_4,0.719,107.0,750,39,3059,4,-0.14327110961711742
1773,20230818-9PM_750_39_3059_5,0.35,107.0,750,39,3059,5,-0.4559319556497244
1774,20230818-9PM_750_39_3059_6,0.425,107.0,750,39,3059,6,-0.37161106994968846
1775,20230818-9PM_750_39_3059_7,0.043,107.0,750,39,3059,7,-1.3665315444204136
1776,20230818-9PM_680_39_1691_0,0.654,107.0,680,39,1691,0,-0.18442225167573273
1777,20230818-9PM_680_39_1691_1,0.436,107.0,680,39,1691,1,-0.36051351073141397
1778,20230818-9PM_680_39_1691_2,0.475,107.0,680,39,1691,2,-0.3233063903751334
1779,20230818-9PM_680_39_1691_3,0.218,107.0,680,39,1691,3,-0.6615435063953952
1780,20230818-9PM_680_39_1691_4,0.489,107.0,680,39,1691,4,-0.3106911408763798
1781,20230818-9PM_680_39_1691_5,0.044,107.0,680,39,1691,5,-1.3565473235138126
1782,20230818-9PM_680_39_1691_6,0.447,107.0,680,39,1691,6,-0.34969247686806354
1783,20230818-9PM_680_39_1691_7,0.37,107.0,680,39,1691,7,-0.431798275933005
1784,20230818-9PM_750_39_1691_0,0.587,107.0,750,39,1691,0,-0.23136189875238555
1785,20230818-9PM_750_39_1691_1,0.396,107.0,750,39,1691,1,-0.40230481407448765
1786,20230818-9PM_750_39_1691_2,0.433,107.0,750,39,1691,2,-0.36351210364663455
1787,20230818-9PM_750_39_1691_3,0.165,107.0,750,39,1691,3,-0.7825160557860937
1788,20230818-9PM_750_39_1691_4,0.432,107.0,750,39,1691,4,-0.3645162531850879
1789,20230818-9PM_750_39_1691_5,0.044,107.0,750,39,1691,5,-1.3565473235138126
1790,20230818-9PM_750_39_1691_6,0.278,107.0,750,39,1691,6,-0.5559552040819237
1791,20230818-9PM_750_39_1691_7,0.226,107.0,750,39,1691,7,-0.645891560852599
1792,20230818-9PM_680_39_1690_0,0.374,107.0,680,39,1690,0,-0.42712839779951983
1793,20230818-9PM_680_39_1690_1,0.496,107.0,680,39,1690,1,-0.30451832350980257
1794,20230818-9PM_680_39_1690_2,0.571,107.0,680,39,1690,2,-0.243363891754152
1795,20230818-9PM_680_39_1690_3,0.468,107.0,680,39,1690,3,-0.32975414692587596
1796,20230818-9PM_680_39_1690_4,0.342,107.0,680,39,1690,4,-0.46597389394386496
1797,20230818-9PM_680_39_1690_5,0.447,107.0,680,39,1690,5,-0.34969247686806354
1798,20230818-9PM_680_39_1690_6,0.601,107.0,680,39,1690,6,-0.22112552799726048
1799,20230818-9PM_680_39_1690_7,0.438,107.0,680,39,1690,7,-0.3585258894959005
1800,20230818-9PM_750_39_1690_0,0.339,107.0,750,39,1690,0,-0.4698003017969178
1801,20230818-9PM_750_39_1690_1,0.422,107.0,750,39,1690,1,-0.37468754903832613
1802,20230818-9PM_750_39_1690_2,0.466,107.0,750,39,1690,2,-0.3316140833099998
1803,20230818-9PM_750_39_1690_3,0.425,107.0,750,39,1690,3,-0.37161106994968846
1804,20230818-9PM_750_39_1690_4,0.308,107.0,750,39,1690,4,-0.5114492834995558
1805,20230818-9PM_750_39_1690_5,0.41,107.0,750,39,1690,5,-0.38721614328026455
1806,20230818-9PM_750_39_1690_6,0.526,107.0,750,39,1690,6,-0.27901425584626094
1807,20230818-9PM_750_39_1690_7,0.39,107.0,750,39,1690,7,-0.4089353929735008
1808,20230818-9PM_680_39_2342_0,0.203,107.0,680,39,2342,0,-0.6925039620867871
1809,20230818-9PM_680_39_2342_1,0.266,107.0,680,39,2342,1,-0.575118363368933
1810,20230818-9PM_680_39_2342_2,0.291,107.0,680,39,2342,2,-0.5361070110140927
1811,20230818-9PM_680_39_2342_3,0.239,107.0,680,39,2342,3,-0.6216020990518624
1812,20230818-9PM_680_39_2342_4,0.168,107.0,680,39,2342,4,-0.7746907182741372
1813,20230818-9PM_680_39_2342_5,0.268,107.0,680,39,2342,5,-0.5718652059712112
1814,20230818-9PM_680_39_2342_6,0.04,107.0,680,39,2342,6,-1.3979400086720375
1815,20230818-9PM_680_39_2342_7,0.072,107.0,680,39,2342,7,-1.1426675035687315
1816,20230818-9PM_750_39_2342_0,0.187,107.0,750,39,2342,0,-0.7281583934635011
1817,20230818-9PM_750_39_2342_1,0.242,107.0,750,39,2342,1,-0.6161846340195687
1818,20230818-9PM_750_39_2342_2,0.265,107.0,750,39,2342,2,-0.5767541260631921
1819,20230818-9PM_750_39_2342_3,0.22,107.0,750,39,2342,3,-0.6575773191777937
1820,20230818-9PM_750_39_2342_4,0.155,107.0,750,39,2342,4,-0.8096683018297085
1821,20230818-9PM_750_39_2342_5,0.242,107.0,750,39,2342,5,-0.6161846340195687
1822,20230818-9PM_750_39_2342_6,0.04,107.0,750,39,2342,6,-1.3979400086720375
1823,20230818-9PM_750_39_2342_7,0.061,107.0,750,39,2342,7,-1.214670164989233
1824,20230818-9PM_680_39_4532_0,0.265,107.0,680,39,4532,0,-0.5767541260631921
1825,20230818-9PM_680_39_4532_1,0.358,107.0,680,39,4532,1,-0.44611697335612566
1826,20230818-9PM_680_39_4532_2,0.329,107.0,680,39,4532,2,-0.48280410205002566
1827,20230818-9PM_680_39_4532_3,0.294,107.0,680,39,4532,3,-0.5316526695878427
1828,20230818-9PM_680_39_4532_4,0.353,107.0,680,39,4532,4,-0.4522252946121775
1829,20230818-9PM_680_39_4532_5,0.263,107.0,680,39,4532,5,-0.5800442515102421
1830,20230818-9PM_680_39_4532_6,0.291,107.0,680,39,4532,6,-0.5361070110140927
1831,20230818-9PM_680_39_4532_7,0.352,107.0,680,39,4532,7,-0.453457336521869
1832,20230818-9PM_750_39_4532_0,0.242,107.0,750,39,4532,0,-0.6161846340195687
1833,20230818-9PM_750_39_4532_1,0.336,107.0,750,39,4532,1,-0.4736607226101559
1834,20230818-9PM_750_39_4532_2,0.311,107.0,750,39,4532,2,-0.5072396109731625
1835,20230818-9PM_750_39_4532_3,0.279,107.0,750,39,4532,3,-0.5543957967264024
1836,20230818-9PM_750_39_4532_4,0.332,107.0,750,39,4532,4,-0.4788619162959637
1837,20230818-9PM_750_39_4532_5,0.245,107.0,750,39,4532,5,-0.6108339156354675
1838,20230818-9PM_750_39_4532_6,0.275,107.0,750,39,4532,6,-0.5606673061697374
1839,20230818-9PM_750_39_4532_7,0.328,107.0,750,39,4532,7,-0.4841261562883209
1840,20230818-9PM_680_39_2344_0,0.511,107.0,680,39,2344,0,-0.29157909986528724
1841,20230818-9PM_680_39_2344_1,0.276,107.0,680,39,2344,1,-0.5590909179347823
1842,20230818-9PM_680_39_2344_2,0.443,107.0,680,39,2344,2,-0.3535962737769304
1843,20230818-9PM_680_39_2344_3,0.342,107.0,680,39,2344,3,-0.46597389394386496
1844,20230818-9PM_680_39_2344_4,0.272,107.0,680,39,2344,4,-0.5654310959658012
1845,20230818-9PM_680_39_2344_5,0.632,107.0,680,39,2344,5,-0.19928292171761497
1846,20230818-9PM_680_39_2344_6,0.605,107.0,680,39,2344,6,-0.2182446253475311
1847,20230818-9PM_680_39_2344_7,0.401,107.0,680,39,2344,7,-0.39685562737981767
1848,20230818-9PM_750_39_2344_0,0.43,107.0,750,39,2344,0,-0.36653154442041347
1849,20230818-9PM_750_39_2344_1,0.239,107.0,750,39,2344,1,-0.6216020990518624
1850,20230818-9PM_750_39_2344_2,0.377,107.0,750,39,2344,2,-0.42365864979420714
1851,20230818-9PM_750_39_2344_3,0.296,107.0,750,39,2344,3,-0.5287082889410615
1852,20230818-9PM_750_39_2344_4,0.245,107.0,750,39,2344,4,-0.6108339156354675
1853,20230818-9PM_750_39_2344_5,0.494,107.0,750,39,2344,5,-0.30627305107635305
1854,20230818-9PM_750_39_2344_6,0.468,107.0,750,39,2344,6,-0.32975414692587596
1855,20230818-9PM_750_39_2344_7,0.327,107.0,750,39,2344,7,-0.4854522473397139
1856,20230818-9PM_680_39_2343_0,0.338,107.0,680,39,2343,0,-0.47108329972234525
1857,20230818-9PM_680_39_2343_1,0.35,107.0,680,39,2343,1,-0.4559319556497244
1858,20230818-9PM_680_39_2343_2,0.295,107.0,680,39,2343,2,-0.530177984021837
1859,20230818-9PM_680_39_2343_3,0.323,107.0,680,39,2343,3,-0.4907974776688971
1860,20230818-9PM_680_39_2343_4,0.267,107.0,680,39,2343,4,-0.5734887386354247
1861,20230818-9PM_680_39_2343_5,0.28,107.0,680,39,2343,5,-0.5528419686577808
1862,20230818-9PM_680_39_2343_6,0.266,107.0,680,39,2343,6,-0.575118363368933
1863,20230818-9PM_680_39_2343_7,0.35,107.0,680,39,2343,7,-0.4559319556497244
1864,20230818-9PM_750_39_2343_0,0.274,107.0,750,39,2343,0,-0.562249437179612
1865,20230818-9PM_750_39_2343_1,0.303,107.0,750,39,2343,1,-0.518557371497695
1866,20230818-9PM_750_39_2343_2,0.271,107.0,750,39,2343,2,-0.5670307091255943
1867,20230818-9PM_750_39_2343_3,0.278,107.0,750,39,2343,3,-0.5559552040819237
1868,20230818-9PM_750_39_2343_4,0.234,107.0,750,39,2343,4,-0.6307841425898572
1869,20230818-9PM_750_39_2343_5,0.231,107.0,750,39,2343,5,-0.6363880201078557
1870,20230818-9PM_750_39_2343_6,0.231,107.0,750,39,2343,6,-0.6363880201078557
1871,20230818-9PM_750_39_2343_7,0.29,107.0,750,39,2343,7,-0.5376020021010439
1872,20230818-9PM_680_39_1952_0,0.627,107.0,680,39,1952,0,-0.20273245916928356
1873,20230818-9PM_680_39_1952_1,0.762,107.0,680,39,1952,1,-0.1180450286603995
1874,20230818-9PM_680_39_1952_2,0.461,107.0,680,39,1952,2,-0.33629907461035186
1875,20230818-9PM_680_39_1952_3,1.18,107.0,680,39,1952,3,0.07188200730612536
1876,20230818-9PM_680_39_1952_4,1.177,107.0,680,39,1952,4,0.0707764628434347
1877,20230818-9PM_680_39_1952_5,0.474,107.0,680,39,1952,5,-0.324221658325915
1878,20230818-9PM_680_39_1952_6,0.529,107.0,680,39,1952,6,-0.2765443279648142
1879,20230818-9PM_680_39_1952_7,1.053,107.0,680,39,1952,7,0.022428371185486493
1880,20230818-9PM_750_39_1952_0,0.476,107.0,750,39,1952,0,-0.32239304727950685
1881,20230818-9PM_750_39_1952_1,0.547,107.0,750,39,1952,1,-0.2620126736665692
1882,20230818-9PM_750_39_1952_2,0.197,107.0,750,39,1952,2,-0.7055337738384071
1883,20230818-9PM_750_39_1952_3,0.819,107.0,750,39,1952,3,-0.08671609823958155
1884,20230818-9PM_750_39_1952_4,0.725,107.0,750,39,1952,4,-0.13966199342900631
1885,20230818-9PM_750_39_1952_5,0.311,107.0,750,39,1952,5,-0.5072396109731625
1886,20230818-9PM_750_39_1952_6,0.345,107.0,750,39,1952,6,-0.4621809049267259
1887,20230818-9PM_750_39_1952_7,0.853,107.0,750,39,1952,7,-0.06905096883247698
1888,20230818-9PM_680_39_2931_0,0.49,107.0,680,39,2931,0,-0.3098039199714863
1889,20230818-9PM_680_39_2931_1,0.374,107.0,680,39,2931,1,-0.42712839779951983
1890,20230818-9PM_680_39_2931_2,0.54,107.0,680,39,2931,2,-0.26760624017703144
1891,20230818-9PM_680_39_2931_3,0.374,107.0,680,39,2931,3,-0.42712839779951983
1892,20230818-9PM_680_39_2931_4,0.512,107.0,680,39,2931,4,-0.2907300390241692
1893,20230818-9PM_680_39_2931_5,0.37,107.0,680,39,2931,5,-0.431798275933005
1894,20230818-9PM_680_39_2931_6,0.523,107.0,680,39,2931,6,-0.2814983111327257
1895,20230818-9PM_680_39_2931_7,0.447,107.0,680,39,2931,7,-0.34969247686806354
1896,20230818-9PM_750_39_2931_0,0.431,107.0,750,39,2931,0,-0.3655227298392684
1897,20230818-9PM_750_39_2931_1,0.303,107.0,750,39,2931,1,-0.518557371497695
1898,20230818-9PM_750_39_2931_2,0.44,107.0,750,39,2931,2,-0.3565473235138126
1899,20230818-9PM_750_39_2931_3,0.316,107.0,750,39,2931,3,-0.5003129173815962
1900,20230818-9PM_750_39_2931_4,0.418,107.0,750,39,2931,4,-0.3788237182249648
1901,20230818-9PM_750_39_2931_5,0.293,107.0,750,39,2931,5,-0.5331323796458906
1902,20230818-9PM_750_39_2931_6,0.472,107.0,750,39,2931,6,-0.32605800136591223
1903,20230818-9PM_750_39_2931_7,0.396,107.0,750,39,2931,7,-0.40230481407448765
1904,20230818-9PM_680_39_JG5_0,0.093,107.0,680,39,JG5,0,-1.031517051446065
1905,20230818-9PM_680_39_JG5_1,0.104,107.0,680,39,JG5,1,-0.9829666607012196
1906,20230818-9PM_680_39_JG5_2,0.081,107.0,680,39,JG5,2,-1.0915149811213503
1907,20230818-9PM_680_39_JG5_3,0.125,107.0,680,39,JG5,3,-0.9030899869919435
1908,20230818-9PM_680_39_JG5_4,0.092,107.0,680,39,JG5,4,-1.0362121726544447
1909,20230818-9PM_680_39_JG5_5,0.074,107.0,680,39,JG5,5,-1.1307682802690238
1910,20230818-9PM_680_39_JG5_6,0.128,107.0,680,39,JG5,6,-0.8927900303521317
1911,20230818-9PM_680_39_JG5_7,0.115,107.0,680,39,JG5,7,-0.9393021596463883
1912,20230818-9PM_750_39_JG5_0,0.09,107.0,750,39,JG5,0,-1.0457574905606752
1913,20230818-9PM_750_39_JG5_1,0.102,107.0,750,39,JG5,1,-0.9913998282380825
1914,20230818-9PM_750_39_JG5_2,0.081,107.0,750,39,JG5,2,-1.0915149811213503
1915,20230818-9PM_750_39_JG5_3,0.12,107.0,750,39,JG5,3,-0.9208187539523752
1916,20230818-9PM_750_39_JG5_4,0.091,107.0,750,39,JG5,4,-1.0409586076789064
1917,20230818-9PM_750_39_JG5_5,0.075,107.0,750,39,JG5,5,-1.1249387366083
1918,20230818-9PM_750_39_JG5_6,0.121,107.0,750,39,JG5,6,-0.9172146296835499
1919,20230818-9PM_750_39_JG5_7,0.111,107.0,750,39,JG5,7,-0.9546770212133425
1920,20230818-9PM_680_39_BMS_0,0.49,107.0,680,39,BMS,0,-0.3098039199714863
1921,20230818-9PM_680_39_BMS_1,0.488,107.0,680,39,BMS,1,-0.3115801779972894
1922,20230818-9PM_680_39_BMS_2,0.493,107.0,680,39,BMS,2,-0.30715308072277
1923,20230818-9PM_680_39_BMS_3,0.57,107.0,680,39,BMS,3,-0.24412514432750865
1924,20230818-9PM_680_39_BMS_4,0.515,107.0,680,39,BMS,4,-0.28819277095880896
1925,20230818-9PM_680_39_BMS_5,0.571,107.0,680,39,BMS,5,-0.243363891754152
1926,20230818-9PM_680_39_BMS_6,0.462,107.0,680,39,BMS,6,-0.33535802444387447
1927,20230818-9PM_680_39_BMS_7,0.403,107.0,680,39,BMS,7,-0.39469495385889053
1928,20230818-9PM_750_39_BMS_0,0.454,107.0,750,39,BMS,0,-0.34294414714289606
1929,20230818-9PM_750_39_BMS_1,0.444,107.0,750,39,BMS,1,-0.3526170298853802
1930,20230818-9PM_750_39_BMS_2,0.451,107.0,750,39,BMS,2,-0.34582345812203946
1931,20230818-9PM_750_39_BMS_3,0.52,107.0,750,39,BMS,3,-0.28399665636520083
1932,20230818-9PM_750_39_BMS_4,0.474,107.0,750,39,BMS,4,-0.324221658325915
1933,20230818-9PM_750_39_BMS_5,0.519,107.0,750,39,BMS,5,-0.28483264215154214
1934,20230818-9PM_750_39_BMS_6,0.42,107.0,750,39,BMS,6,-0.37675070960209955
1935,20230818-9PM_750_39_BMS_7,0.37,107.0,750,39,BMS,7,-0.431798275933005
1936,20230818-9PM_680_37_3059_0,0.748,107.0,680,37,3059,0,-0.12609840213553863
1937,20230818-9PM_680_37_3059_1,0.983,107.0,680,37,3059,1,-0.007446482167864384
1938,20230818-9PM_680_37_3059_2,0.916,107.0,680,37,3059,2,-0.0381045263321496
1939,20230818-9PM_680_37_3059_3,0.952,107.0,680,37,3059,3,-0.021363051615525673
1940,20230818-9PM_680_37_3059_4,0.745,107.0,680,37,3059,4,-0.12784372725170717
1941,20230818-9PM_680_37_3059_5,0.834,107.0,680,37,3059,5,-0.0788339493622613
1942,20230818-9PM_680_37_3059_6,0.839,107.0,680,37,3059,6,-0.07623803917129975
1943,20230818-9PM_680_37_3059_7,1.54,107.0,680,37,3059,7,0.18752072083646307
1944,20230818-9PM_750_37_3059_0,0.632,107.0,750,37,3059,0,-0.19928292171761497
1945,20230818-9PM_750_37_3059_1,0.771,107.0,750,37,3059,1,-0.11294562194904302
1946,20230818-9PM_750_37_3059_2,0.759,107.0,750,37,3059,2,-0.11975822410451964
1947,20230818-9PM_750_37_3059_3,0.754,107.0,750,37,3059,3,-0.12262865413022594
1948,20230818-9PM_750_37_3059_4,0.637,107.0,750,37,3059,4,-0.19586056766464957
1949,20230818-9PM_750_37_3059_5,0.643,107.0,750,37,3059,5,-0.1917890270757779
1950,20230818-9PM_750_37_3059_6,0.64,107.0,750,37,3059,6,-0.1938200260161128
1951,20230818-9PM_750_37_3059_7,1.168,107.0,750,37,3059,7,0.06744284277638066
1952,20230818-9PM_680_37_1691_0,0.573,107.0,680,37,1691,0,-0.24184537803261005
1953,20230818-9PM_680_37_1691_1,0.756,107.0,680,37,1691,1,-0.12147820449879346
1954,20230818-9PM_680_37_1691_2,0.737,107.0,680,37,1691,2,-0.13253251214094852
1955,20230818-9PM_680_37_1691_3,0.746,107.0,680,37,1691,3,-0.1272611725273312
1956,20230818-9PM_680_37_1691_4,0.605,107.0,680,37,1691,4,-0.2182446253475311
1957,20230818-9PM_680_37_1691_5,1.654,107.0,680,37,1691,5,0.21853550521652784
1958,20230818-9PM_680_37_1691_6,1.445,107.0,680,37,1691,6,0.15986784709256668
1959,20230818-9PM_680_37_1691_7,1.149,107.0,680,37,1691,7,0.060320028688285184
1960,20230818-9PM_750_37_1691_0,0.443,107.0,750,37,1691,0,-0.3535962737769304
1961,20230818-9PM_750_37_1691_1,0.552,107.0,750,37,1691,1,-0.2580609222708011
1962,20230818-9PM_750_37_1691_2,0.549,107.0,750,37,1691,2,-0.26042765554990804
1963,20230818-9PM_750_37_1691_3,0.544,107.0,750,37,1691,3,-0.26440110030182007
1964,20230818-9PM_750_37_1691_4,0.489,107.0,750,37,1691,4,-0.3106911408763798
1965,20230818-9PM_750_37_1691_5,0.971,107.0,750,37,1691,5,-0.012780770091995148
1966,20230818-9PM_750_37_1691_6,0.858,107.0,750,37,1691,6,-0.06651271215129456
1967,20230818-9PM_750_37_1691_7,0.774,107.0,750,37,1691,7,-0.11125903931710739
1968,20230818-9PM_680_37_1690_0,0.82,107.0,680,37,1690,0,-0.08618614761628333
1969,20230818-9PM_680_37_1690_1,0.747,107.0,680,37,1690,1,-0.12667939818460122
1970,20230818-9PM_680_37_1690_2,1.025,107.0,680,37,1690,2,0.010723865391773066
1971,20230818-9PM_680_37_1690_3,0.709,107.0,680,37,1690,3,-0.1493537648169335
1972,20230818-9PM_680_37_1690_4,0.808,107.0,680,37,1690,4,-0.09258863922541381
1973,20230818-9PM_680_37_1690_5,1.125,107.0,680,37,1690,5,0.05115252244738129
1974,20230818-9PM_680_37_1690_6,0.799,107.0,680,37,1690,6,-0.09745322068600859
1975,20230818-9PM_680_37_1690_7,1.172,107.0,680,37,1690,7,0.06892761168207182
1976,20230818-9PM_750_37_1690_0,0.646,107.0,750,37,1690,0,-0.1897674820049159
1977,20230818-9PM_750_37_1690_1,0.603,107.0,750,37,1690,1,-0.2196826878598487
1978,20230818-9PM_750_37_1690_2,0.81,107.0,750,37,1690,2,-0.09151498112135022
1979,20230818-9PM_750_37_1690_3,0.542,107.0,750,37,1690,3,-0.266000713461613
1980,20230818-9PM_750_37_1690_4,0.674,107.0,750,37,1690,4,-0.17134010346468015
1981,20230818-9PM_750_37_1690_5,0.858,107.0,750,37,1690,5,-0.06651271215129456
1982,20230818-9PM_750_37_1690_6,0.644,107.0,750,37,1690,6,-0.1911141326401879
1983,20230818-9PM_750_37_1690_7,0.908,107.0,750,37,1690,7,-0.04191415147891488
1984,20230818-9PM_680_37_2342_0,0.38,107.0,680,37,2342,0,-0.42021640338318983
1985,20230818-9PM_680_37_2342_1,0.424,107.0,680,37,2342,1,-0.37263414340726736
1986,20230818-9PM_680_37_2342_2,0.366,107.0,680,37,2342,2,-0.43651891460558934
1987,20230818-9PM_680_37_2342_3,0.44,107.0,680,37,2342,3,-0.3565473235138126
1988,20230818-9PM_680_37_2342_4,0.452,107.0,680,37,2342,4,-0.3448615651886179
1989,20230818-9PM_680_37_2342_5,0.391,107.0,680,37,2342,5,-0.40782324260413316
1990,20230818-9PM_680_37_2342_6,0.774,107.0,680,37,2342,6,-0.11125903931710739
1991,20230818-9PM_680_37_2342_7,0.536,107.0,680,37,2342,7,-0.27083521030722996
1992,20230818-9PM_750_37_2342_0,0.336,107.0,750,37,2342,0,-0.4736607226101559
1993,20230818-9PM_750_37_2342_1,0.38,107.0,750,37,2342,1,-0.42021640338318983
1994,20230818-9PM_750_37_2342_2,0.33,107.0,750,37,2342,2,-0.4814860601221125
1995,20230818-9PM_750_37_2342_3,0.393,107.0,750,37,2342,3,-0.4056074496245733
1996,20230818-9PM_750_37_2342_4,0.405,107.0,750,37,2342,4,-0.3925449767853314
1997,20230818-9PM_750_37_2342_5,0.351,107.0,750,37,2342,5,-0.4546928835341759
1998,20230818-9PM_750_37_2342_6,0.663,107.0,750,37,2342,6,-0.17848647159522685
1999,20230818-9PM_750_37_2342_7,0.481,107.0,750,37,2342,7,-0.31785492362616824
2000,20230818-9PM_680_37_4532_0,0.386,107.0,680,37,4532,0,-0.41341269532824504
2001,20230818-9PM_680_37_4532_1,0.429,107.0,680,37,4532,1,-0.36754270781527576
2002,20230818-9PM_680_37_4532_2,0.464,107.0,680,37,4532,2,-0.3334820194451191
2003,20230818-9PM_680_37_4532_3,0.469,107.0,680,37,4532,3,-0.32882715728491674
2004,20230818-9PM_680_37_4532_4,0.526,107.0,680,37,4532,4,-0.27901425584626094
2005,20230818-9PM_680_37_4532_5,0.373,107.0,680,37,4532,5,-0.4282911681913124
2006,20230818-9PM_680_37_4532_6,0.455,107.0,680,37,4532,6,-0.34198860334288755
2007,20230818-9PM_680_37_4532_7,0.394,107.0,680,37,4532,7,-0.40450377817442584
2008,20230818-9PM_750_37_4532_0,0.305,107.0,750,37,4532,0,-0.5157001606532142
2009,20230818-9PM_750_37_4532_1,0.402,107.0,750,37,4532,1,-0.3957739469155299
2010,20230818-9PM_750_37_4532_2,0.439,107.0,750,37,4532,2,-0.35753547975787864
2011,20230818-9PM_750_37_4532_3,0.442,107.0,750,37,4532,3,-0.3545777306509081
2012,20230818-9PM_750_37_4532_4,0.464,107.0,750,37,4532,4,-0.3334820194451191
2013,20230818-9PM_750_37_4532_5,0.342,107.0,750,37,4532,5,-0.46597389394386496
2014,20230818-9PM_750_37_4532_6,0.434,107.0,750,37,4532,6,-0.3625102704874893
2015,20230818-9PM_750_37_4532_7,0.368,107.0,750,37,4532,7,-0.43415218132648237
2016,20230818-9PM_680_37_2344_0,0.741,107.0,680,37,2344,0,-0.13018179202067184
2017,20230818-9PM_680_37_2344_1,0.784,107.0,680,37,2344,1,-0.10568393731556154
2018,20230818-9PM_680_37_2344_2,0.871,107.0,680,37,2344,2,-0.059981844992336796
2019,20230818-9PM_680_37_2344_3,0.608,107.0,680,37,2344,3,-0.21609642072726507
2020,20230818-9PM_680_37_2344_4,0.377,107.0,680,37,2344,4,-0.42365864979420714
2021,20230818-9PM_680_37_2344_5,0.813,107.0,680,37,2344,5,-0.08990945440593186
2022,20230818-9PM_680_37_2344_6,0.725,107.0,680,37,2344,6,-0.13966199342900631
2023,20230818-9PM_680_37_2344_7,0.622,107.0,680,37,2344,7,-0.2062096153091813
2024,20230818-9PM_750_37_2344_0,0.572,107.0,750,37,2344,0,-0.24260397120697583
2025,20230818-9PM_750_37_2344_1,0.619,107.0,750,37,2344,1,-0.208309350979882
2026,20230818-9PM_750_37_2344_2,0.664,107.0,750,37,2344,2,-0.1778319206319825
2027,20230818-9PM_750_37_2344_3,0.497,107.0,750,37,2344,3,-0.3036436112666679
2028,20230818-9PM_750_37_2344_4,0.336,107.0,750,37,2344,4,-0.4736607226101559
2029,20230818-9PM_750_37_2344_5,0.663,107.0,750,37,2344,5,-0.17848647159522685
2030,20230818-9PM_750_37_2344_6,0.609,107.0,750,37,2344,6,-0.21538270736712464
2031,20230818-9PM_750_37_2344_7,0.513,107.0,750,37,2344,7,-0.2898826348881837
2032,20230818-9PM_680_37_2343_0,0.354,107.0,680,37,2343,0,-0.4509967379742122
2033,20230818-9PM_680_37_2343_1,0.432,107.0,680,37,2343,1,-0.3645162531850879
2034,20230818-9PM_680_37_2343_2,0.555,107.0,680,37,2343,2,-0.2557070168773237
2035,20230818-9PM_680_37_2343_3,0.42,107.0,680,37,2343,3,-0.37675070960209955
2036,20230818-9PM_680_37_2343_4,0.38,107.0,680,37,2343,4,-0.42021640338318983
2037,20230818-9PM_680_37_2343_5,0.881,107.0,680,37,2343,5,-0.05502409158795209
2038,20230818-9PM_680_37_2343_6,0.467,107.0,680,37,2343,6,-0.33068311943388784
2039,20230818-9PM_680_37_2343_7,0.403,107.0,680,37,2343,7,-0.39469495385889053
2040,20230818-9PM_750_37_2343_0,0.301,107.0,750,37,2343,0,-0.5214335044061567
2041,20230818-9PM_750_37_2343_1,0.348,107.0,750,37,2343,1,-0.4584207560534191
2042,20230818-9PM_750_37_2343_2,0.462,107.0,750,37,2343,2,-0.33535802444387447
2043,20230818-9PM_750_37_2343_3,0.334,107.0,750,37,2343,3,-0.4762535331884355
2044,20230818-9PM_750_37_2343_4,0.279,107.0,750,37,2343,4,-0.5543957967264024
2045,20230818-9PM_750_37_2343_5,0.587,107.0,750,37,2343,5,-0.23136189875238555
2046,20230818-9PM_750_37_2343_6,0.363,107.0,750,37,2343,6,-0.4400933749638875
2047,20230818-9PM_750_37_2343_7,0.307,107.0,750,37,2343,7,-0.5128616245228135
2048,20230818-9PM_680_37_1952_0,0.621,107.0,680,37,1952,0,-0.20690839982341983
2049,20230818-9PM_680_37_1952_1,0.666,107.0,680,37,1952,1,-0.17652577082969892
2050,20230818-9PM_680_37_1952_2,0.654,107.0,680,37,1952,2,-0.18442225167573273
2051,20230818-9PM_680_37_1952_3,0.736,107.0,680,37,1952,3,-0.13312218566250114
2052,20230818-9PM_680_37_1952_4,0.689,107.0,680,37,1952,4,-0.1617807780923742
2053,20230818-9PM_680_37_1952_5,1.015,107.0,680,37,1952,5,0.006466042249231681
2054,20230818-9PM_680_37_1952_6,0.843,107.0,680,37,1952,6,-0.07417242537525769
2055,20230818-9PM_680_37_1952_7,0.646,107.0,680,37,1952,7,-0.1897674820049159
2056,20230818-9PM_750_37_1952_0,0.468,107.0,750,37,1952,0,-0.32975414692587596
2057,20230818-9PM_750_37_1952_1,0.46,107.0,750,37,1952,1,-0.3372421683184259
2058,20230818-9PM_750_37_1952_2,0.447,107.0,750,37,1952,2,-0.34969247686806354
2059,20230818-9PM_750_37_1952_3,0.495,107.0,750,37,1952,3,-0.3053948010664313
2060,20230818-9PM_750_37_1952_4,0.49,107.0,750,37,1952,4,-0.3098039199714863
2061,20230818-9PM_750_37_1952_5,0.682,107.0,750,37,1952,5,-0.16621562534352105
2062,20230818-9PM_750_37_1952_6,0.584,107.0,750,37,1952,6,-0.23358715288760054
2063,20230818-9PM_750_37_1952_7,0.462,107.0,750,37,1952,7,-0.33535802444387447
2064,20230818-9PM_680_37_2931_0,0.43,107.0,680,37,2931,0,-0.36653154442041347
2065,20230818-9PM_680_37_2931_1,0.608,107.0,680,37,2931,1,-0.21609642072726507
2066,20230818-9PM_680_37_2931_2,0.535,107.0,680,37,2931,2,-0.27164621797877153
2067,20230818-9PM_680_37_2931_3,0.557,107.0,680,37,2931,3,-0.25414480482627105
2068,20230818-9PM_680_37_2931_4,0.443,107.0,680,37,2931,4,-0.3535962737769304
2069,20230818-9PM_680_37_2931_5,0.434,107.0,680,37,2931,5,-0.3625102704874893
2070,20230818-9PM_680_37_2931_6,0.545,107.0,680,37,2931,6,-0.2636034977233575
2071,20230818-9PM_680_37_2931_7,1.19,107.0,680,37,2931,7,0.07554696139253074
2072,20230818-9PM_750_37_2931_0,0.312,107.0,750,37,2931,0,-0.5058454059815573
2073,20230818-9PM_750_37_2931_1,0.387,107.0,750,37,2931,1,-0.4122890349810886
2074,20230818-9PM_750_37_2931_2,0.366,107.0,750,37,2931,2,-0.43651891460558934
2075,20230818-9PM_750_37_2931_3,0.378,107.0,750,37,2931,3,-0.4225082001627747
2076,20230818-9PM_750_37_2931_4,0.307,107.0,750,37,2931,4,-0.5128616245228135
2077,20230818-9PM_750_37_2931_5,0.323,107.0,750,37,2931,5,-0.4907974776688971
2078,20230818-9PM_750_37_2931_6,0.365,107.0,750,37,2931,6,-0.4377071355435253
2079,20230818-9PM_750_37_2931_7,0.826,107.0,750,37,2931,7,-0.0830199526796178
2080,20230818-9PM_680_37_JG5_0,0.27,107.0,680,37,JG5,0,-0.5686362358410126
2081,20230818-9PM_680_37_JG5_1,0.233,107.0,680,37,JG5,1,-0.632644078973981
2082,20230818-9PM_680_37_JG5_2,0.138,107.0,680,37,JG5,2,-0.8601209135987634
2083,20230818-9PM_680_37_JG5_3,0.148,107.0,680,37,JG5,3,-0.8297382846050426
2084,20230818-9PM_680_37_JG5_4,0.375,107.0,680,37,JG5,4,-0.42596873227228116
2085,20230818-9PM_680_37_JG5_5,0.285,107.0,680,37,JG5,5,-0.5451551399914898
2086,20230818-9PM_680_37_JG5_6,0.396,107.0,680,37,JG5,6,-0.40230481407448765
2087,20230818-9PM_680_37_JG5_7,0.22,107.0,680,37,JG5,7,-0.6575773191777937
2088,20230818-9PM_750_37_JG5_0,0.234,107.0,750,37,JG5,0,-0.6307841425898572
2089,20230818-9PM_750_37_JG5_1,0.205,107.0,750,37,JG5,1,-0.6882461389442457
2090,20230818-9PM_750_37_JG5_2,0.13,107.0,750,37,JG5,2,-0.8860566476931632
2091,20230818-9PM_750_37_JG5_3,0.133,107.0,750,37,JG5,3,-0.8761483590329142
2092,20230818-9PM_750_37_JG5_4,0.335,107.0,750,37,JG5,4,-0.47495519296315475
2093,20230818-9PM_750_37_JG5_5,0.244,107.0,750,37,JG5,5,-0.6126101736612706
2094,20230818-9PM_750_37_JG5_6,0.33,107.0,750,37,JG5,6,-0.4814860601221125
2095,20230818-9PM_750_37_JG5_7,0.196,107.0,750,37,JG5,7,-0.707743928643524
2096,20230818-9PM_680_37_BMS_0,0.562,107.0,680,37,BMS,0,-0.2502636844309389
2097,20230818-9PM_680_37_BMS_1,0.574,107.0,680,37,BMS,1,-0.2410881076020265
2098,20230818-9PM_680_37_BMS_2,0.666,107.0,680,37,BMS,2,-0.17652577082969892
2099,20230818-9PM_680_37_BMS_3,0.439,107.0,680,37,BMS,3,-0.35753547975787864
2100,20230818-9PM_680_37_BMS_4,0.57,107.0,680,37,BMS,4,-0.24412514432750865
2101,20230818-9PM_680_37_BMS_5,0.624,107.0,680,37,BMS,5,-0.20481541031757602
2102,20230818-9PM_680_37_BMS_6,0.623,107.0,680,37,BMS,6,-0.2055119533408304
2103,20230818-9PM_680_37_BMS_7,0.494,107.0,680,37,BMS,7,-0.30627305107635305
2104,20230818-9PM_750_37_BMS_0,0.501,107.0,750,37,BMS,0,-0.30016227413275426
2105,20230818-9PM_750_37_BMS_1,0.514,107.0,750,37,BMS,1,-0.28903688100472424
2106,20230818-9PM_750_37_BMS_2,0.593,107.0,750,37,BMS,2,-0.22694530663573742
2107,20230818-9PM_750_37_BMS_3,0.392,107.0,750,37,BMS,3,-0.4067139329795427
2108,20230818-9PM_750_37_BMS_4,0.498,107.0,750,37,BMS,4,-0.30277065724028246
2109,20230818-9PM_750_37_BMS_5,0.542,107.0,750,37,BMS,5,-0.266000713461613
2110,20230818-9PM_750_37_BMS_6,0.553,107.0,750,37,BMS,6,-0.2572748686953017
2111,20230818-9PM_750_37_BMS_7,0.444,107.0,750,37,BMS,7,-0.3526170298853802
2112,20230816-9AM_680_25_3059_0,1.462,47.0,680,25,3059,0,0.16494737262184164
2113,20230816-9AM_680_25_3059_1,1.049,47.0,680,25,3059,1,0.02077548819355783
2114,20230816-9AM_680_25_3059_2,1.501,47.0,680,25,3059,2,0.17638069224327035
2115,20230816-9AM_680_25_3059_3,1.569,47.0,680,25,3059,3,0.19562294358693666
2116,20230816-9AM_680_25_3059_4,1.619,47.0,680,25,3059,4,0.20924684875337374
2117,20230816-9AM_680_25_3059_5,1.381,47.0,680,25,3059,5,0.1401936785786313
2118,20230816-9AM_680_25_3059_6,1.079,47.0,680,25,3059,6,0.033021444682910656
2119,20230816-9AM_680_25_3059_7,1.387,47.0,680,25,3059,7,0.14207646107328487
2120,20230816-9AM_750_25_3059_0,0.772,47.0,750,25,3059,0,-0.11238269966426384
2121,20230816-9AM_750_25_3059_1,0.524,47.0,750,25,3059,1,-0.28066871301627333
2122,20230816-9AM_750_25_3059_2,0.778,47.0,750,25,3059,2,-0.10902040301031106
2123,20230816-9AM_750_25_3059_3,0.795,47.0,750,25,3059,3,-0.09963287134352969
2124,20230816-9AM_750_25_3059_4,0.863,47.0,750,25,3059,4,-0.06398920428479041
2125,20230816-9AM_750_25_3059_5,0.657,47.0,750,25,3059,5,-0.1824346304402192
2126,20230816-9AM_750_25_3059_6,0.541,47.0,750,25,3059,6,-0.26680273489343054
2127,20230816-9AM_750_25_3059_7,0.717,47.0,750,25,3059,7,-0.1444808443321999
2128,20230816-9AM_680_25_1691_0,1.335,47.0,680,25,1691,0,0.125481265700594
2129,20230816-9AM_680_25_1691_1,1.423,47.0,680,25,1691,1,0.15320490008428433
2130,20230816-9AM_680_25_1691_2,1.335,47.0,680,25,1691,2,0.125481265700594
2131,20230816-9AM_680_25_1691_3,1.029,47.0,680,25,1691,3,0.012415374762432893
2132,20230816-9AM_680_25_1691_4,1.273,47.0,680,25,1691,4,0.10482840365365537
2133,20230816-9AM_680_25_1691_5,1.226,47.0,680,25,1691,5,0.08849047018239622
2134,20230816-9AM_680_25_1691_6,1.195,47.0,680,25,1691,6,0.07736790528415652
2135,20230816-9AM_680_25_1691_7,1.297,47.0,680,25,1691,7,0.11293997608408006
2136,20230816-9AM_750_25_1691_0,0.604,47.0,750,25,1691,0,-0.21896306137886817
2137,20230816-9AM_750_25_1691_1,0.596,47.0,750,25,1691,1,-0.22475374025976358
2138,20230816-9AM_750_25_1691_2,0.584,47.0,750,25,1691,2,-0.23358715288760054
2139,20230816-9AM_750_25_1691_3,0.552,47.0,750,25,1691,3,-0.2580609222708011
2140,20230816-9AM_750_25_1691_4,0.624,47.0,750,25,1691,4,-0.20481541031757602
2141,20230816-9AM_750_25_1691_5,0.634,47.0,750,25,1691,5,-0.1979107421182673
2142,20230816-9AM_750_25_1691_6,0.583,47.0,750,25,1691,6,-0.23433144524098595
2143,20230816-9AM_750_25_1691_7,0.594,47.0,750,25,1691,7,-0.22621355501880647
2144,20230816-9AM_680_25_1690_0,1.733,47.0,680,25,1690,0,0.23879856271391703
2145,20230816-9AM_680_25_1690_1,1.915,47.0,680,25,1690,1,0.28216877830464154
2146,20230816-9AM_680_25_1690_2,1.827,47.0,680,25,1690,2,0.26173854735253776
2147,20230816-9AM_680_25_1690_3,1.153,47.0,680,25,1690,3,0.06182930729469903
2148,20230816-9AM_680_25_1690_4,1.449,47.0,680,25,1690,4,0.1610683854711746
2149,20230816-9AM_680_25_1690_5,0.847,47.0,680,25,1690,5,-0.0721165896692931
2150,20230816-9AM_680_25_1690_6,1.694,47.0,680,25,1690,6,0.2289134059946881
2151,20230816-9AM_680_25_1690_7,1.558,47.0,680,25,1690,7,0.19256745333654565
2152,20230816-9AM_750_25_1690_0,0.858,47.0,750,25,1690,0,-0.06651271215129456
2153,20230816-9AM_750_25_1690_1,0.963,47.0,750,25,1690,1,-0.0163737128754655
2154,20230816-9AM_750_25_1690_2,0.935,47.0,750,25,1690,2,-0.0291883891274822
2155,20230816-9AM_750_25_1690_3,0.581,47.0,750,25,1690,3,-0.2358238676096693
2156,20230816-9AM_750_25_1690_4,0.711,47.0,750,25,1690,4,-0.14813039927023372
2157,20230816-9AM_750_25_1690_5,0.509,47.0,750,25,1690,5,-0.29328221766324125
2158,20230816-9AM_750_25_1690_6,0.865,47.0,750,25,1690,6,-0.06298389253518578
2159,20230816-9AM_750_25_1690_7,0.886,47.0,750,25,1690,7,-0.05256627811294924
2160,20230816-9AM_680_25_2342_0,0.941,47.0,680,25,2342,0,-0.026410376572743116
2161,20230816-9AM_680_25_2342_1,1.018,47.0,680,25,2342,1,0.007747778000739948
2162,20230816-9AM_680_25_2342_2,0.493,47.0,680,25,2342,2,-0.30715308072277
2163,20230816-9AM_680_25_2342_3,0.796,47.0,680,25,2342,3,-0.09908693226233094
2164,20230816-9AM_680_25_2342_4,1.163,47.0,680,25,2342,4,0.06557971472844842
2165,20230816-9AM_680_25_2342_5,1.518,47.0,680,25,2342,5,0.18127177155946156
2166,20230816-9AM_680_25_2342_6,1.044,47.0,680,25,2342,6,0.01870049866624337
2167,20230816-9AM_680_25_2342_7,1.03,47.0,680,25,2342,7,0.012837224705172217
2168,20230816-9AM_750_25_2342_0,0.439,47.0,750,25,2342,0,-0.35753547975787864
2169,20230816-9AM_750_25_2342_1,0.615,47.0,750,25,2342,1,-0.21112488422458328
2170,20230816-9AM_750_25_2342_2,0.243,47.0,750,25,2342,2,-0.6143937264016879
2171,20230816-9AM_750_25_2342_3,0.452,47.0,750,25,2342,3,-0.3448615651886179
2172,20230816-9AM_750_25_2342_4,0.668,47.0,750,25,2342,4,-0.1752235375244543
2173,20230816-9AM_750_25_2342_5,0.754,47.0,750,25,2342,5,-0.12262865413022594
2174,20230816-9AM_750_25_2342_6,0.491,47.0,750,25,2342,6,-0.3089185078770315
2175,20230816-9AM_750_25_2342_7,0.593,47.0,750,25,2342,7,-0.22694530663573742
2176,20230816-9AM_680_25_4532_0,1.557,47.0,680,25,4532,0,0.19228861256812027
2177,20230816-9AM_680_25_4532_1,1.577,47.0,680,25,4532,1,0.19783169332890285
2178,20230816-9AM_680_25_4532_2,1.437,47.0,680,25,4532,2,0.15745676813422568
2179,20230816-9AM_680_25_4532_3,1.469,47.0,680,25,4532,3,0.16702179579025653
2180,20230816-9AM_680_25_4532_4,1.732,47.0,680,25,4532,4,0.23854788768132784
2181,20230816-9AM_680_25_4532_5,1.48,47.0,680,25,4532,5,0.17026171539495738
2182,20230816-9AM_680_25_4532_6,1.605,47.0,680,25,4532,6,0.20547503674089088
2183,20230816-9AM_680_25_4532_7,1.433,47.0,680,25,4532,7,0.1562461903973445
2184,20230816-9AM_750_25_4532_0,0.802,47.0,750,25,4532,0,-0.09582563171583647
2185,20230816-9AM_750_25_4532_1,0.77,47.0,750,25,4532,1,-0.11350927482751812
2186,20230816-9AM_750_25_4532_2,0.806,47.0,750,25,4532,2,-0.09366495819490933
2187,20230816-9AM_750_25_4532_3,0.713,47.0,750,25,4532,3,-0.14691047014813446
2188,20230816-9AM_750_25_4532_4,0.722,47.0,750,25,4532,4,-0.14146280243036088
2189,20230816-9AM_750_25_4532_5,0.712,47.0,750,25,4532,5,-0.14752000636314366
2190,20230816-9AM_750_25_4532_6,0.783,47.0,750,25,4532,6,-0.10623823794205658
2191,20230816-9AM_750_25_4532_7,0.678,47.0,750,25,4532,7,-0.16877030613293661
2192,20230816-9AM_680_25_2344_0,0.725,47.0,680,25,2344,0,-0.13966199342900631
2193,20230816-9AM_680_25_2344_1,0.656,47.0,680,25,2344,1,-0.1830961606243397
2194,20230816-9AM_680_25_2344_2,0.712,47.0,680,25,2344,2,-0.14752000636314366
2195,20230816-9AM_680_25_2344_3,0.54,47.0,680,25,2344,3,-0.26760624017703144
2196,20230816-9AM_680_25_2344_4,1.035,47.0,680,25,2344,4,0.014940349792936524
2197,20230816-9AM_680_25_2344_5,0.574,47.0,680,25,2344,5,-0.2410881076020265
2198,20230816-9AM_680_25_2344_6,1.23,47.0,680,25,2344,6,0.08990511143939793
2199,20230816-9AM_680_25_2344_7,0.408,47.0,680,25,2344,7,-0.3893398369101201
2200,20230816-9AM_750_25_2344_0,0.435,47.0,750,25,2344,0,-0.3615107430453627
2201,20230816-9AM_750_25_2344_1,0.388,47.0,750,25,2344,1,-0.41116827440579273
2202,20230816-9AM_750_25_2344_2,0.46,47.0,750,25,2344,2,-0.3372421683184259
2203,20230816-9AM_750_25_2344_3,0.379,47.0,750,25,2344,3,-0.42136079003192767
2204,20230816-9AM_750_25_2344_4,0.586,47.0,750,25,2344,4,-0.23210238398190938
2205,20230816-9AM_750_25_2344_5,0.395,47.0,750,25,2344,5,-0.40340290437353976
2206,20230816-9AM_750_25_2344_6,0.673,47.0,750,25,2344,6,-0.1719849357760231
2207,20230816-9AM_750_25_2344_7,0.308,47.0,750,25,2344,7,-0.5114492834995558
2208,20230816-9AM_680_25_2343_0,1.472,47.0,680,25,2343,0,0.16790781000148003
2209,20230816-9AM_680_25_2343_1,0.894,47.0,680,25,2343,1,-0.04866248120408232
2210,20230816-9AM_680_25_2343_2,0.994,47.0,680,25,2343,2,-0.00261361560268669
2211,20230816-9AM_680_25_2343_3,0.943,47.0,680,25,2343,3,-0.02548830726267165
2212,20230816-9AM_680_25_2343_4,0.792,47.0,680,25,2343,4,-0.10127481841050648
2213,20230816-9AM_680_25_2343_5,1.224,47.0,680,25,2343,5,0.08778141780954238
2214,20230816-9AM_680_25_2343_6,1.244,47.0,680,25,2343,6,0.0948203803547999
2215,20230816-9AM_680_25_2343_7,1.138,47.0,680,25,2343,7,0.05614226205905233
2216,20230816-9AM_750_25_2343_0,0.786,47.0,750,25,2343,0,-0.10457745396059209
2217,20230816-9AM_750_25_2343_1,0.541,47.0,750,25,2343,1,-0.26680273489343054
2218,20230816-9AM_750_25_2343_2,0.536,47.0,750,25,2343,2,-0.27083521030722996
2219,20230816-9AM_750_25_2343_3,0.506,47.0,750,25,2343,3,-0.2958494831602009
2220,20230816-9AM_750_25_2343_4,0.452,47.0,750,25,2343,4,-0.3448615651886179
2221,20230816-9AM_750_25_2343_5,0.706,47.0,750,25,2343,5,-0.15119529894819625
2222,20230816-9AM_750_25_2343_6,0.703,47.0,750,25,2343,6,-0.15304467498017607
2223,20230816-9AM_750_25_2343_7,0.719,47.0,750,25,2343,7,-0.14327110961711742
2224,20230816-9AM_680_25_1952_0,0.723,47.0,680,25,1952,0,-0.1408617027054692
2225,20230816-9AM_680_25_1952_1,1.418,47.0,680,25,1952,1,0.1516762308470477
2226,20230816-9AM_680_25_1952_2,1.144,47.0,680,25,1952,2,0.05842602445700536
2227,20230816-9AM_680_25_1952_3,1.535,47.0,680,25,1952,3,0.18610837981320527
2228,20230816-9AM_680_25_1952_4,1.44,47.0,680,25,1952,4,0.15836249209524964
2229,20230816-9AM_680_25_1952_5,1.343,47.0,680,25,1952,5,0.12807601266871535
2230,20230816-9AM_680_25_1952_6,1.52,47.0,680,25,1952,6,0.18184358794477254
2231,20230816-9AM_680_25_1952_7,1.164,47.0,680,25,1952,7,0.06595298031386965
2232,20230816-9AM_750_25_1952_0,0.444,47.0,750,25,1952,0,-0.3526170298853802
2233,20230816-9AM_750_25_1952_1,0.74,47.0,750,25,1952,1,-0.13076828026902382
2234,20230816-9AM_750_25_1952_2,0.642,47.0,750,25,1952,2,-0.19246497193114673
2235,20230816-9AM_750_25_1952_3,0.779,47.0,750,25,1952,3,-0.10846254232743553
2236,20230816-9AM_750_25_1952_4,0.743,47.0,750,25,1952,4,-0.1290111862394247
2237,20230816-9AM_750_25_1952_5,0.709,47.0,750,25,1952,5,-0.1493537648169335
2238,20230816-9AM_750_25_1952_6,0.766,47.0,750,25,1952,6,-0.11577123036739606
2239,20230816-9AM_750_25_1952_7,0.643,47.0,750,25,1952,7,-0.1917890270757779
2240,20230816-9AM_680_25_2931_0,1.178,47.0,680,25,2931,0,0.07114529045108281
2241,20230816-9AM_680_25_2931_1,0.559,47.0,680,25,2931,1,-0.25258819211357664
2242,20230816-9AM_680_25_2931_2,0.763,47.0,680,25,2931,2,-0.11747546204511952
2243,20230816-9AM_680_25_2931_3,1.031,47.0,680,25,2931,3,0.013258665283516512
2244,20230816-9AM_680_25_2931_4,1.198,47.0,680,25,2931,4,0.07845681805329256
2245,20230816-9AM_680_25_2931_5,1.13,47.0,680,25,2931,5,0.05307844348341968
2246,20230816-9AM_680_25_2931_6,1.356,47.0,680,25,2931,6,0.13225968953104458
2247,20230816-9AM_680_25_2931_7,1.012,47.0,680,25,2931,7,0.005180512503780314
2248,20230816-9AM_750_25_2931_0,0.686,47.0,750,25,2931,0,-0.16367588429324828
2249,20230816-9AM_750_25_2931_1,0.339,47.0,750,25,2931,1,-0.4698003017969178
2250,20230816-9AM_750_25_2931_2,0.462,47.0,750,25,2931,2,-0.33535802444387447
2251,20230816-9AM_750_25_2931_3,0.604,47.0,750,25,2931,3,-0.21896306137886817
2252,20230816-9AM_750_25_2931_4,0.67,47.0,750,25,2931,4,-0.17392519729917355
2253,20230816-9AM_750_25_2931_5,0.69,47.0,750,25,2931,5,-0.16115090926274472
2254,20230816-9AM_750_25_2931_6,0.668,47.0,750,25,2931,6,-0.1752235375244543
2255,20230816-9AM_750_25_2931_7,0.596,47.0,750,25,2931,7,-0.22475374025976358
2256,20230816-9AM_680_25_JG5_0,0.723,47.0,680,25,JG5,0,-0.1408617027054692
2257,20230816-9AM_680_25_JG5_1,0.688,47.0,680,25,JG5,1,-0.16241156176448873
2258,20230816-9AM_680_25_JG5_2,1.936,47.0,680,25,JG5,2,0.28690535297237485
2259,20230816-9AM_680_25_JG5_3,1.742,47.0,680,25,JG5,3,0.2410481506716444
2260,20230816-9AM_680_25_JG5_4,1.845,47.0,680,25,JG5,4,0.2659963704950792
2261,20230816-9AM_680_25_JG5_5,1.066,47.0,680,25,JG5,5,0.027757204690553483
2262,20230816-9AM_680_25_JG5_6,0.621,47.0,680,25,JG5,6,-0.20690839982341983
2263,20230816-9AM_680_25_JG5_7,0.628,47.0,680,25,JG5,7,-0.20204035626280387
2264,20230816-9AM_750_25_JG5_0,0.378,47.0,750,25,JG5,0,-0.4225082001627747
2265,20230816-9AM_750_25_JG5_1,0.402,47.0,750,25,JG5,1,-0.3957739469155299
2266,20230816-9AM_750_25_JG5_2,0.839,47.0,750,25,JG5,2,-0.07623803917129975
2267,20230816-9AM_750_25_JG5_3,0.789,47.0,750,25,JG5,3,-0.10292299679057967
2268,20230816-9AM_750_25_JG5_4,0.799,47.0,750,25,JG5,4,-0.09745322068600859
2269,20230816-9AM_750_25_JG5_5,0.505,47.0,750,25,JG5,5,-0.2967086218813386
2270,20230816-9AM_750_25_JG5_6,0.343,47.0,750,25,JG5,6,-0.46470587995722945
2271,20230816-9AM_750_25_JG5_7,0.371,47.0,750,25,JG5,7,-0.43062609038495414
2272,20230816-9AM_680_25_BMS_0,1.536,47.0,680,25,BMS,0,0.1863912156954932
2273,20230816-9AM_680_25_BMS_1,1.493,47.0,680,25,BMS,1,0.17405980772502544
2274,20230816-9AM_680_25_BMS_2,1.507,47.0,680,25,BMS,2,0.1781132523146318
2275,20230816-9AM_680_25_BMS_3,1.745,47.0,680,25,BMS,3,0.24179543129519873
2276,20230816-9AM_680_25_BMS_4,1.422,47.0,680,25,BMS,4,0.15289959639374748
2277,20230816-9AM_680_25_BMS_5,1.313,47.0,680,25,BMS,5,0.11826472608947933
2278,20230816-9AM_680_25_BMS_6,1.583,47.0,680,25,BMS,6,0.1994809148623559
2279,20230816-9AM_680_25_BMS_7,1.044,47.0,680,25,BMS,7,0.01870049866624337
2280,20230816-9AM_750_25_BMS_0,0.774,47.0,750,25,BMS,0,-0.11125903931710739
2281,20230816-9AM_750_25_BMS_1,0.805,47.0,750,25,BMS,1,-0.09420411963213146
2282,20230816-9AM_750_25_BMS_2,0.735,47.0,750,25,BMS,2,-0.1337126609158051
2283,20230816-9AM_750_25_BMS_3,0.889,47.0,750,25,BMS,3,-0.0510982390297863
2284,20230816-9AM_750_25_BMS_4,0.771,47.0,750,25,BMS,4,-0.11294562194904302
2285,20230816-9AM_750_25_BMS_5,0.712,47.0,750,25,BMS,5,-0.14752000636314366
2286,20230816-9AM_750_25_BMS_6,0.771,47.0,750,25,BMS,6,-0.11294562194904302
2287,20230816-9AM_750_25_BMS_7,0.528,47.0,750,25,BMS,7,-0.27736607746618774
2288,20230816-9AM_680_39_3059_0,0.498,47.0,680,39,3059,0,-0.30277065724028246
2289,20230816-9AM_680_39_3059_1,0.379,47.0,680,39,3059,1,-0.42136079003192767
2290,20230816-9AM_680_39_3059_2,0.518,47.0,680,39,3059,2,-0.28567024025476695
2291,20230816-9AM_680_39_3059_3,0.773,47.0,680,39,3059,3,-0.11182050608167508
2292,20230816-9AM_680_39_3059_4,0.901,47.0,680,39,3059,4,-0.04527520902093701
2293,20230816-9AM_680_39_3059_5,0.335,47.0,680,39,3059,5,-0.47495519296315475
2294,20230816-9AM_680_39_3059_6,0.332,47.0,680,39,3059,6,-0.4788619162959637
2295,20230816-9AM_680_39_3059_7,0.754,47.0,680,39,3059,7,-0.12262865413022594
2296,20230816-9AM_750_39_3059_0,0.284,47.0,750,39,3059,0,-0.5466816599529624
2297,20230816-9AM_750_39_3059_1,0.238,47.0,750,39,3059,1,-0.623423042943488
2298,20230816-9AM_750_39_3059_2,0.3,47.0,750,39,3059,2,-0.5228787452803376
2299,20230816-9AM_750_39_3059_3,0.443,47.0,750,39,3059,3,-0.3535962737769304
2300,20230816-9AM_750_39_3059_4,0.579,47.0,750,39,3059,4,-0.23732143627256383
2301,20230816-9AM_750_39_3059_5,0.227,47.0,750,39,3059,5,-0.6439741428068773
2302,20230816-9AM_750_39_3059_6,0.192,47.0,750,39,3059,6,-0.7166987712964504
2303,20230816-9AM_750_39_3059_7,0.437,47.0,750,39,3059,7,-0.3595185630295782
2304,20230816-9AM_680_39_1691_0,0.711,47.0,680,39,1691,0,-0.14813039927023372
2305,20230816-9AM_680_39_1691_1,0.565,47.0,680,39,1691,1,-0.2479515521805615
2306,20230816-9AM_680_39_1691_2,0.622,47.0,680,39,1691,2,-0.2062096153091813
2307,20230816-9AM_680_39_1691_3,0.663,47.0,680,39,1691,3,-0.17848647159522685
2308,20230816-9AM_680_39_1691_4,0.727,47.0,680,39,1691,4,-0.1384655891409622
2309,20230816-9AM_680_39_1691_5,0.874,47.0,680,39,1691,5,-0.05848856736559697
2310,20230816-9AM_680_39_1691_6,0.865,47.0,680,39,1691,6,-0.06298389253518578
2311,20230816-9AM_680_39_1691_7,0.905,47.0,680,39,1691,7,-0.043351420794796675
2312,20230816-9AM_750_39_1691_0,0.425,47.0,750,39,1691,0,-0.37161106994968846
2313,20230816-9AM_750_39_1691_1,0.361,47.0,750,39,1691,1,-0.4424927980943421
2314,20230816-9AM_750_39_1691_2,0.382,47.0,750,39,1691,2,-0.41793663708829126
2315,20230816-9AM_750_39_1691_3,0.467,47.0,750,39,1691,3,-0.33068311943388784
2316,20230816-9AM_750_39_1691_4,0.449,47.0,750,39,1691,4,-0.3477536589966768
2317,20230816-9AM_750_39_1691_5,0.581,47.0,750,39,1691,5,-0.2358238676096693
2318,20230816-9AM_750_39_1691_6,0.565,47.0,750,39,1691,6,-0.2479515521805615
2319,20230816-9AM_750_39_1691_7,0.52,47.0,750,39,1691,7,-0.28399665636520083
2320,20230816-9AM_680_39_1690_0,0.514,47.0,680,39,1690,0,-0.28903688100472424
2321,20230816-9AM_680_39_1690_1,0.404,47.0,680,39,1690,1,-0.393618634889395
2322,20230816-9AM_680_39_1690_2,0.411,47.0,680,39,1690,2,-0.38615817812393083
2323,20230816-9AM_680_39_1690_3,0.65,47.0,680,39,1690,3,-0.18708664335714442
2324,20230816-9AM_680_39_1690_4,0.379,47.0,680,39,1690,4,-0.42136079003192767
2325,20230816-9AM_680_39_1690_5,0.518,47.0,680,39,1690,5,-0.28567024025476695
2326,20230816-9AM_680_39_1690_6,0.725,47.0,680,39,1690,6,-0.13966199342900631
2327,20230816-9AM_680_39_1690_7,0.51,47.0,680,39,1690,7,-0.2924298239020636
2328,20230816-9AM_750_39_1690_0,0.334,47.0,750,39,1690,0,-0.4762535331884355
2329,20230816-9AM_750_39_1690_1,0.295,47.0,750,39,1690,1,-0.530177984021837
2330,20230816-9AM_750_39_1690_2,0.288,47.0,750,39,1690,2,-0.5406075122407692
2331,20230816-9AM_750_39_1690_3,0.437,47.0,750,39,1690,3,-0.3595185630295782
2332,20230816-9AM_750_39_1690_4,0.264,47.0,750,39,1690,4,-0.5783960731301689
2333,20230816-9AM_750_39_1690_5,0.37,47.0,750,39,1690,5,-0.431798275933005
2334,20230816-9AM_750_39_1690_6,0.486,47.0,750,39,1690,6,-0.3133637307377066
2335,20230816-9AM_750_39_1690_7,0.363,47.0,750,39,1690,7,-0.4400933749638875
2336,20230816-9AM_680_39_2342_0,0.255,47.0,680,39,2342,0,-0.5934598195660449
2337,20230816-9AM_680_39_2342_1,0.381,47.0,680,39,2342,1,-0.4190750243243807
2338,20230816-9AM_680_39_2342_2,0.456,47.0,680,39,2342,2,-0.341035157335565
2339,20230816-9AM_680_39_2342_3,0.352,47.0,680,39,2342,3,-0.453457336521869
2340,20230816-9AM_680_39_2342_4,0.222,47.0,680,39,2342,4,-0.6536470255493614
2341,20230816-9AM_680_39_2342_5,0.37,47.0,680,39,2342,5,-0.431798275933005
2342,20230816-9AM_680_39_2342_6,0.919,47.0,680,39,2342,6,-0.03668448861388872
2343,20230816-9AM_680_39_2342_7,0.323,47.0,680,39,2342,7,-0.4907974776688971
2344,20230816-9AM_750_39_2342_0,0.218,47.0,750,39,2342,0,-0.6615435063953952
2345,20230816-9AM_750_39_2342_1,0.324,47.0,750,39,2342,1,-0.48945498979338786
2346,20230816-9AM_750_39_2342_2,0.338,47.0,750,39,2342,2,-0.47108329972234525
2347,20230816-9AM_750_39_2342_3,0.257,47.0,750,39,2342,3,-0.5900668766687055
2348,20230816-9AM_750_39_2342_4,0.181,47.0,750,39,2342,4,-0.7423214251308154
2349,20230816-9AM_750_39_2342_5,0.262,47.0,750,39,2342,5,-0.5816987086802545
2350,20230816-9AM_750_39_2342_6,0.678,47.0,750,39,2342,6,-0.16877030613293661
2351,20230816-9AM_750_39_2342_7,0.239,47.0,750,39,2342,7,-0.6216020990518624
2352,20230816-9AM_680_39_4532_0,0.766,47.0,680,39,4532,0,-0.11577123036739606
2353,20230816-9AM_680_39_4532_1,0.633,47.0,680,39,4532,1,-0.1985962899826449
2354,20230816-9AM_680_39_4532_2,0.592,47.0,680,39,4532,2,-0.22767829327708025
2355,20230816-9AM_680_39_4532_3,0.536,47.0,680,39,4532,3,-0.27083521030722996
2356,20230816-9AM_680_39_4532_4,0.597,47.0,680,39,4532,4,-0.22402566887063094
2357,20230816-9AM_680_39_4532_5,0.559,47.0,680,39,4532,5,-0.25258819211357664
2358,20230816-9AM_680_39_4532_6,0.509,47.0,680,39,4532,6,-0.29328221766324125
2359,20230816-9AM_680_39_4532_7,0.635,47.0,680,39,4532,7,-0.1972262747080243
2360,20230816-9AM_750_39_4532_0,0.463,47.0,750,39,4532,0,-0.33441900898204685
2361,20230816-9AM_750_39_4532_1,0.408,47.0,750,39,4532,1,-0.3893398369101201
2362,20230816-9AM_750_39_4532_2,0.375,47.0,750,39,4532,2,-0.42596873227228116
2363,20230816-9AM_750_39_4532_3,0.361,47.0,750,39,4532,3,-0.4424927980943421
2364,20230816-9AM_750_39_4532_4,0.375,47.0,750,39,4532,4,-0.42596873227228116
2365,20230816-9AM_750_39_4532_5,0.364,47.0,750,39,4532,5,-0.438898616350944
2366,20230816-9AM_750_39_4532_6,0.321,47.0,750,39,4532,6,-0.4934949675951279
2367,20230816-9AM_750_39_4532_7,0.38,47.0,750,39,4532,7,-0.42021640338318983
2368,20230816-9AM_680_39_2344_0,0.493,47.0,680,39,2344,0,-0.30715308072277
2369,20230816-9AM_680_39_2344_1,0.316,47.0,680,39,2344,1,-0.5003129173815962
2370,20230816-9AM_680_39_2344_2,0.558,47.0,680,39,2344,2,-0.25336580106242124
2371,20230816-9AM_680_39_2344_3,0.357,47.0,680,39,2344,3,-0.4473317838878068
2372,20230816-9AM_680_39_2344_4,0.389,47.0,680,39,2344,4,-0.41005039867429227
2373,20230816-9AM_680_39_2344_5,0.53,47.0,680,39,2344,5,-0.27572413039921095
2374,20230816-9AM_680_39_2344_6,0.664,47.0,680,39,2344,6,-0.1778319206319825
2375,20230816-9AM_680_39_2344_7,0.358,47.0,680,39,2344,7,-0.44611697335612566
2376,20230816-9AM_750_39_2344_0,0.365,47.0,750,39,2344,0,-0.4377071355435253
2377,20230816-9AM_750_39_2344_1,0.254,47.0,750,39,2344,1,-0.595166283380062
2378,20230816-9AM_750_39_2344_2,0.395,47.0,750,39,2344,2,-0.40340290437353976
2379,20230816-9AM_750_39_2344_3,0.266,47.0,750,39,2344,3,-0.575118363368933
2380,20230816-9AM_750_39_2344_4,0.26,47.0,750,39,2344,4,-0.585026652029182
2381,20230816-9AM_750_39_2344_5,0.387,47.0,750,39,2344,5,-0.4122890349810886
2382,20230816-9AM_750_39_2344_6,0.428,47.0,750,39,2344,6,-0.368556230986828
2383,20230816-9AM_750_39_2344_7,0.251,47.0,750,39,2344,7,-0.6003262785189618
2384,20230816-9AM_680_39_2343_0,0.563,47.0,680,39,2343,0,-0.24949160514865382
2385,20230816-9AM_680_39_2343_1,0.76,47.0,680,39,2343,1,-0.11918640771920865
2386,20230816-9AM_680_39_2343_2,0.526,47.0,680,39,2343,2,-0.27901425584626094
2387,20230816-9AM_680_39_2343_3,0.663,47.0,680,39,2343,3,-0.17848647159522685
2388,20230816-9AM_680_39_2343_4,0.362,47.0,680,39,2343,4,-0.4412914294668343
2389,20230816-9AM_680_39_2343_5,0.522,47.0,680,39,2343,5,-0.28232949699773785
2390,20230816-9AM_680_39_2343_6,0.539,47.0,680,39,2343,6,-0.2684112348132613
2391,20230816-9AM_680_39_2343_7,0.454,47.0,680,39,2343,7,-0.34294414714289606
2392,20230816-9AM_750_39_2343_0,0.356,47.0,750,39,2343,0,-0.44855000202712486
2393,20230816-9AM_750_39_2343_1,0.505,47.0,750,39,2343,1,-0.2967086218813386
2394,20230816-9AM_750_39_2343_2,0.357,47.0,750,39,2343,2,-0.4473317838878068
2395,20230816-9AM_750_39_2343_3,0.464,47.0,750,39,2343,3,-0.3334820194451191
2396,20230816-9AM_750_39_2343_4,0.268,47.0,750,39,2343,4,-0.5718652059712112
2397,20230816-9AM_750_39_2343_5,0.366,47.0,750,39,2343,5,-0.43651891460558934
2398,20230816-9AM_750_39_2343_6,0.37,47.0,750,39,2343,6,-0.431798275933005
2399,20230816-9AM_750_39_2343_7,0.326,47.0,750,39,2343,7,-0.48678239993206096
2400,20230816-9AM_680_39_1952_0,0.669,47.0,680,39,1952,0,-0.17457388223217687
2401,20230816-9AM_680_39_1952_1,0.857,47.0,680,39,1952,1,-0.06701917807680184
2402,20230816-9AM_680_39_1952_2,0.757,47.0,680,39,1952,2,-0.12090412049992724
2403,20230816-9AM_680_39_1952_3,0.895,47.0,680,39,1952,3,-0.04817696468408802
2404,20230816-9AM_680_39_1952_4,0.857,47.0,680,39,1952,4,-0.06701917807680184
2405,20230816-9AM_680_39_1952_5,1.015,47.0,680,39,1952,5,0.006466042249231681
2406,20230816-9AM_680_39_1952_6,0.816,47.0,680,39,1952,6,-0.08830984124613889
2407,20230816-9AM_680_39_1952_7,1.057,47.0,680,39,1952,7,0.024074987307426243
2408,20230816-9AM_750_39_1952_0,0.415,47.0,750,39,1952,0,-0.3819519032879073
2409,20230816-9AM_750_39_1952_1,0.476,47.0,750,39,1952,1,-0.32239304727950685
2410,20230816-9AM_750_39_1952_2,0.442,47.0,750,39,1952,2,-0.3545777306509081
2411,20230816-9AM_750_39_1952_3,0.53,47.0,750,39,1952,3,-0.27572413039921095
2412,20230816-9AM_750_39_1952_4,0.479,47.0,750,39,1952,4,-0.3196644865854368
2413,20230816-9AM_750_39_1952_5,0.592,47.0,750,39,1952,5,-0.22767829327708025
2414,20230816-9AM_750_39_1952_6,0.501,47.0,750,39,1952,6,-0.30016227413275426
2415,20230816-9AM_750_39_1952_7,0.581,47.0,750,39,1952,7,-0.2358238676096693
2416,20230816-9AM_680_39_2931_0,0.812,47.0,680,39,2931,0,-0.09044397075882467
2417,20230816-9AM_680_39_2931_1,0.512,47.0,680,39,2931,1,-0.2907300390241692
2418,20230816-9AM_680_39_2931_2,0.662,47.0,680,39,2931,2,-0.17914201056030005
2419,20230816-9AM_680_39_2931_3,0.527,47.0,680,39,2931,3,-0.27818938478745336
2420,20230816-9AM_680_39_2931_4,0.679,47.0,680,39,2931,4,-0.1681302257194983
2421,20230816-9AM_680_39_2931_5,0.241,47.0,680,39,2931,5,-0.6179829574251317
2422,20230816-9AM_680_39_2931_6,0.956,47.0,680,39,2931,6,-0.019542107723899943
2423,20230816-9AM_680_39_2931_7,0.53,47.0,680,39,2931,7,-0.27572413039921095
2424,20230816-9AM_750_39_2931_0,0.491,47.0,750,39,2931,0,-0.3089185078770315
2425,20230816-9AM_750_39_2931_1,0.331,47.0,750,39,2931,1,-0.48017200622428124
2426,20230816-9AM_750_39_2931_2,0.416,47.0,750,39,2931,2,-0.3809066693732573
2427,20230816-9AM_750_39_2931_3,0.311,47.0,750,39,2931,3,-0.5072396109731625
2428,20230816-9AM_750_39_2931_4,0.417,47.0,750,39,2931,4,-0.3798639450262425
2429,20230816-9AM_750_39_2931_5,0.157,47.0,750,39,2931,5,-0.8041003475907662
2430,20230816-9AM_750_39_2931_6,0.54,47.0,750,39,2931,6,-0.26760624017703144
2431,20230816-9AM_750_39_2931_7,0.424,47.0,750,39,2931,7,-0.37263414340726736
2432,20230816-9AM_680_39_JG5_0,0.174,47.0,680,39,JG5,0,-0.7594507517174003
2433,20230816-9AM_680_39_JG5_1,0.197,47.0,680,39,JG5,1,-0.7055337738384071
2434,20230816-9AM_680_39_JG5_2,0.143,47.0,680,39,JG5,2,-0.8446639625349383
2435,20230816-9AM_680_39_JG5_3,0.273,47.0,680,39,JG5,3,-0.563837352959244
2436,20230816-9AM_680_39_JG5_4,0.182,47.0,680,39,JG5,4,-0.7399286120149252
2437,20230816-9AM_680_39_JG5_5,0.146,47.0,680,39,JG5,5,-0.835647144215563
2438,20230816-9AM_680_39_JG5_6,0.24,47.0,680,39,JG5,6,-0.619788758288394
2439,20230816-9AM_680_39_JG5_7,0.113,47.0,680,39,JG5,7,-0.9469215565165803
2440,20230816-9AM_750_39_JG5_0,0.135,47.0,750,39,JG5,0,-0.8696662315049939
2441,20230816-9AM_750_39_JG5_1,0.159,47.0,750,39,JG5,1,-0.7986028756795485
2442,20230816-9AM_750_39_JG5_2,0.1,47.0,750,39,JG5,2,-1.0
2443,20230816-9AM_750_39_JG5_3,0.187,47.0,750,39,JG5,3,-0.7281583934635011
2444,20230816-9AM_750_39_JG5_4,0.148,47.0,750,39,JG5,4,-0.8297382846050426
2445,20230816-9AM_750_39_JG5_5,0.098,47.0,750,39,JG5,5,-1.0087739243075051
2446,20230816-9AM_750_39_JG5_6,0.157,47.0,750,39,JG5,6,-0.8041003475907662
2447,20230816-9AM_750_39_JG5_7,0.091,47.0,750,39,JG5,7,-1.0409586076789064
2448,20230816-9AM_680_39_BMS_0,0.771,47.0,680,39,BMS,0,-0.11294562194904302
2449,20230816-9AM_680_39_BMS_1,0.956,47.0,680,39,BMS,1,-0.019542107723899943
2450,20230816-9AM_680_39_BMS_2,0.782,47.0,680,39,BMS,2,-0.10679324694015198
2451,20230816-9AM_680_39_BMS_3,1.067,47.0,680,39,BMS,3,0.028164419424469872
2452,20230816-9AM_680_39_BMS_4,0.836,47.0,680,39,BMS,4,-0.07779372256098363
2453,20230816-9AM_680_39_BMS_5,1.026,47.0,680,39,BMS,5,0.011147360775797479
2454,20230816-9AM_680_39_BMS_6,0.875,47.0,680,39,BMS,6,-0.057991946977686754
2455,20230816-9AM_680_39_BMS_7,0.699,47.0,680,39,BMS,7,-0.15552282425431863
2456,20230816-9AM_750_39_BMS_0,0.468,47.0,750,39,BMS,0,-0.32975414692587596
2457,20230816-9AM_750_39_BMS_1,0.522,47.0,750,39,BMS,1,-0.28232949699773785
2458,20230816-9AM_750_39_BMS_2,0.477,47.0,750,39,BMS,2,-0.3214816209598861
2459,20230816-9AM_750_39_BMS_3,0.584,47.0,750,39,BMS,3,-0.23358715288760054
2460,20230816-9AM_750_39_BMS_4,0.477,47.0,750,39,BMS,4,-0.3214816209598861
2461,20230816-9AM_750_39_BMS_5,0.557,47.0,750,39,BMS,5,-0.25414480482627105
2462,20230816-9AM_750_39_BMS_6,0.492,47.0,750,39,BMS,6,-0.30803489723263966
2463,20230816-9AM_750_39_BMS_7,0.409,47.0,750,39,BMS,7,-0.38827669199265824
2464,20230816-9AM_680_37_3059_0,1.162,47.0,680,37,3059,0,0.0652061280543119
2465,20230816-9AM_680_37_3059_1,0.856,47.0,680,37,3059,1,-0.06752623532284678
2466,20230816-9AM_680_37_3059_2,0.965,47.0,680,37,3059,2,-0.015472686656207449
2467,20230816-9AM_680_37_3059_3,1.124,47.0,680,37,3059,3,0.05076631123304232
2468,20230816-9AM_680_37_3059_4,1.167,47.0,680,37,3059,4,0.06707085604537019
2469,20230816-9AM_680_37_3059_5,0.639,47.0,680,37,3059,5,-0.19449914184159983
2470,20230816-9AM_680_37_3059_6,0.734,47.0,680,37,3059,6,-0.13430394008392949
2471,20230816-9AM_680_37_3059_7,0.817,47.0,680,37,3059,7,-0.08777794346758454
2472,20230816-9AM_750_37_3059_0,0.657,47.0,750,37,3059,0,-0.1824346304402192
2473,20230816-9AM_750_37_3059_1,0.447,47.0,750,37,3059,1,-0.34969247686806354
2474,20230816-9AM_750_37_3059_2,0.64,47.0,750,37,3059,2,-0.1938200260161128
2475,20230816-9AM_750_37_3059_3,0.588,47.0,750,37,3059,3,-0.23062267392386154
2476,20230816-9AM_750_37_3059_4,0.711,47.0,750,37,3059,4,-0.14813039927023372
2477,20230816-9AM_750_37_3059_5,0.363,47.0,750,37,3059,5,-0.4400933749638875
2478,20230816-9AM_750_37_3059_6,0.388,47.0,750,37,3059,6,-0.41116827440579273
2479,20230816-9AM_750_37_3059_7,0.58,47.0,750,37,3059,7,-0.23657200643706275
2480,20230816-9AM_680_37_1691_0,0.846,47.0,680,37,1691,0,-0.07262963696097648
2481,20230816-9AM_680_37_1691_1,0.695,47.0,680,37,1691,1,-0.15801519540988615
2482,20230816-9AM_680_37_1691_2,0.714,47.0,680,37,1691,2,-0.14630178822382564
2483,20230816-9AM_680_37_1691_3,1.126,47.0,680,37,1691,3,0.05153839051532738
2484,20230816-9AM_680_37_1691_4,0.756,47.0,680,37,1691,4,-0.12147820449879346
2485,20230816-9AM_680_37_1691_5,1.609,47.0,680,37,1691,5,0.20655604409902956
2486,20230816-9AM_680_37_1691_6,1.218,47.0,680,37,1691,6,0.08564728829685654
2487,20230816-9AM_680_37_1691_7,1.078,47.0,680,37,1691,7,0.03261876085071993
2488,20230816-9AM_750_37_1691_0,0.527,47.0,750,37,1691,0,-0.27818938478745336
2489,20230816-9AM_750_37_1691_1,0.415,47.0,750,37,1691,1,-0.3819519032879073
2490,20230816-9AM_750_37_1691_2,0.407,47.0,750,37,1691,2,-0.39040559077478
2491,20230816-9AM_750_37_1691_3,0.674,47.0,750,37,1691,3,-0.17134010346468015
2492,20230816-9AM_750_37_1691_4,0.493,47.0,750,37,1691,4,-0.30715308072277
2493,20230816-9AM_750_37_1691_5,0.94,47.0,750,37,1691,5,-0.026872146400301365
2494,20230816-9AM_750_37_1691_6,0.755,47.0,750,37,1691,6,-0.12205304837081175
2495,20230816-9AM_750_37_1691_7,0.681,47.0,750,37,1691,7,-0.16685288808721482
2496,20230816-9AM_680_37_1690_0,1.067,47.0,680,37,1690,0,0.028164419424469872
2497,20230816-9AM_680_37_1690_1,0.933,47.0,680,37,1690,1,-0.030118356253500032
2498,20230816-9AM_680_37_1690_2,1.248,47.0,680,37,1690,2,0.09621458534640519
2499,20230816-9AM_680_37_1690_3,1.022,47.0,680,37,1690,3,0.009450895798693935
2500,20230816-9AM_680_37_1690_4,0.839,47.0,680,37,1690,4,-0.07623803917129975
2501,20230816-9AM_680_37_1690_5,0.998,47.0,680,37,1690,5,-0.0008694587126288914
2502,20230816-9AM_680_37_1690_6,1.085,47.0,680,37,1690,6,0.0354297381845483
2503,20230816-9AM_680_37_1690_7,1.148,47.0,680,37,1690,7,0.05994188806195468
2504,20230816-9AM_750_37_1690_0,0.597,47.0,750,37,1690,0,-0.22402566887063094
2505,20230816-9AM_750_37_1690_1,0.568,47.0,750,37,1690,1,-0.24565166428898116
2506,20230816-9AM_750_37_1690_2,0.727,47.0,750,37,1690,2,-0.1384655891409622
2507,20230816-9AM_750_37_1690_3,0.607,47.0,750,37,1690,3,-0.21681130892474243
2508,20230816-9AM_750_37_1690_4,0.516,47.0,750,37,1690,4,-0.28735029837278864
2509,20230816-9AM_750_37_1690_5,0.625,47.0,750,37,1690,5,-0.2041199826559248
2510,20230816-9AM_750_37_1690_6,0.638,47.0,750,37,1690,6,-0.19517932127883766
2511,20230816-9AM_750_37_1690_7,0.693,47.0,750,37,1690,7,-0.1592667653881933
2512,20230816-9AM_680_37_2342_0,0.402,47.0,680,37,2342,0,-0.3957739469155299
2513,20230816-9AM_680_37_2342_1,0.536,47.0,680,37,2342,1,-0.27083521030722996
2514,20230816-9AM_680_37_2342_2,0.58,47.0,680,37,2342,2,-0.23657200643706275
2515,20230816-9AM_680_37_2342_3,0.856,47.0,680,37,2342,3,-0.06752623532284678
2516,20230816-9AM_680_37_2342_4,0.622,47.0,680,37,2342,4,-0.2062096153091813
2517,20230816-9AM_680_37_2342_5,0.443,47.0,680,37,2342,5,-0.3535962737769304
2518,20230816-9AM_680_37_2342_6,0.938,47.0,680,37,2342,6,-0.027797161620935564
2519,20230816-9AM_680_37_2342_7,0.854,47.0,680,37,2342,7,-0.06854212931099495
2520,20230816-9AM_750_37_2342_0,0.337,47.0,750,37,2342,0,-0.47237009912866135
2521,20230816-9AM_750_37_2342_1,0.458,47.0,750,37,2342,1,-0.3391345219961308
2522,20230816-9AM_750_37_2342_2,0.426,47.0,750,37,2342,2,-0.37059040089728107
2523,20230816-9AM_750_37_2342_3,0.517,47.0,750,37,2342,3,-0.2865094569060575
2524,20230816-9AM_750_37_2342_4,0.481,47.0,750,37,2342,4,-0.31785492362616824
2525,20230816-9AM_750_37_2342_5,0.349,47.0,750,37,2342,5,-0.45717457304082015
2526,20230816-9AM_750_37_2342_6,0.644,47.0,750,37,2342,6,-0.1911141326401879
2527,20230816-9AM_750_37_2342_7,0.598,47.0,750,37,2342,7,-0.22329881601158919
2528,20230816-9AM_680_37_4532_0,0.782,47.0,680,37,4532,0,-0.10679324694015198
2529,20230816-9AM_680_37_4532_1,0.786,47.0,680,37,4532,1,-0.10457745396059209
2530,20230816-9AM_680_37_4532_2,0.743,47.0,680,37,4532,2,-0.1290111862394247
2531,20230816-9AM_680_37_4532_3,0.777,47.0,680,37,4532,3,-0.10957898119908573
2532,20230816-9AM_680_37_4532_4,1.018,47.0,680,37,4532,4,0.007747778000739948
2533,20230816-9AM_680_37_4532_5,0.509,47.0,680,37,4532,5,-0.29328221766324125
2534,20230816-9AM_680_37_4532_6,0.657,47.0,680,37,4532,6,-0.1824346304402192
2535,20230816-9AM_680_37_4532_7,0.619,47.0,680,37,4532,7,-0.208309350979882
2536,20230816-9AM_750_37_4532_0,0.476,47.0,750,37,4532,0,-0.32239304727950685
2537,20230816-9AM_750_37_4532_1,0.506,47.0,750,37,4532,1,-0.2958494831602009
2538,20230816-9AM_750_37_4532_2,0.483,47.0,750,37,4532,2,-0.31605286924848786
2539,20230816-9AM_750_37_4532_3,0.496,47.0,750,37,4532,3,-0.30451832350980257
2540,20230816-9AM_750_37_4532_4,0.594,47.0,750,37,4532,4,-0.22621355501880647
2541,20230816-9AM_750_37_4532_5,0.36,47.0,750,37,4532,5,-0.44369749923271273
2542,20230816-9AM_750_37_4532_6,0.459,47.0,750,37,4532,6,-0.33818731446273875
2543,20230816-9AM_750_37_4532_7,0.415,47.0,750,37,4532,7,-0.3819519032879073
2544,20230816-9AM_680_37_2344_0,0.661,47.0,680,37,2344,0,-0.17979854051435976
2545,20230816-9AM_680_37_2344_1,0.844,47.0,680,37,2344,1,-0.07365755337434496
2546,20230816-9AM_680_37_2344_2,0.858,47.0,680,37,2344,2,-0.06651271215129456
2547,20230816-9AM_680_37_2344_3,0.661,47.0,680,37,2344,3,-0.17979854051435976
2548,20230816-9AM_680_37_2344_4,0.453,47.0,680,37,2344,4,-0.34390179798716813
2549,20230816-9AM_680_37_2344_5,0.994,47.0,680,37,2344,5,-0.00261361560268669
2550,20230816-9AM_680_37_2344_6,0.877,47.0,680,37,2344,6,-0.05700040663395948
2551,20230816-9AM_680_37_2344_7,0.681,47.0,680,37,2344,7,-0.16685288808721482
2552,20230816-9AM_750_37_2344_0,0.487,47.0,750,37,2344,0,-0.3124710387853657
2553,20230816-9AM_750_37_2344_1,0.553,47.0,750,37,2344,1,-0.2572748686953017
2554,20230816-9AM_750_37_2344_2,0.569,47.0,750,37,2344,2,-0.24488773360492885
2555,20230816-9AM_750_37_2344_3,0.464,47.0,750,37,2344,3,-0.3334820194451191
2556,20230816-9AM_750_37_2344_4,0.326,47.0,750,37,2344,4,-0.48678239993206096
2557,20230816-9AM_750_37_2344_5,0.645,47.0,750,37,2344,5,-0.19044028536473223
2558,20230816-9AM_750_37_2344_6,0.593,47.0,750,37,2344,6,-0.22694530663573742
2559,20230816-9AM_750_37_2344_7,0.476,47.0,750,37,2344,7,-0.32239304727950685
2560,20230816-9AM_680_37_2343_0,0.53,47.0,680,37,2343,0,-0.27572413039921095
2561,20230816-9AM_680_37_2343_1,0.641,47.0,680,37,2343,1,-0.19314197048118256
2562,20230816-9AM_680_37_2343_2,0.916,47.0,680,37,2343,2,-0.0381045263321496
2563,20230816-9AM_680_37_2343_3,0.692,47.0,680,37,2343,3,-0.15989390554324223
2564,20230816-9AM_680_37_2343_4,0.538,47.0,680,37,2343,4,-0.2692177243336108
2565,20230816-9AM_680_37_2343_5,0.99,47.0,680,37,2343,5,-0.004364805402450088
2566,20230816-9AM_680_37_2343_6,0.567,47.0,680,37,2343,6,-0.24641694110709345
2567,20230816-9AM_680_37_2343_7,0.529,47.0,680,37,2343,7,-0.2765443279648142
2568,20230816-9AM_750_37_2343_0,0.365,47.0,750,37,2343,0,-0.4377071355435253
2569,20230816-9AM_750_37_2343_1,0.448,47.0,750,37,2343,1,-0.348721986001856
2570,20230816-9AM_750_37_2343_2,0.557,47.0,750,37,2343,2,-0.25414480482627105
2571,20230816-9AM_750_37_2343_3,0.48,47.0,750,37,2343,3,-0.3187587626244128
2572,20230816-9AM_750_37_2343_4,0.404,47.0,750,37,2343,4,-0.393618634889395
2573,20230816-9AM_750_37_2343_5,0.699,47.0,750,37,2343,5,-0.15552282425431863
2574,20230816-9AM_750_37_2343_6,0.394,47.0,750,37,2343,6,-0.40450377817442584
2575,20230816-9AM_750_37_2343_7,0.36,47.0,750,37,2343,7,-0.44369749923271273
2576,20230816-9AM_680_37_1952_0,0.807,47.0,680,37,1952,0,-0.09312646527792956
2577,20230816-9AM_680_37_1952_1,0.729,47.0,680,37,1952,1,-0.1372724716820254
2578,20230816-9AM_680_37_1952_2,0.669,47.0,680,37,1952,2,-0.17457388223217687
2579,20230816-9AM_680_37_1952_3,0.842,47.0,680,37,1952,3,-0.07468790850035051
2580,20230816-9AM_680_37_1952_4,0.909,47.0,680,37,1952,4,-0.041436116778032536
2581,20230816-9AM_680_37_1952_5,0.976,47.0,680,37,1952,5,-0.010550182333308195
2582,20230816-9AM_680_37_1952_6,0.842,47.0,680,37,1952,6,-0.07468790850035051
2583,20230816-9AM_680_37_1952_7,0.659,47.0,680,37,1952,7,-0.18111458540599013
2584,20230816-9AM_750_37_1952_0,0.48,47.0,750,37,1952,0,-0.3187587626244128
2585,20230816-9AM_750_37_1952_1,0.411,47.0,750,37,1952,1,-0.38615817812393083
2586,20230816-9AM_750_37_1952_2,0.42,47.0,750,37,1952,2,-0.37675070960209955
2587,20230816-9AM_750_37_1952_3,0.496,47.0,750,37,1952,3,-0.30451832350980257
2588,20230816-9AM_750_37_1952_4,0.511,47.0,750,37,1952,4,-0.29157909986528724
2589,20230816-9AM_750_37_1952_5,0.573,47.0,750,37,1952,5,-0.24184537803261005
2590,20230816-9AM_750_37_1952_6,0.479,47.0,750,37,1952,6,-0.3196644865854368
2591,20230816-9AM_750_37_1952_7,0.387,47.0,750,37,1952,7,-0.4122890349810886
2592,20230816-9AM_680_37_2931_0,0.739,47.0,680,37,2931,0,-0.13135556160517428
2593,20230816-9AM_680_37_2931_1,0.684,47.0,680,37,2931,1,-0.16494389827988373
2594,20230816-9AM_680_37_2931_2,0.657,47.0,680,37,2931,2,-0.1824346304402192
2595,20230816-9AM_680_37_2931_3,0.639,47.0,680,37,2931,3,-0.19449914184159983
2596,20230816-9AM_680_37_2931_4,0.535,47.0,680,37,2931,4,-0.27164621797877153
2597,20230816-9AM_680_37_2931_5,0.526,47.0,680,37,2931,5,-0.27901425584626094
2598,20230816-9AM_680_37_2931_6,0.789,47.0,680,37,2931,6,-0.10292299679057967
2599,20230816-9AM_680_37_2931_7,1.26,47.0,680,37,2931,7,0.10037054511756291
2600,20230816-9AM_750_37_2931_0,0.43,47.0,750,37,2931,0,-0.36653154442041347
2601,20230816-9AM_750_37_2931_1,0.403,47.0,750,37,2931,1,-0.39469495385889053
2602,20230816-9AM_750_37_2931_2,0.396,47.0,750,37,2931,2,-0.40230481407448765
2603,20230816-9AM_750_37_2931_3,0.383,47.0,750,37,2931,3,-0.41680122603137726
2604,20230816-9AM_750_37_2931_4,0.319,47.0,750,37,2931,4,-0.4962093169428189
2605,20230816-9AM_750_37_2931_5,0.336,47.0,750,37,2931,5,-0.4736607226101559
2606,20230816-9AM_750_37_2931_6,0.45,47.0,750,37,2931,6,-0.3467874862246563
2607,20230816-9AM_750_37_2931_7,0.779,47.0,750,37,2931,7,-0.10846254232743553
2608,20230816-9AM_680_37_JG5_0,0.464,47.0,680,37,JG5,0,-0.3334820194451191
2609,20230816-9AM_680_37_JG5_1,0.391,47.0,680,37,JG5,1,-0.40782324260413316
2610,20230816-9AM_680_37_JG5_2,0.251,47.0,680,37,JG5,2,-0.6003262785189618
2611,20230816-9AM_680_37_JG5_3,0.214,47.0,680,37,JG5,3,-0.6695862266508091
2612,20230816-9AM_680_37_JG5_4,0.755,47.0,680,37,JG5,4,-0.12205304837081175
2613,20230816-9AM_680_37_JG5_5,0.415,47.0,680,37,JG5,5,-0.3819519032879073
2614,20230816-9AM_680_37_JG5_6,0.388,47.0,680,37,JG5,6,-0.41116827440579273
2615,20230816-9AM_680_37_JG5_7,0.331,47.0,680,37,JG5,7,-0.48017200622428124
2616,20230816-9AM_750_37_JG5_0,0.295,47.0,750,37,JG5,0,-0.530177984021837
2617,20230816-9AM_750_37_JG5_1,0.267,47.0,750,37,JG5,1,-0.5734887386354247
2618,20230816-9AM_750_37_JG5_2,0.179,47.0,750,37,JG5,2,-0.7471469690201068
2619,20230816-9AM_750_37_JG5_3,0.161,47.0,750,37,JG5,3,-0.7931741239681502
2620,20230816-9AM_750_37_JG5_4,0.437,47.0,750,37,JG5,4,-0.3595185630295782
2621,20230816-9AM_750_37_JG5_5,0.261,47.0,750,37,JG5,5,-0.583359492661719
2622,20230816-9AM_750_37_JG5_6,0.259,47.0,750,37,JG5,6,-0.5867002359187482
2623,20230816-9AM_750_37_JG5_7,0.222,47.0,750,37,JG5,7,-0.6536470255493614
2624,20230816-9AM_680_37_BMS_0,1.349,47.0,680,37,BMS,0,0.13001194967190424
2625,20230816-9AM_680_37_BMS_1,1.651,47.0,680,37,BMS,1,0.21774707326279363
2626,20230816-9AM_680_37_BMS_2,1.401,47.0,680,37,BMS,2,0.1464381352857746
2627,20230816-9AM_680_37_BMS_3,1.129,47.0,680,37,BMS,3,0.05269394192496786
2628,20230816-9AM_680_37_BMS_4,1.389,47.0,680,37,BMS,4,0.14270224573761559
2629,20230816-9AM_680_37_BMS_5,1.349,47.0,680,37,BMS,5,0.13001194967190424
2630,20230816-9AM_680_37_BMS_6,1.545,47.0,680,37,BMS,6,0.18892848376085342
2631,20230816-9AM_680_37_BMS_7,1.336,47.0,680,37,BMS,7,0.1258064581395269
2632,20230816-9AM_750_37_BMS_0,0.755,47.0,750,37,BMS,0,-0.12205304837081175
2633,20230816-9AM_750_37_BMS_1,0.818,47.0,750,37,BMS,1,-0.08724669632867703
2634,20230816-9AM_750_37_BMS_2,0.782,47.0,750,37,BMS,2,-0.10679324694015198
2635,20230816-9AM_750_37_BMS_3,0.62,47.0,750,37,BMS,3,-0.20760831050174613
2636,20230816-9AM_750_37_BMS_4,0.773,47.0,750,37,BMS,4,-0.11182050608167508
2637,20230816-9AM_750_37_BMS_5,0.754,47.0,750,37,BMS,5,-0.12262865413022594
2638,20230816-9AM_750_37_BMS_6,0.825,47.0,750,37,BMS,6,-0.08354605145007493
2639,20230816-9AM_750_37_BMS_7,0.72,47.0,750,37,BMS,7,-0.14266750356873156
2640,20230817-3PM_680_25_3059_0,1.835,77.0,680,25,3059,0,0.2636360685881081
2641,20230817-3PM_680_25_3059_1,1.878,77.0,680,25,3059,1,0.2736955879300921
2642,20230817-3PM_680_25_3059_2,1.953,77.0,680,25,3059,2,0.2907022432878544
2643,20230817-3PM_680_25_3059_3,1.987,77.0,680,25,3059,3,0.29819786710981516
2644,20230817-3PM_680_25_3059_4,1.788,77.0,680,25,3059,4,0.25236751445989886
2645,20230817-3PM_680_25_3059_5,2.078,77.0,680,25,3059,5,0.31764554322115857
2646,20230817-3PM_680_25_3059_6,1.764,77.0,680,25,3059,6,0.24649858079580092
2647,20230817-3PM_680_25_3059_7,1.968,77.0,680,25,3059,7,0.2940250940953227
2648,20230817-3PM_750_25_3059_0,1.045,77.0,750,25,3059,0,0.01911629044707278
2649,20230817-3PM_750_25_3059_1,1.044,77.0,750,25,3059,1,0.01870049866624337
2650,20230817-3PM_750_25_3059_2,1.095,77.0,750,25,3059,2,0.03941411917613713
2651,20230817-3PM_750_25_3059_3,1.128,77.0,750,25,3059,3,0.05230909964732344
2652,20230817-3PM_750_25_3059_4,1.085,77.0,750,25,3059,4,0.0354297381845483
2653,20230817-3PM_750_25_3059_5,1.041,77.0,750,25,3059,5,0.017450729510536125
2654,20230817-3PM_750_25_3059_6,0.971,77.0,750,25,3059,6,-0.012780770091995148
2655,20230817-3PM_750_25_3059_7,1.05,77.0,750,25,3059,7,0.021189299069938092
2656,20230817-3PM_680_25_1691_0,2.143,77.0,680,25,1691,0,0.33102217104182863
2657,20230817-3PM_680_25_1691_1,1.219,77.0,680,25,1691,1,0.08600370561838196
2658,20230817-3PM_680_25_1691_2,1.652,77.0,680,25,1691,2,0.21801004298436338
2659,20230817-3PM_680_25_1691_3,0.84,77.0,680,25,1691,3,-0.07572071393811836
2660,20230817-3PM_680_25_1691_4,1.27,77.0,680,25,1691,4,0.10380372095595687
2661,20230817-3PM_680_25_1691_5,1.017,77.0,680,25,1691,5,0.0073209529227445565
2662,20230817-3PM_680_25_1691_6,1.074,77.0,680,25,1691,6,0.031004281363536827
2663,20230817-3PM_680_25_1691_7,1.111,77.0,680,25,1691,7,0.04571405894086761
2664,20230817-3PM_750_25_1691_0,1.092,77.0,750,25,1691,0,0.03822263836871846
2665,20230817-3PM_750_25_1691_1,0.658,77.0,750,25,1691,1,-0.1817741063860445
2666,20230817-3PM_750_25_1691_2,0.875,77.0,750,25,1691,2,-0.057991946977686754
2667,20230817-3PM_750_25_1691_3,0.456,77.0,750,25,1691,3,-0.341035157335565
2668,20230817-3PM_750_25_1691_4,0.734,77.0,750,25,1691,4,-0.13430394008392949
2669,20230817-3PM_750_25_1691_5,0.569,77.0,750,25,1691,5,-0.24488773360492885
2670,20230817-3PM_750_25_1691_6,0.586,77.0,750,25,1691,6,-0.23210238398190938
2671,20230817-3PM_750_25_1691_7,0.592,77.0,750,25,1691,7,-0.22767829327708025
2672,20230817-3PM_680_25_1690_0,1.672,77.0,680,25,1690,0,0.22323627310299757
2673,20230817-3PM_680_25_1690_1,2.301,77.0,680,25,1690,1,0.36191661866864344
2674,20230817-3PM_680_25_1690_2,2.101,77.0,680,25,1690,2,0.32242605240595257
2675,20230817-3PM_680_25_1690_3,1.141,77.0,680,25,1690,3,0.05728564441821465
2676,20230817-3PM_680_25_1690_4,1.03,77.0,680,25,1690,4,0.012837224705172217
2677,20230817-3PM_680_25_1690_5,1.379,77.0,680,25,1690,5,0.13956426617584977
2678,20230817-3PM_680_25_1690_6,1.969,77.0,680,25,1690,6,0.29424571613811823
2679,20230817-3PM_680_25_1690_7,1.677,77.0,680,25,1690,7,0.22453306260608574
2680,20230817-3PM_750_25_1690_0,0.96,77.0,750,25,1690,0,-0.017728766960431602
2681,20230817-3PM_750_25_1690_1,1.175,77.0,750,25,1690,1,0.07003786660775509
2682,20230817-3PM_750_25_1690_2,1.082,77.0,750,25,1690,2,0.03422726077055066
2683,20230817-3PM_750_25_1690_3,0.792,77.0,750,25,1690,3,-0.10127481841050648
2684,20230817-3PM_750_25_1690_4,0.758,77.0,750,25,1690,4,-0.12033079436794646
2685,20230817-3PM_750_25_1690_5,0.783,77.0,750,25,1690,5,-0.10623823794205658
2686,20230817-3PM_750_25_1690_6,0.99,77.0,750,25,1690,6,-0.004364805402450088
2687,20230817-3PM_750_25_1690_7,0.968,77.0,750,25,1690,7,-0.014124642691606345
2688,20230817-3PM_680_25_2342_0,1.286,77.0,680,25,2342,0,0.10924096858820327
2689,20230817-3PM_680_25_2342_1,1.31,77.0,680,25,2342,1,0.11727129565576427
2690,20230817-3PM_680_25_2342_2,1.862,77.0,680,25,2342,2,0.26997967664532385
2691,20230817-3PM_680_25_2342_3,1.914,77.0,680,25,2342,3,0.28194193344082474
2692,20230817-3PM_680_25_2342_4,1.169,77.0,680,25,2342,4,0.06781451116184012
2693,20230817-3PM_680_25_2342_5,1.331,77.0,680,25,2342,5,0.12417805547467511
2694,20230817-3PM_680_25_2342_6,1.176,77.0,680,25,2342,6,0.07040732174011965
2695,20230817-3PM_680_25_2342_7,1.173,77.0,680,25,2342,7,0.06929801211552926
2696,20230817-3PM_750_25_2342_0,0.779,77.0,750,25,2342,0,-0.10846254232743553
2697,20230817-3PM_750_25_2342_1,0.875,77.0,750,25,2342,1,-0.057991946977686754
2698,20230817-3PM_750_25_2342_2,1.061,77.0,750,25,2342,2,0.025715383901340642
2699,20230817-3PM_750_25_2342_3,1.139,77.0,750,25,2342,3,0.05652372407910037
2700,20230817-3PM_750_25_2342_4,0.592,77.0,750,25,2342,4,-0.22767829327708025
2701,20230817-3PM_750_25_2342_5,0.879,77.0,750,25,2342,5,-0.056011124926228104
2702,20230817-3PM_750_25_2342_6,0.777,77.0,750,25,2342,6,-0.10957898119908573
2703,20230817-3PM_750_25_2342_7,0.764,77.0,750,25,2342,7,-0.11690664142431006
2704,20230817-3PM_680_25_4532_0,1.802,77.0,680,25,4532,0,0.2557547866430442
2705,20230817-3PM_680_25_4532_1,1.842,77.0,680,25,4532,1,0.26528962586083016
2706,20230817-3PM_680_25_4532_2,1.752,77.0,680,25,4532,2,0.24353410183206192
2707,20230817-3PM_680_25_4532_3,1.717,77.0,680,25,4532,3,0.23477029516091652
2708,20230817-3PM_680_25_4532_4,1.934,77.0,680,25,4532,4,0.28645646974698286
2709,20230817-3PM_680_25_4532_5,1.402,77.0,680,25,4532,5,0.14674801363063983
2710,20230817-3PM_680_25_4532_6,1.907,77.0,680,25,4532,6,0.28035069304600563
2711,20230817-3PM_680_25_4532_7,1.491,77.0,680,25,4532,7,0.17347764345299457
2712,20230817-3PM_750_25_4532_0,0.915,77.0,750,25,4532,0,-0.038578905933551705
2713,20230817-3PM_750_25_4532_1,1.031,77.0,750,25,4532,1,0.013258665283516512
2714,20230817-3PM_750_25_4532_2,0.826,77.0,750,25,4532,2,-0.0830199526796178
2715,20230817-3PM_750_25_4532_3,0.918,77.0,750,25,4532,3,-0.03715731879875755
2716,20230817-3PM_750_25_4532_4,0.993,77.0,750,25,4532,4,-0.0030507515046188267
2717,20230817-3PM_750_25_4532_5,0.72,77.0,750,25,4532,5,-0.14266750356873156
2718,20230817-3PM_750_25_4532_6,0.863,77.0,750,25,4532,6,-0.06398920428479041
2719,20230817-3PM_750_25_4532_7,0.684,77.0,750,25,4532,7,-0.16494389827988373
2720,20230817-3PM_680_25_2344_0,1.071,77.0,680,25,2344,0,0.029789470831855614
2721,20230817-3PM_680_25_2344_1,1.625,77.0,680,25,2344,1,0.21085336531489318
2722,20230817-3PM_680_25_2344_2,1.39,77.0,680,25,2344,2,0.14301480025409505
2723,20230817-3PM_680_25_2344_3,1.197,77.0,680,25,2344,3,0.07809415040641068
2724,20230817-3PM_680_25_2344_4,1.486,77.0,680,25,2344,4,0.1720188094245565
2725,20230817-3PM_680_25_2344_5,1.196,77.0,680,25,2344,5,0.07773117965239203
2726,20230817-3PM_680_25_2344_6,1.814,77.0,680,25,2344,6,0.2586372827240765
2727,20230817-3PM_680_25_2344_7,1.121,77.0,680,25,2344,7,0.04960561259497315
2728,20230817-3PM_750_25_2344_0,0.646,77.0,750,25,2344,0,-0.1897674820049159
2729,20230817-3PM_750_25_2344_1,0.871,77.0,750,25,2344,1,-0.059981844992336796
2730,20230817-3PM_750_25_2344_2,0.798,77.0,750,25,2344,2,-0.09799710864927055
2731,20230817-3PM_750_25_2344_3,0.689,77.0,750,25,2344,3,-0.1617807780923742
2732,20230817-3PM_750_25_2344_4,0.824,77.0,750,25,2344,4,-0.08407278830288423
2733,20230817-3PM_750_25_2344_5,0.706,77.0,750,25,2344,5,-0.15119529894819625
2734,20230817-3PM_750_25_2344_6,0.947,77.0,750,25,2344,6,-0.0236500209967266
2735,20230817-3PM_750_25_2344_7,0.668,77.0,750,25,2344,7,-0.1752235375244543
2736,20230817-3PM_680_25_2343_0,1.339,77.0,680,25,2343,0,0.12678057701200895
2737,20230817-3PM_680_25_2343_1,1.186,77.0,680,25,2343,1,0.07408468902824378
2738,20230817-3PM_680_25_2343_2,0.931,77.0,680,25,2343,2,-0.031050319018657353
2739,20230817-3PM_680_25_2343_3,2.057,77.0,680,25,2343,3,0.313234291694724
2740,20230817-3PM_680_25_2343_4,1.437,77.0,680,25,2343,4,0.15745676813422568
2741,20230817-3PM_680_25_2343_5,2.104,77.0,680,25,2343,5,0.32304573548170146
2742,20230817-3PM_680_25_2343_6,2.154,77.0,680,25,2343,6,0.33324569896196277
2743,20230817-3PM_680_25_2343_7,1.55,77.0,680,25,2343,7,0.1903316981702915
2744,20230817-3PM_750_25_2343_0,0.837,77.0,750,25,2343,0,-0.07727454200674003
2745,20230817-3PM_750_25_2343_1,0.837,77.0,750,25,2343,1,-0.07727454200674003
2746,20230817-3PM_750_25_2343_2,0.678,77.0,750,25,2343,2,-0.16877030613293661
2747,20230817-3PM_750_25_2343_3,1.117,77.0,750,25,2343,3,0.048053173115609055
2748,20230817-3PM_750_25_2343_4,0.923,77.0,750,25,2343,4,-0.03479829897408793
2749,20230817-3PM_750_25_2343_5,1.244,77.0,750,25,2343,5,0.0948203803547999
2750,20230817-3PM_750_25_2343_6,1.219,77.0,750,25,2343,6,0.08600370561838196
2751,20230817-3PM_750_25_2343_7,1.022,77.0,750,25,2343,7,0.009450895798693935
2752,20230817-3PM_680_25_1952_0,1.523,77.0,680,25,1952,0,0.18269990333604255
2753,20230817-3PM_680_25_1952_1,1.972,77.0,680,25,1952,1,0.2949069106051924
2754,20230817-3PM_680_25_1952_2,1.008,77.0,680,25,1952,2,0.003460532109506489
2755,20230817-3PM_680_25_1952_3,1.921,77.0,680,25,1952,3,0.28352736486169366
2756,20230817-3PM_680_25_1952_4,1.782,77.0,680,25,1952,4,0.25090769970085597
2757,20230817-3PM_680_25_1952_5,1.847,77.0,680,25,1952,5,0.2664668954402414
2758,20230817-3PM_680_25_1952_6,2.094,77.0,680,25,1952,6,0.3209766773428235
2759,20230817-3PM_680_25_1952_7,1.614,77.0,680,25,1952,7,0.20790353038605164
2760,20230817-3PM_750_25_1952_0,0.878,77.0,750,25,1952,0,-0.05650548409389743
2761,20230817-3PM_750_25_1952_1,1.004,77.0,750,25,1952,1,0.0017337128090005312
2762,20230817-3PM_750_25_1952_2,0.587,77.0,750,25,1952,2,-0.23136189875238555
2763,20230817-3PM_750_25_1952_3,0.958,77.0,750,25,1952,3,-0.018634490921455603
2764,20230817-3PM_750_25_1952_4,0.936,77.0,750,25,1952,4,-0.028724151261894745
2765,20230817-3PM_750_25_1952_5,0.979,77.0,750,25,1952,5,-0.009217308196862183
2766,20230817-3PM_750_25_1952_6,1.018,77.0,750,25,1952,6,0.007747778000739948
2767,20230817-3PM_750_25_1952_7,0.938,77.0,750,25,1952,7,-0.027797161620935564
2768,20230817-3PM_680_25_2931_0,1.844,77.0,680,25,2931,0,0.26576091671761054
2769,20230817-3PM_680_25_2931_1,1.488,77.0,680,25,2931,1,0.1726029312098599
2770,20230817-3PM_680_25_2931_2,1.529,77.0,680,25,2931,2,0.1844074854123201
2771,20230817-3PM_680_25_2931_3,1.522,77.0,680,25,2931,3,0.18241465243455401
2772,20230817-3PM_680_25_2931_4,1.689,77.0,680,25,2931,4,0.22762964957100867
2773,20230817-3PM_680_25_2931_5,1.691,77.0,680,25,2931,5,0.22814360759774177
2774,20230817-3PM_680_25_2931_6,1.924,77.0,680,25,2931,6,0.28420506770179416
2775,20230817-3PM_680_25_2931_7,1.854,77.0,680,25,2931,7,0.2681097298084783
2776,20230817-3PM_750_25_2931_0,1.166,77.0,750,25,2931,0,0.06669855042299526
2777,20230817-3PM_750_25_2931_1,0.824,77.0,750,25,2931,1,-0.08407278830288423
2778,20230817-3PM_750_25_2931_2,0.835,77.0,750,25,2931,2,-0.07831352451639793
2779,20230817-3PM_750_25_2931_3,0.875,77.0,750,25,2931,3,-0.057991946977686754
2780,20230817-3PM_750_25_2931_4,0.913,77.0,750,25,2931,4,-0.039529222465701036
2781,20230817-3PM_750_25_2931_5,0.966,77.0,750,25,2931,5,-0.015022873584506671
2782,20230817-3PM_750_25_2931_6,1.088,77.0,750,25,2931,6,0.03662889536216113
2783,20230817-3PM_750_25_2931_7,0.937,77.0,750,25,2931,7,-0.02826040911222171
2784,20230817-3PM_680_25_JG5_0,1.065,77.0,680,25,JG5,0,0.027349607774756507
2785,20230817-3PM_680_25_JG5_1,0.983,77.0,680,25,JG5,1,-0.007446482167864384
2786,20230817-3PM_680_25_JG5_2,0.855,77.0,680,25,JG5,2,-0.06803388527182737
2787,20230817-3PM_680_25_JG5_3,1.097,77.0,680,25,JG5,3,0.04020662757471112
2788,20230817-3PM_680_25_JG5_4,1.569,77.0,680,25,JG5,4,0.19562294358693666
2789,20230817-3PM_680_25_JG5_5,1.15,77.0,680,25,JG5,5,0.06069784035361165
2790,20230817-3PM_680_25_JG5_6,1.082,77.0,680,25,JG5,6,0.03422726077055066
2791,20230817-3PM_680_25_JG5_7,1.139,77.0,680,25,JG5,7,0.05652372407910037
2792,20230817-3PM_750_25_JG5_0,0.599,77.0,750,25,JG5,0,-0.22257317761068865
2793,20230817-3PM_750_25_JG5_1,0.548,77.0,750,25,JG5,1,-0.2612194415156308
2794,20230817-3PM_750_25_JG5_2,0.455,77.0,750,25,JG5,2,-0.34198860334288755
2795,20230817-3PM_750_25_JG5_3,0.595,77.0,750,25,JG5,3,-0.22548303427145044
2796,20230817-3PM_750_25_JG5_4,0.808,77.0,750,25,JG5,4,-0.09258863922541381
2797,20230817-3PM_750_25_JG5_5,0.629,77.0,750,25,JG5,5,-0.20134935455473107
2798,20230817-3PM_750_25_JG5_6,0.552,77.0,750,25,JG5,6,-0.2580609222708011
2799,20230817-3PM_750_25_JG5_7,0.526,77.0,750,25,JG5,7,-0.27901425584626094
2800,20230817-3PM_680_25_BMS_0,1.81,77.0,680,25,BMS,0,0.2576785748691845
2801,20230817-3PM_680_25_BMS_1,1.46,77.0,680,25,BMS,1,0.1643528557844371
2802,20230817-3PM_680_25_BMS_2,1.493,77.0,680,25,BMS,2,0.17405980772502544
2803,20230817-3PM_680_25_BMS_3,1.91,77.0,680,25,BMS,3,0.28103336724772754
2804,20230817-3PM_680_25_BMS_4,0.667,77.0,680,25,BMS,4,-0.17587416608345102
2805,20230817-3PM_680_25_BMS_5,0.726,77.0,680,25,BMS,5,-0.1390633792999063
2806,20230817-3PM_680_25_BMS_6,1.813,77.0,680,25,BMS,6,0.25839780409550867
2807,20230817-3PM_680_25_BMS_7,0.67,77.0,680,25,BMS,7,-0.17392519729917355
2808,20230817-3PM_750_25_BMS_0,1.013,77.0,750,25,BMS,0,0.005609445360280386
2809,20230817-3PM_750_25_BMS_1,0.945,77.0,750,25,BMS,1,-0.024568191490737076
2810,20230817-3PM_750_25_BMS_2,0.761,77.0,750,25,BMS,2,-0.11861534322942717
2811,20230817-3PM_750_25_BMS_3,1.066,77.0,750,25,BMS,3,0.027757204690553483
2812,20230817-3PM_750_25_BMS_4,0.459,77.0,750,25,BMS,4,-0.33818731446273875
2813,20230817-3PM_750_25_BMS_5,0.503,77.0,750,25,BMS,5,-0.2984320149440726
2814,20230817-3PM_750_25_BMS_6,0.887,77.0,750,25,BMS,6,-0.0520763801682736
2815,20230817-3PM_750_25_BMS_7,0.423,77.0,750,25,BMS,7,-0.37365963262495766
2816,20230817-3PM_680_39_3059_0,0.725,77.0,680,39,3059,0,-0.13966199342900631
2817,20230817-3PM_680_39_3059_1,0.443,77.0,680,39,3059,1,-0.3535962737769304
2818,20230817-3PM_680_39_3059_2,0.708,77.0,680,39,3059,2,-0.149966742310231
2819,20230817-3PM_680_39_3059_3,0.889,77.0,680,39,3059,3,-0.0510982390297863
2820,20230817-3PM_680_39_3059_4,0.895,77.0,680,39,3059,4,-0.04817696468408802
2821,20230817-3PM_680_39_3059_5,0.444,77.0,680,39,3059,5,-0.3526170298853802
2822,20230817-3PM_680_39_3059_6,0.531,77.0,680,39,3059,6,-0.2749054789185309
2823,20230817-3PM_680_39_3059_7,0.941,77.0,680,39,3059,7,-0.026410376572743116
2824,20230817-3PM_750_39_3059_0,0.474,77.0,750,39,3059,0,-0.324221658325915
2825,20230817-3PM_750_39_3059_1,0.281,77.0,750,39,3059,1,-0.5512936800949201
2826,20230817-3PM_750_39_3059_2,0.461,77.0,750,39,3059,2,-0.33629907461035186
2827,20230817-3PM_750_39_3059_3,0.585,77.0,750,39,3059,3,-0.23284413391781958
2828,20230817-3PM_750_39_3059_4,0.638,77.0,750,39,3059,4,-0.19517932127883766
2829,20230817-3PM_750_39_3059_5,0.274,77.0,750,39,3059,5,-0.562249437179612
2830,20230817-3PM_750_39_3059_6,0.337,77.0,750,39,3059,6,-0.47237009912866135
2831,20230817-3PM_750_39_3059_7,0.759,77.0,750,39,3059,7,-0.11975822410451964
2832,20230817-3PM_680_39_1691_0,0.851,77.0,680,39,1691,0,-0.07007043991541213
2833,20230817-3PM_680_39_1691_1,0.599,77.0,680,39,1691,1,-0.22257317761068865
2834,20230817-3PM_680_39_1691_2,0.652,77.0,680,39,1691,2,-0.1857524042680798
2835,20230817-3PM_680_39_1691_3,0.586,77.0,680,39,1691,3,-0.23210238398190938
2836,20230817-3PM_680_39_1691_4,0.687,77.0,680,39,1691,4,-0.16304326294044955
2837,20230817-3PM_680_39_1691_5,0.233,77.0,680,39,1691,5,-0.632644078973981
2838,20230817-3PM_680_39_1691_6,1.102,77.0,680,39,1691,6,0.04218159451576628
2839,20230817-3PM_680_39_1691_7,0.762,77.0,680,39,1691,7,-0.1180450286603995
2840,20230817-3PM_750_39_1691_0,0.617,77.0,750,39,1691,0,-0.20971483596675833
2841,20230817-3PM_750_39_1691_1,0.449,77.0,750,39,1691,1,-0.3477536589966768
2842,20230817-3PM_750_39_1691_2,0.482,77.0,750,39,1691,2,-0.31695296176115045
2843,20230817-3PM_750_39_1691_3,0.457,77.0,750,39,1691,3,-0.34008379993014975
2844,20230817-3PM_750_39_1691_4,0.487,77.0,750,39,1691,4,-0.3124710387853657
2845,20230817-3PM_750_39_1691_5,0.169,77.0,750,39,1691,5,-0.7721132953863264
2846,20230817-3PM_750_39_1691_6,0.86,77.0,750,39,1691,6,-0.06550154875643228
2847,20230817-3PM_750_39_1691_7,0.509,77.0,750,39,1691,7,-0.29328221766324125
2848,20230817-3PM_680_39_1690_0,0.436,77.0,680,39,1690,0,-0.36051351073141397
2849,20230817-3PM_680_39_1690_1,0.524,77.0,680,39,1690,1,-0.28066871301627333
2850,20230817-3PM_680_39_1690_2,0.599,77.0,680,39,1690,2,-0.22257317761068865
2851,20230817-3PM_680_39_1690_3,0.565,77.0,680,39,1690,3,-0.2479515521805615
2852,20230817-3PM_680_39_1690_4,0.423,77.0,680,39,1690,4,-0.37365963262495766
2853,20230817-3PM_680_39_1690_5,0.498,77.0,680,39,1690,5,-0.30277065724028246
2854,20230817-3PM_680_39_1690_6,0.627,77.0,680,39,1690,6,-0.20273245916928356
2855,20230817-3PM_680_39_1690_7,0.455,77.0,680,39,1690,7,-0.34198860334288755
2856,20230817-3PM_750_39_1690_0,0.338,77.0,750,39,1690,0,-0.47108329972234525
2857,20230817-3PM_750_39_1690_1,0.402,77.0,750,39,1690,1,-0.3957739469155299
2858,20230817-3PM_750_39_1690_2,0.451,77.0,750,39,1690,2,-0.34582345812203946
2859,20230817-3PM_750_39_1690_3,0.47,77.0,750,39,1690,3,-0.3279021420642826
2860,20230817-3PM_750_39_1690_4,0.323,77.0,750,39,1690,4,-0.4907974776688971
2861,20230817-3PM_750_39_1690_5,0.396,77.0,750,39,1690,5,-0.40230481407448765
2862,20230817-3PM_750_39_1690_6,0.485,77.0,750,39,1690,6,-0.3142582613977364
2863,20230817-3PM_750_39_1690_7,0.373,77.0,750,39,1690,7,-0.4282911681913124
2864,20230817-3PM_680_39_2342_0,0.224,77.0,680,39,2342,0,-0.6497519816658371
2865,20230817-3PM_680_39_2342_1,0.288,77.0,680,39,2342,1,-0.5406075122407692
2866,20230817-3PM_680_39_2342_2,0.359,77.0,680,39,2342,2,-0.44490555142168087
2867,20230817-3PM_680_39_2342_3,0.258,77.0,680,39,2342,3,-0.5883802940367698
2868,20230817-3PM_680_39_2342_4,0.178,77.0,680,39,2342,4,-0.7495799976911061
2869,20230817-3PM_680_39_2342_5,0.323,77.0,680,39,2342,5,-0.4907974776688971
2870,20230817-3PM_680_39_2342_6,1.047,77.0,680,39,2342,6,0.019946681678842306
2871,20230817-3PM_680_39_2342_7,0.274,77.0,680,39,2342,7,-0.562249437179612
2872,20230817-3PM_750_39_2342_0,0.202,77.0,750,39,2342,0,-0.6946486305533762
2873,20230817-3PM_750_39_2342_1,0.26,77.0,750,39,2342,1,-0.585026652029182
2874,20230817-3PM_750_39_2342_2,0.305,77.0,750,39,2342,2,-0.5157001606532142
2875,20230817-3PM_750_39_2342_3,0.233,77.0,750,39,2342,3,-0.632644078973981
2876,20230817-3PM_750_39_2342_4,0.162,77.0,750,39,2342,4,-0.790484985457369
2877,20230817-3PM_750_39_2342_5,0.267,77.0,750,39,2342,5,-0.5734887386354247
2878,20230817-3PM_750_39_2342_6,0.984,77.0,750,39,2342,6,-0.007004901568658489
2879,20230817-3PM_750_39_2342_7,0.227,77.0,750,39,2342,7,-0.6439741428068773
2880,20230817-3PM_680_39_4532_0,0.458,77.0,680,39,4532,0,-0.3391345219961308
2881,20230817-3PM_680_39_4532_1,0.419,77.0,680,39,4532,1,-0.3777859770337047
2882,20230817-3PM_680_39_4532_2,0.413,77.0,680,39,4532,2,-0.384049948343599
2883,20230817-3PM_680_39_4532_3,0.334,77.0,680,39,4532,3,-0.4762535331884355
2884,20230817-3PM_680_39_4532_4,0.386,77.0,680,39,4532,4,-0.41341269532824504
2885,20230817-3PM_680_39_4532_5,0.385,77.0,680,39,4532,5,-0.4145392704914993
2886,20230817-3PM_680_39_4532_6,0.339,77.0,680,39,4532,6,-0.4698003017969178
2887,20230817-3PM_680_39_4532_7,0.434,77.0,680,39,4532,7,-0.3625102704874893
2888,20230817-3PM_750_39_4532_0,0.286,77.0,750,39,4532,0,-0.543633966870957
2889,20230817-3PM_750_39_4532_1,0.357,77.0,750,39,4532,1,-0.4473317838878068
2890,20230817-3PM_750_39_4532_2,0.324,77.0,750,39,4532,2,-0.48945498979338786
2891,20230817-3PM_750_39_4532_3,0.296,77.0,750,39,4532,3,-0.5287082889410615
2892,20230817-3PM_750_39_4532_4,0.343,77.0,750,39,4532,4,-0.46470587995722945
2893,20230817-3PM_750_39_4532_5,0.273,77.0,750,39,4532,5,-0.563837352959244
2894,20230817-3PM_750_39_4532_6,0.288,77.0,750,39,4532,6,-0.5406075122407692
2895,20230817-3PM_750_39_4532_7,0.343,77.0,750,39,4532,7,-0.46470587995722945
2896,20230817-3PM_680_39_2344_0,0.57,77.0,680,39,2344,0,-0.24412514432750865
2897,20230817-3PM_680_39_2344_1,0.337,77.0,680,39,2344,1,-0.47237009912866135
2898,20230817-3PM_680_39_2344_2,0.557,77.0,680,39,2344,2,-0.25414480482627105
2899,20230817-3PM_680_39_2344_3,0.385,77.0,680,39,2344,3,-0.4145392704914993
2900,20230817-3PM_680_39_2344_4,0.365,77.0,680,39,2344,4,-0.4377071355435253
2901,20230817-3PM_680_39_2344_5,0.557,77.0,680,39,2344,5,-0.25414480482627105
2902,20230817-3PM_680_39_2344_6,0.657,77.0,680,39,2344,6,-0.1824346304402192
2903,20230817-3PM_680_39_2344_7,0.408,77.0,680,39,2344,7,-0.3893398369101201
2904,20230817-3PM_750_39_2344_0,0.44,77.0,750,39,2344,0,-0.3565473235138126
2905,20230817-3PM_750_39_2344_1,0.27,77.0,750,39,2344,1,-0.5686362358410126
2906,20230817-3PM_750_39_2344_2,0.423,77.0,750,39,2344,2,-0.37365963262495766
2907,20230817-3PM_750_39_2344_3,0.305,77.0,750,39,2344,3,-0.5157001606532142
2908,20230817-3PM_750_39_2344_4,0.273,77.0,750,39,2344,4,-0.563837352959244
2909,20230817-3PM_750_39_2344_5,0.436,77.0,750,39,2344,5,-0.36051351073141397
2910,20230817-3PM_750_39_2344_6,0.486,77.0,750,39,2344,6,-0.3133637307377066
2911,20230817-3PM_750_39_2344_7,0.303,77.0,750,39,2344,7,-0.518557371497695
2912,20230817-3PM_680_39_2343_0,0.489,77.0,680,39,2343,0,-0.3106911408763798
2913,20230817-3PM_680_39_2343_1,0.599,77.0,680,39,2343,1,-0.22257317761068865
2914,20230817-3PM_680_39_2343_2,0.416,77.0,680,39,2343,2,-0.3809066693732573
2915,20230817-3PM_680_39_2343_3,0.544,77.0,680,39,2343,3,-0.26440110030182007
2916,20230817-3PM_680_39_2343_4,0.337,77.0,680,39,2343,4,-0.47237009912866135
2917,20230817-3PM_680_39_2343_5,0.42,77.0,680,39,2343,5,-0.37675070960209955
2918,20230817-3PM_680_39_2343_6,0.426,77.0,680,39,2343,6,-0.37059040089728107
2919,20230817-3PM_680_39_2343_7,0.452,77.0,680,39,2343,7,-0.3448615651886179
2920,20230817-3PM_750_39_2343_0,0.343,77.0,750,39,2343,0,-0.46470587995722945
2921,20230817-3PM_750_39_2343_1,0.417,77.0,750,39,2343,1,-0.3798639450262425
2922,20230817-3PM_750_39_2343_2,0.313,77.0,750,39,2343,2,-0.5044556624535516
2923,20230817-3PM_750_39_2343_3,0.368,77.0,750,39,2343,3,-0.43415218132648237
2924,20230817-3PM_750_39_2343_4,0.26,77.0,750,39,2343,4,-0.585026652029182
2925,20230817-3PM_750_39_2343_5,0.3,77.0,750,39,2343,5,-0.5228787452803376
2926,20230817-3PM_750_39_2343_6,0.302,77.0,750,39,2343,6,-0.5199930570428494
2927,20230817-3PM_750_39_2343_7,0.338,77.0,750,39,2343,7,-0.47108329972234525
2928,20230817-3PM_680_39_1952_0,0.703,77.0,680,39,1952,0,-0.15304467498017607
2929,20230817-3PM_680_39_1952_1,0.852,77.0,680,39,1952,1,-0.0695604052332999
2930,20230817-3PM_680_39_1952_2,0.855,77.0,680,39,1952,2,-0.06803388527182737
2931,20230817-3PM_680_39_1952_3,0.839,77.0,680,39,1952,3,-0.07623803917129975
2932,20230817-3PM_680_39_1952_4,0.939,77.0,680,39,1952,4,-0.027334407733889104
2933,20230817-3PM_680_39_1952_5,1.328,77.0,680,39,1952,5,0.12319807503199871
2934,20230817-3PM_680_39_1952_6,0.805,77.0,680,39,1952,6,-0.09420411963213146
2935,20230817-3PM_680_39_1952_7,0.963,77.0,680,39,1952,7,-0.0163737128754655
2936,20230817-3PM_750_39_1952_0,0.494,77.0,750,39,1952,0,-0.30627305107635305
2937,20230817-3PM_750_39_1952_1,0.541,77.0,750,39,1952,1,-0.26680273489343054
2938,20230817-3PM_750_39_1952_2,0.533,77.0,750,39,1952,2,-0.2732727909734277
2939,20230817-3PM_750_39_1952_3,0.532,77.0,750,39,1952,3,-0.2740883677049518
2940,20230817-3PM_750_39_1952_4,0.56,77.0,750,39,1952,4,-0.25181197299379954
2941,20230817-3PM_750_39_1952_5,0.843,77.0,750,39,1952,5,-0.07417242537525769
2942,20230817-3PM_750_39_1952_6,0.544,77.0,750,39,1952,6,-0.26440110030182007
2943,20230817-3PM_750_39_1952_7,0.604,77.0,750,39,1952,7,-0.21896306137886817
2944,20230817-3PM_680_39_2931_0,0.63,77.0,680,39,2931,0,-0.2006594505464183
2945,20230817-3PM_680_39_2931_1,0.473,77.0,680,39,2931,1,-0.32513885926218844
2946,20230817-3PM_680_39_2931_2,0.61,77.0,680,39,2931,2,-0.21467016498923297
2947,20230817-3PM_680_39_2931_3,0.464,77.0,680,39,2931,3,-0.3334820194451191
2948,20230817-3PM_680_39_2931_4,0.59,77.0,680,39,2931,4,-0.22914798835785583
2949,20230817-3PM_680_39_2931_5,0.444,77.0,680,39,2931,5,-0.3526170298853802
2950,20230817-3PM_680_39_2931_6,0.709,77.0,680,39,2931,6,-0.1493537648169335
2951,20230817-3PM_680_39_2931_7,0.477,77.0,680,39,2931,7,-0.3214816209598861
2952,20230817-3PM_750_39_2931_0,0.467,77.0,750,39,2931,0,-0.33068311943388784
2953,20230817-3PM_750_39_2931_1,0.332,77.0,750,39,2931,1,-0.4788619162959637
2954,20230817-3PM_750_39_2931_2,0.433,77.0,750,39,2931,2,-0.36351210364663455
2955,20230817-3PM_750_39_2931_3,0.328,77.0,750,39,2931,3,-0.4841261562883209
2956,20230817-3PM_750_39_2931_4,0.418,77.0,750,39,2931,4,-0.3788237182249648
2957,20230817-3PM_750_39_2931_5,0.297,77.0,750,39,2931,5,-0.5272435506827877
2958,20230817-3PM_750_39_2931_6,0.541,77.0,750,39,2931,6,-0.26680273489343054
2959,20230817-3PM_750_39_2931_7,0.401,77.0,750,39,2931,7,-0.39685562737981767
2960,20230817-3PM_680_39_JG5_0,0.11,77.0,680,39,JG5,0,-0.958607314841775
2961,20230817-3PM_680_39_JG5_1,0.143,77.0,680,39,JG5,1,-0.8446639625349383
2962,20230817-3PM_680_39_JG5_2,0.136,77.0,680,39,JG5,2,-0.8664610916297825
2963,20230817-3PM_680_39_JG5_3,0.143,77.0,680,39,JG5,3,-0.8446639625349383
2964,20230817-3PM_680_39_JG5_4,0.128,77.0,680,39,JG5,4,-0.8927900303521317
2965,20230817-3PM_680_39_JG5_5,0.128,77.0,680,39,JG5,5,-0.8927900303521317
2966,20230817-3PM_680_39_JG5_6,0.141,77.0,680,39,JG5,6,-0.8507808873446201
2967,20230817-3PM_680_39_JG5_7,0.121,77.0,680,39,JG5,7,-0.9172146296835499
2968,20230817-3PM_750_39_JG5_0,0.109,77.0,750,39,JG5,0,-0.9625735020593764
2969,20230817-3PM_750_39_JG5_1,0.13,77.0,750,39,JG5,1,-0.8860566476931632
2970,20230817-3PM_750_39_JG5_2,0.113,77.0,750,39,JG5,2,-0.9469215565165803
2971,20230817-3PM_750_39_JG5_3,0.134,77.0,750,39,JG5,3,-0.8728952016351923
2972,20230817-3PM_750_39_JG5_4,0.113,77.0,750,39,JG5,4,-0.9469215565165803
2973,20230817-3PM_750_39_JG5_5,0.106,77.0,750,39,JG5,5,-0.9746941347352298
2974,20230817-3PM_750_39_JG5_6,0.13,77.0,750,39,JG5,6,-0.8860566476931632
2975,20230817-3PM_750_39_JG5_7,0.114,77.0,750,39,JG5,7,-0.9430951486635274
2976,20230817-3PM_680_39_BMS_0,0.623,77.0,680,39,BMS,0,-0.2055119533408304
2977,20230817-3PM_680_39_BMS_1,0.533,77.0,680,39,BMS,1,-0.2732727909734277
2978,20230817-3PM_680_39_BMS_2,0.594,77.0,680,39,BMS,2,-0.22621355501880647
2979,20230817-3PM_680_39_BMS_3,0.688,77.0,680,39,BMS,3,-0.16241156176448873
2980,20230817-3PM_680_39_BMS_4,0.524,77.0,680,39,BMS,4,-0.28066871301627333
2981,20230817-3PM_680_39_BMS_5,0.606,77.0,680,39,BMS,5,-0.21752737583371382
2982,20230817-3PM_680_39_BMS_6,0.533,77.0,680,39,BMS,6,-0.2732727909734277
2983,20230817-3PM_680_39_BMS_7,0.534,77.0,680,39,BMS,7,-0.27245874297144357
2984,20230817-3PM_750_39_BMS_0,0.491,77.0,750,39,BMS,0,-0.3089185078770315
2985,20230817-3PM_750_39_BMS_1,0.47,77.0,750,39,BMS,1,-0.3279021420642826
2986,20230817-3PM_750_39_BMS_2,0.472,77.0,750,39,BMS,2,-0.32605800136591223
2987,20230817-3PM_750_39_BMS_3,0.561,77.0,750,39,BMS,3,-0.25103713874383854
2988,20230817-3PM_750_39_BMS_4,0.469,77.0,750,39,BMS,4,-0.32882715728491674
2989,20230817-3PM_750_39_BMS_5,0.514,77.0,750,39,BMS,5,-0.28903688100472424
2990,20230817-3PM_750_39_BMS_6,0.456,77.0,750,39,BMS,6,-0.341035157335565
2991,20230817-3PM_750_39_BMS_7,0.423,77.0,750,39,BMS,7,-0.37365963262495766
2992,20230817-3PM_680_37_3059_0,1.251,77.0,680,37,3059,0,0.09725730969341992
2993,20230817-3PM_680_37_3059_1,1.144,77.0,680,37,3059,1,0.05842602445700536
2994,20230817-3PM_680_37_3059_2,1.188,77.0,680,37,3059,2,0.07481644064517472
2995,20230817-3PM_680_37_3059_3,1.135,77.0,680,37,3059,3,0.05499586152914153
2996,20230817-3PM_680_37_3059_4,1.15,77.0,680,37,3059,4,0.06069784035361165
2997,20230817-3PM_680_37_3059_5,0.933,77.0,680,37,3059,5,-0.030118356253500032
2998,20230817-3PM_680_37_3059_6,0.942,77.0,680,37,3059,6,-0.025949097207122653
2999,20230817-3PM_680_37_3059_7,1.083,77.0,680,37,3059,7,0.034628456625320346
3000,20230817-3PM_750_37_3059_0,0.797,77.0,750,37,3059,0,-0.09854167860388763
3001,20230817-3PM_750_37_3059_1,0.745,77.0,750,37,3059,1,-0.12784372725170717
3002,20230817-3PM_750_37_3059_2,0.815,77.0,750,37,3059,2,-0.08884239126002341
3003,20230817-3PM_750_37_3059_3,0.786,77.0,750,37,3059,3,-0.10457745396059209
3004,20230817-3PM_750_37_3059_4,0.766,77.0,750,37,3059,4,-0.11577123036739606
3005,20230817-3PM_750_37_3059_5,0.608,77.0,750,37,3059,5,-0.21609642072726507
3006,20230817-3PM_750_37_3059_6,0.624,77.0,750,37,3059,6,-0.20481541031757602
3007,20230817-3PM_750_37_3059_7,0.788,77.0,750,37,3059,7,-0.10347378251044466
3008,20230817-3PM_680_37_1691_0,0.797,77.0,680,37,1691,0,-0.09854167860388763
3009,20230817-3PM_680_37_1691_1,0.797,77.0,680,37,1691,1,-0.09854167860388763
3010,20230817-3PM_680_37_1691_2,0.77,77.0,680,37,1691,2,-0.11350927482751812
3011,20230817-3PM_680_37_1691_3,1.004,77.0,680,37,1691,3,0.0017337128090005312
3012,20230817-3PM_680_37_1691_4,0.737,77.0,680,37,1691,4,-0.13253251214094852
3013,20230817-3PM_680_37_1691_5,1.64,77.0,680,37,1691,5,0.21484384804769785
3014,20230817-3PM_680_37_1691_6,1.212,77.0,680,37,1691,6,0.0835026198302674
3015,20230817-3PM_680_37_1691_7,1.053,77.0,680,37,1691,7,0.022428371185486493
3016,20230817-3PM_750_37_1691_0,0.546,77.0,750,37,1691,0,-0.2628073572952627
3017,20230817-3PM_750_37_1691_1,0.521,77.0,750,37,1691,1,-0.2831622767004755
3018,20230817-3PM_750_37_1691_2,0.515,77.0,750,37,1691,2,-0.28819277095880896
3019,20230817-3PM_750_37_1691_3,0.652,77.0,750,37,1691,3,-0.1857524042680798
3020,20230817-3PM_750_37_1691_4,0.539,77.0,750,37,1691,4,-0.2684112348132613
3021,20230817-3PM_750_37_1691_5,0.951,77.0,750,37,1691,5,-0.02181948306258609
3022,20230817-3PM_750_37_1691_6,0.756,77.0,750,37,1691,6,-0.12147820449879346
3023,20230817-3PM_750_37_1691_7,0.685,77.0,750,37,1691,7,-0.1643094285075744
3024,20230817-3PM_680_37_1690_0,1.093,77.0,680,37,1690,0,0.03862016194970278
3025,20230817-3PM_680_37_1690_1,0.927,77.0,680,37,1690,1,-0.0329202658555029
3026,20230817-3PM_680_37_1690_2,1.179,77.0,680,37,1690,2,0.07151380509508916
3027,20230817-3PM_680_37_1690_3,0.914,77.0,680,37,1690,3,-0.039053804266168564
3028,20230817-3PM_680_37_1690_4,0.95,77.0,680,37,1690,4,-0.022276394711152253
3029,20230817-3PM_680_37_1690_5,1.021,77.0,680,37,1690,5,0.009025742086910208
3030,20230817-3PM_680_37_1690_6,1.15,77.0,680,37,1690,6,0.06069784035361165
3031,20230817-3PM_680_37_1690_7,1.175,77.0,680,37,1690,7,0.07003786660775509
3032,20230817-3PM_750_37_1690_0,0.706,77.0,750,37,1690,0,-0.15119529894819625
3033,20230817-3PM_750_37_1690_1,0.644,77.0,750,37,1690,1,-0.1911141326401879
3034,20230817-3PM_750_37_1690_2,0.787,77.0,750,37,1690,2,-0.10402526764093542
3035,20230817-3PM_750_37_1690_3,0.615,77.0,750,37,1690,3,-0.21112488422458328
3036,20230817-3PM_750_37_1690_4,0.652,77.0,750,37,1690,4,-0.1857524042680798
3037,20230817-3PM_750_37_1690_5,0.705,77.0,750,37,1690,5,-0.15181088300860132
3038,20230817-3PM_750_37_1690_6,0.737,77.0,750,37,1690,6,-0.13253251214094852
3039,20230817-3PM_750_37_1690_7,0.788,77.0,750,37,1690,7,-0.10347378251044466
3040,20230817-3PM_680_37_2342_0,0.386,77.0,680,37,2342,0,-0.41341269532824504
3041,20230817-3PM_680_37_2342_1,0.464,77.0,680,37,2342,1,-0.3334820194451191
3042,20230817-3PM_680_37_2342_2,0.431,77.0,680,37,2342,2,-0.3655227298392684
3043,20230817-3PM_680_37_2342_3,0.505,77.0,680,37,2342,3,-0.2967086218813386
3044,20230817-3PM_680_37_2342_4,0.491,77.0,680,37,2342,4,-0.3089185078770315
3045,20230817-3PM_680_37_2342_5,0.412,77.0,680,37,2342,5,-0.3851027839668654
3046,20230817-3PM_680_37_2342_6,0.729,77.0,680,37,2342,6,-0.1372724716820254
3047,20230817-3PM_680_37_2342_7,0.59,77.0,680,37,2342,7,-0.22914798835785583
3048,20230817-3PM_750_37_2342_0,0.327,77.0,750,37,2342,0,-0.4854522473397139
3049,20230817-3PM_750_37_2342_1,0.416,77.0,750,37,2342,1,-0.3809066693732573
3050,20230817-3PM_750_37_2342_2,0.362,77.0,750,37,2342,2,-0.4412914294668343
3051,20230817-3PM_750_37_2342_3,0.423,77.0,750,37,2342,3,-0.37365963262495766
3052,20230817-3PM_750_37_2342_4,0.419,77.0,750,37,2342,4,-0.3777859770337047
3053,20230817-3PM_750_37_2342_5,0.356,77.0,750,37,2342,5,-0.44855000202712486
3054,20230817-3PM_750_37_2342_6,0.598,77.0,750,37,2342,6,-0.22329881601158919
3055,20230817-3PM_750_37_2342_7,0.513,77.0,750,37,2342,7,-0.2898826348881837
3056,20230817-3PM_680_37_4532_0,0.64,77.0,680,37,4532,0,-0.1938200260161128
3057,20230817-3PM_680_37_4532_1,0.626,77.0,680,37,4532,1,-0.20342566678957033
3058,20230817-3PM_680_37_4532_2,0.521,77.0,680,37,4532,2,-0.2831622767004755
3059,20230817-3PM_680_37_4532_3,0.561,77.0,680,37,4532,3,-0.25103713874383854
3060,20230817-3PM_680_37_4532_4,0.796,77.0,680,37,4532,4,-0.09908693226233094
3061,20230817-3PM_680_37_4532_5,0.437,77.0,680,37,4532,5,-0.3595185630295782
3062,20230817-3PM_680_37_4532_6,0.465,77.0,680,37,4532,6,-0.33254704711004607
3063,20230817-3PM_680_37_4532_7,0.468,77.0,680,37,4532,7,-0.32975414692587596
3064,20230817-3PM_750_37_4532_0,0.4,77.0,750,37,4532,0,-0.3979400086720376
3065,20230817-3PM_750_37_4532_1,0.449,77.0,750,37,4532,1,-0.3477536589966768
3066,20230817-3PM_750_37_4532_2,0.456,77.0,750,37,4532,2,-0.341035157335565
3067,20230817-3PM_750_37_4532_3,0.458,77.0,750,37,4532,3,-0.3391345219961308
3068,20230817-3PM_750_37_4532_4,0.541,77.0,750,37,4532,4,-0.26680273489343054
3069,20230817-3PM_750_37_4532_5,0.343,77.0,750,37,4532,5,-0.46470587995722945
3070,20230817-3PM_750_37_4532_6,0.433,77.0,750,37,4532,6,-0.36351210364663455
3071,20230817-3PM_750_37_4532_7,0.385,77.0,750,37,4532,7,-0.4145392704914993
3072,20230817-3PM_680_37_2344_0,0.755,77.0,680,37,2344,0,-0.12205304837081175
3073,20230817-3PM_680_37_2344_1,0.957,77.0,680,37,2344,1,-0.01908806222315645
3074,20230817-3PM_680_37_2344_2,0.894,77.0,680,37,2344,2,-0.04866248120408232
3075,20230817-3PM_680_37_2344_3,0.664,77.0,680,37,2344,3,-0.1778319206319825
3076,20230817-3PM_680_37_2344_4,0.478,77.0,680,37,2344,4,-0.3205721033878811
3077,20230817-3PM_680_37_2344_5,1.056,77.0,680,37,2344,5,0.023663918197793475
3078,20230817-3PM_680_37_2344_6,0.961,77.0,680,37,2344,6,-0.017276612331454656
3079,20230817-3PM_680_37_2344_7,0.679,77.0,680,37,2344,7,-0.1681302257194983
3080,20230817-3PM_750_37_2344_0,0.566,77.0,750,37,2344,0,-0.24718356881172862
3081,20230817-3PM_750_37_2344_1,0.68,77.0,750,37,2344,1,-0.16749108729376366
3082,20230817-3PM_750_37_2344_2,0.651,77.0,750,37,2344,2,-0.18641901143180803
3083,20230817-3PM_750_37_2344_3,0.499,77.0,750,37,2344,3,-0.3018994543766101
3084,20230817-3PM_750_37_2344_4,0.378,77.0,750,37,2344,4,-0.4225082001627747
3085,20230817-3PM_750_37_2344_5,0.741,77.0,750,37,2344,5,-0.13018179202067184
3086,20230817-3PM_750_37_2344_6,0.698,77.0,750,37,2344,6,-0.15614457737683893
3087,20230817-3PM_750_37_2344_7,0.529,77.0,750,37,2344,7,-0.2765443279648142
3088,20230817-3PM_680_37_2343_0,0.454,77.0,680,37,2343,0,-0.34294414714289606
3089,20230817-3PM_680_37_2343_1,0.616,77.0,680,37,2343,1,-0.21041928783557454
3090,20230817-3PM_680_37_2343_2,0.788,77.0,680,37,2343,2,-0.10347378251044466
3091,20230817-3PM_680_37_2343_3,0.629,77.0,680,37,2343,3,-0.20134935455473107
3092,20230817-3PM_680_37_2343_4,0.517,77.0,680,37,2343,4,-0.2865094569060575
3093,20230817-3PM_680_37_2343_5,0.983,77.0,680,37,2343,5,-0.007446482167864384
3094,20230817-3PM_680_37_2343_6,0.562,77.0,680,37,2343,6,-0.2502636844309389
3095,20230817-3PM_680_37_2343_7,0.493,77.0,680,37,2343,7,-0.30715308072277
3096,20230817-3PM_750_37_2343_0,0.341,77.0,750,37,2343,0,-0.4672456210075022
3097,20230817-3PM_750_37_2343_1,0.44,77.0,750,37,2343,1,-0.3565473235138126
3098,20230817-3PM_750_37_2343_2,0.543,77.0,750,37,2343,2,-0.265200170411153
3099,20230817-3PM_750_37_2343_3,0.439,77.0,750,37,2343,3,-0.35753547975787864
3100,20230817-3PM_750_37_2343_4,0.39,77.0,750,37,2343,4,-0.4089353929735008
3101,20230817-3PM_750_37_2343_5,0.653,77.0,750,37,2343,5,-0.18508681872492605
3102,20230817-3PM_750_37_2343_6,0.411,77.0,750,37,2343,6,-0.38615817812393083
3103,20230817-3PM_750_37_2343_7,0.371,77.0,750,37,2343,7,-0.43062609038495414
3104,20230817-3PM_680_37_1952_0,0.81,77.0,680,37,1952,0,-0.09151498112135022
3105,20230817-3PM_680_37_1952_1,0.698,77.0,680,37,1952,1,-0.15614457737683893
3106,20230817-3PM_680_37_1952_2,0.628,77.0,680,37,1952,2,-0.20204035626280387
3107,20230817-3PM_680_37_1952_3,0.856,77.0,680,37,1952,3,-0.06752623532284678
3108,20230817-3PM_680_37_1952_4,0.861,77.0,680,37,1952,4,-0.06499684854634524
3109,20230817-3PM_680_37_1952_5,0.837,77.0,680,37,1952,5,-0.07727454200674003
3110,20230817-3PM_680_37_1952_6,0.849,77.0,680,37,1952,6,-0.07109230975604734
3111,20230817-3PM_680_37_1952_7,0.698,77.0,680,37,1952,7,-0.15614457737683893
3112,20230817-3PM_750_37_1952_0,0.533,77.0,750,37,1952,0,-0.2732727909734277
3113,20230817-3PM_750_37_1952_1,0.443,77.0,750,37,1952,1,-0.3535962737769304
3114,20230817-3PM_750_37_1952_2,0.423,77.0,750,37,1952,2,-0.37365963262495766
3115,20230817-3PM_750_37_1952_3,0.533,77.0,750,37,1952,3,-0.2732727909734277
3116,20230817-3PM_750_37_1952_4,0.552,77.0,750,37,1952,4,-0.2580609222708011
3117,20230817-3PM_750_37_1952_5,0.554,77.0,750,37,1952,5,-0.2564902352715702
3118,20230817-3PM_750_37_1952_6,0.527,77.0,750,37,1952,6,-0.27818938478745336
3119,20230817-3PM_750_37_1952_7,0.455,77.0,750,37,1952,7,-0.34198860334288755
3120,20230817-3PM_680_37_2931_0,0.54,77.0,680,37,2931,0,-0.26760624017703144
3121,20230817-3PM_680_37_2931_1,0.723,77.0,680,37,2931,1,-0.1408617027054692
3122,20230817-3PM_680_37_2931_2,0.569,77.0,680,37,2931,2,-0.24488773360492885
3123,20230817-3PM_680_37_2931_3,0.6,77.0,680,37,2931,3,-0.2218487496163564
3124,20230817-3PM_680_37_2931_4,0.504,77.0,680,37,2931,4,-0.2975694635544747
3125,20230817-3PM_680_37_2931_5,0.416,77.0,680,37,2931,5,-0.3809066693732573
3126,20230817-3PM_680_37_2931_6,0.7,77.0,680,37,2931,6,-0.1549019599857432
3127,20230817-3PM_680_37_2931_7,1.287,77.0,680,37,2931,7,0.10957854690438666
3128,20230817-3PM_750_37_2931_0,0.363,77.0,750,37,2931,0,-0.4400933749638875
3129,20230817-3PM_750_37_2931_1,0.422,77.0,750,37,2931,1,-0.37468754903832613
3130,20230817-3PM_750_37_2931_2,0.379,77.0,750,37,2931,2,-0.42136079003192767
3131,20230817-3PM_750_37_2931_3,0.386,77.0,750,37,2931,3,-0.41341269532824504
3132,20230817-3PM_750_37_2931_4,0.313,77.0,750,37,2931,4,-0.5044556624535516
3133,20230817-3PM_750_37_2931_5,0.298,77.0,750,37,2931,5,-0.5257837359237448
3134,20230817-3PM_750_37_2931_6,0.428,77.0,750,37,2931,6,-0.368556230986828
3135,20230817-3PM_750_37_2931_7,0.841,77.0,750,37,2931,7,-0.07520400420208784
3136,20230817-3PM_680_37_JG5_0,0.42,77.0,680,37,JG5,0,-0.37675070960209955
3137,20230817-3PM_680_37_JG5_1,0.372,77.0,680,37,JG5,1,-0.4294570601181025
3138,20230817-3PM_680_37_JG5_2,0.202,77.0,680,37,JG5,2,-0.6946486305533762
3139,20230817-3PM_680_37_JG5_3,0.218,77.0,680,37,JG5,3,-0.6615435063953952
3140,20230817-3PM_680_37_JG5_4,0.683,77.0,680,37,JG5,4,-0.1655792963184674
3141,20230817-3PM_680_37_JG5_5,0.314,77.0,680,37,JG5,5,-0.5030703519267851
3142,20230817-3PM_680_37_JG5_6,0.483,77.0,680,37,JG5,6,-0.31605286924848786
3143,20230817-3PM_680_37_JG5_7,0.309,77.0,680,37,JG5,7,-0.5100415205751654
3144,20230817-3PM_750_37_JG5_0,0.306,77.0,750,37,JG5,0,-0.51427857351842
3145,20230817-3PM_750_37_JG5_1,0.27,77.0,750,37,JG5,1,-0.5686362358410126
3146,20230817-3PM_750_37_JG5_2,0.171,77.0,750,37,JG5,2,-0.7670038896078462
3147,20230817-3PM_750_37_JG5_3,0.174,77.0,750,37,JG5,3,-0.7594507517174003
3148,20230817-3PM_750_37_JG5_4,0.46,77.0,750,37,JG5,4,-0.3372421683184259
3149,20230817-3PM_750_37_JG5_5,0.252,77.0,750,37,JG5,5,-0.5985994592184559
3150,20230817-3PM_750_37_JG5_6,0.364,77.0,750,37,JG5,6,-0.438898616350944
3151,20230817-3PM_750_37_JG5_7,0.22,77.0,750,37,JG5,7,-0.6575773191777937
3152,20230817-3PM_680_37_BMS_0,0.739,77.0,680,37,BMS,0,-0.13135556160517428
3153,20230817-3PM_680_37_BMS_1,0.787,77.0,680,37,BMS,1,-0.10402526764093542
3154,20230817-3PM_680_37_BMS_2,1.046,77.0,680,37,BMS,2,0.01953168453125545
3155,20230817-3PM_680_37_BMS_3,0.531,77.0,680,37,BMS,3,-0.2749054789185309
3156,20230817-3PM_680_37_BMS_4,0.926,77.0,680,37,BMS,4,-0.033389013318065645
3157,20230817-3PM_680_37_BMS_5,0.85,77.0,680,37,BMS,5,-0.07058107428570728
3158,20230817-3PM_680_37_BMS_6,0.889,77.0,680,37,BMS,6,-0.0510982390297863
3159,20230817-3PM_680_37_BMS_7,0.641,77.0,680,37,BMS,7,-0.19314197048118256
3160,20230817-3PM_750_37_BMS_0,0.584,77.0,750,37,BMS,0,-0.23358715288760054
3161,20230817-3PM_750_37_BMS_1,0.612,77.0,750,37,BMS,1,-0.21324857785443882
3162,20230817-3PM_750_37_BMS_2,0.73,77.0,750,37,BMS,2,-0.1366771398795441
3163,20230817-3PM_750_37_BMS_3,0.443,77.0,750,37,BMS,3,-0.3535962737769304
3164,20230817-3PM_750_37_BMS_4,0.662,77.0,750,37,BMS,4,-0.17914201056030005
3165,20230817-3PM_750_37_BMS_5,0.638,77.0,750,37,BMS,5,-0.19517932127883766
3166,20230817-3PM_750_37_BMS_6,0.663,77.0,750,37,BMS,6,-0.17848647159522685
3167,20230817-3PM_750_37_BMS_7,0.523,77.0,750,37,BMS,7,-0.2814983111327257
3168,20230815-9AM_680_25_3059_0,0.428,23.0,680,25,3059,0,-0.368556230986828
3169,20230815-9AM_680_25_3059_1,0.358,23.0,680,25,3059,1,-0.44611697335612566
3170,20230815-9AM_680_25_3059_2,0.341,23.0,680,25,3059,2,-0.4672456210075022
3171,20230815-9AM_680_25_3059_3,0.51,23.0,680,25,3059,3,-0.2924298239020636
3172,20230815-9AM_680_25_3059_4,0.6,23.0,680,25,3059,4,-0.2218487496163564
3173,20230815-9AM_680_25_3059_5,0.441,23.0,680,25,3059,5,-0.35556141053216145
3174,20230815-9AM_680_25_3059_6,0.39,23.0,680,25,3059,6,-0.4089353929735008
3175,20230815-9AM_680_25_3059_7,0.44,23.0,680,25,3059,7,-0.3565473235138126
3176,20230815-9AM_750_25_3059_0,0.221,23.0,750,25,3059,0,-0.6556077263148893
3177,20230815-9AM_750_25_3059_1,0.195,23.0,750,25,3059,1,-0.7099653886374819
3178,20230815-9AM_750_25_3059_2,0.185,23.0,750,25,3059,2,-0.7328282715969862
3179,20230815-9AM_750_25_3059_3,0.249,23.0,750,25,3059,3,-0.6038006529042637
3180,20230815-9AM_750_25_3059_4,0.306,23.0,750,25,3059,4,-0.51427857351842
3181,20230815-9AM_750_25_3059_5,0.237,23.0,750,25,3059,5,-0.6252516539898961
3182,20230815-9AM_750_25_3059_6,0.217,23.0,750,25,3059,6,-0.6635402661514705
3183,20230815-9AM_750_25_3059_7,0.232,23.0,750,25,3059,7,-0.6345120151091003
3184,20230815-9AM_680_25_1691_0,0.43,23.0,680,25,1691,0,-0.36653154442041347
3185,20230815-9AM_680_25_1691_1,0.33,23.0,680,25,1691,1,-0.4814860601221125
3186,20230815-9AM_680_25_1691_2,0.38,23.0,680,25,1691,2,-0.42021640338318983
3187,20230815-9AM_680_25_1691_3,0.257,23.0,680,25,1691,3,-0.5900668766687055
3188,20230815-9AM_680_25_1691_4,0.368,23.0,680,25,1691,4,-0.43415218132648237
3189,20230815-9AM_680_25_1691_5,0.317,23.0,680,25,1691,5,-0.4989407377822485
3190,20230815-9AM_680_25_1691_6,0.35,23.0,680,25,1691,6,-0.4559319556497244
3191,20230815-9AM_680_25_1691_7,0.357,23.0,680,25,1691,7,-0.4473317838878068
3192,20230815-9AM_750_25_1691_0,0.155,23.0,750,25,1691,0,-0.8096683018297085
3193,20230815-9AM_750_25_1691_1,0.127,23.0,750,25,1691,1,-0.8961962790440431
3194,20230815-9AM_750_25_1691_2,0.168,23.0,750,25,1691,2,-0.7746907182741372
3195,20230815-9AM_750_25_1691_3,0.135,23.0,750,25,1691,3,-0.8696662315049939
3196,20230815-9AM_750_25_1691_4,0.166,23.0,750,25,1691,4,-0.7798919119599449
3197,20230815-9AM_750_25_1691_5,0.189,23.0,750,25,1691,5,-0.7235381958267558
3198,20230815-9AM_750_25_1691_6,0.176,23.0,750,25,1691,6,-0.7544873321858502
3199,20230815-9AM_750_25_1691_7,0.213,23.0,750,25,1691,7,-0.6716203965612623
3200,20230815-9AM_680_25_1690_0,0.582,23.0,680,25,1690,0,-0.23507701535011155
3201,20230815-9AM_680_25_1690_1,0.509,23.0,680,25,1690,1,-0.29328221766324125
3202,20230815-9AM_680_25_1690_2,0.472,23.0,680,25,1690,2,-0.32605800136591223
3203,20230815-9AM_680_25_1690_3,0.369,23.0,680,25,1690,3,-0.4329736338409396
3204,20230815-9AM_680_25_1690_4,0.317,23.0,680,25,1690,4,-0.4989407377822485
3205,20230815-9AM_680_25_1690_5,0.236,23.0,680,25,1690,5,-0.6270879970298935
3206,20230815-9AM_680_25_1690_6,0.434,23.0,680,25,1690,6,-0.3625102704874893
3207,20230815-9AM_680_25_1690_7,0.713,23.0,680,25,1690,7,-0.14691047014813446
3208,20230815-9AM_750_25_1690_0,0.322,23.0,750,25,1690,0,-0.4921441283041691
3209,20230815-9AM_750_25_1690_1,0.276,23.0,750,25,1690,1,-0.5590909179347823
3210,20230815-9AM_750_25_1690_2,0.239,23.0,750,25,1690,2,-0.6216020990518624
3211,20230815-9AM_750_25_1690_3,0.181,23.0,750,25,1690,3,-0.7423214251308154
3212,20230815-9AM_750_25_1690_4,0.155,23.0,750,25,1690,4,-0.8096683018297085
3213,20230815-9AM_750_25_1690_5,0.156,23.0,750,25,1690,5,-0.8068754016455384
3214,20230815-9AM_750_25_1690_6,0.236,23.0,750,25,1690,6,-0.6270879970298935
3215,20230815-9AM_750_25_1690_7,0.348,23.0,750,25,1690,7,-0.4584207560534191
3216,20230815-9AM_680_25_2342_0,0.277,23.0,680,25,2342,0,-0.5575202309355514
3217,20230815-9AM_680_25_2342_1,0.251,23.0,680,25,2342,1,-0.6003262785189618
3218,20230815-9AM_680_25_2342_2,0.204,23.0,680,25,2342,2,-0.6903698325741012
3219,20230815-9AM_680_25_2342_3,0.267,23.0,680,25,2342,3,-0.5734887386354247
3220,20230815-9AM_680_25_2342_4,0.561,23.0,680,25,2342,4,-0.25103713874383854
3221,20230815-9AM_680_25_2342_5,0.339,23.0,680,25,2342,5,-0.4698003017969178
3222,20230815-9AM_680_25_2342_6,0.324,23.0,680,25,2342,6,-0.48945498979338786
3223,20230815-9AM_680_25_2342_7,0.466,23.0,680,25,2342,7,-0.3316140833099998
3224,20230815-9AM_750_25_2342_0,0.136,23.0,750,25,2342,0,-0.8664610916297825
3225,20230815-9AM_750_25_2342_1,0.098,23.0,750,25,2342,1,-1.0087739243075051
3226,20230815-9AM_750_25_2342_2,0.136,23.0,750,25,2342,2,-0.8664610916297825
3227,20230815-9AM_750_25_2342_3,0.158,23.0,750,25,2342,3,-0.8013429130455774
3228,20230815-9AM_750_25_2342_4,0.217,23.0,750,25,2342,4,-0.6635402661514705
3229,20230815-9AM_750_25_2342_5,0.134,23.0,750,25,2342,5,-0.8728952016351923
3230,20230815-9AM_750_25_2342_6,0.147,23.0,750,25,2342,6,-0.8326826652518239
3231,20230815-9AM_750_25_2342_7,0.2,23.0,750,25,2342,7,-0.6989700043360187
3232,20230815-9AM_680_25_4532_0,0.38,23.0,680,25,4532,0,-0.42021640338318983
3233,20230815-9AM_680_25_4532_1,0.303,23.0,680,25,4532,1,-0.518557371497695
3234,20230815-9AM_680_25_4532_2,0.242,23.0,680,25,4532,2,-0.6161846340195687
3235,20230815-9AM_680_25_4532_3,0.314,23.0,680,25,4532,3,-0.5030703519267851
3236,20230815-9AM_680_25_4532_4,0.369,23.0,680,25,4532,4,-0.4329736338409396
3237,20230815-9AM_680_25_4532_5,0.433,23.0,680,25,4532,5,-0.36351210364663455
3238,20230815-9AM_680_25_4532_6,0.344,23.0,680,25,4532,6,-0.46344155742846993
3239,20230815-9AM_680_25_4532_7,0.275,23.0,680,25,4532,7,-0.5606673061697374
3240,20230815-9AM_750_25_4532_0,0.154,23.0,750,25,4532,0,-0.8124792791635369
3241,20230815-9AM_750_25_4532_1,0.118,23.0,750,25,4532,1,-0.9281179926938746
3242,20230815-9AM_750_25_4532_2,0.125,23.0,750,25,4532,2,-0.9030899869919435
3243,20230815-9AM_750_25_4532_3,0.123,23.0,750,25,4532,3,-0.9100948885606021
3244,20230815-9AM_750_25_4532_4,0.132,23.0,750,25,4532,4,-0.8794260687941501
3245,20230815-9AM_750_25_4532_5,0.167,23.0,750,25,4532,5,-0.7772835288524167
3246,20230815-9AM_750_25_4532_6,0.15,23.0,750,25,4532,6,-0.8239087409443188
3247,20230815-9AM_750_25_4532_7,0.096,23.0,750,25,4532,7,-1.0177287669604316
3248,20230815-9AM_680_25_2344_0,0.224,23.0,680,25,2344,0,-0.6497519816658371
3249,20230815-9AM_680_25_2344_1,0.206,23.0,680,25,2344,1,-0.6861327796308466
3250,20230815-9AM_680_25_2344_2,0.225,23.0,680,25,2344,2,-0.6478174818886375
3251,20230815-9AM_680_25_2344_3,0.194,23.0,680,25,2344,3,-0.712198270069774
3252,20230815-9AM_680_25_2344_4,0.291,23.0,680,25,2344,4,-0.5361070110140927
3253,20230815-9AM_680_25_2344_5,0.212,23.0,680,25,2344,5,-0.6736641390712486
3254,20230815-9AM_680_25_2344_6,0.321,23.0,680,25,2344,6,-0.4934949675951279
3255,20230815-9AM_680_25_2344_7,0.15,23.0,680,25,2344,7,-0.8239087409443188
3256,20230815-9AM_750_25_2344_0,0.158,23.0,750,25,2344,0,-0.8013429130455774
3257,20230815-9AM_750_25_2344_1,0.141,23.0,750,25,2344,1,-0.8507808873446201
3258,20230815-9AM_750_25_2344_2,0.162,23.0,750,25,2344,2,-0.790484985457369
3259,20230815-9AM_750_25_2344_3,0.149,23.0,750,25,2344,3,-0.826813731587726
3260,20230815-9AM_750_25_2344_4,0.193,23.0,750,25,2344,4,-0.7144426909922262
3261,20230815-9AM_750_25_2344_5,0.159,23.0,750,25,2344,5,-0.7986028756795485
3262,20230815-9AM_750_25_2344_6,0.212,23.0,750,25,2344,6,-0.6736641390712486
3263,20230815-9AM_750_25_2344_7,0.124,23.0,750,25,2344,7,-0.906578314837765
3264,20230815-9AM_680_25_2343_0,0.692,23.0,680,25,2343,0,-0.15989390554324223
3265,20230815-9AM_680_25_2343_1,0.526,23.0,680,25,2343,1,-0.27901425584626094
3266,20230815-9AM_680_25_2343_2,0.492,23.0,680,25,2343,2,-0.30803489723263966
3267,20230815-9AM_680_25_2343_3,0.553,23.0,680,25,2343,3,-0.2572748686953017
3268,20230815-9AM_680_25_2343_4,0.453,23.0,680,25,2343,4,-0.34390179798716813
3269,20230815-9AM_680_25_2343_5,0.528,23.0,680,25,2343,5,-0.27736607746618774
3270,20230815-9AM_680_25_2343_6,0.488,23.0,680,25,2343,6,-0.3115801779972894
3271,20230815-9AM_680_25_2343_7,0.501,23.0,680,25,2343,7,-0.30016227413275426
3272,20230815-9AM_750_25_2343_0,0.375,23.0,750,25,2343,0,-0.42596873227228116
3273,20230815-9AM_750_25_2343_1,0.316,23.0,750,25,2343,1,-0.5003129173815962
3274,20230815-9AM_750_25_2343_2,0.261,23.0,750,25,2343,2,-0.583359492661719
3275,20230815-9AM_750_25_2343_3,0.336,23.0,750,25,2343,3,-0.4736607226101559
3276,20230815-9AM_750_25_2343_4,0.283,23.0,750,25,2343,4,-0.5482135644757098
3277,20230815-9AM_750_25_2343_5,0.316,23.0,750,25,2343,5,-0.5003129173815962
3278,20230815-9AM_750_25_2343_6,0.288,23.0,750,25,2343,6,-0.5406075122407692
3279,20230815-9AM_750_25_2343_7,0.306,23.0,750,25,2343,7,-0.51427857351842
3280,20230815-9AM_680_25_1952_0,0.177,23.0,680,25,1952,0,-0.7520267336381934
3281,20230815-9AM_680_25_1952_1,0.346,23.0,680,25,1952,1,-0.46092390120722343
3282,20230815-9AM_680_25_1952_2,0.366,23.0,680,25,1952,2,-0.43651891460558934
3283,20230815-9AM_680_25_1952_3,0.507,23.0,680,25,1952,3,-0.294992040666664
3284,20230815-9AM_680_25_1952_4,0.353,23.0,680,25,1952,4,-0.4522252946121775
3285,20230815-9AM_680_25_1952_5,0.415,23.0,680,25,1952,5,-0.3819519032879073
3286,20230815-9AM_680_25_1952_6,0.448,23.0,680,25,1952,6,-0.348721986001856
3287,20230815-9AM_680_25_1952_7,0.34,23.0,680,25,1952,7,-0.46852108295774486
3288,20230815-9AM_750_25_1952_0,0.122,23.0,750,25,1952,0,-0.9136401693252518
3289,20230815-9AM_750_25_1952_1,0.205,23.0,750,25,1952,1,-0.6882461389442457
3290,20230815-9AM_750_25_1952_2,0.214,23.0,750,25,1952,2,-0.6695862266508091
3291,20230815-9AM_750_25_1952_3,0.29,23.0,750,25,1952,3,-0.5376020021010439
3292,20230815-9AM_750_25_1952_4,0.22,23.0,750,25,1952,4,-0.6575773191777937
3293,20230815-9AM_750_25_1952_5,0.238,23.0,750,25,1952,5,-0.623423042943488
3294,20230815-9AM_750_25_1952_6,0.252,23.0,750,25,1952,6,-0.5985994592184559
3295,20230815-9AM_750_25_1952_7,0.204,23.0,750,25,1952,7,-0.6903698325741012
3296,20230815-9AM_680_25_2931_0,0.617,23.0,680,25,2931,0,-0.20971483596675833
3297,20230815-9AM_680_25_2931_1,0.286,23.0,680,25,2931,1,-0.543633966870957
3298,20230815-9AM_680_25_2931_2,0.27,23.0,680,25,2931,2,-0.5686362358410126
3299,20230815-9AM_680_25_2931_3,0.414,23.0,680,25,2931,3,-0.3829996588791011
3300,20230815-9AM_680_25_2931_4,0.433,23.0,680,25,2931,4,-0.36351210364663455
3301,20230815-9AM_680_25_2931_5,0.245,23.0,680,25,2931,5,-0.6108339156354675
3302,20230815-9AM_680_25_2931_6,0.497,23.0,680,25,2931,6,-0.3036436112666679
3303,20230815-9AM_680_25_2931_7,0.315,23.0,680,25,2931,7,-0.5016894462103995
3304,20230815-9AM_750_25_2931_0,0.329,23.0,750,25,2931,0,-0.48280410205002566
3305,20230815-9AM_750_25_2931_1,0.16,23.0,750,25,2931,1,-0.7958800173440752
3306,20230815-9AM_750_25_2931_2,0.16,23.0,750,25,2931,2,-0.7958800173440752
3307,20230815-9AM_750_25_2931_3,0.235,23.0,750,25,2931,3,-0.6289321377282637
3308,20230815-9AM_750_25_2931_4,0.23,23.0,750,25,2931,4,-0.638272163982407
3309,20230815-9AM_750_25_2931_5,0.156,23.0,750,25,2931,5,-0.8068754016455384
3310,20230815-9AM_750_25_2931_6,0.283,23.0,750,25,2931,6,-0.5482135644757098
3311,20230815-9AM_750_25_2931_7,0.186,23.0,750,25,2931,7,-0.7304870557820837
3312,20230815-9AM_680_25_JG5_0,0.322,23.0,680,25,JG5,0,-0.4921441283041691
3313,20230815-9AM_680_25_JG5_1,0.401,23.0,680,25,JG5,1,-0.39685562737981767
3314,20230815-9AM_680_25_JG5_2,0.675,23.0,680,25,JG5,2,-0.17069622716897506
3315,20230815-9AM_680_25_JG5_3,0.595,23.0,680,25,JG5,3,-0.22548303427145044
3316,20230815-9AM_680_25_JG5_4,0.606,23.0,680,25,JG5,4,-0.21752737583371382
3317,20230815-9AM_680_25_JG5_5,0.305,23.0,680,25,JG5,5,-0.5157001606532142
3318,20230815-9AM_680_25_JG5_6,0.156,23.0,680,25,JG5,6,-0.8068754016455384
3319,20230815-9AM_680_25_JG5_7,0.193,23.0,680,25,JG5,7,-0.7144426909922262
3320,20230815-9AM_750_25_JG5_0,0.181,23.0,750,25,JG5,0,-0.7423214251308154
3321,20230815-9AM_750_25_JG5_1,0.205,23.0,750,25,JG5,1,-0.6882461389442457
3322,20230815-9AM_750_25_JG5_2,0.323,23.0,750,25,JG5,2,-0.4907974776688971
3323,20230815-9AM_750_25_JG5_3,0.291,23.0,750,25,JG5,3,-0.5361070110140927
3324,20230815-9AM_750_25_JG5_4,0.296,23.0,750,25,JG5,4,-0.5287082889410615
3325,20230815-9AM_750_25_JG5_5,0.173,23.0,750,25,JG5,5,-0.7619538968712046
3326,20230815-9AM_750_25_JG5_6,0.102,23.0,750,25,JG5,6,-0.9913998282380825
3327,20230815-9AM_750_25_JG5_7,0.122,23.0,750,25,JG5,7,-0.9136401693252518
3328,20230815-9AM_680_25_BMS_0,0.491,23.0,680,25,BMS,0,-0.3089185078770315
3329,20230815-9AM_680_25_BMS_1,0.519,23.0,680,25,BMS,1,-0.28483264215154214
3330,20230815-9AM_680_25_BMS_2,0.478,23.0,680,25,BMS,2,-0.3205721033878811
3331,20230815-9AM_680_25_BMS_3,0.443,23.0,680,25,BMS,3,-0.3535962737769304
3332,20230815-9AM_680_25_BMS_4,0.443,23.0,680,25,BMS,4,-0.3535962737769304
3333,20230815-9AM_680_25_BMS_5,0.381,23.0,680,25,BMS,5,-0.4190750243243807
3334,20230815-9AM_680_25_BMS_6,0.431,23.0,680,25,BMS,6,-0.3655227298392684
3335,20230815-9AM_680_25_BMS_7,0.216,23.0,680,25,BMS,7,-0.6655462488490691
3336,20230815-9AM_750_25_BMS_0,0.267,23.0,750,25,BMS,0,-0.5734887386354247
3337,20230815-9AM_750_25_BMS_1,0.285,23.0,750,25,BMS,1,-0.5451551399914898
3338,20230815-9AM_750_25_BMS_2,0.267,23.0,750,25,BMS,2,-0.5734887386354247
3339,20230815-9AM_750_25_BMS_3,0.247,23.0,750,25,BMS,3,-0.6073030467403343
3340,20230815-9AM_750_25_BMS_4,0.248,23.0,750,25,BMS,4,-0.6055483191737837
3341,20230815-9AM_750_25_BMS_5,0.214,23.0,750,25,BMS,5,-0.6695862266508091
3342,20230815-9AM_750_25_BMS_6,0.242,23.0,750,25,BMS,6,-0.6161846340195687
3343,20230815-9AM_750_25_BMS_7,0.128,23.0,750,25,BMS,7,-0.8927900303521317
3344,20230815-9AM_680_39_3059_0,0.271,23.0,680,39,3059,0,-0.5670307091255943
3345,20230815-9AM_680_39_3059_1,0.267,23.0,680,39,3059,1,-0.5734887386354247
3346,20230815-9AM_680_39_3059_2,0.243,23.0,680,39,3059,2,-0.6143937264016879
3347,20230815-9AM_680_39_3059_3,0.465,23.0,680,39,3059,3,-0.33254704711004607
3348,20230815-9AM_680_39_3059_4,0.452,23.0,680,39,3059,4,-0.3448615651886179
3349,20230815-9AM_680_39_3059_5,0.215,23.0,680,39,3059,5,-0.6675615400843947
3350,20230815-9AM_680_39_3059_6,0.214,23.0,680,39,3059,6,-0.6695862266508091
3351,20230815-9AM_680_39_3059_7,0.385,23.0,680,39,3059,7,-0.4145392704914993
3352,20230815-9AM_750_39_3059_0,0.166,23.0,750,39,3059,0,-0.7798919119599449
3353,20230815-9AM_750_39_3059_1,0.163,23.0,750,39,3059,1,-0.7878123955960422
3354,20230815-9AM_750_39_3059_2,0.146,23.0,750,39,3059,2,-0.835647144215563
3355,20230815-9AM_750_39_3059_3,0.247,23.0,750,39,3059,3,-0.6073030467403343
3356,20230815-9AM_750_39_3059_4,0.25,23.0,750,39,3059,4,-0.6020599913279624
3357,20230815-9AM_750_39_3059_5,0.145,23.0,750,39,3059,5,-0.8386319977650252
3358,20230815-9AM_750_39_3059_6,0.137,23.0,750,39,3059,6,-0.8632794328435932
3359,20230815-9AM_750_39_3059_7,0.219,23.0,750,39,3059,7,-0.6595558851598816
3360,20230815-9AM_680_39_1691_0,0.456,23.0,680,39,1691,0,-0.341035157335565
3361,20230815-9AM_680_39_1691_1,0.365,23.0,680,39,1691,1,-0.4377071355435253
3362,20230815-9AM_680_39_1691_2,0.41,23.0,680,39,1691,2,-0.38721614328026455
3363,20230815-9AM_680_39_1691_3,0.477,23.0,680,39,1691,3,-0.3214816209598861
3364,20230815-9AM_680_39_1691_4,0.479,23.0,680,39,1691,4,-0.3196644865854368
3365,20230815-9AM_680_39_1691_5,0.702,23.0,680,39,1691,5,-0.15366288787019475
3366,20230815-9AM_680_39_1691_6,0.74,23.0,680,39,1691,6,-0.13076828026902382
3367,20230815-9AM_680_39_1691_7,0.54,23.0,680,39,1691,7,-0.26760624017703144
3368,20230815-9AM_750_39_1691_0,0.235,23.0,750,39,1691,0,-0.6289321377282637
3369,20230815-9AM_750_39_1691_1,0.204,23.0,750,39,1691,1,-0.6903698325741012
3370,20230815-9AM_750_39_1691_2,0.222,23.0,750,39,1691,2,-0.6536470255493614
3371,20230815-9AM_750_39_1691_3,0.256,23.0,750,39,1691,3,-0.5917600346881504
3372,20230815-9AM_750_39_1691_4,0.253,23.0,750,39,1691,4,-0.5968794788241821
3373,20230815-9AM_750_39_1691_5,0.397,23.0,750,39,1691,5,-0.40120949323688493
3374,20230815-9AM_750_39_1691_6,0.394,23.0,750,39,1691,6,-0.40450377817442584
3375,20230815-9AM_750_39_1691_7,0.305,23.0,750,39,1691,7,-0.5157001606532142
3376,20230815-9AM_680_39_1690_0,0.389,23.0,680,39,1690,0,-0.41005039867429227
3377,20230815-9AM_680_39_1690_1,0.269,23.0,680,39,1690,1,-0.5702477199975919
3378,20230815-9AM_680_39_1690_2,0.233,23.0,680,39,1690,2,-0.632644078973981
3379,20230815-9AM_680_39_1690_3,0.403,23.0,680,39,1690,3,-0.39469495385889053
3380,20230815-9AM_680_39_1690_4,0.271,23.0,680,39,1690,4,-0.5670307091255943
3381,20230815-9AM_680_39_1690_5,0.35,23.0,680,39,1690,5,-0.4559319556497244
3382,20230815-9AM_680_39_1690_6,0.504,23.0,680,39,1690,6,-0.2975694635544747
3383,20230815-9AM_680_39_1690_7,0.393,23.0,680,39,1690,7,-0.4056074496245733
3384,20230815-9AM_750_39_1690_0,0.234,23.0,750,39,1690,0,-0.6307841425898572
3385,20230815-9AM_750_39_1690_1,0.191,23.0,750,39,1690,1,-0.7189666327522725
3386,20230815-9AM_750_39_1690_2,0.169,23.0,750,39,1690,2,-0.7721132953863264
3387,20230815-9AM_750_39_1690_3,0.243,23.0,750,39,1690,3,-0.6143937264016879
3388,20230815-9AM_750_39_1690_4,0.186,23.0,750,39,1690,4,-0.7304870557820837
3389,20230815-9AM_750_39_1690_5,0.243,23.0,750,39,1690,5,-0.6143937264016879
3390,20230815-9AM_750_39_1690_6,0.32,23.0,750,39,1690,6,-0.494850021680094
3391,20230815-9AM_750_39_1690_7,0.258,23.0,750,39,1690,7,-0.5883802940367698
3392,20230815-9AM_680_39_2342_0,0.359,23.0,680,39,2342,0,-0.44490555142168087
3393,20230815-9AM_680_39_2342_1,0.777,23.0,680,39,2342,1,-0.10957898119908573
3394,20230815-9AM_680_39_2342_2,0.383,23.0,680,39,2342,2,-0.41680122603137726
3395,20230815-9AM_680_39_2342_3,0.425,23.0,680,39,2342,3,-0.37161106994968846
3396,20230815-9AM_680_39_2342_4,0.18,23.0,680,39,2342,4,-0.744727494896694
3397,20230815-9AM_680_39_2342_5,0.536,23.0,680,39,2342,5,-0.27083521030722996
3398,20230815-9AM_680_39_2342_6,1.049,23.0,680,39,2342,6,0.02077548819355783
3399,20230815-9AM_680_39_2342_7,0.362,23.0,680,39,2342,7,-0.4412914294668343
3400,20230815-9AM_750_39_2342_0,0.214,23.0,750,39,2342,0,-0.6695862266508091
3401,20230815-9AM_750_39_2342_1,0.401,23.0,750,39,2342,1,-0.39685562737981767
3402,20230815-9AM_750_39_2342_2,0.239,23.0,750,39,2342,2,-0.6216020990518624
3403,20230815-9AM_750_39_2342_3,0.233,23.0,750,39,2342,3,-0.632644078973981
3404,20230815-9AM_750_39_2342_4,0.118,23.0,750,39,2342,4,-0.9281179926938746
3405,20230815-9AM_750_39_2342_5,0.312,23.0,750,39,2342,5,-0.5058454059815573
3406,20230815-9AM_750_39_2342_6,0.587,23.0,750,39,2342,6,-0.23136189875238555
3407,20230815-9AM_750_39_2342_7,0.217,23.0,750,39,2342,7,-0.6635402661514705
3408,20230815-9AM_680_39_4532_0,0.705,23.0,680,39,4532,0,-0.15181088300860132
3409,20230815-9AM_680_39_4532_1,0.553,23.0,680,39,4532,1,-0.2572748686953017
3410,20230815-9AM_680_39_4532_2,0.494,23.0,680,39,4532,2,-0.30627305107635305
3411,20230815-9AM_680_39_4532_3,0.435,23.0,680,39,4532,3,-0.3615107430453627
3412,20230815-9AM_680_39_4532_4,0.564,23.0,680,39,4532,4,-0.24872089601665776
3413,20230815-9AM_680_39_4532_5,0.455,23.0,680,39,4532,5,-0.34198860334288755
3414,20230815-9AM_680_39_4532_6,0.438,23.0,680,39,4532,6,-0.3585258894959005
3415,20230815-9AM_680_39_4532_7,0.611,23.0,680,39,4532,7,-0.21395878975744578
3416,20230815-9AM_750_39_4532_0,0.39,23.0,750,39,4532,0,-0.4089353929735008
3417,20230815-9AM_750_39_4532_1,0.341,23.0,750,39,4532,1,-0.4672456210075022
3418,20230815-9AM_750_39_4532_2,0.311,23.0,750,39,4532,2,-0.5072396109731625
3419,20230815-9AM_750_39_4532_3,0.278,23.0,750,39,4532,3,-0.5559552040819237
3420,20230815-9AM_750_39_4532_4,0.338,23.0,750,39,4532,4,-0.47108329972234525
3421,20230815-9AM_750_39_4532_5,0.285,23.0,750,39,4532,5,-0.5451551399914898
3422,20230815-9AM_750_39_4532_6,0.28,23.0,750,39,4532,6,-0.5528419686577808
3423,20230815-9AM_750_39_4532_7,0.37,23.0,750,39,4532,7,-0.431798275933005
3424,20230815-9AM_680_39_2344_0,0.391,23.0,680,39,2344,0,-0.40782324260413316
3425,20230815-9AM_680_39_2344_1,0.207,23.0,680,39,2344,1,-0.6840296545430823
3426,20230815-9AM_680_39_2344_2,0.35,23.0,680,39,2344,2,-0.4559319556497244
3427,20230815-9AM_680_39_2344_3,0.271,23.0,680,39,2344,3,-0.5670307091255943
3428,20230815-9AM_680_39_2344_4,0.268,23.0,680,39,2344,4,-0.5718652059712112
3429,20230815-9AM_680_39_2344_5,0.385,23.0,680,39,2344,5,-0.4145392704914993
3430,20230815-9AM_680_39_2344_6,0.394,23.0,680,39,2344,6,-0.40450377817442584
3431,20230815-9AM_680_39_2344_7,0.22,23.0,680,39,2344,7,-0.6575773191777937
3432,20230815-9AM_750_39_2344_0,0.27,23.0,750,39,2344,0,-0.5686362358410126
3433,20230815-9AM_750_39_2344_1,0.163,23.0,750,39,2344,1,-0.7878123955960422
3434,20230815-9AM_750_39_2344_2,0.248,23.0,750,39,2344,2,-0.6055483191737837
3435,20230815-9AM_750_39_2344_3,0.195,23.0,750,39,2344,3,-0.7099653886374819
3436,20230815-9AM_750_39_2344_4,0.186,23.0,750,39,2344,4,-0.7304870557820837
3437,20230815-9AM_750_39_2344_5,0.26,23.0,750,39,2344,5,-0.585026652029182
3438,20230815-9AM_750_39_2344_6,0.255,23.0,750,39,2344,6,-0.5934598195660449
3439,20230815-9AM_750_39_2344_7,0.169,23.0,750,39,2344,7,-0.7721132953863264
3440,20230815-9AM_680_39_2343_0,0.438,23.0,680,39,2343,0,-0.3585258894959005
3441,20230815-9AM_680_39_2343_1,0.676,23.0,680,39,2343,1,-0.17005330405836405
3442,20230815-9AM_680_39_2343_2,0.438,23.0,680,39,2343,2,-0.3585258894959005
3443,20230815-9AM_680_39_2343_3,0.574,23.0,680,39,2343,3,-0.2410881076020265
3444,20230815-9AM_680_39_2343_4,0.265,23.0,680,39,2343,4,-0.5767541260631921
3445,20230815-9AM_680_39_2343_5,0.487,23.0,680,39,2343,5,-0.3124710387853657
3446,20230815-9AM_680_39_2343_6,0.467,23.0,680,39,2343,6,-0.33068311943388784
3447,20230815-9AM_680_39_2343_7,0.288,23.0,680,39,2343,7,-0.5406075122407692
3448,20230815-9AM_750_39_2343_0,0.27,23.0,750,39,2343,0,-0.5686362358410126
3449,20230815-9AM_750_39_2343_1,0.405,23.0,750,39,2343,1,-0.3925449767853314
3450,20230815-9AM_750_39_2343_2,0.258,23.0,750,39,2343,2,-0.5883802940367698
3451,20230815-9AM_750_39_2343_3,0.371,23.0,750,39,2343,3,-0.43062609038495414
3452,20230815-9AM_750_39_2343_4,0.197,23.0,750,39,2343,4,-0.7055337738384071
3453,20230815-9AM_750_39_2343_5,0.309,23.0,750,39,2343,5,-0.5100415205751654
3454,20230815-9AM_750_39_2343_6,0.298,23.0,750,39,2343,6,-0.5257837359237448
3455,20230815-9AM_750_39_2343_7,0.198,23.0,750,39,2343,7,-0.7033348097384688
3456,20230815-9AM_680_39_1952_0,0.363,23.0,680,39,1952,0,-0.4400933749638875
3457,20230815-9AM_680_39_1952_1,0.448,23.0,680,39,1952,1,-0.348721986001856
3458,20230815-9AM_680_39_1952_2,0.436,23.0,680,39,1952,2,-0.36051351073141397
3459,20230815-9AM_680_39_1952_3,0.67,23.0,680,39,1952,3,-0.17392519729917355
3460,20230815-9AM_680_39_1952_4,0.376,23.0,680,39,1952,4,-0.42481215507233894
3461,20230815-9AM_680_39_1952_5,0.903,23.0,680,39,1952,5,-0.04431224968649419
3462,20230815-9AM_680_39_1952_6,0.788,23.0,680,39,1952,6,-0.10347378251044466
3463,20230815-9AM_680_39_1952_7,0.465,23.0,680,39,1952,7,-0.33254704711004607
3464,20230815-9AM_750_39_1952_0,0.224,23.0,750,39,1952,0,-0.6497519816658371
3465,20230815-9AM_750_39_1952_1,0.276,23.0,750,39,1952,1,-0.5590909179347823
3466,20230815-9AM_750_39_1952_2,0.253,23.0,750,39,1952,2,-0.5968794788241821
3467,20230815-9AM_750_39_1952_3,0.39,23.0,750,39,1952,3,-0.4089353929735008
3468,20230815-9AM_750_39_1952_4,0.239,23.0,750,39,1952,4,-0.6216020990518624
3469,20230815-9AM_750_39_1952_5,0.489,23.0,750,39,1952,5,-0.3106911408763798
3470,20230815-9AM_750_39_1952_6,0.45,23.0,750,39,1952,6,-0.3467874862246563
3471,20230815-9AM_750_39_1952_7,0.287,23.0,750,39,1952,7,-0.5421181032660077
3472,20230815-9AM_680_39_2931_0,0.526,23.0,680,39,2931,0,-0.27901425584626094
3473,20230815-9AM_680_39_2931_1,0.29,23.0,680,39,2931,1,-0.5376020021010439
3474,20230815-9AM_680_39_2931_2,0.389,23.0,680,39,2931,2,-0.41005039867429227
3475,20230815-9AM_680_39_2931_3,0.398,23.0,680,39,2931,3,-0.40011692792631215
3476,20230815-9AM_680_39_2931_4,0.437,23.0,680,39,2931,4,-0.3595185630295782
3477,20230815-9AM_680_39_2931_5,0.189,23.0,680,39,2931,5,-0.7235381958267558
3478,20230815-9AM_680_39_2931_6,0.574,23.0,680,39,2931,6,-0.2410881076020265
3479,20230815-9AM_680_39_2931_7,0.465,23.0,680,39,2931,7,-0.33254704711004607
3480,20230815-9AM_750_39_2931_0,0.371,23.0,750,39,2931,0,-0.43062609038495414
3481,20230815-9AM_750_39_2931_1,0.189,23.0,750,39,2931,1,-0.7235381958267558
3482,20230815-9AM_750_39_2931_2,0.236,23.0,750,39,2931,2,-0.6270879970298935
3483,20230815-9AM_750_39_2931_3,0.246,23.0,750,39,2931,3,-0.6090648928966209
3484,20230815-9AM_750_39_2931_4,0.26,23.0,750,39,2931,4,-0.585026652029182
3485,20230815-9AM_750_39_2931_5,0.138,23.0,750,39,2931,5,-0.8601209135987634
3486,20230815-9AM_750_39_2931_6,0.339,23.0,750,39,2931,6,-0.4698003017969178
3487,20230815-9AM_750_39_2931_7,0.286,23.0,750,39,2931,7,-0.543633966870957
3488,20230815-9AM_680_39_JG5_0,0.17,23.0,680,39,JG5,0,-0.769551078621726
3489,20230815-9AM_680_39_JG5_1,0.179,23.0,680,39,JG5,1,-0.7471469690201068
3490,20230815-9AM_680_39_JG5_2,0.145,23.0,680,39,JG5,2,-0.8386319977650252
3491,20230815-9AM_680_39_JG5_3,0.241,23.0,680,39,JG5,3,-0.6179829574251317
3492,20230815-9AM_680_39_JG5_4,0.185,23.0,680,39,JG5,4,-0.7328282715969862
3493,20230815-9AM_680_39_JG5_5,0.178,23.0,680,39,JG5,5,-0.7495799976911061
3494,20230815-9AM_680_39_JG5_6,0.184,23.0,680,39,JG5,6,-0.7351821769904635
3495,20230815-9AM_680_39_JG5_7,0.124,23.0,680,39,JG5,7,-0.906578314837765
3496,20230815-9AM_750_39_JG5_0,0.108,23.0,750,39,JG5,0,-0.9665762445130504
3497,20230815-9AM_750_39_JG5_1,0.123,23.0,750,39,JG5,1,-0.9100948885606021
3498,20230815-9AM_750_39_JG5_2,0.102,23.0,750,39,JG5,2,-0.9913998282380825
3499,20230815-9AM_750_39_JG5_3,0.145,23.0,750,39,JG5,3,-0.8386319977650252
3500,20230815-9AM_750_39_JG5_4,0.131,23.0,750,39,JG5,4,-0.8827287043442357
3501,20230815-9AM_750_39_JG5_5,0.114,23.0,750,39,JG5,5,-0.9430951486635274
3502,20230815-9AM_750_39_JG5_6,0.123,23.0,750,39,JG5,6,-0.9100948885606021
3503,20230815-9AM_750_39_JG5_7,0.087,23.0,750,39,JG5,7,-1.0604807473813815
3504,20230815-9AM_680_39_BMS_0,0.405,23.0,680,39,BMS,0,-0.3925449767853314
3505,20230815-9AM_680_39_BMS_1,0.498,23.0,680,39,BMS,1,-0.30277065724028246
3506,20230815-9AM_680_39_BMS_2,0.417,23.0,680,39,BMS,2,-0.3798639450262425
3507,20230815-9AM_680_39_BMS_3,0.462,23.0,680,39,BMS,3,-0.33535802444387447
3508,20230815-9AM_680_39_BMS_4,0.502,23.0,680,39,BMS,4,-0.29929628285498067
3509,20230815-9AM_680_39_BMS_5,0.5,23.0,680,39,BMS,5,-0.3010299956639812
3510,20230815-9AM_680_39_BMS_6,0.455,23.0,680,39,BMS,6,-0.34198860334288755
3511,20230815-9AM_680_39_BMS_7,0.383,23.0,680,39,BMS,7,-0.41680122603137726
3512,20230815-9AM_750_39_BMS_0,0.258,23.0,750,39,BMS,0,-0.5883802940367698
3513,20230815-9AM_750_39_BMS_1,0.381,23.0,750,39,BMS,1,-0.4190750243243807
3514,20230815-9AM_750_39_BMS_2,0.305,23.0,750,39,BMS,2,-0.5157001606532142
3515,20230815-9AM_750_39_BMS_3,0.35,23.0,750,39,BMS,3,-0.4559319556497244
3516,20230815-9AM_750_39_BMS_4,0.325,23.0,750,39,BMS,4,-0.4881166390211256
3517,20230815-9AM_750_39_BMS_5,0.35,23.0,750,39,BMS,5,-0.4559319556497244
3518,20230815-9AM_750_39_BMS_6,0.333,23.0,750,39,BMS,6,-0.4775557664936801
3519,20230815-9AM_750_39_BMS_7,0.278,23.0,750,39,BMS,7,-0.5559552040819237
3520,20230815-9AM_680_37_3059_0,0.435,23.0,680,37,3059,0,-0.3615107430453627
3521,20230815-9AM_680_37_3059_1,0.373,23.0,680,37,3059,1,-0.4282911681913124
3522,20230815-9AM_680_37_3059_2,0.413,23.0,680,37,3059,2,-0.384049948343599
3523,20230815-9AM_680_37_3059_3,0.484,23.0,680,37,3059,3,-0.31515463835558755
3524,20230815-9AM_680_37_3059_4,0.449,23.0,680,37,3059,4,-0.3477536589966768
3525,20230815-9AM_680_37_3059_5,0.292,23.0,680,37,3059,5,-0.5346171485515817
3526,20230815-9AM_680_37_3059_6,0.286,23.0,680,37,3059,6,-0.543633966870957
3527,20230815-9AM_680_37_3059_7,0.458,23.0,680,37,3059,7,-0.3391345219961308
3528,20230815-9AM_750_37_3059_0,0.242,23.0,750,37,3059,0,-0.6161846340195687
3529,20230815-9AM_750_37_3059_1,0.205,23.0,750,37,3059,1,-0.6882461389442457
3530,20230815-9AM_750_37_3059_2,0.184,23.0,750,37,3059,2,-0.7351821769904635
3531,20230815-9AM_750_37_3059_3,0.248,23.0,750,37,3059,3,-0.6055483191737837
3532,20230815-9AM_750_37_3059_4,0.244,23.0,750,37,3059,4,-0.6126101736612706
3533,20230815-9AM_750_37_3059_5,0.174,23.0,750,37,3059,5,-0.7594507517174003
3534,20230815-9AM_750_37_3059_6,0.168,23.0,750,37,3059,6,-0.7746907182741372
3535,20230815-9AM_750_37_3059_7,0.236,23.0,750,37,3059,7,-0.6270879970298935
3536,20230815-9AM_680_37_1691_0,0.667,23.0,680,37,1691,0,-0.17587416608345102
3537,20230815-9AM_680_37_1691_1,0.334,23.0,680,37,1691,1,-0.4762535331884355
3538,20230815-9AM_680_37_1691_2,0.355,23.0,680,37,1691,2,-0.44977164694490596
3539,20230815-9AM_680_37_1691_3,0.456,23.0,680,37,1691,3,-0.341035157335565
3540,20230815-9AM_680_37_1691_4,0.447,23.0,680,37,1691,4,-0.34969247686806354
3541,20230815-9AM_680_37_1691_5,0.661,23.0,680,37,1691,5,-0.17979854051435976
3542,20230815-9AM_680_37_1691_6,0.487,23.0,680,37,1691,6,-0.3124710387853657
3543,20230815-9AM_680_37_1691_7,0.39,23.0,680,37,1691,7,-0.4089353929735008
3544,20230815-9AM_750_37_1691_0,0.404,23.0,750,37,1691,0,-0.393618634889395
3545,20230815-9AM_750_37_1691_1,0.204,23.0,750,37,1691,1,-0.6903698325741012
3546,20230815-9AM_750_37_1691_2,0.206,23.0,750,37,1691,2,-0.6861327796308466
3547,20230815-9AM_750_37_1691_3,0.304,23.0,750,37,1691,3,-0.5171264163912462
3548,20230815-9AM_750_37_1691_4,0.283,23.0,750,37,1691,4,-0.5482135644757098
3549,20230815-9AM_750_37_1691_5,0.408,23.0,750,37,1691,5,-0.3893398369101201
3550,20230815-9AM_750_37_1691_6,0.318,23.0,750,37,1691,6,-0.4975728800155673
3551,20230815-9AM_750_37_1691_7,0.276,23.0,750,37,1691,7,-0.5590909179347823
3552,20230815-9AM_680_37_1690_0,0.566,23.0,680,37,1690,0,-0.24718356881172862
3553,20230815-9AM_680_37_1690_1,0.372,23.0,680,37,1690,1,-0.4294570601181025
3554,20230815-9AM_680_37_1690_2,0.611,23.0,680,37,1690,2,-0.21395878975744578
3555,20230815-9AM_680_37_1690_3,0.653,23.0,680,37,1690,3,-0.18508681872492605
3556,20230815-9AM_680_37_1690_4,0.34,23.0,680,37,1690,4,-0.46852108295774486
3557,20230815-9AM_680_37_1690_5,0.418,23.0,680,37,1690,5,-0.3788237182249648
3558,20230815-9AM_680_37_1690_6,0.59,23.0,680,37,1690,6,-0.22914798835785583
3559,20230815-9AM_680_37_1690_7,0.577,23.0,680,37,1690,7,-0.2388241868442686
3560,20230815-9AM_750_37_1690_0,0.327,23.0,750,37,1690,0,-0.4854522473397139
3561,20230815-9AM_750_37_1690_1,0.251,23.0,750,37,1690,1,-0.6003262785189618
3562,20230815-9AM_750_37_1690_2,0.392,23.0,750,37,1690,2,-0.4067139329795427
3563,20230815-9AM_750_37_1690_3,0.324,23.0,750,37,1690,3,-0.48945498979338786
3564,20230815-9AM_750_37_1690_4,0.23,23.0,750,37,1690,4,-0.638272163982407
3565,20230815-9AM_750_37_1690_5,0.29,23.0,750,37,1690,5,-0.5376020021010439
3566,20230815-9AM_750_37_1690_6,0.371,23.0,750,37,1690,6,-0.43062609038495414
3567,20230815-9AM_750_37_1690_7,0.377,23.0,750,37,1690,7,-0.42365864979420714
3568,20230815-9AM_680_37_2342_0,0.671,23.0,680,37,2342,0,-0.17327747983100789
3569,20230815-9AM_680_37_2342_1,0.969,23.0,680,37,2342,1,-0.013676222949234686
3570,20230815-9AM_680_37_2342_2,0.312,23.0,680,37,2342,2,-0.5058454059815573
3571,20230815-9AM_680_37_2342_3,0.612,23.0,680,37,2342,3,-0.21324857785443882
3572,20230815-9AM_680_37_2342_4,1.016,23.0,680,37,2342,4,0.006893707947900456
3573,20230815-9AM_680_37_2342_5,0.345,23.0,680,37,2342,5,-0.4621809049267259
3574,20230815-9AM_680_37_2342_6,0.867,23.0,680,37,2342,6,-0.06198090252378971
3575,20230815-9AM_680_37_2342_7,0.842,23.0,680,37,2342,7,-0.07468790850035051
3576,20230815-9AM_750_37_2342_0,0.39,23.0,750,37,2342,0,-0.4089353929735008
3577,20230815-9AM_750_37_2342_1,0.518,23.0,750,37,2342,1,-0.28567024025476695
3578,20230815-9AM_750_37_2342_2,0.212,23.0,750,37,2342,2,-0.6736641390712486
3579,20230815-9AM_750_37_2342_3,0.386,23.0,750,37,2342,3,-0.41341269532824504
3580,20230815-9AM_750_37_2342_4,0.521,23.0,750,37,2342,4,-0.2831622767004755
3581,20230815-9AM_750_37_2342_5,0.231,23.0,750,37,2342,5,-0.6363880201078557
3582,20230815-9AM_750_37_2342_6,0.559,23.0,750,37,2342,6,-0.25258819211357664
3583,20230815-9AM_750_37_2342_7,0.488,23.0,750,37,2342,7,-0.3115801779972894
3584,20230815-9AM_680_37_4532_0,0.887,23.0,680,37,4532,0,-0.0520763801682736
3585,20230815-9AM_680_37_4532_1,0.911,23.0,680,37,4532,1,-0.040481623027001735
3586,20230815-9AM_680_37_4532_2,0.679,23.0,680,37,4532,2,-0.1681302257194983
3587,20230815-9AM_680_37_4532_3,0.66,23.0,680,37,4532,3,-0.1804560644581313
3588,20230815-9AM_680_37_4532_4,1.134,23.0,680,37,4532,4,0.05461305455688774
3589,20230815-9AM_680_37_4532_5,0.398,23.0,680,37,4532,5,-0.40011692792631215
3590,20230815-9AM_680_37_4532_6,0.601,23.0,680,37,4532,6,-0.22112552799726048
3591,20230815-9AM_680_37_4532_7,0.62,23.0,680,37,4532,7,-0.20760831050174613
3592,20230815-9AM_750_37_4532_0,0.471,23.0,750,37,4532,0,-0.3269790928711038
3593,20230815-9AM_750_37_4532_1,0.506,23.0,750,37,4532,1,-0.2958494831602009
3594,20230815-9AM_750_37_4532_2,0.436,23.0,750,37,4532,2,-0.36051351073141397
3595,20230815-9AM_750_37_4532_3,0.434,23.0,750,37,4532,3,-0.3625102704874893
3596,20230815-9AM_750_37_4532_4,0.604,23.0,750,37,4532,4,-0.21896306137886817
3597,20230815-9AM_750_37_4532_5,0.296,23.0,750,37,4532,5,-0.5287082889410615
3598,20230815-9AM_750_37_4532_6,0.402,23.0,750,37,4532,6,-0.3957739469155299
3599,20230815-9AM_750_37_4532_7,0.392,23.0,750,37,4532,7,-0.4067139329795427
3600,20230815-9AM_680_37_2344_0,0.353,23.0,680,37,2344,0,-0.4522252946121775
3601,20230815-9AM_680_37_2344_1,0.419,23.0,680,37,2344,1,-0.3777859770337047
3602,20230815-9AM_680_37_2344_2,0.438,23.0,680,37,2344,2,-0.3585258894959005
3603,20230815-9AM_680_37_2344_3,0.33,23.0,680,37,2344,3,-0.4814860601221125
3604,20230815-9AM_680_37_2344_4,0.312,23.0,680,37,2344,4,-0.5058454059815573
3605,20230815-9AM_680_37_2344_5,0.564,23.0,680,37,2344,5,-0.24872089601665776
3606,20230815-9AM_680_37_2344_6,0.487,23.0,680,37,2344,6,-0.3124710387853657
3607,20230815-9AM_680_37_2344_7,0.358,23.0,680,37,2344,7,-0.44611697335612566
3608,20230815-9AM_750_37_2344_0,0.252,23.0,750,37,2344,0,-0.5985994592184559
3609,20230815-9AM_750_37_2344_1,0.285,23.0,750,37,2344,1,-0.5451551399914898
3610,20230815-9AM_750_37_2344_2,0.302,23.0,750,37,2344,2,-0.5199930570428494
3611,20230815-9AM_750_37_2344_3,0.243,23.0,750,37,2344,3,-0.6143937264016879
3612,20230815-9AM_750_37_2344_4,0.215,23.0,750,37,2344,4,-0.6675615400843947
3613,20230815-9AM_750_37_2344_5,0.388,23.0,750,37,2344,5,-0.41116827440579273
3614,20230815-9AM_750_37_2344_6,0.309,23.0,750,37,2344,6,-0.5100415205751654
3615,20230815-9AM_750_37_2344_7,0.261,23.0,750,37,2344,7,-0.583359492661719
3616,20230815-9AM_680_37_2343_0,0.531,23.0,680,37,2343,0,-0.2749054789185309
3617,20230815-9AM_680_37_2343_1,0.641,23.0,680,37,2343,1,-0.19314197048118256
3618,20230815-9AM_680_37_2343_2,0.595,23.0,680,37,2343,2,-0.22548303427145044
3619,20230815-9AM_680_37_2343_3,0.643,23.0,680,37,2343,3,-0.1917890270757779
3620,20230815-9AM_680_37_2343_4,0.348,23.0,680,37,2343,4,-0.4584207560534191
3621,20230815-9AM_680_37_2343_5,0.612,23.0,680,37,2343,5,-0.21324857785443882
3622,20230815-9AM_680_37_2343_6,0.486,23.0,680,37,2343,6,-0.3133637307377066
3623,20230815-9AM_680_37_2343_7,0.393,23.0,680,37,2343,7,-0.4056074496245733
3624,20230815-9AM_750_37_2343_0,0.322,23.0,750,37,2343,0,-0.4921441283041691
3625,20230815-9AM_750_37_2343_1,0.389,23.0,750,37,2343,1,-0.41005039867429227
3626,20230815-9AM_750_37_2343_2,0.347,23.0,750,37,2343,2,-0.4596705252091263
3627,20230815-9AM_750_37_2343_3,0.428,23.0,750,37,2343,3,-0.368556230986828
3628,20230815-9AM_750_37_2343_4,0.257,23.0,750,37,2343,4,-0.5900668766687055
3629,20230815-9AM_750_37_2343_5,0.38,23.0,750,37,2343,5,-0.42021640338318983
3630,20230815-9AM_750_37_2343_6,0.311,23.0,750,37,2343,6,-0.5072396109731625
3631,20230815-9AM_750_37_2343_7,0.255,23.0,750,37,2343,7,-0.5934598195660449
3632,20230815-9AM_680_37_1952_0,0.643,23.0,680,37,1952,0,-0.1917890270757779
3633,20230815-9AM_680_37_1952_1,0.601,23.0,680,37,1952,1,-0.22112552799726048
3634,20230815-9AM_680_37_1952_2,0.796,23.0,680,37,1952,2,-0.09908693226233094
3635,20230815-9AM_680_37_1952_3,0.712,23.0,680,37,1952,3,-0.14752000636314366
3636,20230815-9AM_680_37_1952_4,0.672,23.0,680,37,1952,4,-0.17263072694617473
3637,20230815-9AM_680_37_1952_5,0.974,23.0,680,37,1952,5,-0.011441043121384482
3638,20230815-9AM_680_37_1952_6,0.842,23.0,680,37,1952,6,-0.07468790850035051
3639,20230815-9AM_680_37_1952_7,0.58,23.0,680,37,1952,7,-0.23657200643706275
3640,20230815-9AM_750_37_1952_0,0.338,23.0,750,37,1952,0,-0.47108329972234525
3641,20230815-9AM_750_37_1952_1,0.328,23.0,750,37,1952,1,-0.4841261562883209
3642,20230815-9AM_750_37_1952_2,0.41,23.0,750,37,1952,2,-0.38721614328026455
3643,20230815-9AM_750_37_1952_3,0.37,23.0,750,37,1952,3,-0.431798275933005
3644,20230815-9AM_750_37_1952_4,0.371,23.0,750,37,1952,4,-0.43062609038495414
3645,20230815-9AM_750_37_1952_5,0.514,23.0,750,37,1952,5,-0.28903688100472424
3646,20230815-9AM_750_37_1952_6,0.443,23.0,750,37,1952,6,-0.3535962737769304
3647,20230815-9AM_750_37_1952_7,0.341,23.0,750,37,1952,7,-0.4672456210075022
3648,20230815-9AM_680_37_2931_0,0.507,23.0,680,37,2931,0,-0.294992040666664
3649,20230815-9AM_680_37_2931_1,0.483,23.0,680,37,2931,1,-0.31605286924848786
3650,20230815-9AM_680_37_2931_2,0.441,23.0,680,37,2931,2,-0.35556141053216145
3651,20230815-9AM_680_37_2931_3,0.469,23.0,680,37,2931,3,-0.32882715728491674
3652,20230815-9AM_680_37_2931_4,0.475,23.0,680,37,2931,4,-0.3233063903751334
3653,20230815-9AM_680_37_2931_5,0.202,23.0,680,37,2931,5,-0.6946486305533762
3654,20230815-9AM_680_37_2931_6,0.419,23.0,680,37,2931,6,-0.3777859770337047
3655,20230815-9AM_680_37_2931_7,0.326,23.0,680,37,2931,7,-0.48678239993206096
3656,20230815-9AM_750_37_2931_0,0.334,23.0,750,37,2931,0,-0.4762535331884355
3657,20230815-9AM_750_37_2931_1,0.296,23.0,750,37,2931,1,-0.5287082889410615
3658,20230815-9AM_750_37_2931_2,0.265,23.0,750,37,2931,2,-0.5767541260631921
3659,20230815-9AM_750_37_2931_3,0.287,23.0,750,37,2931,3,-0.5421181032660077
3660,20230815-9AM_750_37_2931_4,0.289,23.0,750,37,2931,4,-0.5391021572434522
3661,20230815-9AM_750_37_2931_5,0.142,23.0,750,37,2931,5,-0.8477116556169435
3662,20230815-9AM_750_37_2931_6,0.26,23.0,750,37,2931,6,-0.585026652029182
3663,20230815-9AM_750_37_2931_7,0.226,23.0,750,37,2931,7,-0.645891560852599
3664,20230815-9AM_680_37_JG5_0,0.361,23.0,680,37,JG5,0,-0.4424927980943421
3665,20230815-9AM_680_37_JG5_1,0.331,23.0,680,37,JG5,1,-0.48017200622428124
3666,20230815-9AM_680_37_JG5_2,0.202,23.0,680,37,JG5,2,-0.6946486305533762
3667,20230815-9AM_680_37_JG5_3,0.156,23.0,680,37,JG5,3,-0.8068754016455384
3668,20230815-9AM_680_37_JG5_4,0.479,23.0,680,37,JG5,4,-0.3196644865854368
3669,20230815-9AM_680_37_JG5_5,0.259,23.0,680,37,JG5,5,-0.5867002359187482
3670,20230815-9AM_680_37_JG5_6,0.175,23.0,680,37,JG5,6,-0.7569619513137056
3671,20230815-9AM_680_37_JG5_7,0.261,23.0,680,37,JG5,7,-0.583359492661719
3672,20230815-9AM_750_37_JG5_0,0.199,23.0,750,37,JG5,0,-0.7011469235902933
3673,20230815-9AM_750_37_JG5_1,0.18,23.0,750,37,JG5,1,-0.744727494896694
3674,20230815-9AM_750_37_JG5_2,0.128,23.0,750,37,JG5,2,-0.8927900303521317
3675,20230815-9AM_750_37_JG5_3,0.093,23.0,750,37,JG5,3,-1.031517051446065
3676,20230815-9AM_750_37_JG5_4,0.23,23.0,750,37,JG5,4,-0.638272163982407
3677,20230815-9AM_750_37_JG5_5,0.157,23.0,750,37,JG5,5,-0.8041003475907662
3678,20230815-9AM_750_37_JG5_6,0.105,23.0,750,37,JG5,6,-0.978810700930062
3679,20230815-9AM_750_37_JG5_7,0.154,23.0,750,37,JG5,7,-0.8124792791635369
3680,20230815-9AM_680_37_BMS_0,0.702,23.0,680,37,BMS,0,-0.15366288787019475
3681,20230815-9AM_680_37_BMS_1,0.681,23.0,680,37,BMS,1,-0.16685288808721482
3682,20230815-9AM_680_37_BMS_2,0.793,23.0,680,37,BMS,2,-0.10072681268239618
3683,20230815-9AM_680_37_BMS_3,0.54,23.0,680,37,BMS,3,-0.26760624017703144
3684,20230815-9AM_680_37_BMS_4,0.861,23.0,680,37,BMS,4,-0.06499684854634524
3685,20230815-9AM_680_37_BMS_5,0.697,23.0,680,37,BMS,5,-0.1567672219019906
3686,20230815-9AM_680_37_BMS_6,0.618,23.0,680,37,BMS,6,-0.20901152491118416
3687,20230815-9AM_680_37_BMS_7,0.587,23.0,680,37,BMS,7,-0.23136189875238555
3688,20230815-9AM_750_37_BMS_0,0.382,23.0,750,37,BMS,0,-0.41793663708829126
3689,20230815-9AM_750_37_BMS_1,0.386,23.0,750,37,BMS,1,-0.41341269532824504
3690,20230815-9AM_750_37_BMS_2,0.425,23.0,750,37,BMS,2,-0.37161106994968846
3691,20230815-9AM_750_37_BMS_3,0.362,23.0,750,37,BMS,3,-0.4412914294668343
3692,20230815-9AM_750_37_BMS_4,0.433,23.0,750,37,BMS,4,-0.36351210364663455
3693,20230815-9AM_750_37_BMS_5,0.379,23.0,750,37,BMS,5,-0.42136079003192767
3694,20230815-9AM_750_37_BMS_6,0.372,23.0,750,37,BMS,6,-0.4294570601181025
3695,20230815-9AM_750_37_BMS_7,0.375,23.0,750,37,BMS,7,-0.42596873227228116
3696,20230816-3PM_680_25_3059_0,1.638,53.0,680,25,3059,0,0.21431389742439963
3697,20230816-3PM_680_25_3059_1,1.308,53.0,680,25,3059,1,0.11660774398824848
3698,20230816-3PM_680_25_3059_2,1.639,53.0,680,25,3059,2,0.21457895357049908
3699,20230816-3PM_680_25_3059_3,1.702,53.0,680,25,3059,3,0.23095955574856905
3700,20230816-3PM_680_25_3059_4,1.677,53.0,680,25,3059,4,0.22453306260608574
3701,20230816-3PM_680_25_3059_5,1.64,53.0,680,25,3059,5,0.21484384804769785
3702,20230816-3PM_680_25_3059_6,1.292,53.0,680,25,3059,6,0.1112625136590653
3703,20230816-3PM_680_25_3059_7,1.619,53.0,680,25,3059,7,0.20924684875337374
3704,20230816-3PM_750_25_3059_0,0.873,53.0,750,25,3059,0,-0.05898575629443027
3705,20230816-3PM_750_25_3059_1,0.655,53.0,750,25,3059,1,-0.18375870000821692
3706,20230816-3PM_750_25_3059_2,0.888,53.0,750,25,3059,2,-0.05158703422139897
3707,20230816-3PM_750_25_3059_3,0.884,53.0,750,25,3059,3,-0.05354773498692691
3708,20230816-3PM_750_25_3059_4,0.908,53.0,750,25,3059,4,-0.04191415147891488
3709,20230816-3PM_750_25_3059_5,0.828,53.0,750,25,3059,5,-0.08196966321511988
3710,20230816-3PM_750_25_3059_6,0.685,53.0,750,25,3059,6,-0.1643094285075744
3711,20230816-3PM_750_25_3059_7,0.868,53.0,750,25,3059,7,-0.0614802748235081
3712,20230816-3PM_680_25_1691_0,1.181,53.0,680,25,1691,0,0.07224989761351482
3713,20230816-3PM_680_25_1691_1,1.292,53.0,680,25,1691,1,0.1112625136590653
3714,20230816-3PM_680_25_1691_2,1.297,53.0,680,25,1691,2,0.11293997608408006
3715,20230816-3PM_680_25_1691_3,1.129,53.0,680,25,1691,3,0.05269394192496786
3716,20230816-3PM_680_25_1691_4,1.175,53.0,680,25,1691,4,0.07003786660775509
3717,20230816-3PM_680_25_1691_5,1.116,53.0,680,25,1691,5,0.04766419460155998
3718,20230816-3PM_680_25_1691_6,1.147,53.0,680,25,1691,6,0.059563417901267686
3719,20230816-3PM_680_25_1691_7,1.263,53.0,680,25,1691,7,0.10140335055533072
3720,20230816-3PM_750_25_1691_0,0.598,53.0,750,25,1691,0,-0.22329881601158919
3721,20230816-3PM_750_25_1691_1,0.625,53.0,750,25,1691,1,-0.2041199826559248
3722,20230816-3PM_750_25_1691_2,0.594,53.0,750,25,1691,2,-0.22621355501880647
3723,20230816-3PM_750_25_1691_3,0.614,53.0,750,25,1691,3,-0.21183162885883233
3724,20230816-3PM_750_25_1691_4,0.593,53.0,750,25,1691,4,-0.22694530663573742
3725,20230816-3PM_750_25_1691_5,0.583,53.0,750,25,1691,5,-0.23433144524098595
3726,20230816-3PM_750_25_1691_6,0.543,53.0,750,25,1691,6,-0.265200170411153
3727,20230816-3PM_750_25_1691_7,0.603,53.0,750,25,1691,7,-0.2196826878598487
3728,20230816-3PM_680_25_1690_0,1.856,53.0,680,25,1690,0,0.26857797188284327
3729,20230816-3PM_680_25_1690_1,2.068,53.0,680,25,1690,1,0.3155505344219049
3730,20230816-3PM_680_25_1690_2,1.941,53.0,680,25,1690,2,0.28802553538836284
3731,20230816-3PM_680_25_1690_3,1.073,53.0,680,25,1690,3,0.030599721965951066
3732,20230816-3PM_680_25_1690_4,1.254,53.0,680,25,1690,4,0.09829753649469763
3733,20230816-3PM_680_25_1690_5,1.107,53.0,680,25,1690,5,0.0441476208787228
3734,20230816-3PM_680_25_1690_6,1.828,53.0,680,25,1690,6,0.26197619139781264
3735,20230816-3PM_680_25_1690_7,1.602,53.0,680,25,1690,7,0.20466251174821887
3736,20230816-3PM_750_25_1690_0,0.933,53.0,750,25,1690,0,-0.030118356253500032
3737,20230816-3PM_750_25_1690_1,1.036,53.0,750,25,1690,1,0.015359755409214231
3738,20230816-3PM_750_25_1690_2,1.004,53.0,750,25,1690,2,0.0017337128090005312
3739,20230816-3PM_750_25_1690_3,0.557,53.0,750,25,1690,3,-0.25414480482627105
3740,20230816-3PM_750_25_1690_4,0.751,53.0,750,25,1690,4,-0.1243600629958316
3741,20230816-3PM_750_25_1690_5,0.622,53.0,750,25,1690,5,-0.2062096153091813
3742,20230816-3PM_750_25_1690_6,0.916,53.0,750,25,1690,6,-0.0381045263321496
3743,20230816-3PM_750_25_1690_7,0.903,53.0,750,25,1690,7,-0.04431224968649419
3744,20230816-3PM_680_25_2342_0,1.01,53.0,680,25,2342,0,0.004321373782642578
3745,20230816-3PM_680_25_2342_1,1.145,53.0,680,25,2342,1,0.05880548667590681
3746,20230816-3PM_680_25_2342_2,1.002,53.0,680,25,2342,2,0.0008677215312269133
3747,20230816-3PM_680_25_2342_3,1.36,53.0,680,25,2342,3,0.13353890837021754
3748,20230816-3PM_680_25_2342_4,1.263,53.0,680,25,2342,4,0.10140335055533072
3749,20230816-3PM_680_25_2342_5,1.634,53.0,680,25,2342,5,0.21325205219639665
3750,20230816-3PM_680_25_2342_6,1.181,53.0,680,25,2342,6,0.07224989761351482
3751,20230816-3PM_680_25_2342_7,1.028,53.0,680,25,2342,7,0.011993114659256938
3752,20230816-3PM_750_25_2342_0,0.477,53.0,750,25,2342,0,-0.3214816209598861
3753,20230816-3PM_750_25_2342_1,0.672,53.0,750,25,2342,1,-0.17263072694617473
3754,20230816-3PM_750_25_2342_2,0.536,53.0,750,25,2342,2,-0.27083521030722996
3755,20230816-3PM_750_25_2342_3,0.742,53.0,750,25,2342,3,-0.12959609472097294
3756,20230816-3PM_750_25_2342_4,0.576,53.0,750,25,2342,4,-0.239577516576788
3757,20230816-3PM_750_25_2342_5,0.823,53.0,750,25,2342,5,-0.08460016478773018
3758,20230816-3PM_750_25_2342_6,0.604,53.0,750,25,2342,6,-0.21896306137886817
3759,20230816-3PM_750_25_2342_7,0.565,53.0,750,25,2342,7,-0.2479515521805615
3760,20230816-3PM_680_25_4532_0,1.595,53.0,680,25,4532,0,0.2027606873931999
3761,20230816-3PM_680_25_4532_1,1.611,53.0,680,25,4532,1,0.20709554041921804
3762,20230816-3PM_680_25_4532_2,1.521,53.0,680,25,4532,2,0.1821292140529984
3763,20230816-3PM_680_25_4532_3,1.6,53.0,680,25,4532,3,0.2041199826559248
3764,20230816-3PM_680_25_4532_4,1.788,53.0,680,25,4532,4,0.25236751445989886
3765,20230816-3PM_680_25_4532_5,1.128,53.0,680,25,4532,5,0.05230909964732344
3766,20230816-3PM_680_25_4532_6,1.606,53.0,680,25,4532,6,0.20574554094266218
3767,20230816-3PM_680_25_4532_7,1.427,53.0,680,25,4532,7,0.15442397311464698
3768,20230816-3PM_750_25_4532_0,0.809,53.0,750,25,4532,0,-0.09205147838772766
3769,20230816-3PM_750_25_4532_1,0.847,53.0,750,25,4532,1,-0.0721165896692931
3770,20230816-3PM_750_25_4532_2,0.842,53.0,750,25,4532,2,-0.07468790850035051
3771,20230816-3PM_750_25_4532_3,0.812,53.0,750,25,4532,3,-0.09044397075882467
3772,20230816-3PM_750_25_4532_4,0.933,53.0,750,25,4532,4,-0.030118356253500032
3773,20230816-3PM_750_25_4532_5,0.692,53.0,750,25,4532,5,-0.15989390554324223
3774,20230816-3PM_750_25_4532_6,0.879,53.0,750,25,4532,6,-0.056011124926228104
3775,20230816-3PM_750_25_4532_7,0.751,53.0,750,25,4532,7,-0.1243600629958316
3776,20230816-3PM_680_25_2344_0,0.94,53.0,680,25,2344,0,-0.026872146400301365
3777,20230816-3PM_680_25_2344_1,0.914,53.0,680,25,2344,1,-0.039053804266168564
3778,20230816-3PM_680_25_2344_2,0.936,53.0,680,25,2344,2,-0.028724151261894745
3779,20230816-3PM_680_25_2344_3,0.725,53.0,680,25,2344,3,-0.13966199342900631
3780,20230816-3PM_680_25_2344_4,1.241,53.0,680,25,2344,4,0.09377178149872986
3781,20230816-3PM_680_25_2344_5,0.75,53.0,680,25,2344,5,-0.12493873660829995
3782,20230816-3PM_680_25_2344_6,1.533,53.0,680,25,2344,6,0.18554215485437514
3783,20230816-3PM_680_25_2344_7,0.538,53.0,680,25,2344,7,-0.2692177243336108
3784,20230816-3PM_750_25_2344_0,0.556,53.0,750,25,2344,0,-0.2549252084179425
3785,20230816-3PM_750_25_2344_1,0.588,53.0,750,25,2344,1,-0.23062267392386154
3786,20230816-3PM_750_25_2344_2,0.578,53.0,750,25,2344,2,-0.23807216157947098
3787,20230816-3PM_750_25_2344_3,0.499,53.0,750,25,2344,3,-0.3018994543766101
3788,20230816-3PM_750_25_2344_4,0.649,53.0,750,25,2344,4,-0.18775530319963074
3789,20230816-3PM_750_25_2344_5,0.503,53.0,750,25,2344,5,-0.2984320149440726
3790,20230816-3PM_750_25_2344_6,0.803,53.0,750,25,2344,6,-0.09528445472131904
3791,20230816-3PM_750_25_2344_7,0.394,53.0,750,25,2344,7,-0.40450377817442584
3792,20230816-3PM_680_25_2343_0,1.542,53.0,680,25,2343,0,0.1880843737149382
3793,20230816-3PM_680_25_2343_1,1.156,53.0,680,25,2343,1,0.06295783408451022
3794,20230816-3PM_680_25_2343_2,0.943,53.0,680,25,2343,2,-0.02548830726267165
3795,20230816-3PM_680_25_2343_3,1.103,53.0,680,25,2343,3,0.04257551244019059
3796,20230816-3PM_680_25_2343_4,0.853,53.0,680,25,2343,4,-0.06905096883247698
3797,20230816-3PM_680_25_2343_5,1.323,53.0,680,25,2343,5,0.12155984418750096
3798,20230816-3PM_680_25_2343_6,1.487,53.0,680,25,2343,6,0.17231096852195424
3799,20230816-3PM_680_25_2343_7,1.448,53.0,680,25,2343,7,0.1607685618611281
3800,20230816-3PM_750_25_2343_0,0.821,53.0,750,25,2343,0,-0.08565684288055925
3801,20230816-3PM_750_25_2343_1,0.701,53.0,750,25,2343,1,-0.15428198203334137
3802,20230816-3PM_750_25_2343_2,0.571,53.0,750,25,2343,2,-0.243363891754152
3803,20230816-3PM_750_25_2343_3,0.639,53.0,750,25,2343,3,-0.19449914184159983
3804,20230816-3PM_750_25_2343_4,0.482,53.0,750,25,2343,4,-0.31695296176115045
3805,20230816-3PM_750_25_2343_5,0.753,53.0,750,25,2343,5,-0.12320502379929942
3806,20230816-3PM_750_25_2343_6,0.79,53.0,750,25,2343,6,-0.10237290870955855
3807,20230816-3PM_750_25_2343_7,0.89,53.0,750,25,2343,7,-0.05060999335508721
3808,20230816-3PM_680_25_1952_0,0.974,53.0,680,25,1952,0,-0.011441043121384482
3809,20230816-3PM_680_25_1952_1,1.483,53.0,680,25,1952,1,0.17114115102838207
3810,20230816-3PM_680_25_1952_2,1.377,53.0,680,25,1952,2,0.13893394025692368
3811,20230816-3PM_680_25_1952_3,1.611,53.0,680,25,1952,3,0.20709554041921804
3812,20230816-3PM_680_25_1952_4,1.493,53.0,680,25,1952,4,0.17405980772502544
3813,20230816-3PM_680_25_1952_5,1.45,53.0,680,25,1952,5,0.16136800223497488
3814,20230816-3PM_680_25_1952_6,1.574,53.0,680,25,1952,6,0.19700472802304578
3815,20230816-3PM_680_25_1952_7,1.282,53.0,680,25,1952,7,0.10788802518279862
3816,20230816-3PM_750_25_1952_0,0.577,53.0,750,25,1952,0,-0.2388241868442686
3817,20230816-3PM_750_25_1952_1,0.791,53.0,750,25,1952,1,-0.10182351650232342
3818,20230816-3PM_750_25_1952_2,0.764,53.0,750,25,1952,2,-0.11690664142431006
3819,20230816-3PM_750_25_1952_3,0.811,53.0,750,25,1952,3,-0.09097914578884395
3820,20230816-3PM_750_25_1952_4,0.783,53.0,750,25,1952,4,-0.10623823794205658
3821,20230816-3PM_750_25_1952_5,0.775,53.0,750,25,1952,5,-0.1106982974936897
3822,20230816-3PM_750_25_1952_6,0.792,53.0,750,25,1952,6,-0.10127481841050648
3823,20230816-3PM_750_25_1952_7,0.713,53.0,750,25,1952,7,-0.14691047014813446
3824,20230816-3PM_680_25_2931_0,1.602,53.0,680,25,2931,0,0.20466251174821887
3825,20230816-3PM_680_25_2931_1,1.009,53.0,680,25,2931,1,0.0038911662369104775
3826,20230816-3PM_680_25_2931_2,0.944,53.0,680,25,2931,2,-0.02502800570193105
3827,20230816-3PM_680_25_2931_3,1.145,53.0,680,25,2931,3,0.05880548667590681
3828,20230816-3PM_680_25_2931_4,1.316,53.0,680,25,2931,4,0.1192558892779367
3829,20230816-3PM_680_25_2931_5,1.518,53.0,680,25,2931,5,0.18127177155946156
3830,20230816-3PM_680_25_2931_6,1.51,53.0,680,25,2931,6,0.17897694729316943
3831,20230816-3PM_680_25_2931_7,1.382,53.0,680,25,2931,7,0.14050804303817957
3832,20230816-3PM_750_25_2931_0,0.939,53.0,750,25,2931,0,-0.027334407733889104
3833,20230816-3PM_750_25_2931_1,0.595,53.0,750,25,2931,1,-0.22548303427145044
3834,20230816-3PM_750_25_2931_2,0.571,53.0,750,25,2931,2,-0.243363891754152
3835,20230816-3PM_750_25_2931_3,0.641,53.0,750,25,2931,3,-0.19314197048118256
3836,20230816-3PM_750_25_2931_4,0.714,53.0,750,25,2931,4,-0.14630178822382564
3837,20230816-3PM_750_25_2931_5,0.844,53.0,750,25,2931,5,-0.07365755337434496
3838,20230816-3PM_750_25_2931_6,0.825,53.0,750,25,2931,6,-0.08354605145007493
3839,20230816-3PM_750_25_2931_7,0.725,53.0,750,25,2931,7,-0.13966199342900631
3840,20230816-3PM_680_25_JG5_0,0.887,53.0,680,25,JG5,0,-0.0520763801682736
3841,20230816-3PM_680_25_JG5_1,0.973,53.0,680,25,JG5,1,-0.0118871597316481
3842,20230816-3PM_680_25_JG5_2,1.073,53.0,680,25,JG5,2,0.030599721965951066
3843,20230816-3PM_680_25_JG5_3,1.933,53.0,680,25,JG5,3,0.286231854028553
3844,20230816-3PM_680_25_JG5_4,2.01,53.0,680,25,JG5,4,0.30319605742048883
3845,20230816-3PM_680_25_JG5_5,1.109,53.0,680,25,JG5,5,0.04493154614916006
3846,20230816-3PM_680_25_JG5_6,0.922,53.0,680,25,JG5,6,-0.03526907894637064
3847,20230816-3PM_680_25_JG5_7,0.979,53.0,680,25,JG5,7,-0.009217308196862183
3848,20230816-3PM_750_25_JG5_0,0.409,53.0,750,25,JG5,0,-0.38827669199265824
3849,20230816-3PM_750_25_JG5_1,0.495,53.0,750,25,JG5,1,-0.3053948010664313
3850,20230816-3PM_750_25_JG5_2,0.534,53.0,750,25,JG5,2,-0.27245874297144357
3851,20230816-3PM_750_25_JG5_3,0.874,53.0,750,25,JG5,3,-0.05848856736559697
3852,20230816-3PM_750_25_JG5_4,0.877,53.0,750,25,JG5,4,-0.05700040663395948
3853,20230816-3PM_750_25_JG5_5,0.516,53.0,750,25,JG5,5,-0.28735029837278864
3854,20230816-3PM_750_25_JG5_6,0.479,53.0,750,25,JG5,6,-0.3196644865854368
3855,20230816-3PM_750_25_JG5_7,0.51,53.0,750,25,JG5,7,-0.2924298239020636
3856,20230816-3PM_680_25_BMS_0,1.733,53.0,680,25,BMS,0,0.23879856271391703
3857,20230816-3PM_680_25_BMS_1,1.502,53.0,680,25,BMS,1,0.1766699326681496
3858,20230816-3PM_680_25_BMS_2,1.678,53.0,680,25,BMS,2,0.22479195649268147
3859,20230816-3PM_680_25_BMS_3,1.81,53.0,680,25,BMS,3,0.2576785748691845
3860,20230816-3PM_680_25_BMS_4,1.504,53.0,680,25,BMS,4,0.17724783625562343
3861,20230816-3PM_680_25_BMS_5,1.597,53.0,680,25,BMS,5,0.20330491613848292
3862,20230816-3PM_680_25_BMS_6,1.766,53.0,680,25,BMS,6,0.2469906992415498
3863,20230816-3PM_680_25_BMS_7,1.093,53.0,680,25,BMS,7,0.03862016194970278
3864,20230816-3PM_750_25_BMS_0,0.864,53.0,750,25,BMS,0,-0.06348625752110672
3865,20230816-3PM_750_25_BMS_1,0.816,53.0,750,25,BMS,1,-0.08830984124613889
3866,20230816-3PM_750_25_BMS_2,0.795,53.0,750,25,BMS,2,-0.09963287134352969
3867,20230816-3PM_750_25_BMS_3,0.923,53.0,750,25,BMS,3,-0.03479829897408793
3868,20230816-3PM_750_25_BMS_4,0.816,53.0,750,25,BMS,4,-0.08830984124613889
3869,20230816-3PM_750_25_BMS_5,0.844,53.0,750,25,BMS,5,-0.07365755337434496
3870,20230816-3PM_750_25_BMS_6,0.808,53.0,750,25,BMS,6,-0.09258863922541381
3871,20230816-3PM_750_25_BMS_7,0.567,53.0,750,25,BMS,7,-0.24641694110709345
3872,20230816-3PM_680_39_3059_0,0.528,53.0,680,39,3059,0,-0.27736607746618774
3873,20230816-3PM_680_39_3059_1,0.395,53.0,680,39,3059,1,-0.40340290437353976
3874,20230816-3PM_680_39_3059_2,0.581,53.0,680,39,3059,2,-0.2358238676096693
3875,20230816-3PM_680_39_3059_3,0.814,53.0,680,39,3059,3,-0.0893755951107988
3876,20230816-3PM_680_39_3059_4,0.937,53.0,680,39,3059,4,-0.02826040911222171
3877,20230816-3PM_680_39_3059_5,0.337,53.0,680,39,3059,5,-0.47237009912866135
3878,20230816-3PM_680_39_3059_6,0.333,53.0,680,39,3059,6,-0.4775557664936801
3879,20230816-3PM_680_39_3059_7,0.718,53.0,680,39,3059,7,-0.14387555575769967
3880,20230816-3PM_750_39_3059_0,0.324,53.0,750,39,3059,0,-0.48945498979338786
3881,20230816-3PM_750_39_3059_1,0.254,53.0,750,39,3059,1,-0.595166283380062
3882,20230816-3PM_750_39_3059_2,0.344,53.0,750,39,3059,2,-0.46344155742846993
3883,20230816-3PM_750_39_3059_3,0.481,53.0,750,39,3059,3,-0.31785492362616824
3884,20230816-3PM_750_39_3059_4,0.605,53.0,750,39,3059,4,-0.2182446253475311
3885,20230816-3PM_750_39_3059_5,0.226,53.0,750,39,3059,5,-0.645891560852599
3886,20230816-3PM_750_39_3059_6,0.22,53.0,750,39,3059,6,-0.6575773191777937
3887,20230816-3PM_750_39_3059_7,0.451,53.0,750,39,3059,7,-0.34582345812203946
3888,20230816-3PM_680_39_1691_0,0.74,53.0,680,39,1691,0,-0.13076828026902382
3889,20230816-3PM_680_39_1691_1,0.626,53.0,680,39,1691,1,-0.20342566678957033
3890,20230816-3PM_680_39_1691_2,0.667,53.0,680,39,1691,2,-0.17587416608345102
3891,20230816-3PM_680_39_1691_3,0.642,53.0,680,39,1691,3,-0.19246497193114673
3892,20230816-3PM_680_39_1691_4,0.727,53.0,680,39,1691,4,-0.1384655891409622
3893,20230816-3PM_680_39_1691_5,0.841,53.0,680,39,1691,5,-0.07520400420208784
3894,20230816-3PM_680_39_1691_6,0.808,53.0,680,39,1691,6,-0.09258863922541381
3895,20230816-3PM_680_39_1691_7,0.867,53.0,680,39,1691,7,-0.06198090252378971
3896,20230816-3PM_750_39_1691_0,0.448,53.0,750,39,1691,0,-0.348721986001856
3897,20230816-3PM_750_39_1691_1,0.394,53.0,750,39,1691,1,-0.40450377817442584
3898,20230816-3PM_750_39_1691_2,0.414,53.0,750,39,1691,2,-0.3829996588791011
3899,20230816-3PM_750_39_1691_3,0.458,53.0,750,39,1691,3,-0.3391345219961308
3900,20230816-3PM_750_39_1691_4,0.452,53.0,750,39,1691,4,-0.3448615651886179
3901,20230816-3PM_750_39_1691_5,0.572,53.0,750,39,1691,5,-0.24260397120697583
3902,20230816-3PM_750_39_1691_6,0.53,53.0,750,39,1691,6,-0.27572413039921095
3903,20230816-3PM_750_39_1691_7,0.53,53.0,750,39,1691,7,-0.27572413039921095
3904,20230816-3PM_680_39_1690_0,0.515,53.0,680,39,1690,0,-0.28819277095880896
3905,20230816-3PM_680_39_1690_1,0.437,53.0,680,39,1690,1,-0.3595185630295782
3906,20230816-3PM_680_39_1690_2,0.469,53.0,680,39,1690,2,-0.32882715728491674
3907,20230816-3PM_680_39_1690_3,0.637,53.0,680,39,1690,3,-0.19586056766464957
3908,20230816-3PM_680_39_1690_4,0.367,53.0,680,39,1690,4,-0.4353339357479107
3909,20230816-3PM_680_39_1690_5,0.525,53.0,680,39,1690,5,-0.2798406965940431
3910,20230816-3PM_680_39_1690_6,0.708,53.0,680,39,1690,6,-0.149966742310231
3911,20230816-3PM_680_39_1690_7,0.493,53.0,680,39,1690,7,-0.30715308072277
3912,20230816-3PM_750_39_1690_0,0.34,53.0,750,39,1690,0,-0.46852108295774486
3913,20230816-3PM_750_39_1690_1,0.322,53.0,750,39,1690,1,-0.4921441283041691
3914,20230816-3PM_750_39_1690_2,0.337,53.0,750,39,1690,2,-0.47237009912866135
3915,20230816-3PM_750_39_1690_3,0.433,53.0,750,39,1690,3,-0.36351210364663455
3916,20230816-3PM_750_39_1690_4,0.274,53.0,750,39,1690,4,-0.562249437179612
3917,20230816-3PM_750_39_1690_5,0.377,53.0,750,39,1690,5,-0.42365864979420714
3918,20230816-3PM_750_39_1690_6,0.494,53.0,750,39,1690,6,-0.30627305107635305
3919,20230816-3PM_750_39_1690_7,0.372,53.0,750,39,1690,7,-0.4294570601181025
3920,20230816-3PM_680_39_2342_0,0.237,53.0,680,39,2342,0,-0.6252516539898961
3921,20230816-3PM_680_39_2342_1,0.336,53.0,680,39,2342,1,-0.4736607226101559
3922,20230816-3PM_680_39_2342_2,0.418,53.0,680,39,2342,2,-0.3788237182249648
3923,20230816-3PM_680_39_2342_3,0.312,53.0,680,39,2342,3,-0.5058454059815573
3924,20230816-3PM_680_39_2342_4,0.201,53.0,680,39,2342,4,-0.6968039425795111
3925,20230816-3PM_680_39_2342_5,0.333,53.0,680,39,2342,5,-0.4775557664936801
3926,20230816-3PM_680_39_2342_6,0.828,53.0,680,39,2342,6,-0.08196966321511988
3927,20230816-3PM_680_39_2342_7,0.27,53.0,680,39,2342,7,-0.5686362358410126
3928,20230816-3PM_750_39_2342_0,0.209,53.0,750,39,2342,0,-0.679853713888946
3929,20230816-3PM_750_39_2342_1,0.298,53.0,750,39,2342,1,-0.5257837359237448
3930,20230816-3PM_750_39_2342_2,0.326,53.0,750,39,2342,2,-0.48678239993206096
3931,20230816-3PM_750_39_2342_3,0.251,53.0,750,39,2342,3,-0.6003262785189618
3932,20230816-3PM_750_39_2342_4,0.174,53.0,750,39,2342,4,-0.7594507517174003
3933,20230816-3PM_750_39_2342_5,0.263,53.0,750,39,2342,5,-0.5800442515102421
3934,20230816-3PM_750_39_2342_6,0.659,53.0,750,39,2342,6,-0.18111458540599013
3935,20230816-3PM_750_39_2342_7,0.234,53.0,750,39,2342,7,-0.6307841425898572
3936,20230816-3PM_680_39_4532_0,0.743,53.0,680,39,4532,0,-0.1290111862394247
3937,20230816-3PM_680_39_4532_1,0.611,53.0,680,39,4532,1,-0.21395878975744578
3938,20230816-3PM_680_39_4532_2,0.554,53.0,680,39,4532,2,-0.2564902352715702
3939,20230816-3PM_680_39_4532_3,0.525,53.0,680,39,4532,3,-0.2798406965940431
3940,20230816-3PM_680_39_4532_4,0.549,53.0,680,39,4532,4,-0.26042765554990804
3941,20230816-3PM_680_39_4532_5,0.552,53.0,680,39,4532,5,-0.2580609222708011
3942,20230816-3PM_680_39_4532_6,0.498,53.0,680,39,4532,6,-0.30277065724028246
3943,20230816-3PM_680_39_4532_7,0.611,53.0,680,39,4532,7,-0.21395878975744578
3944,20230816-3PM_750_39_4532_0,0.438,53.0,750,39,4532,0,-0.3585258894959005
3945,20230816-3PM_750_39_4532_1,0.39,53.0,750,39,4532,1,-0.4089353929735008
3946,20230816-3PM_750_39_4532_2,0.369,53.0,750,39,4532,2,-0.4329736338409396
3947,20230816-3PM_750_39_4532_3,0.343,53.0,750,39,4532,3,-0.46470587995722945
3948,20230816-3PM_750_39_4532_4,0.362,53.0,750,39,4532,4,-0.4412914294668343
3949,20230816-3PM_750_39_4532_5,0.346,53.0,750,39,4532,5,-0.46092390120722343
3950,20230816-3PM_750_39_4532_6,0.318,53.0,750,39,4532,6,-0.4975728800155673
3951,20230816-3PM_750_39_4532_7,0.374,53.0,750,39,4532,7,-0.42712839779951983
3952,20230816-3PM_680_39_2344_0,0.492,53.0,680,39,2344,0,-0.30803489723263966
3953,20230816-3PM_680_39_2344_1,0.325,53.0,680,39,2344,1,-0.4881166390211256
3954,20230816-3PM_680_39_2344_2,0.562,53.0,680,39,2344,2,-0.2502636844309389
3955,20230816-3PM_680_39_2344_3,0.357,53.0,680,39,2344,3,-0.4473317838878068
3956,20230816-3PM_680_39_2344_4,0.374,53.0,680,39,2344,4,-0.42712839779951983
3957,20230816-3PM_680_39_2344_5,0.533,53.0,680,39,2344,5,-0.2732727909734277
3958,20230816-3PM_680_39_2344_6,0.674,53.0,680,39,2344,6,-0.17134010346468015
3959,20230816-3PM_680_39_2344_7,0.364,53.0,680,39,2344,7,-0.438898616350944
3960,20230816-3PM_750_39_2344_0,0.374,53.0,750,39,2344,0,-0.42712839779951983
3961,20230816-3PM_750_39_2344_1,0.249,53.0,750,39,2344,1,-0.6038006529042637
3962,20230816-3PM_750_39_2344_2,0.405,53.0,750,39,2344,2,-0.3925449767853314
3963,20230816-3PM_750_39_2344_3,0.274,53.0,750,39,2344,3,-0.562249437179612
3964,20230816-3PM_750_39_2344_4,0.278,53.0,750,39,2344,4,-0.5559552040819237
3965,20230816-3PM_750_39_2344_5,0.398,53.0,750,39,2344,5,-0.40011692792631215
3966,20230816-3PM_750_39_2344_6,0.449,53.0,750,39,2344,6,-0.3477536589966768
3967,20230816-3PM_750_39_2344_7,0.277,53.0,750,39,2344,7,-0.5575202309355514
3968,20230816-3PM_680_39_2343_0,0.552,53.0,680,39,2343,0,-0.2580609222708011
3969,20230816-3PM_680_39_2343_1,0.712,53.0,680,39,2343,1,-0.14752000636314366
3970,20230816-3PM_680_39_2343_2,0.503,53.0,680,39,2343,2,-0.2984320149440726
3971,20230816-3PM_680_39_2343_3,0.635,53.0,680,39,2343,3,-0.1972262747080243
3972,20230816-3PM_680_39_2343_4,0.345,53.0,680,39,2343,4,-0.4621809049267259
3973,20230816-3PM_680_39_2343_5,0.503,53.0,680,39,2343,5,-0.2984320149440726
3974,20230816-3PM_680_39_2343_6,0.522,53.0,680,39,2343,6,-0.28232949699773785
3975,20230816-3PM_680_39_2343_7,0.46,53.0,680,39,2343,7,-0.3372421683184259
3976,20230816-3PM_750_39_2343_0,0.382,53.0,750,39,2343,0,-0.41793663708829126
3977,20230816-3PM_750_39_2343_1,0.482,53.0,750,39,2343,1,-0.31695296176115045
3978,20230816-3PM_750_39_2343_2,0.354,53.0,750,39,2343,2,-0.4509967379742122
3979,20230816-3PM_750_39_2343_3,0.452,53.0,750,39,2343,3,-0.3448615651886179
3980,20230816-3PM_750_39_2343_4,0.273,53.0,750,39,2343,4,-0.563837352959244
3981,20230816-3PM_750_39_2343_5,0.358,53.0,750,39,2343,5,-0.44611697335612566
3982,20230816-3PM_750_39_2343_6,0.362,53.0,750,39,2343,6,-0.4412914294668343
3983,20230816-3PM_750_39_2343_7,0.346,53.0,750,39,2343,7,-0.46092390120722343
3984,20230816-3PM_680_39_1952_0,0.693,53.0,680,39,1952,0,-0.1592667653881933
3985,20230816-3PM_680_39_1952_1,0.866,53.0,680,39,1952,1,-0.06248210798265336
3986,20230816-3PM_680_39_1952_2,0.723,53.0,680,39,1952,2,-0.1408617027054692
3987,20230816-3PM_680_39_1952_3,0.87,53.0,680,39,1952,3,-0.060480747381381476
3988,20230816-3PM_680_39_1952_4,0.849,53.0,680,39,1952,4,-0.07109230975604734
3989,20230816-3PM_680_39_1952_5,0.992,53.0,680,39,1952,5,-0.0034883278458213473
3990,20230816-3PM_680_39_1952_6,0.785,53.0,680,39,1952,6,-0.10513034325474745
3991,20230816-3PM_680_39_1952_7,0.993,53.0,680,39,1952,7,-0.0030507515046188267
3992,20230816-3PM_750_39_1952_0,0.448,53.0,750,39,1952,0,-0.348721986001856
3993,20230816-3PM_750_39_1952_1,0.492,53.0,750,39,1952,1,-0.30803489723263966
3994,20230816-3PM_750_39_1952_2,0.435,53.0,750,39,1952,2,-0.3615107430453627
3995,20230816-3PM_750_39_1952_3,0.535,53.0,750,39,1952,3,-0.27164621797877153
3996,20230816-3PM_750_39_1952_4,0.508,53.0,750,39,1952,4,-0.29413628771608075
3997,20230816-3PM_750_39_1952_5,0.595,53.0,750,39,1952,5,-0.22548303427145044
3998,20230816-3PM_750_39_1952_6,0.507,53.0,750,39,1952,6,-0.294992040666664
3999,20230816-3PM_750_39_1952_7,0.59,53.0,750,39,1952,7,-0.22914798835785583
4000,20230816-3PM_680_39_2931_0,0.755,53.0,680,39,2931,0,-0.12205304837081175
4001,20230816-3PM_680_39_2931_1,0.518,53.0,680,39,2931,1,-0.28567024025476695
4002,20230816-3PM_680_39_2931_2,0.629,53.0,680,39,2931,2,-0.20134935455473107
4003,20230816-3PM_680_39_2931_3,0.525,53.0,680,39,2931,3,-0.2798406965940431
4004,20230816-3PM_680_39_2931_4,0.675,53.0,680,39,2931,4,-0.17069622716897506
4005,20230816-3PM_680_39_2931_5,0.332,53.0,680,39,2931,5,-0.4788619162959637
4006,20230816-3PM_680_39_2931_6,0.909,53.0,680,39,2931,6,-0.041436116778032536
4007,20230816-3PM_680_39_2931_7,0.51,53.0,680,39,2931,7,-0.2924298239020636
4008,20230816-3PM_750_39_2931_0,0.471,53.0,750,39,2931,0,-0.3269790928711038
4009,20230816-3PM_750_39_2931_1,0.331,53.0,750,39,2931,1,-0.48017200622428124
4010,20230816-3PM_750_39_2931_2,0.425,53.0,750,39,2931,2,-0.37161106994968846
4011,20230816-3PM_750_39_2931_3,0.317,53.0,750,39,2931,3,-0.4989407377822485
4012,20230816-3PM_750_39_2931_4,0.42,53.0,750,39,2931,4,-0.37675070960209955
4013,20230816-3PM_750_39_2931_5,0.217,53.0,750,39,2931,5,-0.6635402661514705
4014,20230816-3PM_750_39_2931_6,0.534,53.0,750,39,2931,6,-0.27245874297144357
4015,20230816-3PM_750_39_2931_7,0.4,53.0,750,39,2931,7,-0.3979400086720376
4016,20230816-3PM_680_39_JG5_0,0.153,53.0,680,39,JG5,0,-0.8153085691824012
4017,20230816-3PM_680_39_JG5_1,0.19,53.0,680,39,JG5,1,-0.721246399047171
4018,20230816-3PM_680_39_JG5_2,0.121,53.0,680,39,JG5,2,-0.9172146296835499
4019,20230816-3PM_680_39_JG5_3,0.239,53.0,680,39,JG5,3,-0.6216020990518624
4020,20230816-3PM_680_39_JG5_4,0.159,53.0,680,39,JG5,4,-0.7986028756795485
4021,20230816-3PM_680_39_JG5_5,0.121,53.0,680,39,JG5,5,-0.9172146296835499
4022,20230816-3PM_680_39_JG5_6,0.221,53.0,680,39,JG5,6,-0.6556077263148893
4023,20230816-3PM_680_39_JG5_7,0.109,53.0,680,39,JG5,7,-0.9625735020593764
4024,20230816-3PM_750_39_JG5_0,0.124,53.0,750,39,JG5,0,-0.906578314837765
4025,20230816-3PM_750_39_JG5_1,0.142,53.0,750,39,JG5,1,-0.8477116556169435
4026,20230816-3PM_750_39_JG5_2,0.1,53.0,750,39,JG5,2,-1.0
4027,20230816-3PM_750_39_JG5_3,0.17,53.0,750,39,JG5,3,-0.769551078621726
4028,20230816-3PM_750_39_JG5_4,0.134,53.0,750,39,JG5,4,-0.8728952016351923
4029,20230816-3PM_750_39_JG5_5,0.105,53.0,750,39,JG5,5,-0.978810700930062
4030,20230816-3PM_750_39_JG5_6,0.153,53.0,750,39,JG5,6,-0.8153085691824012
4031,20230816-3PM_750_39_JG5_7,0.089,53.0,750,39,JG5,7,-1.0506099933550872
4032,20230816-3PM_680_39_BMS_0,0.757,53.0,680,39,BMS,0,-0.12090412049992724
4033,20230816-3PM_680_39_BMS_1,0.949,53.0,680,39,BMS,1,-0.022733787572707352
4034,20230816-3PM_680_39_BMS_2,0.77,53.0,680,39,BMS,2,-0.11350927482751812
4035,20230816-3PM_680_39_BMS_3,1.061,53.0,680,39,BMS,3,0.025715383901340642
4036,20230816-3PM_680_39_BMS_4,0.812,53.0,680,39,BMS,4,-0.09044397075882467
4037,20230816-3PM_680_39_BMS_5,1.005,53.0,680,39,BMS,5,0.0021660617565076304
4038,20230816-3PM_680_39_BMS_6,0.855,53.0,680,39,BMS,6,-0.06803388527182737
4039,20230816-3PM_680_39_BMS_7,0.665,53.0,680,39,BMS,7,-0.17717835469689538
4040,20230816-3PM_750_39_BMS_0,0.471,53.0,750,39,BMS,0,-0.3269790928711038
4041,20230816-3PM_750_39_BMS_1,0.525,53.0,750,39,BMS,1,-0.2798406965940431
4042,20230816-3PM_750_39_BMS_2,0.467,53.0,750,39,BMS,2,-0.33068311943388784
4043,20230816-3PM_750_39_BMS_3,0.585,53.0,750,39,BMS,3,-0.23284413391781958
4044,20230816-3PM_750_39_BMS_4,0.468,53.0,750,39,BMS,4,-0.32975414692587596
4045,20230816-3PM_750_39_BMS_5,0.554,53.0,750,39,BMS,5,-0.2564902352715702
4046,20230816-3PM_750_39_BMS_6,0.485,53.0,750,39,BMS,6,-0.3142582613977364
4047,20230816-3PM_750_39_BMS_7,0.413,53.0,750,39,BMS,7,-0.384049948343599
4048,20230816-3PM_680_37_3059_0,1.324,53.0,680,37,3059,0,0.12188798510368115
4049,20230816-3PM_680_37_3059_1,0.997,53.0,680,37,3059,1,-0.0013048416883442813
4050,20230816-3PM_680_37_3059_2,1.122,53.0,680,37,3059,2,0.049992856920142645
4051,20230816-3PM_680_37_3059_3,1.159,53.0,680,37,3059,3,0.064083435963596
4052,20230816-3PM_680_37_3059_4,1.279,53.0,680,37,3059,4,0.10687054447865389
4053,20230816-3PM_680_37_3059_5,0.734,53.0,680,37,3059,5,-0.13430394008392949
4054,20230816-3PM_680_37_3059_6,0.845,53.0,680,37,3059,6,-0.07314329105030767
4055,20230816-3PM_680_37_3059_7,0.908,53.0,680,37,3059,7,-0.04191415147891488
4056,20230816-3PM_750_37_3059_0,0.757,53.0,750,37,3059,0,-0.12090412049992724
4057,20230816-3PM_750_37_3059_1,0.513,53.0,750,37,3059,1,-0.2898826348881837
4058,20230816-3PM_750_37_3059_2,0.711,53.0,750,37,3059,2,-0.14813039927023372
4059,20230816-3PM_750_37_3059_3,0.677,53.0,750,37,3059,3,-0.16941133131485567
4060,20230816-3PM_750_37_3059_4,0.754,53.0,750,37,3059,4,-0.12262865413022594
4061,20230816-3PM_750_37_3059_5,0.408,53.0,750,37,3059,5,-0.3893398369101201
4062,20230816-3PM_750_37_3059_6,0.435,53.0,750,37,3059,6,-0.3615107430453627
4063,20230816-3PM_750_37_3059_7,0.648,53.0,750,37,3059,7,-0.18842499412940666
4064,20230816-3PM_680_37_1691_0,0.878,53.0,680,37,1691,0,-0.05650548409389743
4065,20230816-3PM_680_37_1691_1,0.718,53.0,680,37,1691,1,-0.14387555575769967
4066,20230816-3PM_680_37_1691_2,0.735,53.0,680,37,1691,2,-0.1337126609158051
4067,20230816-3PM_680_37_1691_3,1.099,53.0,680,37,1691,3,0.04099769242349056
4068,20230816-3PM_680_37_1691_4,0.753,53.0,680,37,1691,4,-0.12320502379929942
4069,20230816-3PM_680_37_1691_5,1.702,53.0,680,37,1691,5,0.23095955574856905
4070,20230816-3PM_680_37_1691_6,1.247,53.0,680,37,1691,6,0.09586645347854265
4071,20230816-3PM_680_37_1691_7,1.063,53.0,680,37,1691,7,0.026533264523296733
4072,20230816-3PM_750_37_1691_0,0.537,53.0,750,37,1691,0,-0.27002571430044436
4073,20230816-3PM_750_37_1691_1,0.438,53.0,750,37,1691,1,-0.3585258894959005
4074,20230816-3PM_750_37_1691_2,0.44,53.0,750,37,1691,2,-0.3565473235138126
4075,20230816-3PM_750_37_1691_3,0.665,53.0,750,37,1691,3,-0.17717835469689538
4076,20230816-3PM_750_37_1691_4,0.507,53.0,750,37,1691,4,-0.294992040666664
4077,20230816-3PM_750_37_1691_5,0.966,53.0,750,37,1691,5,-0.015022873584506671
4078,20230816-3PM_750_37_1691_6,0.768,53.0,750,37,1691,6,-0.114638779968488
4079,20230816-3PM_750_37_1691_7,0.685,53.0,750,37,1691,7,-0.1643094285075744
4080,20230816-3PM_680_37_1690_0,1.089,53.0,680,37,1690,0,0.03702787975577494
4081,20230816-3PM_680_37_1690_1,0.902,53.0,680,37,1690,1,-0.04479346245805826
4082,20230816-3PM_680_37_1690_2,1.191,53.0,680,37,1690,2,0.07591176148277752
4083,20230816-3PM_680_37_1690_3,1.007,53.0,680,37,1690,3,0.003029470553617962
4084,20230816-3PM_680_37_1690_4,0.892,53.0,680,37,1690,4,-0.04963514562387693
4085,20230816-3PM_680_37_1690_5,1.025,53.0,680,37,1690,5,0.010723865391773066
4086,20230816-3PM_680_37_1690_6,1.113,53.0,680,37,1690,6,0.04649516433470831
4087,20230816-3PM_680_37_1690_7,1.158,53.0,680,37,1690,7,0.06370855939141737
4088,20230816-3PM_750_37_1690_0,0.632,53.0,750,37,1690,0,-0.19928292171761497
4089,20230816-3PM_750_37_1690_1,0.582,53.0,750,37,1690,1,-0.23507701535011155
4090,20230816-3PM_750_37_1690_2,0.728,53.0,750,37,1690,2,-0.13786862068696282
4091,20230816-3PM_750_37_1690_3,0.611,53.0,750,37,1690,3,-0.21395878975744578
4092,20230816-3PM_750_37_1690_4,0.552,53.0,750,37,1690,4,-0.2580609222708011
4093,20230816-3PM_750_37_1690_5,0.645,53.0,750,37,1690,5,-0.19044028536473223
4094,20230816-3PM_750_37_1690_6,0.669,53.0,750,37,1690,6,-0.17457388223217687
4095,20230816-3PM_750_37_1690_7,0.718,53.0,750,37,1690,7,-0.14387555575769967
4096,20230816-3PM_680_37_2342_0,0.388,53.0,680,37,2342,0,-0.41116827440579273
4097,20230816-3PM_680_37_2342_1,0.506,53.0,680,37,2342,1,-0.2958494831602009
4098,20230816-3PM_680_37_2342_2,0.524,53.0,680,37,2342,2,-0.28066871301627333
4099,20230816-3PM_680_37_2342_3,0.792,53.0,680,37,2342,3,-0.10127481841050648
4100,20230816-3PM_680_37_2342_4,0.568,53.0,680,37,2342,4,-0.24565166428898116
4101,20230816-3PM_680_37_2342_5,0.43,53.0,680,37,2342,5,-0.36653154442041347
4102,20230816-3PM_680_37_2342_6,0.886,53.0,680,37,2342,6,-0.05256627811294924
4103,20230816-3PM_680_37_2342_7,0.771,53.0,680,37,2342,7,-0.11294562194904302
4104,20230816-3PM_750_37_2342_0,0.332,53.0,750,37,2342,0,-0.4788619162959637
4105,20230816-3PM_750_37_2342_1,0.433,53.0,750,37,2342,1,-0.36351210364663455
4106,20230816-3PM_750_37_2342_2,0.405,53.0,750,37,2342,2,-0.3925449767853314
4107,20230816-3PM_750_37_2342_3,0.506,53.0,750,37,2342,3,-0.2958494831602009
4108,20230816-3PM_750_37_2342_4,0.464,53.0,750,37,2342,4,-0.3334820194451191
4109,20230816-3PM_750_37_2342_5,0.348,53.0,750,37,2342,5,-0.4584207560534191
4110,20230816-3PM_750_37_2342_6,0.625,53.0,750,37,2342,6,-0.2041199826559248
4111,20230816-3PM_750_37_2342_7,0.571,53.0,750,37,2342,7,-0.243363891754152
4112,20230816-3PM_680_37_4532_0,0.745,53.0,680,37,4532,0,-0.12784372725170717
4113,20230816-3PM_680_37_4532_1,0.758,53.0,680,37,4532,1,-0.12033079436794646
4114,20230816-3PM_680_37_4532_2,0.7,53.0,680,37,4532,2,-0.1549019599857432
4115,20230816-3PM_680_37_4532_3,0.748,53.0,680,37,4532,3,-0.12609840213553863
4116,20230816-3PM_680_37_4532_4,0.987,53.0,680,37,4532,4,-0.005682847330363273
4117,20230816-3PM_680_37_4532_5,0.491,53.0,680,37,4532,5,-0.3089185078770315
4118,20230816-3PM_680_37_4532_6,0.591,53.0,680,37,4532,6,-0.22841251911874466
4119,20230816-3PM_680_37_4532_7,0.576,53.0,680,37,4532,7,-0.239577516576788
4120,20230816-3PM_750_37_4532_0,0.456,53.0,750,37,4532,0,-0.341035157335565
4121,20230816-3PM_750_37_4532_1,0.493,53.0,750,37,4532,1,-0.30715308072277
4122,20230816-3PM_750_37_4532_2,0.477,53.0,750,37,4532,2,-0.3214816209598861
4123,20230816-3PM_750_37_4532_3,0.489,53.0,750,37,4532,3,-0.3106911408763798
4124,20230816-3PM_750_37_4532_4,0.58,53.0,750,37,4532,4,-0.23657200643706275
4125,20230816-3PM_750_37_4532_5,0.359,53.0,750,37,4532,5,-0.44490555142168087
4126,20230816-3PM_750_37_4532_6,0.453,53.0,750,37,4532,6,-0.34390179798716813
4127,20230816-3PM_750_37_4532_7,0.41,53.0,750,37,4532,7,-0.38721614328026455
4128,20230816-3PM_680_37_2344_0,0.734,53.0,680,37,2344,0,-0.13430394008392949
4129,20230816-3PM_680_37_2344_1,0.849,53.0,680,37,2344,1,-0.07109230975604734
4130,20230816-3PM_680_37_2344_2,0.896,53.0,680,37,2344,2,-0.047691990337874794
4131,20230816-3PM_680_37_2344_3,0.687,53.0,680,37,2344,3,-0.16304326294044955
4132,20230816-3PM_680_37_2344_4,0.456,53.0,680,37,2344,4,-0.341035157335565
4133,20230816-3PM_680_37_2344_5,1.027,53.0,680,37,2344,5,0.01157044359727816
4134,20230816-3PM_680_37_2344_6,0.929,53.0,680,37,2344,6,-0.03198428600635821
4135,20230816-3PM_680_37_2344_7,0.692,53.0,680,37,2344,7,-0.15989390554324223
4136,20230816-3PM_750_37_2344_0,0.518,53.0,750,37,2344,0,-0.28567024025476695
4137,20230816-3PM_750_37_2344_1,0.566,53.0,750,37,2344,1,-0.24718356881172862
4138,20230816-3PM_750_37_2344_2,0.599,53.0,750,37,2344,2,-0.22257317761068865
4139,20230816-3PM_750_37_2344_3,0.485,53.0,750,37,2344,3,-0.3142582613977364
4140,20230816-3PM_750_37_2344_4,0.34,53.0,750,37,2344,4,-0.46852108295774486
4141,20230816-3PM_750_37_2344_5,0.666,53.0,750,37,2344,5,-0.17652577082969892
4142,20230816-3PM_750_37_2344_6,0.635,53.0,750,37,2344,6,-0.1972262747080243
4143,20230816-3PM_750_37_2344_7,0.489,53.0,750,37,2344,7,-0.3106911408763798
4144,20230816-3PM_680_37_2343_0,0.499,53.0,680,37,2343,0,-0.3018994543766101
4145,20230816-3PM_680_37_2343_1,0.629,53.0,680,37,2343,1,-0.20134935455473107
4146,20230816-3PM_680_37_2343_2,0.912,53.0,680,37,2343,2,-0.04000516167158381
4147,20230816-3PM_680_37_2343_3,0.663,53.0,680,37,2343,3,-0.17848647159522685
4148,20230816-3PM_680_37_2343_4,0.534,53.0,680,37,2343,4,-0.27245874297144357
4149,20230816-3PM_680_37_2343_5,0.996,53.0,680,37,2343,5,-0.00174066157630127
4150,20230816-3PM_680_37_2343_6,0.566,53.0,680,37,2343,6,-0.24718356881172862
4151,20230816-3PM_680_37_2343_7,0.526,53.0,680,37,2343,7,-0.27901425584626094
4152,20230816-3PM_750_37_2343_0,0.36,53.0,750,37,2343,0,-0.44369749923271273
4153,20230816-3PM_750_37_2343_1,0.435,53.0,750,37,2343,1,-0.3615107430453627
4154,20230816-3PM_750_37_2343_2,0.564,53.0,750,37,2343,2,-0.24872089601665776
4155,20230816-3PM_750_37_2343_3,0.469,53.0,750,37,2343,3,-0.32882715728491674
4156,20230816-3PM_750_37_2343_4,0.409,53.0,750,37,2343,4,-0.38827669199265824
4157,20230816-3PM_750_37_2343_5,0.681,53.0,750,37,2343,5,-0.16685288808721482
4158,20230816-3PM_750_37_2343_6,0.404,53.0,750,37,2343,6,-0.393618634889395
4159,20230816-3PM_750_37_2343_7,0.372,53.0,750,37,2343,7,-0.4294570601181025
4160,20230816-3PM_680_37_1952_0,0.813,53.0,680,37,1952,0,-0.08990945440593186
4161,20230816-3PM_680_37_1952_1,0.729,53.0,680,37,1952,1,-0.1372724716820254
4162,20230816-3PM_680_37_1952_2,0.633,53.0,680,37,1952,2,-0.1985962899826449
4163,20230816-3PM_680_37_1952_3,0.838,53.0,680,37,1952,3,-0.07675598136972352
4164,20230816-3PM_680_37_1952_4,0.891,53.0,680,37,1952,4,-0.0501222959631252
4165,20230816-3PM_680_37_1952_5,0.921,53.0,680,37,1952,5,-0.03574036980315106
4166,20230816-3PM_680_37_1952_6,0.835,53.0,680,37,1952,6,-0.07831352451639793
4167,20230816-3PM_680_37_1952_7,0.67,53.0,680,37,1952,7,-0.17392519729917355
4168,20230816-3PM_750_37_1952_0,0.489,53.0,750,37,1952,0,-0.3106911408763798
4169,20230816-3PM_750_37_1952_1,0.428,53.0,750,37,1952,1,-0.368556230986828
4170,20230816-3PM_750_37_1952_2,0.397,53.0,750,37,1952,2,-0.40120949323688493
4171,20230816-3PM_750_37_1952_3,0.493,53.0,750,37,1952,3,-0.30715308072277
4172,20230816-3PM_750_37_1952_4,0.516,53.0,750,37,1952,4,-0.28735029837278864
4173,20230816-3PM_750_37_1952_5,0.555,53.0,750,37,1952,5,-0.2557070168773237
4174,20230816-3PM_750_37_1952_6,0.483,53.0,750,37,1952,6,-0.31605286924848786
4175,20230816-3PM_750_37_1952_7,0.406,53.0,750,37,1952,7,-0.39147396642280585
4176,20230816-3PM_680_37_2931_0,0.739,53.0,680,37,2931,0,-0.13135556160517428
4177,20230816-3PM_680_37_2931_1,0.69,53.0,680,37,2931,1,-0.16115090926274472
4178,20230816-3PM_680_37_2931_2,0.601,53.0,680,37,2931,2,-0.22112552799726048
4179,20230816-3PM_680_37_2931_3,0.626,53.0,680,37,2931,3,-0.20342566678957033
4180,20230816-3PM_680_37_2931_4,0.516,53.0,680,37,2931,4,-0.28735029837278864
4181,20230816-3PM_680_37_2931_5,0.473,53.0,680,37,2931,5,-0.32513885926218844
4182,20230816-3PM_680_37_2931_6,0.76,53.0,680,37,2931,6,-0.11918640771920865
4183,20230816-3PM_680_37_2931_7,1.291,53.0,680,37,2931,7,0.11092624226642028
4184,20230816-3PM_750_37_2931_0,0.423,53.0,750,37,2931,0,-0.37365963262495766
4185,20230816-3PM_750_37_2931_1,0.412,53.0,750,37,2931,1,-0.3851027839668654
4186,20230816-3PM_750_37_2931_2,0.371,53.0,750,37,2931,2,-0.43062609038495414
4187,20230816-3PM_750_37_2931_3,0.377,53.0,750,37,2931,3,-0.42365864979420714
4188,20230816-3PM_750_37_2931_4,0.315,53.0,750,37,2931,4,-0.5016894462103995
4189,20230816-3PM_750_37_2931_5,0.318,53.0,750,37,2931,5,-0.4975728800155673
4190,20230816-3PM_750_37_2931_6,0.437,53.0,750,37,2931,6,-0.3595185630295782
4191,20230816-3PM_750_37_2931_7,0.798,53.0,750,37,2931,7,-0.09799710864927055
4192,20230816-3PM_680_37_JG5_0,0.479,53.0,680,37,JG5,0,-0.3196644865854368
4193,20230816-3PM_680_37_JG5_1,0.387,53.0,680,37,JG5,1,-0.4122890349810886
4194,20230816-3PM_680_37_JG5_2,0.242,53.0,680,37,JG5,2,-0.6161846340195687
4195,20230816-3PM_680_37_JG5_3,0.228,53.0,680,37,JG5,3,-0.6420651529995461
4196,20230816-3PM_680_37_JG5_4,0.752,53.0,680,37,JG5,4,-0.12378215940835775
4197,20230816-3PM_680_37_JG5_5,0.409,53.0,680,37,JG5,5,-0.38827669199265824
4198,20230816-3PM_680_37_JG5_6,0.446,53.0,680,37,JG5,6,-0.35066514128785814
4199,20230816-3PM_680_37_JG5_7,0.331,53.0,680,37,JG5,7,-0.48017200622428124
4200,20230816-3PM_750_37_JG5_0,0.302,53.0,750,37,JG5,0,-0.5199930570428494
4201,20230816-3PM_750_37_JG5_1,0.269,53.0,750,37,JG5,1,-0.5702477199975919
4202,20230816-3PM_750_37_JG5_2,0.176,53.0,750,37,JG5,2,-0.7544873321858502
4203,20230816-3PM_750_37_JG5_3,0.157,53.0,750,37,JG5,3,-0.8041003475907662
4204,20230816-3PM_750_37_JG5_4,0.45,53.0,750,37,JG5,4,-0.3467874862246563
4205,20230816-3PM_750_37_JG5_5,0.265,53.0,750,37,JG5,5,-0.5767541260631921
4206,20230816-3PM_750_37_JG5_6,0.305,53.0,750,37,JG5,6,-0.5157001606532142
4207,20230816-3PM_750_37_JG5_7,0.228,53.0,750,37,JG5,7,-0.6420651529995461
4208,20230816-3PM_680_37_BMS_0,1.337,53.0,680,37,BMS,0,0.12613140726198435
4209,20230816-3PM_680_37_BMS_1,1.62,53.0,680,37,BMS,1,0.20951501454263097
4210,20230816-3PM_680_37_BMS_2,1.452,53.0,680,37,BMS,2,0.1619666163640749
4211,20230816-3PM_680_37_BMS_3,1.121,53.0,680,37,BMS,3,0.04960561259497315
4212,20230816-3PM_680_37_BMS_4,1.467,53.0,680,37,BMS,4,0.1664301138432827
4213,20230816-3PM_680_37_BMS_5,1.307,53.0,680,37,BMS,5,0.11627558758054428
4214,20230816-3PM_680_37_BMS_6,1.486,53.0,680,37,BMS,6,0.1720188094245565
4215,20230816-3PM_680_37_BMS_7,1.315,53.0,680,37,BMS,7,0.11892575282577665
4216,20230816-3PM_750_37_BMS_0,0.763,53.0,750,37,BMS,0,-0.11747546204511952
4217,20230816-3PM_750_37_BMS_1,0.817,53.0,750,37,BMS,1,-0.08777794346758454
4218,20230816-3PM_750_37_BMS_2,0.812,53.0,750,37,BMS,2,-0.09044397075882467
4219,20230816-3PM_750_37_BMS_3,0.628,53.0,750,37,BMS,3,-0.20204035626280387
4220,20230816-3PM_750_37_BMS_4,0.81,53.0,750,37,BMS,4,-0.09151498112135022
4221,20230816-3PM_750_37_BMS_5,0.751,53.0,750,37,BMS,5,-0.1243600629958316
4222,20230816-3PM_750_37_BMS_6,0.818,53.0,750,37,BMS,6,-0.08724669632867703
4223,20230816-3PM_750_37_BMS_7,0.731,53.0,750,37,BMS,7,-0.13608262304213956
4224,20230814-10AM_680_25_3059_0,0.194,0.0,680,25,3059,0,-0.712198270069774
4225,20230814-10AM_680_25_3059_1,0.173,0.0,680,25,3059,1,-0.7619538968712046
4226,20230814-10AM_680_25_3059_2,0.128,0.0,680,25,3059,2,-0.8927900303521317
4227,20230814-10AM_680_25_3059_3,0.28,0.0,680,25,3059,3,-0.5528419686577808
4228,20230814-10AM_680_25_3059_4,0.276,0.0,680,25,3059,4,-0.5590909179347823
4229,20230814-10AM_680_25_3059_5,0.193,0.0,680,25,3059,5,-0.7144426909922262
4230,20230814-10AM_680_25_3059_6,0.219,0.0,680,25,3059,6,-0.6595558851598816
4231,20230814-10AM_680_25_3059_7,0.203,0.0,680,25,3059,7,-0.6925039620867871
4232,20230814-10AM_750_25_3059_0,0.124,0.0,750,25,3059,0,-0.906578314837765
4233,20230814-10AM_750_25_3059_1,0.116,0.0,750,25,3059,1,-0.9355420107730815
4234,20230814-10AM_750_25_3059_2,0.091,0.0,750,25,3059,2,-1.0409586076789064
4235,20230814-10AM_750_25_3059_3,0.194,0.0,750,25,3059,3,-0.712198270069774
4236,20230814-10AM_750_25_3059_4,0.181,0.0,750,25,3059,4,-0.7423214251308154
4237,20230814-10AM_750_25_3059_5,0.117,0.0,750,25,3059,5,-0.9318141382538383
4238,20230814-10AM_750_25_3059_6,0.147,0.0,750,25,3059,6,-0.8326826652518239
4239,20230814-10AM_750_25_3059_7,0.144,0.0,750,25,3059,7,-0.8416375079047503
4240,20230814-10AM_680_25_1691_0,0.135,0.0,680,25,1691,0,-0.8696662315049939
4241,20230814-10AM_680_25_1691_1,0.081,0.0,680,25,1691,1,-1.0915149811213503
4242,20230814-10AM_680_25_1691_2,0.306,0.0,680,25,1691,2,-0.51427857351842
4243,20230814-10AM_680_25_1691_3,0.069,0.0,680,25,1691,3,-1.1611509092627446
4244,20230814-10AM_680_25_1691_4,0.259,0.0,680,25,1691,4,-0.5867002359187482
4245,20230814-10AM_680_25_1691_5,0.154,0.0,680,25,1691,5,-0.8124792791635369
4246,20230814-10AM_680_25_1691_6,0.159,0.0,680,25,1691,6,-0.7986028756795485
4247,20230814-10AM_680_25_1691_7,0.359,0.0,680,25,1691,7,-0.44490555142168087
4248,20230814-10AM_750_25_1691_0,0.099,0.0,750,25,1691,0,-1.00436480540245
4249,20230814-10AM_750_25_1691_1,0.069,0.0,750,25,1691,1,-1.1611509092627446
4250,20230814-10AM_750_25_1691_2,0.177,0.0,750,25,1691,2,-0.7520267336381934
4251,20230814-10AM_750_25_1691_3,0.062,0.0,750,25,1691,3,-1.207608310501746
4252,20230814-10AM_750_25_1691_4,0.161,0.0,750,25,1691,4,-0.7931741239681502
4253,20230814-10AM_750_25_1691_5,0.111,0.0,750,25,1691,5,-0.9546770212133425
4254,20230814-10AM_750_25_1691_6,0.112,0.0,750,25,1691,6,-0.9507819773298184
4255,20230814-10AM_750_25_1691_7,0.215,0.0,750,25,1691,7,-0.6675615400843947
4256,20230814-10AM_680_25_1690_0,0.241,0.0,680,25,1690,0,-0.6179829574251317
4257,20230814-10AM_680_25_1690_1,0.181,0.0,680,25,1690,1,-0.7423214251308154
4258,20230814-10AM_680_25_1690_2,0.103,0.0,680,25,1690,2,-0.9871627752948278
4259,20230814-10AM_680_25_1690_3,0.086,0.0,680,25,1690,3,-1.0655015487564323
4260,20230814-10AM_680_25_1690_4,0.091,0.0,680,25,1690,4,-1.0409586076789064
4261,20230814-10AM_680_25_1690_5,0.104,0.0,680,25,1690,5,-0.9829666607012196
4262,20230814-10AM_680_25_1690_6,0.156,0.0,680,25,1690,6,-0.8068754016455384
4263,20230814-10AM_680_25_1690_7,0.18,0.0,680,25,1690,7,-0.744727494896694
4264,20230814-10AM_750_25_1690_0,0.177,0.0,750,25,1690,0,-0.7520267336381934
4265,20230814-10AM_750_25_1690_1,0.165,0.0,750,25,1690,1,-0.7825160557860937
4266,20230814-10AM_750_25_1690_2,0.121,0.0,750,25,1690,2,-0.9172146296835499
4267,20230814-10AM_750_25_1690_3,0.068,0.0,750,25,1690,3,-1.1674910872937636
4268,20230814-10AM_750_25_1690_4,0.082,0.0,750,25,1690,4,-1.0861861476162833
4269,20230814-10AM_750_25_1690_5,0.082,0.0,750,25,1690,5,-1.0861861476162833
4270,20230814-10AM_750_25_1690_6,0.114,0.0,750,25,1690,6,-0.9430951486635274
4271,20230814-10AM_750_25_1690_7,0.14,0.0,750,25,1690,7,-0.8538719643217619
4272,20230814-10AM_680_25_2342_0,0.156,0.0,680,25,2342,0,-0.8068754016455384
4273,20230814-10AM_680_25_2342_1,0.072,0.0,680,25,2342,1,-1.1426675035687315
4274,20230814-10AM_680_25_2342_2,0.15,0.0,680,25,2342,2,-0.8239087409443188
4275,20230814-10AM_680_25_2342_3,0.079,0.0,680,25,2342,3,-1.1023729087095586
4276,20230814-10AM_680_25_2342_4,0.198,0.0,680,25,2342,4,-0.7033348097384688
4277,20230814-10AM_680_25_2342_5,0.234,0.0,680,25,2342,5,-0.6307841425898572
4278,20230814-10AM_680_25_2342_6,0.134,0.0,680,25,2342,6,-0.8728952016351923
4279,20230814-10AM_680_25_2342_7,0.199,0.0,680,25,2342,7,-0.7011469235902933
4280,20230814-10AM_750_25_2342_0,0.083,0.0,750,25,2342,0,-1.080921907623926
4281,20230814-10AM_750_25_2342_1,0.061,0.0,750,25,2342,1,-1.214670164989233
4282,20230814-10AM_750_25_2342_2,0.109,0.0,750,25,2342,2,-0.9625735020593764
4283,20230814-10AM_750_25_2342_3,0.08,0.0,750,25,2342,3,-1.0969100130080565
4284,20230814-10AM_750_25_2342_4,0.084,0.0,750,25,2342,4,-1.0757207139381184
4285,20230814-10AM_750_25_2342_5,0.11,0.0,750,25,2342,5,-0.958607314841775
4286,20230814-10AM_750_25_2342_6,0.073,0.0,750,25,2342,6,-1.136677139879544
4287,20230814-10AM_750_25_2342_7,0.089,0.0,750,25,2342,7,-1.0506099933550872
4288,20230814-10AM_680_25_4532_0,0.172,0.0,680,25,4532,0,-0.7644715530924511
4289,20230814-10AM_680_25_4532_1,0.177,0.0,680,25,4532,1,-0.7520267336381934
4290,20230814-10AM_680_25_4532_2,0.214,0.0,680,25,4532,2,-0.6695862266508091
4291,20230814-10AM_680_25_4532_3,0.187,0.0,680,25,4532,3,-0.7281583934635011
4292,20230814-10AM_680_25_4532_4,0.125,0.0,680,25,4532,4,-0.9030899869919435
4293,20230814-10AM_680_25_4532_5,0.219,0.0,680,25,4532,5,-0.6595558851598816
4294,20230814-10AM_680_25_4532_6,0.165,0.0,680,25,4532,6,-0.7825160557860937
4295,20230814-10AM_680_25_4532_7,0.219,0.0,680,25,4532,7,-0.6595558851598816
4296,20230814-10AM_750_25_4532_0,0.125,0.0,750,25,4532,0,-0.9030899869919435
4297,20230814-10AM_750_25_4532_1,0.086,0.0,750,25,4532,1,-1.0655015487564323
4298,20230814-10AM_750_25_4532_2,0.102,0.0,750,25,4532,2,-0.9913998282380825
4299,20230814-10AM_750_25_4532_3,0.103,0.0,750,25,4532,3,-0.9871627752948278
4300,20230814-10AM_750_25_4532_4,0.068,0.0,750,25,4532,4,-1.1674910872937636
4301,20230814-10AM_750_25_4532_5,0.14,0.0,750,25,4532,5,-0.8538719643217619
4302,20230814-10AM_750_25_4532_6,0.109,0.0,750,25,4532,6,-0.9625735020593764
4303,20230814-10AM_750_25_4532_7,0.086,0.0,750,25,4532,7,-1.0655015487564323
4304,20230814-10AM_680_25_2344_0,0.082,0.0,680,25,2344,0,-1.0861861476162833
4305,20230814-10AM_680_25_2344_1,0.073,0.0,680,25,2344,1,-1.136677139879544
4306,20230814-10AM_680_25_2344_2,0.095,0.0,680,25,2344,2,-1.0222763947111522
4307,20230814-10AM_680_25_2344_3,0.09,0.0,680,25,2344,3,-1.0457574905606752
4308,20230814-10AM_680_25_2344_4,0.09,0.0,680,25,2344,4,-1.0457574905606752
4309,20230814-10AM_680_25_2344_5,0.103,0.0,680,25,2344,5,-0.9871627752948278
4310,20230814-10AM_680_25_2344_6,0.127,0.0,680,25,2344,6,-0.8961962790440431
4311,20230814-10AM_680_25_2344_7,0.078,0.0,680,25,2344,7,-1.1079053973095196
4312,20230814-10AM_750_25_2344_0,0.072,0.0,750,25,2344,0,-1.1426675035687315
4313,20230814-10AM_750_25_2344_1,0.066,0.0,750,25,2344,1,-1.1804560644581312
4314,20230814-10AM_750_25_2344_2,0.079,0.0,750,25,2344,2,-1.1023729087095586
4315,20230814-10AM_750_25_2344_3,0.079,0.0,750,25,2344,3,-1.1023729087095586
4316,20230814-10AM_750_25_2344_4,0.075,0.0,750,25,2344,4,-1.1249387366083
4317,20230814-10AM_750_25_2344_5,0.085,0.0,750,25,2344,5,-1.0705810742857071
4318,20230814-10AM_750_25_2344_6,0.093,0.0,750,25,2344,6,-1.031517051446065
4319,20230814-10AM_750_25_2344_7,0.071,0.0,750,25,2344,7,-1.1487416512809248
4320,20230814-10AM_680_25_2343_0,0.274,0.0,680,25,2343,0,-0.562249437179612
4321,20230814-10AM_680_25_2343_1,0.107,0.0,680,25,2343,1,-0.9706162223147904
4322,20230814-10AM_680_25_2343_2,0.15,0.0,680,25,2343,2,-0.8239087409443188
4323,20230814-10AM_680_25_2343_3,0.175,0.0,680,25,2343,3,-0.7569619513137056
4324,20230814-10AM_680_25_2343_4,0.115,0.0,680,25,2343,4,-0.9393021596463883
4325,20230814-10AM_680_25_2343_5,0.154,0.0,680,25,2343,5,-0.8124792791635369
4326,20230814-10AM_680_25_2343_6,0.17,0.0,680,25,2343,6,-0.769551078621726
4327,20230814-10AM_680_25_2343_7,0.269,0.0,680,25,2343,7,-0.5702477199975919
4328,20230814-10AM_750_25_2343_0,0.174,0.0,750,25,2343,0,-0.7594507517174003
4329,20230814-10AM_750_25_2343_1,0.083,0.0,750,25,2343,1,-1.080921907623926
4330,20230814-10AM_750_25_2343_2,0.082,0.0,750,25,2343,2,-1.0861861476162833
4331,20230814-10AM_750_25_2343_3,0.111,0.0,750,25,2343,3,-0.9546770212133425
4332,20230814-10AM_750_25_2343_4,0.083,0.0,750,25,2343,4,-1.080921907623926
4333,20230814-10AM_750_25_2343_5,0.113,0.0,750,25,2343,5,-0.9469215565165803
4334,20230814-10AM_750_25_2343_6,0.099,0.0,750,25,2343,6,-1.00436480540245
4335,20230814-10AM_750_25_2343_7,0.142,0.0,750,25,2343,7,-0.8477116556169435
4336,20230814-10AM_680_25_1952_0,0.085,0.0,680,25,1952,0,-1.0705810742857071
4337,20230814-10AM_680_25_1952_1,0.125,0.0,680,25,1952,1,-0.9030899869919435
4338,20230814-10AM_680_25_1952_2,0.14,0.0,680,25,1952,2,-0.8538719643217619
4339,20230814-10AM_680_25_1952_3,0.195,0.0,680,25,1952,3,-0.7099653886374819
4340,20230814-10AM_680_25_1952_4,0.132,0.0,680,25,1952,4,-0.8794260687941501
4341,20230814-10AM_680_25_1952_5,0.161,0.0,680,25,1952,5,-0.7931741239681502
4342,20230814-10AM_680_25_1952_6,0.159,0.0,680,25,1952,6,-0.7986028756795485
4343,20230814-10AM_680_25_1952_7,0.144,0.0,680,25,1952,7,-0.8416375079047503
4344,20230814-10AM_750_25_1952_0,0.069,0.0,750,25,1952,0,-1.1611509092627446
4345,20230814-10AM_750_25_1952_1,0.088,0.0,750,25,1952,1,-1.0555173278498313
4346,20230814-10AM_750_25_1952_2,0.096,0.0,750,25,1952,2,-1.0177287669604316
4347,20230814-10AM_750_25_1952_3,0.125,0.0,750,25,1952,3,-0.9030899869919435
4348,20230814-10AM_750_25_1952_4,0.097,0.0,750,25,1952,4,-1.0132282657337552
4349,20230814-10AM_750_25_1952_5,0.107,0.0,750,25,1952,5,-0.9706162223147904
4350,20230814-10AM_750_25_1952_6,0.112,0.0,750,25,1952,6,-0.9507819773298184
4351,20230814-10AM_750_25_1952_7,0.096,0.0,750,25,1952,7,-1.0177287669604316
4352,20230814-10AM_680_25_2931_0,0.19,0.0,680,25,2931,0,-0.721246399047171
4353,20230814-10AM_680_25_2931_1,0.147,0.0,680,25,2931,1,-0.8326826652518239
4354,20230814-10AM_680_25_2931_2,0.154,0.0,680,25,2931,2,-0.8124792791635369
4355,20230814-10AM_680_25_2931_3,0.143,0.0,680,25,2931,3,-0.8446639625349383
4356,20230814-10AM_680_25_2931_4,0.194,0.0,680,25,2931,4,-0.712198270069774
4357,20230814-10AM_680_25_2931_5,0.141,0.0,680,25,2931,5,-0.8507808873446201
4358,20230814-10AM_680_25_2931_6,0.155,0.0,680,25,2931,6,-0.8096683018297085
4359,20230814-10AM_680_25_2931_7,0.18,0.0,680,25,2931,7,-0.744727494896694
4360,20230814-10AM_750_25_2931_0,0.116,0.0,750,25,2931,0,-0.9355420107730815
4361,20230814-10AM_750_25_2931_1,0.094,0.0,750,25,2931,1,-1.0268721464003014
4362,20230814-10AM_750_25_2931_2,0.109,0.0,750,25,2931,2,-0.9625735020593764
4363,20230814-10AM_750_25_2931_3,0.102,0.0,750,25,2931,3,-0.9913998282380825
4364,20230814-10AM_750_25_2931_4,0.13,0.0,750,25,2931,4,-0.8860566476931632
4365,20230814-10AM_750_25_2931_5,0.104,0.0,750,25,2931,5,-0.9829666607012196
4366,20230814-10AM_750_25_2931_6,0.101,0.0,750,25,2931,6,-0.9956786262173574
4367,20230814-10AM_750_25_2931_7,0.11,0.0,750,25,2931,7,-0.958607314841775
4368,20230814-10AM_680_25_JG5_0,0.084,0.0,680,25,JG5,0,-1.0757207139381184
4369,20230814-10AM_680_25_JG5_1,0.075,0.0,680,25,JG5,1,-1.1249387366083
4370,20230814-10AM_680_25_JG5_2,0.084,0.0,680,25,JG5,2,-1.0757207139381184
4371,20230814-10AM_680_25_JG5_3,0.06,0.0,680,25,JG5,3,-1.2218487496163564
4372,20230814-10AM_680_25_JG5_4,0.095,0.0,680,25,JG5,4,-1.0222763947111522
4373,20230814-10AM_680_25_JG5_5,0.08,0.0,680,25,JG5,5,-1.0969100130080565
4374,20230814-10AM_680_25_JG5_6,0.053,0.0,680,25,JG5,6,-1.275724130399211
4375,20230814-10AM_680_25_JG5_7,0.063,0.0,680,25,JG5,7,-1.2006594505464183
4376,20230814-10AM_750_25_JG5_0,0.063,0.0,750,25,JG5,0,-1.2006594505464183
4377,20230814-10AM_750_25_JG5_1,0.059,0.0,750,25,JG5,1,-1.2291479883578558
4378,20230814-10AM_750_25_JG5_2,0.065,0.0,750,25,JG5,2,-1.1870866433571443
4379,20230814-10AM_750_25_JG5_3,0.054,0.0,750,25,JG5,3,-1.2676062401770316
4380,20230814-10AM_750_25_JG5_4,0.076,0.0,750,25,JG5,4,-1.1191864077192086
4381,20230814-10AM_750_25_JG5_5,0.063,0.0,750,25,JG5,5,-1.2006594505464183
4382,20230814-10AM_750_25_JG5_6,0.054,0.0,750,25,JG5,6,-1.2676062401770316
4383,20230814-10AM_750_25_JG5_7,0.054,0.0,750,25,JG5,7,-1.2676062401770316
4384,20230814-10AM_680_25_BMS_0,0.169,0.0,680,25,BMS,0,-0.7721132953863264
4385,20230814-10AM_680_25_BMS_1,0.149,0.0,680,25,BMS,1,-0.826813731587726
4386,20230814-10AM_680_25_BMS_2,0.141,0.0,680,25,BMS,2,-0.8507808873446201
4387,20230814-10AM_680_25_BMS_3,0.291,0.0,680,25,BMS,3,-0.5361070110140927
4388,20230814-10AM_680_25_BMS_4,0.133,0.0,680,25,BMS,4,-0.8761483590329142
4389,20230814-10AM_680_25_BMS_5,0.118,0.0,680,25,BMS,5,-0.9281179926938746
4390,20230814-10AM_680_25_BMS_6,0.157,0.0,680,25,BMS,6,-0.8041003475907662
4391,20230814-10AM_680_25_BMS_7,0.082,0.0,680,25,BMS,7,-1.0861861476162833
4392,20230814-10AM_750_25_BMS_0,0.111,0.0,750,25,BMS,0,-0.9546770212133425
4393,20230814-10AM_750_25_BMS_1,0.099,0.0,750,25,BMS,1,-1.00436480540245
4394,20230814-10AM_750_25_BMS_2,0.093,0.0,750,25,BMS,2,-1.031517051446065
4395,20230814-10AM_750_25_BMS_3,0.193,0.0,750,25,BMS,3,-0.7144426909922262
4396,20230814-10AM_750_25_BMS_4,0.092,0.0,750,25,BMS,4,-1.0362121726544447
4397,20230814-10AM_750_25_BMS_5,0.086,0.0,750,25,BMS,5,-1.0655015487564323
4398,20230814-10AM_750_25_BMS_6,0.102,0.0,750,25,BMS,6,-0.9913998282380825
4399,20230814-10AM_750_25_BMS_7,0.065,0.0,750,25,BMS,7,-1.1870866433571443
4400,20230814-10AM_680_39_3059_0,0.148,0.0,680,39,3059,0,-0.8297382846050426
4401,20230814-10AM_680_39_3059_1,0.139,0.0,680,39,3059,1,-0.8569851997459049
4402,20230814-10AM_680_39_3059_2,0.146,0.0,680,39,3059,2,-0.835647144215563
4403,20230814-10AM_680_39_3059_3,0.234,0.0,680,39,3059,3,-0.6307841425898572
4404,20230814-10AM_680_39_3059_4,0.25,0.0,680,39,3059,4,-0.6020599913279624
4405,20230814-10AM_680_39_3059_5,0.133,0.0,680,39,3059,5,-0.8761483590329142
4406,20230814-10AM_680_39_3059_6,0.16,0.0,680,39,3059,6,-0.7958800173440752
4407,20230814-10AM_680_39_3059_7,0.246,0.0,680,39,3059,7,-0.6090648928966209
4408,20230814-10AM_750_39_3059_0,0.11,0.0,750,39,3059,0,-0.958607314841775
4409,20230814-10AM_750_39_3059_1,0.103,0.0,750,39,3059,1,-0.9871627752948278
4410,20230814-10AM_750_39_3059_2,0.1,0.0,750,39,3059,2,-1.0
4411,20230814-10AM_750_39_3059_3,0.165,0.0,750,39,3059,3,-0.7825160557860937
4412,20230814-10AM_750_39_3059_4,0.155,0.0,750,39,3059,4,-0.8096683018297085
4413,20230814-10AM_750_39_3059_5,0.089,0.0,750,39,3059,5,-1.0506099933550872
4414,20230814-10AM_750_39_3059_6,0.108,0.0,750,39,3059,6,-0.9665762445130504
4415,20230814-10AM_750_39_3059_7,0.173,0.0,750,39,3059,7,-0.7619538968712046
4416,20230814-10AM_680_39_1691_0,0.181,0.0,680,39,1691,0,-0.7423214251308154
4417,20230814-10AM_680_39_1691_1,0.135,0.0,680,39,1691,1,-0.8696662315049939
4418,20230814-10AM_680_39_1691_2,0.192,0.0,680,39,1691,2,-0.7166987712964504
4419,20230814-10AM_680_39_1691_3,0.177,0.0,680,39,1691,3,-0.7520267336381934
4420,20230814-10AM_680_39_1691_4,0.17,0.0,680,39,1691,4,-0.769551078621726
4421,20230814-10AM_680_39_1691_5,0.282,0.0,680,39,1691,5,-0.549750891680639
4422,20230814-10AM_680_39_1691_6,0.336,0.0,680,39,1691,6,-0.4736607226101559
4423,20230814-10AM_680_39_1691_7,0.141,0.0,680,39,1691,7,-0.8507808873446201
4424,20230814-10AM_750_39_1691_0,0.123,0.0,750,39,1691,0,-0.9100948885606021
4425,20230814-10AM_750_39_1691_1,0.096,0.0,750,39,1691,1,-1.0177287669604316
4426,20230814-10AM_750_39_1691_2,0.124,0.0,750,39,1691,2,-0.906578314837765
4427,20230814-10AM_750_39_1691_3,0.118,0.0,750,39,1691,3,-0.9281179926938746
4428,20230814-10AM_750_39_1691_4,0.119,0.0,750,39,1691,4,-0.9244530386074693
4429,20230814-10AM_750_39_1691_5,0.167,0.0,750,39,1691,5,-0.7772835288524167
4430,20230814-10AM_750_39_1691_6,0.197,0.0,750,39,1691,6,-0.7055337738384071
4431,20230814-10AM_750_39_1691_7,0.088,0.0,750,39,1691,7,-1.0555173278498313
4432,20230814-10AM_680_39_1690_0,0.157,0.0,680,39,1690,0,-0.8041003475907662
4433,20230814-10AM_680_39_1690_1,0.12,0.0,680,39,1690,1,-0.9208187539523752
4434,20230814-10AM_680_39_1690_2,0.082,0.0,680,39,1690,2,-1.0861861476162833
4435,20230814-10AM_680_39_1690_3,0.123,0.0,680,39,1690,3,-0.9100948885606021
4436,20230814-10AM_680_39_1690_4,0.112,0.0,680,39,1690,4,-0.9507819773298184
4437,20230814-10AM_680_39_1690_5,0.146,0.0,680,39,1690,5,-0.835647144215563
4438,20230814-10AM_680_39_1690_6,0.219,0.0,680,39,1690,6,-0.6595558851598816
4439,20230814-10AM_680_39_1690_7,0.222,0.0,680,39,1690,7,-0.6536470255493614
4440,20230814-10AM_750_39_1690_0,0.126,0.0,750,39,1690,0,-0.8996294548824371
4441,20230814-10AM_750_39_1690_1,0.098,0.0,750,39,1690,1,-1.0087739243075051
4442,20230814-10AM_750_39_1690_2,0.097,0.0,750,39,1690,2,-1.0132282657337552
4443,20230814-10AM_750_39_1690_3,0.09,0.0,750,39,1690,3,-1.0457574905606752
4444,20230814-10AM_750_39_1690_4,0.098,0.0,750,39,1690,4,-1.0087739243075051
4445,20230814-10AM_750_39_1690_5,0.116,0.0,750,39,1690,5,-0.9355420107730815
4446,20230814-10AM_750_39_1690_6,0.177,0.0,750,39,1690,6,-0.7520267336381934
4447,20230814-10AM_750_39_1690_7,0.169,0.0,750,39,1690,7,-0.7721132953863264
4448,20230814-10AM_680_39_2342_0,0.162,0.0,680,39,2342,0,-0.790484985457369
4449,20230814-10AM_680_39_2342_1,0.167,0.0,680,39,2342,1,-0.7772835288524167
4450,20230814-10AM_680_39_2342_2,0.178,0.0,680,39,2342,2,-0.7495799976911061
4451,20230814-10AM_680_39_2342_3,0.173,0.0,680,39,2342,3,-0.7619538968712046
4452,20230814-10AM_680_39_2342_4,0.143,0.0,680,39,2342,4,-0.8446639625349383
4453,20230814-10AM_680_39_2342_5,0.189,0.0,680,39,2342,5,-0.7235381958267558
4454,20230814-10AM_680_39_2342_6,0.229,0.0,680,39,2342,6,-0.640164517660112
4455,20230814-10AM_680_39_2342_7,0.149,0.0,680,39,2342,7,-0.826813731587726
4456,20230814-10AM_750_39_2342_0,0.092,0.0,750,39,2342,0,-1.0362121726544447
4457,20230814-10AM_750_39_2342_1,0.095,0.0,750,39,2342,1,-1.0222763947111522
4458,20230814-10AM_750_39_2342_2,0.129,0.0,750,39,2342,2,-0.889410289700751
4459,20230814-10AM_750_39_2342_3,0.131,0.0,750,39,2342,3,-0.8827287043442357
4460,20230814-10AM_750_39_2342_4,0.073,0.0,750,39,2342,4,-1.136677139879544
4461,20230814-10AM_750_39_2342_5,0.099,0.0,750,39,2342,5,-1.00436480540245
4462,20230814-10AM_750_39_2342_6,0.108,0.0,750,39,2342,6,-0.9665762445130504
4463,20230814-10AM_750_39_2342_7,0.07,0.0,750,39,2342,7,-1.154901959985743
4464,20230814-10AM_680_39_4532_0,0.191,0.0,680,39,4532,0,-0.7189666327522725
4465,20230814-10AM_680_39_4532_1,0.253,0.0,680,39,4532,1,-0.5968794788241821
4466,20230814-10AM_680_39_4532_2,0.14,0.0,680,39,4532,2,-0.8538719643217619
4467,20230814-10AM_680_39_4532_3,0.213,0.0,680,39,4532,3,-0.6716203965612623
4468,20230814-10AM_680_39_4532_4,0.177,0.0,680,39,4532,4,-0.7520267336381934
4469,20230814-10AM_680_39_4532_5,0.172,0.0,680,39,4532,5,-0.7644715530924511
4470,20230814-10AM_680_39_4532_6,0.183,0.0,680,39,4532,6,-0.7375489102695706
4471,20230814-10AM_680_39_4532_7,0.251,0.0,680,39,4532,7,-0.6003262785189618
4472,20230814-10AM_750_39_4532_0,0.127,0.0,750,39,4532,0,-0.8961962790440431
4473,20230814-10AM_750_39_4532_1,0.123,0.0,750,39,4532,1,-0.9100948885606021
4474,20230814-10AM_750_39_4532_2,0.068,0.0,750,39,4532,2,-1.1674910872937636
4475,20230814-10AM_750_39_4532_3,0.105,0.0,750,39,4532,3,-0.978810700930062
4476,20230814-10AM_750_39_4532_4,0.077,0.0,750,39,4532,4,-1.1135092748275182
4477,20230814-10AM_750_39_4532_5,0.105,0.0,750,39,4532,5,-0.978810700930062
4478,20230814-10AM_750_39_4532_6,0.091,0.0,750,39,4532,6,-1.0409586076789064
4479,20230814-10AM_750_39_4532_7,0.161,0.0,750,39,4532,7,-0.7931741239681502
4480,20230814-10AM_680_39_2344_0,0.116,0.0,680,39,2344,0,-0.9355420107730815
4481,20230814-10AM_680_39_2344_1,0.077,0.0,680,39,2344,1,-1.1135092748275182
4482,20230814-10AM_680_39_2344_2,0.114,0.0,680,39,2344,2,-0.9430951486635274
4483,20230814-10AM_680_39_2344_3,0.093,0.0,680,39,2344,3,-1.031517051446065
4484,20230814-10AM_680_39_2344_4,0.096,0.0,680,39,2344,4,-1.0177287669604316
4485,20230814-10AM_680_39_2344_5,0.09,0.0,680,39,2344,5,-1.0457574905606752
4486,20230814-10AM_680_39_2344_6,0.118,0.0,680,39,2344,6,-0.9281179926938746
4487,20230814-10AM_680_39_2344_7,0.092,0.0,680,39,2344,7,-1.0362121726544447
4488,20230814-10AM_750_39_2344_0,0.097,0.0,750,39,2344,0,-1.0132282657337552
4489,20230814-10AM_750_39_2344_1,0.069,0.0,750,39,2344,1,-1.1611509092627446
4490,20230814-10AM_750_39_2344_2,0.09,0.0,750,39,2344,2,-1.0457574905606752
4491,20230814-10AM_750_39_2344_3,0.079,0.0,750,39,2344,3,-1.1023729087095586
4492,20230814-10AM_750_39_2344_4,0.078,0.0,750,39,2344,4,-1.1079053973095196
4493,20230814-10AM_750_39_2344_5,0.077,0.0,750,39,2344,5,-1.1135092748275182
4494,20230814-10AM_750_39_2344_6,0.089,0.0,750,39,2344,6,-1.0506099933550872
4495,20230814-10AM_750_39_2344_7,0.08,0.0,750,39,2344,7,-1.0969100130080565
4496,20230814-10AM_680_39_2343_0,0.199,0.0,680,39,2343,0,-0.7011469235902933
4497,20230814-10AM_680_39_2343_1,0.181,0.0,680,39,2343,1,-0.7423214251308154
4498,20230814-10AM_680_39_2343_2,0.127,0.0,680,39,2343,2,-0.8961962790440431
4499,20230814-10AM_680_39_2343_3,0.227,0.0,680,39,2343,3,-0.6439741428068773
4500,20230814-10AM_680_39_2343_4,0.134,0.0,680,39,2343,4,-0.8728952016351923
4501,20230814-10AM_680_39_2343_5,0.188,0.0,680,39,2343,5,-0.7258421507363202
4502,20230814-10AM_680_39_2343_6,0.132,0.0,680,39,2343,6,-0.8794260687941501
4503,20230814-10AM_680_39_2343_7,0.118,0.0,680,39,2343,7,-0.9281179926938746
4504,20230814-10AM_750_39_2343_0,0.136,0.0,750,39,2343,0,-0.8664610916297825
4505,20230814-10AM_750_39_2343_1,0.114,0.0,750,39,2343,1,-0.9430951486635274
4506,20230814-10AM_750_39_2343_2,0.093,0.0,750,39,2343,2,-1.031517051446065
4507,20230814-10AM_750_39_2343_3,0.138,0.0,750,39,2343,3,-0.8601209135987634
4508,20230814-10AM_750_39_2343_4,0.095,0.0,750,39,2343,4,-1.0222763947111522
4509,20230814-10AM_750_39_2343_5,0.115,0.0,750,39,2343,5,-0.9393021596463883
4510,20230814-10AM_750_39_2343_6,0.093,0.0,750,39,2343,6,-1.031517051446065
4511,20230814-10AM_750_39_2343_7,0.08,0.0,750,39,2343,7,-1.0969100130080565
4512,20230814-10AM_680_39_1952_0,0.12,0.0,680,39,1952,0,-0.9208187539523752
4513,20230814-10AM_680_39_1952_1,0.149,0.0,680,39,1952,1,-0.826813731587726
4514,20230814-10AM_680_39_1952_2,0.108,0.0,680,39,1952,2,-0.9665762445130504
4515,20230814-10AM_680_39_1952_3,0.152,0.0,680,39,1952,3,-0.8181564120552275
4516,20230814-10AM_680_39_1952_4,0.124,0.0,680,39,1952,4,-0.906578314837765
4517,20230814-10AM_680_39_1952_5,0.178,0.0,680,39,1952,5,-0.7495799976911061
4518,20230814-10AM_680_39_1952_6,0.16,0.0,680,39,1952,6,-0.7958800173440752
4519,20230814-10AM_680_39_1952_7,0.152,0.0,680,39,1952,7,-0.8181564120552275
4520,20230814-10AM_750_39_1952_0,0.089,0.0,750,39,1952,0,-1.0506099933550872
4521,20230814-10AM_750_39_1952_1,0.1,0.0,750,39,1952,1,-1.0
4522,20230814-10AM_750_39_1952_2,0.078,0.0,750,39,1952,2,-1.1079053973095196
4523,20230814-10AM_750_39_1952_3,0.106,0.0,750,39,1952,3,-0.9746941347352298
4524,20230814-10AM_750_39_1952_4,0.09,0.0,750,39,1952,4,-1.0457574905606752
4525,20230814-10AM_750_39_1952_5,0.115,0.0,750,39,1952,5,-0.9393021596463883
4526,20230814-10AM_750_39_1952_6,0.112,0.0,750,39,1952,6,-0.9507819773298184
4527,20230814-10AM_750_39_1952_7,0.1,0.0,750,39,1952,7,-1.0
4528,20230814-10AM_680_39_2931_0,0.171,0.0,680,39,2931,0,-0.7670038896078462
4529,20230814-10AM_680_39_2931_1,0.17,0.0,680,39,2931,1,-0.769551078621726
4530,20230814-10AM_680_39_2931_2,0.185,0.0,680,39,2931,2,-0.7328282715969862
4531,20230814-10AM_680_39_2931_3,0.161,0.0,680,39,2931,3,-0.7931741239681502
4532,20230814-10AM_680_39_2931_4,0.23,0.0,680,39,2931,4,-0.638272163982407
4533,20230814-10AM_680_39_2931_5,0.146,0.0,680,39,2931,5,-0.835647144215563
4534,20230814-10AM_680_39_2931_6,0.269,0.0,680,39,2931,6,-0.5702477199975919
4535,20230814-10AM_680_39_2931_7,0.18,0.0,680,39,2931,7,-0.744727494896694
4536,20230814-10AM_750_39_2931_0,0.118,0.0,750,39,2931,0,-0.9281179926938746
4537,20230814-10AM_750_39_2931_1,0.108,0.0,750,39,2931,1,-0.9665762445130504
4538,20230814-10AM_750_39_2931_2,0.131,0.0,750,39,2931,2,-0.8827287043442357
4539,20230814-10AM_750_39_2931_3,0.108,0.0,750,39,2931,3,-0.9665762445130504
4540,20230814-10AM_750_39_2931_4,0.157,0.0,750,39,2931,4,-0.8041003475907662
4541,20230814-10AM_750_39_2931_5,0.102,0.0,750,39,2931,5,-0.9913998282380825
4542,20230814-10AM_750_39_2931_6,0.153,0.0,750,39,2931,6,-0.8153085691824012
4543,20230814-10AM_750_39_2931_7,0.111,0.0,750,39,2931,7,-0.9546770212133425
4544,20230814-10AM_680_39_JG5_0,0.066,0.0,680,39,JG5,0,-1.1804560644581312
4545,20230814-10AM_680_39_JG5_1,0.065,0.0,680,39,JG5,1,-1.1870866433571443
4546,20230814-10AM_680_39_JG5_2,0.073,0.0,680,39,JG5,2,-1.136677139879544
4547,20230814-10AM_680_39_JG5_3,0.081,0.0,680,39,JG5,3,-1.0915149811213503
4548,20230814-10AM_680_39_JG5_4,0.106,0.0,680,39,JG5,4,-0.9746941347352298
4549,20230814-10AM_680_39_JG5_5,0.096,0.0,680,39,JG5,5,-1.0177287669604316
4550,20230814-10AM_680_39_JG5_6,0.086,0.0,680,39,JG5,6,-1.0655015487564323
4551,20230814-10AM_680_39_JG5_7,0.059,0.0,680,39,JG5,7,-1.2291479883578558
4552,20230814-10AM_750_39_JG5_0,0.058,0.0,750,39,JG5,0,-1.2365720064370627
4553,20230814-10AM_750_39_JG5_1,0.057,0.0,750,39,JG5,1,-1.2441251443275085
4554,20230814-10AM_750_39_JG5_2,0.059,0.0,750,39,JG5,2,-1.2291479883578558
4555,20230814-10AM_750_39_JG5_3,0.067,0.0,750,39,JG5,3,-1.1739251972991736
4556,20230814-10AM_750_39_JG5_4,0.073,0.0,750,39,JG5,4,-1.136677139879544
4557,20230814-10AM_750_39_JG5_5,0.068,0.0,750,39,JG5,5,-1.1674910872937636
4558,20230814-10AM_750_39_JG5_6,0.067,0.0,750,39,JG5,6,-1.1739251972991736
4559,20230814-10AM_750_39_JG5_7,0.054,0.0,750,39,JG5,7,-1.2676062401770316
4560,20230814-10AM_680_39_BMS_0,0.176,0.0,680,39,BMS,0,-0.7544873321858502
4561,20230814-10AM_680_39_BMS_1,0.188,0.0,680,39,BMS,1,-0.7258421507363202
4562,20230814-10AM_680_39_BMS_2,0.141,0.0,680,39,BMS,2,-0.8507808873446201
4563,20230814-10AM_680_39_BMS_3,0.255,0.0,680,39,BMS,3,-0.5934598195660449
4564,20230814-10AM_680_39_BMS_4,0.128,0.0,680,39,BMS,4,-0.8927900303521317
4565,20230814-10AM_680_39_BMS_5,0.133,0.0,680,39,BMS,5,-0.8761483590329142
4566,20230814-10AM_680_39_BMS_6,0.147,0.0,680,39,BMS,6,-0.8326826652518239
4567,20230814-10AM_680_39_BMS_7,0.143,0.0,680,39,BMS,7,-0.8446639625349383
4568,20230814-10AM_750_39_BMS_0,0.114,0.0,750,39,BMS,0,-0.9430951486635274
4569,20230814-10AM_750_39_BMS_1,0.123,0.0,750,39,BMS,1,-0.9100948885606021
4570,20230814-10AM_750_39_BMS_2,0.095,0.0,750,39,BMS,2,-1.0222763947111522
4571,20230814-10AM_750_39_BMS_3,0.168,0.0,750,39,BMS,3,-0.7746907182741372
4572,20230814-10AM_750_39_BMS_4,0.088,0.0,750,39,BMS,4,-1.0555173278498313
4573,20230814-10AM_750_39_BMS_5,0.089,0.0,750,39,BMS,5,-1.0506099933550872
4574,20230814-10AM_750_39_BMS_6,0.101,0.0,750,39,BMS,6,-0.9956786262173574
4575,20230814-10AM_750_39_BMS_7,0.099,0.0,750,39,BMS,7,-1.00436480540245
4576,20230814-10AM_680_37_3059_0,0.225,0.0,680,37,3059,0,-0.6478174818886375
4577,20230814-10AM_680_37_3059_1,0.188,0.0,680,37,3059,1,-0.7258421507363202
4578,20230814-10AM_680_37_3059_2,0.132,0.0,680,37,3059,2,-0.8794260687941501
4579,20230814-10AM_680_37_3059_3,0.214,0.0,680,37,3059,3,-0.6695862266508091
4580,20230814-10AM_680_37_3059_4,0.173,0.0,680,37,3059,4,-0.7619538968712046
4581,20230814-10AM_680_37_3059_5,0.127,0.0,680,37,3059,5,-0.8961962790440431
4582,20230814-10AM_680_37_3059_6,0.15,0.0,680,37,3059,6,-0.8239087409443188
4583,20230814-10AM_680_37_3059_7,0.197,0.0,680,37,3059,7,-0.7055337738384071
4584,20230814-10AM_750_37_3059_0,0.162,0.0,750,37,3059,0,-0.790484985457369
4585,20230814-10AM_750_37_3059_1,0.131,0.0,750,37,3059,1,-0.8827287043442357
4586,20230814-10AM_750_37_3059_2,0.092,0.0,750,37,3059,2,-1.0362121726544447
4587,20230814-10AM_750_37_3059_3,0.154,0.0,750,37,3059,3,-0.8124792791635369
4588,20230814-10AM_750_37_3059_4,0.126,0.0,750,37,3059,4,-0.8996294548824371
4589,20230814-10AM_750_37_3059_5,0.108,0.0,750,37,3059,5,-0.9665762445130504
4590,20230814-10AM_750_37_3059_6,0.103,0.0,750,37,3059,6,-0.9871627752948278
4591,20230814-10AM_750_37_3059_7,0.139,0.0,750,37,3059,7,-0.8569851997459049
4592,20230814-10AM_680_37_1691_0,0.149,0.0,680,37,1691,0,-0.826813731587726
4593,20230814-10AM_680_37_1691_1,0.082,0.0,680,37,1691,1,-1.0861861476162833
4594,20230814-10AM_680_37_1691_2,0.277,0.0,680,37,1691,2,-0.5575202309355514
4595,20230814-10AM_680_37_1691_3,0.088,0.0,680,37,1691,3,-1.0555173278498313
4596,20230814-10AM_680_37_1691_4,0.239,0.0,680,37,1691,4,-0.6216020990518624
4597,20230814-10AM_680_37_1691_5,0.216,0.0,680,37,1691,5,-0.6655462488490691
4598,20230814-10AM_680_37_1691_6,0.204,0.0,680,37,1691,6,-0.6903698325741012
4599,20230814-10AM_680_37_1691_7,0.265,0.0,680,37,1691,7,-0.5767541260631921
4600,20230814-10AM_750_37_1691_0,0.108,0.0,750,37,1691,0,-0.9665762445130504
4601,20230814-10AM_750_37_1691_1,0.069,0.0,750,37,1691,1,-1.1611509092627446
4602,20230814-10AM_750_37_1691_2,0.165,0.0,750,37,1691,2,-0.7825160557860937
4603,20230814-10AM_750_37_1691_3,0.072,0.0,750,37,1691,3,-1.1426675035687315
4604,20230814-10AM_750_37_1691_4,0.153,0.0,750,37,1691,4,-0.8153085691824012
4605,20230814-10AM_750_37_1691_5,0.142,0.0,750,37,1691,5,-0.8477116556169435
4606,20230814-10AM_750_37_1691_6,0.135,0.0,750,37,1691,6,-0.8696662315049939
4607,20230814-10AM_750_37_1691_7,0.161,0.0,750,37,1691,7,-0.7931741239681502
4608,20230814-10AM_680_37_1690_0,0.142,0.0,680,37,1690,0,-0.8477116556169435
4609,20230814-10AM_680_37_1690_1,0.121,0.0,680,37,1690,1,-0.9172146296835499
4610,20230814-10AM_680_37_1690_2,0.278,0.0,680,37,1690,2,-0.5559552040819237
4611,20230814-10AM_680_37_1690_3,0.127,0.0,680,37,1690,3,-0.8961962790440431
4612,20230814-10AM_680_37_1690_4,0.129,0.0,680,37,1690,4,-0.889410289700751
4613,20230814-10AM_680_37_1690_5,0.11,0.0,680,37,1690,5,-0.958607314841775
4614,20230814-10AM_680_37_1690_6,0.202,0.0,680,37,1690,6,-0.6946486305533762
4615,20230814-10AM_680_37_1690_7,0.193,0.0,680,37,1690,7,-0.7144426909922262
4616,20230814-10AM_750_37_1690_0,0.113,0.0,750,37,1690,0,-0.9469215565165803
4617,20230814-10AM_750_37_1690_1,0.104,0.0,750,37,1690,1,-0.9829666607012196
4618,20230814-10AM_750_37_1690_2,0.164,0.0,750,37,1690,2,-0.7851561519523022
4619,20230814-10AM_750_37_1690_3,0.09,0.0,750,37,1690,3,-1.0457574905606752
4620,20230814-10AM_750_37_1690_4,0.115,0.0,750,37,1690,4,-0.9393021596463883
4621,20230814-10AM_750_37_1690_5,0.107,0.0,750,37,1690,5,-0.9706162223147904
4622,20230814-10AM_750_37_1690_6,0.167,0.0,750,37,1690,6,-0.7772835288524167
4623,20230814-10AM_750_37_1690_7,0.145,0.0,750,37,1690,7,-0.8386319977650252
4624,20230814-10AM_680_37_2342_0,0.145,0.0,680,37,2342,0,-0.8386319977650252
4625,20230814-10AM_680_37_2342_1,0.099,0.0,680,37,2342,1,-1.00436480540245
4626,20230814-10AM_680_37_2342_2,0.155,0.0,680,37,2342,2,-0.8096683018297085
4627,20230814-10AM_680_37_2342_3,0.096,0.0,680,37,2342,3,-1.0177287669604316
4628,20230814-10AM_680_37_2342_4,0.161,0.0,680,37,2342,4,-0.7931741239681502
4629,20230814-10AM_680_37_2342_5,0.104,0.0,680,37,2342,5,-0.9829666607012196
4630,20230814-10AM_680_37_2342_6,0.147,0.0,680,37,2342,6,-0.8326826652518239
4631,20230814-10AM_680_37_2342_7,0.173,0.0,680,37,2342,7,-0.7619538968712046
4632,20230814-10AM_750_37_2342_0,0.074,0.0,750,37,2342,0,-1.1307682802690238
4633,20230814-10AM_750_37_2342_1,0.072,0.0,750,37,2342,1,-1.1426675035687315
4634,20230814-10AM_750_37_2342_2,0.114,0.0,750,37,2342,2,-0.9430951486635274
4635,20230814-10AM_750_37_2342_3,0.085,0.0,750,37,2342,3,-1.0705810742857071
4636,20230814-10AM_750_37_2342_4,0.096,0.0,750,37,2342,4,-1.0177287669604316
4637,20230814-10AM_750_37_2342_5,0.071,0.0,750,37,2342,5,-1.1487416512809248
4638,20230814-10AM_750_37_2342_6,0.089,0.0,750,37,2342,6,-1.0506099933550872
4639,20230814-10AM_750_37_2342_7,0.097,0.0,750,37,2342,7,-1.0132282657337552
4640,20230814-10AM_680_37_4532_0,0.226,0.0,680,37,4532,0,-0.645891560852599
4641,20230814-10AM_680_37_4532_1,0.175,0.0,680,37,4532,1,-0.7569619513137056
4642,20230814-10AM_680_37_4532_2,0.108,0.0,680,37,4532,2,-0.9665762445130504
4643,20230814-10AM_680_37_4532_3,0.146,0.0,680,37,4532,3,-0.835647144215563
4644,20230814-10AM_680_37_4532_4,0.125,0.0,680,37,4532,4,-0.9030899869919435
4645,20230814-10AM_680_37_4532_5,0.149,0.0,680,37,4532,5,-0.826813731587726
4646,20230814-10AM_680_37_4532_6,0.075,0.0,680,37,4532,6,-1.1249387366083
4647,20230814-10AM_680_37_4532_7,0.115,0.0,680,37,4532,7,-0.9393021596463883
4648,20230814-10AM_750_37_4532_0,0.144,0.0,750,37,4532,0,-0.8416375079047503
4649,20230814-10AM_750_37_4532_1,0.094,0.0,750,37,4532,1,-1.0268721464003014
4650,20230814-10AM_750_37_4532_2,0.083,0.0,750,37,4532,2,-1.080921907623926
4651,20230814-10AM_750_37_4532_3,0.095,0.0,750,37,4532,3,-1.0222763947111522
4652,20230814-10AM_750_37_4532_4,0.082,0.0,750,37,4532,4,-1.0861861476162833
4653,20230814-10AM_750_37_4532_5,0.099,0.0,750,37,4532,5,-1.00436480540245
4654,20230814-10AM_750_37_4532_6,0.069,0.0,750,37,4532,6,-1.1611509092627446
4655,20230814-10AM_750_37_4532_7,0.097,0.0,750,37,4532,7,-1.0132282657337552
4656,20230814-10AM_680_37_2344_0,0.092,0.0,680,37,2344,0,-1.0362121726544447
4657,20230814-10AM_680_37_2344_1,0.087,0.0,680,37,2344,1,-1.0604807473813815
4658,20230814-10AM_680_37_2344_2,0.097,0.0,680,37,2344,2,-1.0132282657337552
4659,20230814-10AM_680_37_2344_3,0.09,0.0,680,37,2344,3,-1.0457574905606752
4660,20230814-10AM_680_37_2344_4,0.082,0.0,680,37,2344,4,-1.0861861476162833
4661,20230814-10AM_680_37_2344_5,0.111,0.0,680,37,2344,5,-0.9546770212133425
4662,20230814-10AM_680_37_2344_6,0.119,0.0,680,37,2344,6,-0.9244530386074693
4663,20230814-10AM_680_37_2344_7,0.099,0.0,680,37,2344,7,-1.00436480540245
4664,20230814-10AM_750_37_2344_0,0.077,0.0,750,37,2344,0,-1.1135092748275182
4665,20230814-10AM_750_37_2344_1,0.073,0.0,750,37,2344,1,-1.136677139879544
4666,20230814-10AM_750_37_2344_2,0.08,0.0,750,37,2344,2,-1.0969100130080565
4667,20230814-10AM_750_37_2344_3,0.078,0.0,750,37,2344,3,-1.1079053973095196
4668,20230814-10AM_750_37_2344_4,0.071,0.0,750,37,2344,4,-1.1487416512809248
4669,20230814-10AM_750_37_2344_5,0.091,0.0,750,37,2344,5,-1.0409586076789064
4670,20230814-10AM_750_37_2344_6,0.089,0.0,750,37,2344,6,-1.0506099933550872
4671,20230814-10AM_750_37_2344_7,0.086,0.0,750,37,2344,7,-1.0655015487564323
4672,20230814-10AM_680_37_2343_0,0.15,0.0,680,37,2343,0,-0.8239087409443188
4673,20230814-10AM_680_37_2343_1,0.127,0.0,680,37,2343,1,-0.8961962790440431
4674,20230814-10AM_680_37_2343_2,0.121,0.0,680,37,2343,2,-0.9172146296835499
4675,20230814-10AM_680_37_2343_3,0.167,0.0,680,37,2343,3,-0.7772835288524167
4676,20230814-10AM_680_37_2343_4,0.115,0.0,680,37,2343,4,-0.9393021596463883
4677,20230814-10AM_680_37_2343_5,0.115,0.0,680,37,2343,5,-0.9393021596463883
4678,20230814-10AM_680_37_2343_6,0.085,0.0,680,37,2343,6,-1.0705810742857071
4679,20230814-10AM_680_37_2343_7,0.132,0.0,680,37,2343,7,-0.8794260687941501
4680,20230814-10AM_750_37_2343_0,0.108,0.0,750,37,2343,0,-0.9665762445130504
4681,20230814-10AM_750_37_2343_1,0.094,0.0,750,37,2343,1,-1.0268721464003014
4682,20230814-10AM_750_37_2343_2,0.081,0.0,750,37,2343,2,-1.0915149811213503
4683,20230814-10AM_750_37_2343_3,0.118,0.0,750,37,2343,3,-0.9281179926938746
4684,20230814-10AM_750_37_2343_4,0.09,0.0,750,37,2343,4,-1.0457574905606752
4685,20230814-10AM_750_37_2343_5,0.099,0.0,750,37,2343,5,-1.00436480540245
4686,20230814-10AM_750_37_2343_6,0.079,0.0,750,37,2343,6,-1.1023729087095586
4687,20230814-10AM_750_37_2343_7,0.097,0.0,750,37,2343,7,-1.0132282657337552
4688,20230814-10AM_680_37_1952_0,0.143,0.0,680,37,1952,0,-0.8446639625349383
4689,20230814-10AM_680_37_1952_1,0.159,0.0,680,37,1952,1,-0.7986028756795485
4690,20230814-10AM_680_37_1952_2,0.148,0.0,680,37,1952,2,-0.8297382846050426
4691,20230814-10AM_680_37_1952_3,0.157,0.0,680,37,1952,3,-0.8041003475907662
4692,20230814-10AM_680_37_1952_4,0.164,0.0,680,37,1952,4,-0.7851561519523022
4693,20230814-10AM_680_37_1952_5,0.157,0.0,680,37,1952,5,-0.8041003475907662
4694,20230814-10AM_680_37_1952_6,0.202,0.0,680,37,1952,6,-0.6946486305533762
4695,20230814-10AM_680_37_1952_7,0.171,0.0,680,37,1952,7,-0.7670038896078462
4696,20230814-10AM_750_37_1952_0,0.102,0.0,750,37,1952,0,-0.9913998282380825
4697,20230814-10AM_750_37_1952_1,0.102,0.0,750,37,1952,1,-0.9913998282380825
4698,20230814-10AM_750_37_1952_2,0.1,0.0,750,37,1952,2,-1.0
4699,20230814-10AM_750_37_1952_3,0.106,0.0,750,37,1952,3,-0.9746941347352298
4700,20230814-10AM_750_37_1952_4,0.115,0.0,750,37,1952,4,-0.9393021596463883
4701,20230814-10AM_750_37_1952_5,0.103,0.0,750,37,1952,5,-0.9871627752948278
4702,20230814-10AM_750_37_1952_6,0.137,0.0,750,37,1952,6,-0.8632794328435932
4703,20230814-10AM_750_37_1952_7,0.113,0.0,750,37,1952,7,-0.9469215565165803
4704,20230814-10AM_680_37_2931_0,0.143,0.0,680,37,2931,0,-0.8446639625349383
4705,20230814-10AM_680_37_2931_1,0.156,0.0,680,37,2931,1,-0.8068754016455384
4706,20230814-10AM_680_37_2931_2,0.191,0.0,680,37,2931,2,-0.7189666327522725
4707,20230814-10AM_680_37_2931_3,0.135,0.0,680,37,2931,3,-0.8696662315049939
4708,20230814-10AM_680_37_2931_4,0.178,0.0,680,37,2931,4,-0.7495799976911061
4709,20230814-10AM_680_37_2931_5,0.111,0.0,680,37,2931,5,-0.9546770212133425
4710,20230814-10AM_680_37_2931_6,0.197,0.0,680,37,2931,6,-0.7055337738384071
4711,20230814-10AM_680_37_2931_7,0.164,0.0,680,37,2931,7,-0.7851561519523022
4712,20230814-10AM_750_37_2931_0,0.102,0.0,750,37,2931,0,-0.9913998282380825
4713,20230814-10AM_750_37_2931_1,0.102,0.0,750,37,2931,1,-0.9913998282380825
4714,20230814-10AM_750_37_2931_2,0.132,0.0,750,37,2931,2,-0.8794260687941501
4715,20230814-10AM_750_37_2931_3,0.098,0.0,750,37,2931,3,-1.0087739243075051
4716,20230814-10AM_750_37_2931_4,0.121,0.0,750,37,2931,4,-0.9172146296835499
4717,20230814-10AM_750_37_2931_5,0.082,0.0,750,37,2931,5,-1.0861861476162833
4718,20230814-10AM_750_37_2931_6,0.125,0.0,750,37,2931,6,-0.9030899869919435
4719,20230814-10AM_750_37_2931_7,0.099,0.0,750,37,2931,7,-1.00436480540245
4720,20230814-10AM_680_37_JG5_0,0.085,0.0,680,37,JG5,0,-1.0705810742857071
4721,20230814-10AM_680_37_JG5_1,0.07,0.0,680,37,JG5,1,-1.154901959985743
4722,20230814-10AM_680_37_JG5_2,0.072,0.0,680,37,JG5,2,-1.1426675035687315
4723,20230814-10AM_680_37_JG5_3,0.057,0.0,680,37,JG5,3,-1.2441251443275085
4724,20230814-10AM_680_37_JG5_4,0.128,0.0,680,37,JG5,4,-0.8927900303521317
4725,20230814-10AM_680_37_JG5_5,0.13,0.0,680,37,JG5,5,-0.8860566476931632
4726,20230814-10AM_680_37_JG5_6,0.058,0.0,680,37,JG5,6,-1.2365720064370627
4727,20230814-10AM_680_37_JG5_7,0.047,0.0,680,37,JG5,7,-1.3279021420642825
4728,20230814-10AM_750_37_JG5_0,0.068,0.0,750,37,JG5,0,-1.1674910872937636
4729,20230814-10AM_750_37_JG5_1,0.061,0.0,750,37,JG5,1,-1.214670164989233
4730,20230814-10AM_750_37_JG5_2,0.058,0.0,750,37,JG5,2,-1.2365720064370627
4731,20230814-10AM_750_37_JG5_3,0.053,0.0,750,37,JG5,3,-1.275724130399211
4732,20230814-10AM_750_37_JG5_4,0.087,0.0,750,37,JG5,4,-1.0604807473813815
4733,20230814-10AM_750_37_JG5_5,0.092,0.0,750,37,JG5,5,-1.0362121726544447
4734,20230814-10AM_750_37_JG5_6,0.054,0.0,750,37,JG5,6,-1.2676062401770316
4735,20230814-10AM_750_37_JG5_7,0.049,0.0,750,37,JG5,7,-1.3098039199714864
4736,20230814-10AM_680_37_BMS_0,0.167,0.0,680,37,BMS,0,-0.7772835288524167
4737,20230814-10AM_680_37_BMS_1,0.174,0.0,680,37,BMS,1,-0.7594507517174003
4738,20230814-10AM_680_37_BMS_2,0.112,0.0,680,37,BMS,2,-0.9507819773298184
4739,20230814-10AM_680_37_BMS_3,0.19,0.0,680,37,BMS,3,-0.721246399047171
4740,20230814-10AM_680_37_BMS_4,0.136,0.0,680,37,BMS,4,-0.8664610916297825
4741,20230814-10AM_680_37_BMS_5,0.139,0.0,680,37,BMS,5,-0.8569851997459049
4742,20230814-10AM_680_37_BMS_6,0.154,0.0,680,37,BMS,6,-0.8124792791635369
4743,20230814-10AM_680_37_BMS_7,0.19,0.0,680,37,BMS,7,-0.721246399047171
4744,20230814-10AM_750_37_BMS_0,0.109,0.0,750,37,BMS,0,-0.9625735020593764
4745,20230814-10AM_750_37_BMS_1,0.113,0.0,750,37,BMS,1,-0.9469215565165803
4746,20230814-10AM_750_37_BMS_2,0.078,0.0,750,37,BMS,2,-1.1079053973095196
4747,20230814-10AM_750_37_BMS_3,0.129,0.0,750,37,BMS,3,-0.889410289700751
4748,20230814-10AM_750_37_BMS_4,0.089,0.0,750,37,BMS,4,-1.0506099933550872
4749,20230814-10AM_750_37_BMS_5,0.095,0.0,750,37,BMS,5,-1.0222763947111522
4750,20230814-10AM_750_37_BMS_6,0.1,0.0,750,37,BMS,6,-1.0
4751,20230814-10AM_750_37_BMS_7,0.126,0.0,750,37,BMS,7,-0.8996294548824371
4752,20230817-9PM_680_25_3059_0,1.87,83.0,680,25,3059,0,0.27184160653649897
4753,20230817-9PM_680_25_3059_1,1.94,83.0,680,25,3059,1,0.287801729930226
4754,20230817-9PM_680_25_3059_2,1.942,83.0,680,25,3059,2,0.28824922557198607
4755,20230817-9PM_680_25_3059_3,1.934,83.0,680,25,3059,3,0.28645646974698286
4756,20230817-9PM_680_25_3059_4,1.916,83.0,680,25,3059,4,0.2823955047425256
4757,20230817-9PM_680_25_3059_5,2.148,83.0,680,25,3059,5,0.33203427702751803
4758,20230817-9PM_680_25_3059_6,1.791,83.0,680,25,3059,6,0.2530955858490315
4759,20230817-9PM_680_25_3059_7,2.04,83.0,680,25,3059,7,0.3096301674258988
4760,20230817-9PM_750_25_3059_0,1.078,83.0,750,25,3059,0,0.03261876085071993
4761,20230817-9PM_750_25_3059_1,1.095,83.0,750,25,3059,1,0.03941411917613713
4762,20230817-9PM_750_25_3059_2,1.09,83.0,750,25,3059,2,0.037426497940623665
4763,20230817-9PM_750_25_3059_3,1.131,83.0,750,25,3059,3,0.05346260492545529
4764,20230817-9PM_750_25_3059_4,1.169,83.0,750,25,3059,4,0.06781451116184012
4765,20230817-9PM_750_25_3059_5,1.068,83.0,750,25,3059,5,0.028571252692537637
4766,20230817-9PM_750_25_3059_6,1.005,83.0,750,25,3059,6,0.0021660617565076304
4767,20230817-9PM_750_25_3059_7,1.086,83.0,750,25,3059,7,0.03582982525282817
4768,20230817-9PM_680_25_1691_0,2.068,83.0,680,25,1691,0,0.3155505344219049
4769,20230817-9PM_680_25_1691_1,1.344,83.0,680,25,1691,1,0.12839926871780646
4770,20230817-9PM_680_25_1691_2,1.673,83.0,680,25,1691,2,0.22349594096239453
4771,20230817-9PM_680_25_1691_3,0.889,83.0,680,25,1691,3,-0.0510982390297863
4772,20230817-9PM_680_25_1691_4,1.387,83.0,680,25,1691,4,0.14207646107328487
4773,20230817-9PM_680_25_1691_5,0.96,83.0,680,25,1691,5,-0.017728766960431602
4774,20230817-9PM_680_25_1691_6,1.107,83.0,680,25,1691,6,0.0441476208787228
4775,20230817-9PM_680_25_1691_7,1.21,83.0,680,25,1691,7,0.08278537031645007
4776,20230817-9PM_750_25_1691_0,1.065,83.0,750,25,1691,0,0.027349607774756507
4777,20230817-9PM_750_25_1691_1,0.722,83.0,750,25,1691,1,-0.14146280243036088
4778,20230817-9PM_750_25_1691_2,0.919,83.0,750,25,1691,2,-0.03668448861388872
4779,20230817-9PM_750_25_1691_3,0.522,83.0,750,25,1691,3,-0.28232949699773785
4780,20230817-9PM_750_25_1691_4,0.865,83.0,750,25,1691,4,-0.06298389253518578
4781,20230817-9PM_750_25_1691_5,0.603,83.0,750,25,1691,5,-0.2196826878598487
4782,20230817-9PM_750_25_1691_6,0.633,83.0,750,25,1691,6,-0.1985962899826449
4783,20230817-9PM_750_25_1691_7,0.696,83.0,750,25,1691,7,-0.15739076038943792
4784,20230817-9PM_680_25_1690_0,1.674,83.0,680,25,1690,0,0.22375545365724117
4785,20230817-9PM_680_25_1690_1,2.294,83.0,680,25,1690,1,0.3605934135652489
4786,20230817-9PM_680_25_1690_2,2.1,83.0,680,25,1690,2,0.3222192947339193
4787,20230817-9PM_680_25_1690_3,1.173,83.0,680,25,1690,3,0.06929801211552926
4788,20230817-9PM_680_25_1690_4,1.165,83.0,680,25,1690,4,0.0663259253620378
4789,20230817-9PM_680_25_1690_5,1.356,83.0,680,25,1690,5,0.13225968953104458
4790,20230817-9PM_680_25_1690_6,1.944,83.0,680,25,1690,6,0.28869626059025577
4791,20230817-9PM_680_25_1690_7,1.666,83.0,680,25,1690,7,0.22167499707076876
4792,20230817-9PM_750_25_1690_0,0.965,83.0,750,25,1690,0,-0.015472686656207449
4793,20230817-9PM_750_25_1690_1,1.177,83.0,750,25,1690,1,0.0707764628434347
4794,20230817-9PM_750_25_1690_2,1.088,83.0,750,25,1690,2,0.03662889536216113
4795,20230817-9PM_750_25_1690_3,0.81,83.0,750,25,1690,3,-0.09151498112135022
4796,20230817-9PM_750_25_1690_4,0.76,83.0,750,25,1690,4,-0.11918640771920865
4797,20230817-9PM_750_25_1690_5,0.785,83.0,750,25,1690,5,-0.10513034325474745
4798,20230817-9PM_750_25_1690_6,0.982,83.0,750,25,1690,6,-0.00788851221305034
4799,20230817-9PM_750_25_1690_7,0.965,83.0,750,25,1690,7,-0.015472686656207449
4800,20230817-9PM_680_25_2342_0,1.23,83.0,680,25,2342,0,0.08990511143939793
4801,20230817-9PM_680_25_2342_1,1.319,83.0,680,25,2342,1,0.12024479554636527
4802,20230817-9PM_680_25_2342_2,1.977,83.0,680,25,2342,2,0.2960066693136723
4803,20230817-9PM_680_25_2342_3,1.978,83.0,680,25,2342,3,0.29622628726116057
4804,20230817-9PM_680_25_2342_4,1.135,83.0,680,25,2342,4,0.05499586152914153
4805,20230817-9PM_680_25_2342_5,1.285,83.0,680,25,2342,5,0.10890312766731332
4806,20230817-9PM_680_25_2342_6,1.171,83.0,680,25,2342,6,0.06855689507236315
4807,20230817-9PM_680_25_2342_7,1.22,83.0,680,25,2342,7,0.08635983067474821
4808,20230817-9PM_750_25_2342_0,0.826,83.0,750,25,2342,0,-0.0830199526796178
4809,20230817-9PM_750_25_2342_1,0.942,83.0,750,25,2342,1,-0.025949097207122653
4810,20230817-9PM_750_25_2342_2,1.148,83.0,750,25,2342,2,0.05994188806195468
4811,20230817-9PM_750_25_2342_3,1.211,83.0,750,25,2342,3,0.08314414314305227
4812,20230817-9PM_750_25_2342_4,0.633,83.0,750,25,2342,4,-0.1985962899826449
4813,20230817-9PM_750_25_2342_5,0.891,83.0,750,25,2342,5,-0.0501222959631252
4814,20230817-9PM_750_25_2342_6,0.829,83.0,750,25,2342,6,-0.08144546944972647
4815,20230817-9PM_750_25_2342_7,0.853,83.0,750,25,2342,7,-0.06905096883247698
4816,20230817-9PM_680_25_4532_0,1.855,83.0,680,25,4532,0,0.26834391395106466
4817,20230817-9PM_680_25_4532_1,1.716,83.0,680,25,4532,1,0.23451728351268664
4818,20230817-9PM_680_25_4532_2,1.799,83.0,680,25,4532,2,0.25503116334555137
4819,20230817-9PM_680_25_4532_3,1.676,83.0,680,25,4532,3,0.2242740142942577
4820,20230817-9PM_680_25_4532_4,2.057,83.0,680,25,4532,4,0.313234291694724
4821,20230817-9PM_680_25_4532_5,1.734,83.0,680,25,4532,5,0.2390490931401915
4822,20230817-9PM_680_25_4532_6,1.82,83.0,680,25,4532,6,0.2600713879850748
4823,20230817-9PM_680_25_4532_7,1.467,83.0,680,25,4532,7,0.1664301138432827
4824,20230817-9PM_750_25_4532_0,0.928,83.0,750,25,4532,0,-0.032452023781137915
4825,20230817-9PM_750_25_4532_1,0.969,83.0,750,25,4532,1,-0.013676222949234686
4826,20230817-9PM_750_25_4532_2,1.13,83.0,750,25,4532,2,0.05307844348341968
4827,20230817-9PM_750_25_4532_3,0.931,83.0,750,25,4532,3,-0.031050319018657353
4828,20230817-9PM_750_25_4532_4,0.973,83.0,750,25,4532,4,-0.0118871597316481
4829,20230817-9PM_750_25_4532_5,0.888,83.0,750,25,4532,5,-0.05158703422139897
4830,20230817-9PM_750_25_4532_6,1.02,83.0,750,25,4532,6,0.00860017176191757
4831,20230817-9PM_750_25_4532_7,0.693,83.0,750,25,4532,7,-0.1592667653881933
4832,20230817-9PM_680_25_2344_0,1.11,83.0,680,25,2344,0,0.045322978786657475
4833,20230817-9PM_680_25_2344_1,1.674,83.0,680,25,2344,1,0.22375545365724117
4834,20230817-9PM_680_25_2344_2,1.424,83.0,680,25,2344,2,0.15350998930083753
4835,20230817-9PM_680_25_2344_3,1.242,83.0,680,25,2344,3,0.09412159584056139
4836,20230817-9PM_680_25_2344_4,1.506,83.0,680,25,2344,4,0.17782497186468177
4837,20230817-9PM_680_25_2344_5,1.23,83.0,680,25,2344,5,0.08990511143939793
4838,20230817-9PM_680_25_2344_6,1.851,83.0,680,25,2344,6,0.2674064187529041
4839,20230817-9PM_680_25_2344_7,1.159,83.0,680,25,2344,7,0.064083435963596
4840,20230817-9PM_750_25_2344_0,0.675,83.0,750,25,2344,0,-0.17069622716897506
4841,20230817-9PM_750_25_2344_1,0.893,83.0,750,25,2344,1,-0.049148541111453566
4842,20230817-9PM_750_25_2344_2,0.825,83.0,750,25,2344,2,-0.08354605145007493
4843,20230817-9PM_750_25_2344_3,0.711,83.0,750,25,2344,3,-0.14813039927023372
4844,20230817-9PM_750_25_2344_4,0.851,83.0,750,25,2344,4,-0.07007043991541213
4845,20230817-9PM_750_25_2344_5,0.729,83.0,750,25,2344,5,-0.1372724716820254
4846,20230817-9PM_750_25_2344_6,0.968,83.0,750,25,2344,6,-0.014124642691606345
4847,20230817-9PM_750_25_2344_7,0.687,83.0,750,25,2344,7,-0.16304326294044955
4848,20230817-9PM_680_25_2343_0,1.485,83.0,680,25,2343,0,0.1717264536532312
4849,20230817-9PM_680_25_2343_1,1.108,83.0,680,25,2343,1,0.04453976039241098
4850,20230817-9PM_680_25_2343_2,0.898,83.0,680,25,2343,2,-0.04672366333269562
4851,20230817-9PM_680_25_2343_3,2.145,83.0,680,25,2343,3,0.33142729652074304
4852,20230817-9PM_680_25_2343_4,1.364,83.0,680,25,2343,4,0.13481437032046015
4853,20230817-9PM_680_25_2343_5,2.145,83.0,680,25,2343,5,0.33142729652074304
4854,20230817-9PM_680_25_2343_6,2.125,83.0,680,25,2343,6,0.32735893438633035
4855,20230817-9PM_680_25_2343_7,1.562,83.0,680,25,2343,7,0.19368102954128152
4856,20230817-9PM_750_25_2343_0,0.935,83.0,750,25,2343,0,-0.0291883891274822
4857,20230817-9PM_750_25_2343_1,0.829,83.0,750,25,2343,1,-0.08144546944972647
4858,20230817-9PM_750_25_2343_2,0.639,83.0,750,25,2343,2,-0.19449914184159983
4859,20230817-9PM_750_25_2343_3,1.162,83.0,750,25,2343,3,0.0652061280543119
4860,20230817-9PM_750_25_2343_4,0.937,83.0,750,25,2343,4,-0.02826040911222171
4861,20230817-9PM_750_25_2343_5,1.295,83.0,750,25,2343,5,0.11226976841727061
4862,20230817-9PM_750_25_2343_6,1.234,83.0,750,25,2343,6,0.09131515969722287
4863,20230817-9PM_750_25_2343_7,1.039,83.0,750,25,2343,7,0.016615547557177382
4864,20230817-9PM_680_25_1952_0,1.599,83.0,680,25,1952,0,0.2038484637462347
4865,20230817-9PM_680_25_1952_1,2.022,83.0,680,25,1952,1,0.30578115125498223
4866,20230817-9PM_680_25_1952_2,0.961,83.0,680,25,1952,2,-0.017276612331454656
4867,20230817-9PM_680_25_1952_3,1.959,83.0,680,25,1952,3,0.2920344359947364
4868,20230817-9PM_680_25_1952_4,1.775,83.0,680,25,1952,4,0.24919835739111287
4869,20230817-9PM_680_25_1952_5,1.906,83.0,680,25,1952,5,0.2801228963023076
4870,20230817-9PM_680_25_1952_6,1.973,83.0,680,25,1952,6,0.2951270852521912
4871,20230817-9PM_680_25_1952_7,1.702,83.0,680,25,1952,7,0.23095955574856905
4872,20230817-9PM_750_25_1952_0,0.908,83.0,750,25,1952,0,-0.04191415147891488
4873,20230817-9PM_750_25_1952_1,1.028,83.0,750,25,1952,1,0.011993114659256938
4874,20230817-9PM_750_25_1952_2,0.557,83.0,750,25,1952,2,-0.25414480482627105
4875,20230817-9PM_750_25_1952_3,0.989,83.0,750,25,1952,3,-0.004803708402820599
4876,20230817-9PM_750_25_1952_4,0.954,83.0,750,25,1952,4,-0.020451625295904902
4877,20230817-9PM_750_25_1952_5,1.008,83.0,750,25,1952,5,0.003460532109506489
4878,20230817-9PM_750_25_1952_6,0.983,83.0,750,25,1952,6,-0.007446482167864384
4879,20230817-9PM_750_25_1952_7,0.988,83.0,750,25,1952,7,-0.005243055412371883
4880,20230817-9PM_680_25_2931_0,1.827,83.0,680,25,2931,0,0.26173854735253776
4881,20230817-9PM_680_25_2931_1,1.573,83.0,680,25,2931,1,0.19672872262328683
4882,20230817-9PM_680_25_2931_2,1.557,83.0,680,25,2931,2,0.19228861256812027
4883,20230817-9PM_680_25_2931_3,1.569,83.0,680,25,2931,3,0.19562294358693666
4884,20230817-9PM_680_25_2931_4,1.681,83.0,680,25,2931,4,0.225567713439471
4885,20230817-9PM_680_25_2931_5,1.692,83.0,680,25,2931,5,0.2284003587030047
4886,20230817-9PM_680_25_2931_6,1.972,83.0,680,25,2931,6,0.2949069106051924
4887,20230817-9PM_680_25_2931_7,1.912,83.0,680,25,2931,7,0.2814878879400812
4888,20230817-9PM_750_25_2931_0,1.194,83.0,750,25,2931,0,0.07700432679335026
4889,20230817-9PM_750_25_2931_1,0.866,83.0,750,25,2931,1,-0.06248210798265336
4890,20230817-9PM_750_25_2931_2,0.862,83.0,750,25,2931,2,-0.06449273417528721
4891,20230817-9PM_750_25_2931_3,0.904,83.0,750,25,2931,3,-0.04383156952463668
4892,20230817-9PM_750_25_2931_4,0.92,83.0,750,25,2931,4,-0.036212172654444715
4893,20230817-9PM_750_25_2931_5,0.975,83.0,750,25,2931,5,-0.010995384301463193
4894,20230817-9PM_750_25_2931_6,1.14,83.0,750,25,2931,6,0.05690485133647256
4895,20230817-9PM_750_25_2931_7,0.961,83.0,750,25,2931,7,-0.017276612331454656
4896,20230817-9PM_680_25_JG5_0,0.983,83.0,680,25,JG5,0,-0.007446482167864384
4897,20230817-9PM_680_25_JG5_1,0.981,83.0,680,25,JG5,1,-0.008330992620051497
4898,20230817-9PM_680_25_JG5_2,0.841,83.0,680,25,JG5,2,-0.07520400420208784
4899,20230817-9PM_680_25_JG5_3,1.043,83.0,680,25,JG5,3,0.018284308426530838
4900,20230817-9PM_680_25_JG5_4,1.477,83.0,680,25,JG5,4,0.1693804953119495
4901,20230817-9PM_680_25_JG5_5,1.076,83.0,680,25,JG5,5,0.0318122713303704
4902,20230817-9PM_680_25_JG5_6,1.158,83.0,680,25,JG5,6,0.06370855939141737
4903,20230817-9PM_680_25_JG5_7,1.057,83.0,680,25,JG5,7,0.024074987307426243
4904,20230817-9PM_750_25_JG5_0,0.591,83.0,750,25,JG5,0,-0.22841251911874466
4905,20230817-9PM_750_25_JG5_1,0.578,83.0,750,25,JG5,1,-0.23807216157947098
4906,20230817-9PM_750_25_JG5_2,0.464,83.0,750,25,JG5,2,-0.3334820194451191
4907,20230817-9PM_750_25_JG5_3,0.574,83.0,750,25,JG5,3,-0.2410881076020265
4908,20230817-9PM_750_25_JG5_4,0.797,83.0,750,25,JG5,4,-0.09854167860388763
4909,20230817-9PM_750_25_JG5_5,0.621,83.0,750,25,JG5,5,-0.20690839982341983
4910,20230817-9PM_750_25_JG5_6,0.581,83.0,750,25,JG5,6,-0.2358238676096693
4911,20230817-9PM_750_25_JG5_7,0.547,83.0,750,25,JG5,7,-0.2620126736665692
4912,20230817-9PM_680_25_BMS_0,1.977,83.0,680,25,BMS,0,0.2960066693136723
4913,20230817-9PM_680_25_BMS_1,1.337,83.0,680,25,BMS,1,0.12613140726198435
4914,20230817-9PM_680_25_BMS_2,1.368,83.0,680,25,BMS,2,0.13608609738409747
4915,20230817-9PM_680_25_BMS_3,1.825,83.0,680,25,BMS,3,0.2612628687924935
4916,20230817-9PM_680_25_BMS_4,0.835,83.0,680,25,BMS,4,-0.07831352451639793
4917,20230817-9PM_680_25_BMS_5,0.918,83.0,680,25,BMS,5,-0.03715731879875755
4918,20230817-9PM_680_25_BMS_6,1.403,83.0,680,25,BMS,6,0.14705767102835993
4919,20230817-9PM_680_25_BMS_7,0.778,83.0,680,25,BMS,7,-0.10902040301031106
4920,20230817-9PM_750_25_BMS_0,1.093,83.0,750,25,BMS,0,0.03862016194970278
4921,20230817-9PM_750_25_BMS_1,0.911,83.0,750,25,BMS,1,-0.040481623027001735
4922,20230817-9PM_750_25_BMS_2,0.807,83.0,750,25,BMS,2,-0.09312646527792956
4923,20230817-9PM_750_25_BMS_3,1.057,83.0,750,25,BMS,3,0.024074987307426243
4924,20230817-9PM_750_25_BMS_4,0.568,83.0,750,25,BMS,4,-0.24565166428898116
4925,20230817-9PM_750_25_BMS_5,0.585,83.0,750,25,BMS,5,-0.23284413391781958
4926,20230817-9PM_750_25_BMS_6,0.719,83.0,750,25,BMS,6,-0.14327110961711742
4927,20230817-9PM_750_25_BMS_7,0.544,83.0,750,25,BMS,7,-0.26440110030182007
4928,20230817-9PM_680_39_3059_0,0.745,83.0,680,39,3059,0,-0.12784372725170717
4929,20230817-9PM_680_39_3059_1,0.465,83.0,680,39,3059,1,-0.33254704711004607
4930,20230817-9PM_680_39_3059_2,0.733,83.0,680,39,3059,2,-0.13489602535887207
4931,20230817-9PM_680_39_3059_3,0.882,83.0,680,39,3059,3,-0.054531414868180264
4932,20230817-9PM_680_39_3059_4,0.863,83.0,680,39,3059,4,-0.06398920428479041
4933,20230817-9PM_680_39_3059_5,0.483,83.0,680,39,3059,5,-0.31605286924848786
4934,20230817-9PM_680_39_3059_6,0.556,83.0,680,39,3059,6,-0.2549252084179425
4935,20230817-9PM_680_39_3059_7,0.92,83.0,680,39,3059,7,-0.036212172654444715
4936,20230817-9PM_750_39_3059_0,0.516,83.0,750,39,3059,0,-0.28735029837278864
4937,20230817-9PM_750_39_3059_1,0.296,83.0,750,39,3059,1,-0.5287082889410615
4938,20230817-9PM_750_39_3059_2,0.49,83.0,750,39,3059,2,-0.3098039199714863
4939,20230817-9PM_750_39_3059_3,0.592,83.0,750,39,3059,3,-0.22767829327708025
4940,20230817-9PM_750_39_3059_4,0.642,83.0,750,39,3059,4,-0.19246497193114673
4941,20230817-9PM_750_39_3059_5,0.283,83.0,750,39,3059,5,-0.5482135644757098
4942,20230817-9PM_750_39_3059_6,0.371,83.0,750,39,3059,6,-0.43062609038495414
4943,20230817-9PM_750_39_3059_7,0.726,83.0,750,39,3059,7,-0.1390633792999063
4944,20230817-9PM_680_39_1691_0,0.812,83.0,680,39,1691,0,-0.09044397075882467
4945,20230817-9PM_680_39_1691_1,0.573,83.0,680,39,1691,1,-0.24184537803261005
4946,20230817-9PM_680_39_1691_2,0.608,83.0,680,39,1691,2,-0.21609642072726507
4947,20230817-9PM_680_39_1691_3,0.653,83.0,680,39,1691,3,-0.18508681872492605
4948,20230817-9PM_680_39_1691_4,0.653,83.0,680,39,1691,4,-0.18508681872492605
4949,20230817-9PM_680_39_1691_5,0.128,83.0,680,39,1691,5,-0.8927900303521317
4950,20230817-9PM_680_39_1691_6,0.831,83.0,680,39,1691,6,-0.08039897621588903
4951,20230817-9PM_680_39_1691_7,0.765,83.0,680,39,1691,7,-0.11633856484638239
4952,20230817-9PM_750_39_1691_0,0.626,83.0,750,39,1691,0,-0.20342566678957033
4953,20230817-9PM_750_39_1691_1,0.445,83.0,750,39,1691,1,-0.3516399890190684
4954,20230817-9PM_750_39_1691_2,0.487,83.0,750,39,1691,2,-0.3124710387853657
4955,20230817-9PM_750_39_1691_3,0.513,83.0,750,39,1691,3,-0.2898826348881837
4956,20230817-9PM_750_39_1691_4,0.496,83.0,750,39,1691,4,-0.30451832350980257
4957,20230817-9PM_750_39_1691_5,0.102,83.0,750,39,1691,5,-0.9913998282380825
4958,20230817-9PM_750_39_1691_6,0.544,83.0,750,39,1691,6,-0.26440110030182007
4959,20230817-9PM_750_39_1691_7,0.533,83.0,750,39,1691,7,-0.2732727909734277
4960,20230817-9PM_680_39_1690_0,0.401,83.0,680,39,1690,0,-0.39685562737981767
4961,20230817-9PM_680_39_1690_1,0.532,83.0,680,39,1690,1,-0.2740883677049518
4962,20230817-9PM_680_39_1690_2,0.589,83.0,680,39,1690,2,-0.2298847052128984
4963,20230817-9PM_680_39_1690_3,0.552,83.0,680,39,1690,3,-0.2580609222708011
4964,20230817-9PM_680_39_1690_4,0.403,83.0,680,39,1690,4,-0.39469495385889053
4965,20230817-9PM_680_39_1690_5,0.469,83.0,680,39,1690,5,-0.32882715728491674
4966,20230817-9PM_680_39_1690_6,0.607,83.0,680,39,1690,6,-0.21681130892474243
4967,20230817-9PM_680_39_1690_7,0.444,83.0,680,39,1690,7,-0.3526170298853802
4968,20230817-9PM_750_39_1690_0,0.335,83.0,750,39,1690,0,-0.47495519296315475
4969,20230817-9PM_750_39_1690_1,0.416,83.0,750,39,1690,1,-0.3809066693732573
4970,20230817-9PM_750_39_1690_2,0.446,83.0,750,39,1690,2,-0.35066514128785814
4971,20230817-9PM_750_39_1690_3,0.461,83.0,750,39,1690,3,-0.33629907461035186
4972,20230817-9PM_750_39_1690_4,0.328,83.0,750,39,1690,4,-0.4841261562883209
4973,20230817-9PM_750_39_1690_5,0.402,83.0,750,39,1690,5,-0.3957739469155299
4974,20230817-9PM_750_39_1690_6,0.487,83.0,750,39,1690,6,-0.3124710387853657
4975,20230817-9PM_750_39_1690_7,0.372,83.0,750,39,1690,7,-0.4294570601181025
4976,20230817-9PM_680_39_2342_0,0.221,83.0,680,39,2342,0,-0.6556077263148893
4977,20230817-9PM_680_39_2342_1,0.3,83.0,680,39,2342,1,-0.5228787452803376
4978,20230817-9PM_680_39_2342_2,0.357,83.0,680,39,2342,2,-0.4473317838878068
4979,20230817-9PM_680_39_2342_3,0.253,83.0,680,39,2342,3,-0.5968794788241821
4980,20230817-9PM_680_39_2342_4,0.175,83.0,680,39,2342,4,-0.7569619513137056
4981,20230817-9PM_680_39_2342_5,0.314,83.0,680,39,2342,5,-0.5030703519267851
4982,20230817-9PM_680_39_2342_6,1.063,83.0,680,39,2342,6,0.026533264523296733
4983,20230817-9PM_680_39_2342_7,0.257,83.0,680,39,2342,7,-0.5900668766687055
4984,20230817-9PM_750_39_2342_0,0.194,83.0,750,39,2342,0,-0.712198270069774
4985,20230817-9PM_750_39_2342_1,0.258,83.0,750,39,2342,1,-0.5883802940367698
4986,20230817-9PM_750_39_2342_2,0.292,83.0,750,39,2342,2,-0.5346171485515817
4987,20230817-9PM_750_39_2342_3,0.229,83.0,750,39,2342,3,-0.640164517660112
4988,20230817-9PM_750_39_2342_4,0.156,83.0,750,39,2342,4,-0.8068754016455384
4989,20230817-9PM_750_39_2342_5,0.274,83.0,750,39,2342,5,-0.562249437179612
4990,20230817-9PM_750_39_2342_6,1.094,83.0,750,39,2342,6,0.039017321997412
4991,20230817-9PM_750_39_2342_7,0.235,83.0,750,39,2342,7,-0.6289321377282637
4992,20230817-9PM_680_39_4532_0,0.381,83.0,680,39,4532,0,-0.4190750243243807
4993,20230817-9PM_680_39_4532_1,0.394,83.0,680,39,4532,1,-0.40450377817442584
4994,20230817-9PM_680_39_4532_2,0.372,83.0,680,39,4532,2,-0.4294570601181025
4995,20230817-9PM_680_39_4532_3,0.318,83.0,680,39,4532,3,-0.4975728800155673
4996,20230817-9PM_680_39_4532_4,0.37,83.0,680,39,4532,4,-0.431798275933005
4997,20230817-9PM_680_39_4532_5,0.325,83.0,680,39,4532,5,-0.4881166390211256
4998,20230817-9PM_680_39_4532_6,0.316,83.0,680,39,4532,6,-0.5003129173815962
4999,20230817-9PM_680_39_4532_7,0.389,83.0,680,39,4532,7,-0.41005039867429227
5000,20230817-9PM_750_39_4532_0,0.274,83.0,750,39,4532,0,-0.562249437179612
5001,20230817-9PM_750_39_4532_1,0.343,83.0,750,39,4532,1,-0.46470587995722945
5002,20230817-9PM_750_39_4532_2,0.325,83.0,750,39,4532,2,-0.4881166390211256
5003,20230817-9PM_750_39_4532_3,0.284,83.0,750,39,4532,3,-0.5466816599529624
5004,20230817-9PM_750_39_4532_4,0.338,83.0,750,39,4532,4,-0.47108329972234525
5005,20230817-9PM_750_39_4532_5,0.259,83.0,750,39,4532,5,-0.5867002359187482
5006,20230817-9PM_750_39_4532_6,0.302,83.0,750,39,4532,6,-0.5199930570428494
5007,20230817-9PM_750_39_4532_7,0.359,83.0,750,39,4532,7,-0.44490555142168087
5008,20230817-9PM_680_39_2344_0,0.564,83.0,680,39,2344,0,-0.24872089601665776
5009,20230817-9PM_680_39_2344_1,0.341,83.0,680,39,2344,1,-0.4672456210075022
5010,20230817-9PM_680_39_2344_2,0.55,83.0,680,39,2344,2,-0.2596373105057561
5011,20230817-9PM_680_39_2344_3,0.381,83.0,680,39,2344,3,-0.4190750243243807
5012,20230817-9PM_680_39_2344_4,0.344,83.0,680,39,2344,4,-0.46344155742846993
5013,20230817-9PM_680_39_2344_5,0.563,83.0,680,39,2344,5,-0.24949160514865382
5014,20230817-9PM_680_39_2344_6,0.646,83.0,680,39,2344,6,-0.1897674820049159
5015,20230817-9PM_680_39_2344_7,0.417,83.0,680,39,2344,7,-0.3798639450262425
5016,20230817-9PM_750_39_2344_0,0.45,83.0,750,39,2344,0,-0.3467874862246563
5017,20230817-9PM_750_39_2344_1,0.263,83.0,750,39,2344,1,-0.5800442515102421
5018,20230817-9PM_750_39_2344_2,0.419,83.0,750,39,2344,2,-0.3777859770337047
5019,20230817-9PM_750_39_2344_3,0.301,83.0,750,39,2344,3,-0.5214335044061567
5020,20230817-9PM_750_39_2344_4,0.276,83.0,750,39,2344,4,-0.5590909179347823
5021,20230817-9PM_750_39_2344_5,0.443,83.0,750,39,2344,5,-0.3535962737769304
5022,20230817-9PM_750_39_2344_6,0.477,83.0,750,39,2344,6,-0.3214816209598861
5023,20230817-9PM_750_39_2344_7,0.325,83.0,750,39,2344,7,-0.4881166390211256
5024,20230817-9PM_680_39_2343_0,0.462,83.0,680,39,2343,0,-0.33535802444387447
5025,20230817-9PM_680_39_2343_1,0.571,83.0,680,39,2343,1,-0.243363891754152
5026,20230817-9PM_680_39_2343_2,0.395,83.0,680,39,2343,2,-0.40340290437353976
5027,20230817-9PM_680_39_2343_3,0.513,83.0,680,39,2343,3,-0.2898826348881837
5028,20230817-9PM_680_39_2343_4,0.307,83.0,680,39,2343,4,-0.5128616245228135
5029,20230817-9PM_680_39_2343_5,0.406,83.0,680,39,2343,5,-0.39147396642280585
5030,20230817-9PM_680_39_2343_6,0.389,83.0,680,39,2343,6,-0.41005039867429227
5031,20230817-9PM_680_39_2343_7,0.436,83.0,680,39,2343,7,-0.36051351073141397
5032,20230817-9PM_750_39_2343_0,0.346,83.0,750,39,2343,0,-0.46092390120722343
5033,20230817-9PM_750_39_2343_1,0.394,83.0,750,39,2343,1,-0.40450377817442584
5034,20230817-9PM_750_39_2343_2,0.308,83.0,750,39,2343,2,-0.5114492834995558
5035,20230817-9PM_750_39_2343_3,0.336,83.0,750,39,2343,3,-0.4736607226101559
5036,20230817-9PM_750_39_2343_4,0.266,83.0,750,39,2343,4,-0.575118363368933
5037,20230817-9PM_750_39_2343_5,0.291,83.0,750,39,2343,5,-0.5361070110140927
5038,20230817-9PM_750_39_2343_6,0.276,83.0,750,39,2343,6,-0.5590909179347823
5039,20230817-9PM_750_39_2343_7,0.333,83.0,750,39,2343,7,-0.4775557664936801
5040,20230817-9PM_680_39_1952_0,0.697,83.0,680,39,1952,0,-0.1567672219019906
5041,20230817-9PM_680_39_1952_1,0.851,83.0,680,39,1952,1,-0.07007043991541213
5042,20230817-9PM_680_39_1952_2,0.677,83.0,680,39,1952,2,-0.16941133131485567
5043,20230817-9PM_680_39_1952_3,0.857,83.0,680,39,1952,3,-0.06701917807680184
5044,20230817-9PM_680_39_1952_4,0.916,83.0,680,39,1952,4,-0.0381045263321496
5045,20230817-9PM_680_39_1952_5,1.072,83.0,680,39,1952,5,0.03019478535675124
5046,20230817-9PM_680_39_1952_6,1.052,83.0,680,39,1952,6,0.02201573981772028
5047,20230817-9PM_680_39_1952_7,0.946,83.0,680,39,1952,7,-0.02410886359820726
5048,20230817-9PM_750_39_1952_0,0.493,83.0,750,39,1952,0,-0.30715308072277
5049,20230817-9PM_750_39_1952_1,0.545,83.0,750,39,1952,1,-0.2636034977233575
5050,20230817-9PM_750_39_1952_2,0.436,83.0,750,39,1952,2,-0.36051351073141397
5051,20230817-9PM_750_39_1952_3,0.536,83.0,750,39,1952,3,-0.27083521030722996
5052,20230817-9PM_750_39_1952_4,0.569,83.0,750,39,1952,4,-0.24488773360492885
5053,20230817-9PM_750_39_1952_5,0.688,83.0,750,39,1952,5,-0.16241156176448873
5054,20230817-9PM_750_39_1952_6,0.708,83.0,750,39,1952,6,-0.149966742310231
5055,20230817-9PM_750_39_1952_7,0.619,83.0,750,39,1952,7,-0.208309350979882
5056,20230817-9PM_680_39_2931_0,0.586,83.0,680,39,2931,0,-0.23210238398190938
5057,20230817-9PM_680_39_2931_1,0.457,83.0,680,39,2931,1,-0.34008379993014975
5058,20230817-9PM_680_39_2931_2,0.59,83.0,680,39,2931,2,-0.22914798835785583
5059,20230817-9PM_680_39_2931_3,0.426,83.0,680,39,2931,3,-0.37059040089728107
5060,20230817-9PM_680_39_2931_4,0.561,83.0,680,39,2931,4,-0.25103713874383854
5061,20230817-9PM_680_39_2931_5,0.437,83.0,680,39,2931,5,-0.3595185630295782
5062,20230817-9PM_680_39_2931_6,0.625,83.0,680,39,2931,6,-0.2041199826559248
5063,20230817-9PM_680_39_2931_7,0.474,83.0,680,39,2931,7,-0.324221658325915
5064,20230817-9PM_750_39_2931_0,0.456,83.0,750,39,2931,0,-0.341035157335565
5065,20230817-9PM_750_39_2931_1,0.32,83.0,750,39,2931,1,-0.494850021680094
5066,20230817-9PM_750_39_2931_2,0.441,83.0,750,39,2931,2,-0.35556141053216145
5067,20230817-9PM_750_39_2931_3,0.323,83.0,750,39,2931,3,-0.4907974776688971
5068,20230817-9PM_750_39_2931_4,0.414,83.0,750,39,2931,4,-0.3829996588791011
5069,20230817-9PM_750_39_2931_5,0.302,83.0,750,39,2931,5,-0.5199930570428494
5070,20230817-9PM_750_39_2931_6,0.529,83.0,750,39,2931,6,-0.2765443279648142
5071,20230817-9PM_750_39_2931_7,0.394,83.0,750,39,2931,7,-0.40450377817442584
5072,20230817-9PM_680_39_JG5_0,0.122,83.0,680,39,JG5,0,-0.9136401693252518
5073,20230817-9PM_680_39_JG5_1,0.146,83.0,680,39,JG5,1,-0.835647144215563
5074,20230817-9PM_680_39_JG5_2,0.125,83.0,680,39,JG5,2,-0.9030899869919435
5075,20230817-9PM_680_39_JG5_3,0.158,83.0,680,39,JG5,3,-0.8013429130455774
5076,20230817-9PM_680_39_JG5_4,0.133,83.0,680,39,JG5,4,-0.8761483590329142
5077,20230817-9PM_680_39_JG5_5,0.115,83.0,680,39,JG5,5,-0.9393021596463883
5078,20230817-9PM_680_39_JG5_6,0.137,83.0,680,39,JG5,6,-0.8632794328435932
5079,20230817-9PM_680_39_JG5_7,0.118,83.0,680,39,JG5,7,-0.9281179926938746
5080,20230817-9PM_750_39_JG5_0,0.106,83.0,750,39,JG5,0,-0.9746941347352298
5081,20230817-9PM_750_39_JG5_1,0.121,83.0,750,39,JG5,1,-0.9172146296835499
5082,20230817-9PM_750_39_JG5_2,0.116,83.0,750,39,JG5,2,-0.9355420107730815
5083,20230817-9PM_750_39_JG5_3,0.133,83.0,750,39,JG5,3,-0.8761483590329142
5084,20230817-9PM_750_39_JG5_4,0.1,83.0,750,39,JG5,4,-1.0
5085,20230817-9PM_750_39_JG5_5,0.115,83.0,750,39,JG5,5,-0.9393021596463883
5086,20230817-9PM_750_39_JG5_6,0.126,83.0,750,39,JG5,6,-0.8996294548824371
5087,20230817-9PM_750_39_JG5_7,0.109,83.0,750,39,JG5,7,-0.9625735020593764
5088,20230817-9PM_680_39_BMS_0,0.539,83.0,680,39,BMS,0,-0.2684112348132613
5089,20230817-9PM_680_39_BMS_1,0.518,83.0,680,39,BMS,1,-0.28567024025476695
5090,20230817-9PM_680_39_BMS_2,0.53,83.0,680,39,BMS,2,-0.27572413039921095
5091,20230817-9PM_680_39_BMS_3,0.626,83.0,680,39,BMS,3,-0.20342566678957033
5092,20230817-9PM_680_39_BMS_4,0.522,83.0,680,39,BMS,4,-0.28232949699773785
5093,20230817-9PM_680_39_BMS_5,0.582,83.0,680,39,BMS,5,-0.23507701535011155
5094,20230817-9PM_680_39_BMS_6,0.51,83.0,680,39,BMS,6,-0.2924298239020636
5095,20230817-9PM_680_39_BMS_7,0.469,83.0,680,39,BMS,7,-0.32882715728491674
5096,20230817-9PM_750_39_BMS_0,0.47,83.0,750,39,BMS,0,-0.3279021420642826
5097,20230817-9PM_750_39_BMS_1,0.467,83.0,750,39,BMS,1,-0.33068311943388784
5098,20230817-9PM_750_39_BMS_2,0.456,83.0,750,39,BMS,2,-0.341035157335565
5099,20230817-9PM_750_39_BMS_3,0.559,83.0,750,39,BMS,3,-0.25258819211357664
5100,20230817-9PM_750_39_BMS_4,0.468,83.0,750,39,BMS,4,-0.32975414692587596
5101,20230817-9PM_750_39_BMS_5,0.508,83.0,750,39,BMS,5,-0.29413628771608075
5102,20230817-9PM_750_39_BMS_6,0.439,83.0,750,39,BMS,6,-0.35753547975787864
5103,20230817-9PM_750_39_BMS_7,0.423,83.0,750,39,BMS,7,-0.37365963262495766
5104,20230817-9PM_680_37_3059_0,1.123,83.0,680,37,3059,0,0.050379756261457784
5105,20230817-9PM_680_37_3059_1,1.148,83.0,680,37,3059,1,0.05994188806195468
5106,20230817-9PM_680_37_3059_2,1.152,83.0,680,37,3059,2,0.06145247908719321
5107,20230817-9PM_680_37_3059_3,1.134,83.0,680,37,3059,3,0.05461305455688774
5108,20230817-9PM_680_37_3059_4,1.047,83.0,680,37,3059,4,0.019946681678842306
5109,20230817-9PM_680_37_3059_5,0.911,83.0,680,37,3059,5,-0.040481623027001735
5110,20230817-9PM_680_37_3059_6,0.946,83.0,680,37,3059,6,-0.02410886359820726
5111,20230817-9PM_680_37_3059_7,1.096,83.0,680,37,3059,7,0.039810554148350386
5112,20230817-9PM_750_37_3059_0,0.743,83.0,750,37,3059,0,-0.1290111862394247
5113,20230817-9PM_750_37_3059_1,0.763,83.0,750,37,3059,1,-0.11747546204511952
5114,20230817-9PM_750_37_3059_2,0.814,83.0,750,37,3059,2,-0.0893755951107988
5115,20230817-9PM_750_37_3059_3,0.797,83.0,750,37,3059,3,-0.09854167860388763
5116,20230817-9PM_750_37_3059_4,0.729,83.0,750,37,3059,4,-0.1372724716820254
5117,20230817-9PM_750_37_3059_5,0.627,83.0,750,37,3059,5,-0.20273245916928356
5118,20230817-9PM_750_37_3059_6,0.638,83.0,750,37,3059,6,-0.19517932127883766
5119,20230817-9PM_750_37_3059_7,0.809,83.0,750,37,3059,7,-0.09205147838772766
5120,20230817-9PM_680_37_1691_0,0.768,83.0,680,37,1691,0,-0.114638779968488
5121,20230817-9PM_680_37_1691_1,0.795,83.0,680,37,1691,1,-0.09963287134352969
5122,20230817-9PM_680_37_1691_2,0.77,83.0,680,37,1691,2,-0.11350927482751812
5123,20230817-9PM_680_37_1691_3,0.977,83.0,680,37,1691,3,-0.010105436281226938
5124,20230817-9PM_680_37_1691_4,0.733,83.0,680,37,1691,4,-0.13489602535887207
5125,20230817-9PM_680_37_1691_5,1.619,83.0,680,37,1691,5,0.20924684875337374
5126,20230817-9PM_680_37_1691_6,1.191,83.0,680,37,1691,6,0.07591176148277752
5127,20230817-9PM_680_37_1691_7,1.058,83.0,680,37,1691,7,0.024485667699166973
5128,20230817-9PM_750_37_1691_0,0.531,83.0,750,37,1691,0,-0.2749054789185309
5129,20230817-9PM_750_37_1691_1,0.536,83.0,750,37,1691,1,-0.27083521030722996
5130,20230817-9PM_750_37_1691_2,0.519,83.0,750,37,1691,2,-0.28483264215154214
5131,20230817-9PM_750_37_1691_3,0.639,83.0,750,37,1691,3,-0.19449914184159983
5132,20230817-9PM_750_37_1691_4,0.533,83.0,750,37,1691,4,-0.2732727909734277
5133,20230817-9PM_750_37_1691_5,0.94,83.0,750,37,1691,5,-0.026872146400301365
5134,20230817-9PM_750_37_1691_6,0.753,83.0,750,37,1691,6,-0.12320502379929942
5135,20230817-9PM_750_37_1691_7,0.685,83.0,750,37,1691,7,-0.1643094285075744
5136,20230817-9PM_680_37_1690_0,1.055,83.0,680,37,1690,0,0.023252459633711444
5137,20230817-9PM_680_37_1690_1,0.917,83.0,680,37,1690,1,-0.03763066432997889
5138,20230817-9PM_680_37_1690_2,1.151,83.0,680,37,1690,2,0.06107532362979181
5139,20230817-9PM_680_37_1690_3,0.874,83.0,680,37,1690,3,-0.05848856736559697
5140,20230817-9PM_680_37_1690_4,0.941,83.0,680,37,1690,4,-0.026410376572743116
5141,20230817-9PM_680_37_1690_5,0.99,83.0,680,37,1690,5,-0.004364805402450088
5142,20230817-9PM_680_37_1690_6,1.115,83.0,680,37,1690,6,0.04727486738417948
5143,20230817-9PM_680_37_1690_7,1.172,83.0,680,37,1690,7,0.06892761168207182
5144,20230817-9PM_750_37_1690_0,0.694,83.0,750,37,1690,0,-0.15864052954514513
5145,20230817-9PM_750_37_1690_1,0.653,83.0,750,37,1690,1,-0.18508681872492605
5146,20230817-9PM_750_37_1690_2,0.775,83.0,750,37,1690,2,-0.1106982974936897
5147,20230817-9PM_750_37_1690_3,0.614,83.0,750,37,1690,3,-0.21183162885883233
5148,20230817-9PM_750_37_1690_4,0.682,83.0,750,37,1690,4,-0.16621562534352105
5149,20230817-9PM_750_37_1690_5,0.697,83.0,750,37,1690,5,-0.1567672219019906
5150,20230817-9PM_750_37_1690_6,0.725,83.0,750,37,1690,6,-0.13966199342900631
5151,20230817-9PM_750_37_1690_7,0.793,83.0,750,37,1690,7,-0.10072681268239618
5152,20230817-9PM_680_37_2342_0,0.379,83.0,680,37,2342,0,-0.42136079003192767
5153,20230817-9PM_680_37_2342_1,0.462,83.0,680,37,2342,1,-0.33535802444387447
5154,20230817-9PM_680_37_2342_2,0.413,83.0,680,37,2342,2,-0.384049948343599
5155,20230817-9PM_680_37_2342_3,0.482,83.0,680,37,2342,3,-0.31695296176115045
5156,20230817-9PM_680_37_2342_4,0.476,83.0,680,37,2342,4,-0.32239304727950685
5157,20230817-9PM_680_37_2342_5,0.409,83.0,680,37,2342,5,-0.38827669199265824
5158,20230817-9PM_680_37_2342_6,0.73,83.0,680,37,2342,6,-0.1366771398795441
5159,20230817-9PM_680_37_2342_7,0.591,83.0,680,37,2342,7,-0.22841251911874466
5160,20230817-9PM_750_37_2342_0,0.331,83.0,750,37,2342,0,-0.48017200622428124
5161,20230817-9PM_750_37_2342_1,0.411,83.0,750,37,2342,1,-0.38615817812393083
5162,20230817-9PM_750_37_2342_2,0.367,83.0,750,37,2342,2,-0.4353339357479107
5163,20230817-9PM_750_37_2342_3,0.416,83.0,750,37,2342,3,-0.3809066693732573
5164,20230817-9PM_750_37_2342_4,0.426,83.0,750,37,2342,4,-0.37059040089728107
5165,20230817-9PM_750_37_2342_5,0.35,83.0,750,37,2342,5,-0.4559319556497244
5166,20230817-9PM_750_37_2342_6,0.601,83.0,750,37,2342,6,-0.22112552799726048
5167,20230817-9PM_750_37_2342_7,0.514,83.0,750,37,2342,7,-0.28903688100472424
5168,20230817-9PM_680_37_4532_0,0.595,83.0,680,37,4532,0,-0.22548303427145044
5169,20230817-9PM_680_37_4532_1,0.567,83.0,680,37,4532,1,-0.24641694110709345
5170,20230817-9PM_680_37_4532_2,0.501,83.0,680,37,4532,2,-0.30016227413275426
5171,20230817-9PM_680_37_4532_3,0.514,83.0,680,37,4532,3,-0.28903688100472424
5172,20230817-9PM_680_37_4532_4,0.745,83.0,680,37,4532,4,-0.12784372725170717
5173,20230817-9PM_680_37_4532_5,0.409,83.0,680,37,4532,5,-0.38827669199265824
5174,20230817-9PM_680_37_4532_6,0.46,83.0,680,37,4532,6,-0.3372421683184259
5175,20230817-9PM_680_37_4532_7,0.451,83.0,680,37,4532,7,-0.34582345812203946
5176,20230817-9PM_750_37_4532_0,0.372,83.0,750,37,4532,0,-0.4294570601181025
5177,20230817-9PM_750_37_4532_1,0.44,83.0,750,37,4532,1,-0.3565473235138126
5178,20230817-9PM_750_37_4532_2,0.453,83.0,750,37,4532,2,-0.34390179798716813
5179,20230817-9PM_750_37_4532_3,0.456,83.0,750,37,4532,3,-0.341035157335565
5180,20230817-9PM_750_37_4532_4,0.529,83.0,750,37,4532,4,-0.2765443279648142
5181,20230817-9PM_750_37_4532_5,0.352,83.0,750,37,4532,5,-0.453457336521869
5182,20230817-9PM_750_37_4532_6,0.426,83.0,750,37,4532,6,-0.37059040089728107
5183,20230817-9PM_750_37_4532_7,0.378,83.0,750,37,4532,7,-0.4225082001627747
5184,20230817-9PM_680_37_2344_0,0.776,83.0,680,37,2344,0,-0.11013827874181155
5185,20230817-9PM_680_37_2344_1,0.945,83.0,680,37,2344,1,-0.024568191490737076
5186,20230817-9PM_680_37_2344_2,0.885,83.0,680,37,2344,2,-0.05305672930217456
5187,20230817-9PM_680_37_2344_3,0.661,83.0,680,37,2344,3,-0.17979854051435976
5188,20230817-9PM_680_37_2344_4,0.456,83.0,680,37,2344,4,-0.341035157335565
5189,20230817-9PM_680_37_2344_5,1.045,83.0,680,37,2344,5,0.01911629044707278
5190,20230817-9PM_680_37_2344_6,0.903,83.0,680,37,2344,6,-0.04431224968649419
5191,20230817-9PM_680_37_2344_7,0.687,83.0,680,37,2344,7,-0.16304326294044955
5192,20230817-9PM_750_37_2344_0,0.573,83.0,750,37,2344,0,-0.24184537803261005
5193,20230817-9PM_750_37_2344_1,0.694,83.0,750,37,2344,1,-0.15864052954514513
5194,20230817-9PM_750_37_2344_2,0.65,83.0,750,37,2344,2,-0.18708664335714442
5195,20230817-9PM_750_37_2344_3,0.511,83.0,750,37,2344,3,-0.29157909986528724
5196,20230817-9PM_750_37_2344_4,0.365,83.0,750,37,2344,4,-0.4377071355435253
5197,20230817-9PM_750_37_2344_5,0.74,83.0,750,37,2344,5,-0.13076828026902382
5198,20230817-9PM_750_37_2344_6,0.675,83.0,750,37,2344,6,-0.17069622716897506
5199,20230817-9PM_750_37_2344_7,0.531,83.0,750,37,2344,7,-0.2749054789185309
5200,20230817-9PM_680_37_2343_0,0.447,83.0,680,37,2343,0,-0.34969247686806354
5201,20230817-9PM_680_37_2343_1,0.585,83.0,680,37,2343,1,-0.23284413391781958
5202,20230817-9PM_680_37_2343_2,0.738,83.0,680,37,2343,2,-0.13194363817695845
5203,20230817-9PM_680_37_2343_3,0.609,83.0,680,37,2343,3,-0.21538270736712464
5204,20230817-9PM_680_37_2343_4,0.519,83.0,680,37,2343,4,-0.28483264215154214
5205,20230817-9PM_680_37_2343_5,0.964,83.0,680,37,2343,5,-0.01592296609716924
5206,20230817-9PM_680_37_2343_6,0.555,83.0,680,37,2343,6,-0.2557070168773237
5207,20230817-9PM_680_37_2343_7,0.479,83.0,680,37,2343,7,-0.3196644865854368
5208,20230817-9PM_750_37_2343_0,0.336,83.0,750,37,2343,0,-0.4736607226101559
5209,20230817-9PM_750_37_2343_1,0.417,83.0,750,37,2343,1,-0.3798639450262425
5210,20230817-9PM_750_37_2343_2,0.524,83.0,750,37,2343,2,-0.28066871301627333
5211,20230817-9PM_750_37_2343_3,0.43,83.0,750,37,2343,3,-0.36653154442041347
5212,20230817-9PM_750_37_2343_4,0.384,83.0,750,37,2343,4,-0.4156687756324692
5213,20230817-9PM_750_37_2343_5,0.634,83.0,750,37,2343,5,-0.1979107421182673
5214,20230817-9PM_750_37_2343_6,0.404,83.0,750,37,2343,6,-0.393618634889395
5215,20230817-9PM_750_37_2343_7,0.359,83.0,750,37,2343,7,-0.44490555142168087
5216,20230817-9PM_680_37_1952_0,0.8,83.0,680,37,1952,0,-0.09691001300805639
5217,20230817-9PM_680_37_1952_1,0.699,83.0,680,37,1952,1,-0.15552282425431863
5218,20230817-9PM_680_37_1952_2,0.638,83.0,680,37,1952,2,-0.19517932127883766
5219,20230817-9PM_680_37_1952_3,0.863,83.0,680,37,1952,3,-0.06398920428479041
5220,20230817-9PM_680_37_1952_4,0.863,83.0,680,37,1952,4,-0.06398920428479041
5221,20230817-9PM_680_37_1952_5,1.091,83.0,680,37,1952,5,0.037824750588341866
5222,20230817-9PM_680_37_1952_6,0.844,83.0,680,37,1952,6,-0.07365755337434496
5223,20230817-9PM_680_37_1952_7,0.699,83.0,680,37,1952,7,-0.15552282425431863
5224,20230817-9PM_750_37_1952_0,0.533,83.0,750,37,1952,0,-0.2732727909734277
5225,20230817-9PM_750_37_1952_1,0.458,83.0,750,37,1952,1,-0.3391345219961308
5226,20230817-9PM_750_37_1952_2,0.429,83.0,750,37,1952,2,-0.36754270781527576
5227,20230817-9PM_750_37_1952_3,0.558,83.0,750,37,1952,3,-0.25336580106242124
5228,20230817-9PM_750_37_1952_4,0.558,83.0,750,37,1952,4,-0.25336580106242124
5229,20230817-9PM_750_37_1952_5,0.692,83.0,750,37,1952,5,-0.15989390554324223
5230,20230817-9PM_750_37_1952_6,0.542,83.0,750,37,1952,6,-0.266000713461613
5231,20230817-9PM_750_37_1952_7,0.459,83.0,750,37,1952,7,-0.33818731446273875
5232,20230817-9PM_680_37_2931_0,0.494,83.0,680,37,2931,0,-0.30627305107635305
5233,20230817-9PM_680_37_2931_1,0.696,83.0,680,37,2931,1,-0.15739076038943792
5234,20230817-9PM_680_37_2931_2,0.575,83.0,680,37,2931,2,-0.24033215531036956
5235,20230817-9PM_680_37_2931_3,0.604,83.0,680,37,2931,3,-0.21896306137886817
5236,20230817-9PM_680_37_2931_4,0.485,83.0,680,37,2931,4,-0.3142582613977364
5237,20230817-9PM_680_37_2931_5,0.426,83.0,680,37,2931,5,-0.37059040089728107
5238,20230817-9PM_680_37_2931_6,0.684,83.0,680,37,2931,6,-0.16494389827988373
5239,20230817-9PM_680_37_2931_7,1.228,83.0,680,37,2931,7,0.08919836680514887
5240,20230817-9PM_750_37_2931_0,0.343,83.0,750,37,2931,0,-0.46470587995722945
5241,20230817-9PM_750_37_2931_1,0.425,83.0,750,37,2931,1,-0.37161106994968846
5242,20230817-9PM_750_37_2931_2,0.379,83.0,750,37,2931,2,-0.42136079003192767
5243,20230817-9PM_750_37_2931_3,0.387,83.0,750,37,2931,3,-0.4122890349810886
5244,20230817-9PM_750_37_2931_4,0.317,83.0,750,37,2931,4,-0.4989407377822485
5245,20230817-9PM_750_37_2931_5,0.304,83.0,750,37,2931,5,-0.5171264163912462
5246,20230817-9PM_750_37_2931_6,0.422,83.0,750,37,2931,6,-0.37468754903832613
5247,20230817-9PM_750_37_2931_7,0.832,83.0,750,37,2931,7,-0.07987667370927608
5248,20230817-9PM_680_37_JG5_0,0.372,83.0,680,37,JG5,0,-0.4294570601181025
5249,20230817-9PM_680_37_JG5_1,0.336,83.0,680,37,JG5,1,-0.4736607226101559
5250,20230817-9PM_680_37_JG5_2,0.202,83.0,680,37,JG5,2,-0.6946486305533762
5251,20230817-9PM_680_37_JG5_3,0.207,83.0,680,37,JG5,3,-0.6840296545430823
5252,20230817-9PM_680_37_JG5_4,0.565,83.0,680,37,JG5,4,-0.2479515521805615
5253,20230817-9PM_680_37_JG5_5,0.313,83.0,680,37,JG5,5,-0.5044556624535516
5254,20230817-9PM_680_37_JG5_6,0.463,83.0,680,37,JG5,6,-0.33441900898204685
5255,20230817-9PM_680_37_JG5_7,0.275,83.0,680,37,JG5,7,-0.5606673061697374
5256,20230817-9PM_750_37_JG5_0,0.283,83.0,750,37,JG5,0,-0.5482135644757098
5257,20230817-9PM_750_37_JG5_1,0.265,83.0,750,37,JG5,1,-0.5767541260631921
5258,20230817-9PM_750_37_JG5_2,0.166,83.0,750,37,JG5,2,-0.7798919119599449
5259,20230817-9PM_750_37_JG5_3,0.167,83.0,750,37,JG5,3,-0.7772835288524167
5260,20230817-9PM_750_37_JG5_4,0.419,83.0,750,37,JG5,4,-0.3777859770337047
5261,20230817-9PM_750_37_JG5_5,0.25,83.0,750,37,JG5,5,-0.6020599913279624
5262,20230817-9PM_750_37_JG5_6,0.355,83.0,750,37,JG5,6,-0.44977164694490596
5263,20230817-9PM_750_37_JG5_7,0.219,83.0,750,37,JG5,7,-0.6595558851598816
5264,20230817-9PM_680_37_BMS_0,0.645,83.0,680,37,BMS,0,-0.19044028536473223
5265,20230817-9PM_680_37_BMS_1,0.684,83.0,680,37,BMS,1,-0.16494389827988373
5266,20230817-9PM_680_37_BMS_2,0.867,83.0,680,37,BMS,2,-0.06198090252378971
5267,20230817-9PM_680_37_BMS_3,0.496,83.0,680,37,BMS,3,-0.30451832350980257
5268,20230817-9PM_680_37_BMS_4,0.789,83.0,680,37,BMS,4,-0.10292299679057967
5269,20230817-9PM_680_37_BMS_5,0.765,83.0,680,37,BMS,5,-0.11633856484638239
5270,20230817-9PM_680_37_BMS_6,0.771,83.0,680,37,BMS,6,-0.11294562194904302
5271,20230817-9PM_680_37_BMS_7,0.592,83.0,680,37,BMS,7,-0.22767829327708025
5272,20230817-9PM_750_37_BMS_0,0.546,83.0,750,37,BMS,0,-0.2628073572952627
5273,20230817-9PM_750_37_BMS_1,0.574,83.0,750,37,BMS,1,-0.2410881076020265
5274,20230817-9PM_750_37_BMS_2,0.681,83.0,750,37,BMS,2,-0.16685288808721482
5275,20230817-9PM_750_37_BMS_3,0.426,83.0,750,37,BMS,3,-0.37059040089728107
5276,20230817-9PM_750_37_BMS_4,0.61,83.0,750,37,BMS,4,-0.21467016498923297
5277,20230817-9PM_750_37_BMS_5,0.607,83.0,750,37,BMS,5,-0.21681130892474243
5278,20230817-9PM_750_37_BMS_6,0.633,83.0,750,37,BMS,6,-0.1985962899826449
5279,20230817-9PM_750_37_BMS_7,0.503,83.0,750,37,BMS,7,-0.2984320149440726
5280,20230816-9PM_680_25_3059_0,1.708,59.0,680,25,3059,0,0.23248786635298624
5281,20230816-9PM_680_25_3059_1,1.458,59.0,680,25,3059,1,0.1637575239819558
5282,20230816-9PM_680_25_3059_2,1.764,59.0,680,25,3059,2,0.24649858079580092
5283,20230816-9PM_680_25_3059_3,1.786,59.0,680,25,3059,3,0.25188145455252764
5284,20230816-9PM_680_25_3059_4,1.736,59.0,680,25,3059,4,0.2395497208404731
5285,20230816-9PM_680_25_3059_5,1.845,59.0,680,25,3059,5,0.2659963704950792
5286,20230816-9PM_680_25_3059_6,1.443,59.0,680,25,3059,6,0.15926633109349422
5287,20230816-9PM_680_25_3059_7,1.727,59.0,680,25,3059,7,0.2372923375674588
5288,20230816-9PM_750_25_3059_0,0.935,59.0,750,25,3059,0,-0.0291883891274822
5289,20230816-9PM_750_25_3059_1,0.768,59.0,750,25,3059,1,-0.114638779968488
5290,20230816-9PM_750_25_3059_2,0.959,59.0,750,25,3059,2,-0.018181392829336417
5291,20230816-9PM_750_25_3059_3,0.947,59.0,750,25,3059,3,-0.0236500209967266
5292,20230816-9PM_750_25_3059_4,0.939,59.0,750,25,3059,4,-0.027334407733889104
5293,20230816-9PM_750_25_3059_5,0.925,59.0,750,25,3059,5,-0.03385826726096737
5294,20230816-9PM_750_25_3059_6,0.778,59.0,750,25,3059,6,-0.10902040301031106
5295,20230816-9PM_750_25_3059_7,0.954,59.0,750,25,3059,7,-0.020451625295904902
5296,20230816-9PM_680_25_1691_0,1.386,59.0,680,25,1691,0,0.1417632302757879
5297,20230816-9PM_680_25_1691_1,1.298,59.0,680,25,1691,1,0.11327469246435044
5298,20230816-9PM_680_25_1691_2,1.206,59.0,680,25,1691,2,0.08134730780413249
5299,20230816-9PM_680_25_1691_3,1.071,59.0,680,25,1691,3,0.029789470831855614
5300,20230816-9PM_680_25_1691_4,1.124,59.0,680,25,1691,4,0.05076631123304232
5301,20230816-9PM_680_25_1691_5,1.043,59.0,680,25,1691,5,0.018284308426530838
5302,20230816-9PM_680_25_1691_6,1.044,59.0,680,25,1691,6,0.01870049866624337
5303,20230816-9PM_680_25_1691_7,1.105,59.0,680,25,1691,7,0.0433622780211295
5304,20230816-9PM_750_25_1691_0,0.777,59.0,750,25,1691,0,-0.10957898119908573
5305,20230816-9PM_750_25_1691_1,0.587,59.0,750,25,1691,1,-0.23136189875238555
5306,20230816-9PM_750_25_1691_2,0.592,59.0,750,25,1691,2,-0.22767829327708025
5307,20230816-9PM_750_25_1691_3,0.55,59.0,750,25,1691,3,-0.2596373105057561
5308,20230816-9PM_750_25_1691_4,0.605,59.0,750,25,1691,4,-0.2182446253475311
5309,20230816-9PM_750_25_1691_5,0.562,59.0,750,25,1691,5,-0.2502636844309389
5310,20230816-9PM_750_25_1691_6,0.521,59.0,750,25,1691,6,-0.2831622767004755
5311,20230816-9PM_750_25_1691_7,0.564,59.0,750,25,1691,7,-0.24872089601665776
5312,20230816-9PM_680_25_1690_0,1.892,59.0,680,25,1690,0,0.27692113206577396
5313,20230816-9PM_680_25_1690_1,2.132,59.0,680,25,1690,1,0.3287872003545347
5314,20230816-9PM_680_25_1690_2,2.042,59.0,680,25,1690,2,0.3100557377508914
5315,20230816-9PM_680_25_1690_3,0.9,59.0,680,25,1690,3,-0.045757490560675115
5316,20230816-9PM_680_25_1690_4,1.59,59.0,680,25,1690,4,0.2013971243204515
5317,20230816-9PM_680_25_1690_5,1.267,59.0,680,25,1690,5,0.10277661488344131
5318,20230816-9PM_680_25_1690_6,1.888,59.0,680,25,1690,6,0.27600198996205016
5319,20230816-9PM_680_25_1690_7,1.634,59.0,680,25,1690,7,0.21325205219639665
5320,20230816-9PM_750_25_1690_0,0.97,59.0,750,25,1690,0,-0.01322826573375516
5321,20230816-9PM_750_25_1690_1,1.102,59.0,750,25,1690,1,0.04218159451576628
5322,20230816-9PM_750_25_1690_2,1.054,59.0,750,25,1690,2,0.022840610876527823
5323,20230816-9PM_750_25_1690_3,0.545,59.0,750,25,1690,3,-0.2636034977233575
5324,20230816-9PM_750_25_1690_4,0.712,59.0,750,25,1690,4,-0.14752000636314366
5325,20230816-9PM_750_25_1690_5,0.722,59.0,750,25,1690,5,-0.14146280243036088
5326,20230816-9PM_750_25_1690_6,0.944,59.0,750,25,1690,6,-0.02502800570193105
5327,20230816-9PM_750_25_1690_7,0.927,59.0,750,25,1690,7,-0.0329202658555029
5328,20230816-9PM_680_25_2342_0,0.908,59.0,680,25,2342,0,-0.04191415147891488
5329,20230816-9PM_680_25_2342_1,1.22,59.0,680,25,2342,1,0.08635983067474821
5330,20230816-9PM_680_25_2342_2,1.457,59.0,680,25,2342,2,0.16345955176999016
5331,20230816-9PM_680_25_2342_3,1.565,59.0,680,25,2342,3,0.19451434188246727
5332,20230816-9PM_680_25_2342_4,1.306,59.0,680,25,2342,4,0.11594317693905513
5333,20230816-9PM_680_25_2342_5,1.665,59.0,680,25,2342,5,0.22141423784233868
5334,20230816-9PM_680_25_2342_6,1.185,59.0,680,25,2342,6,0.07371835034612269
5335,20230816-9PM_680_25_2342_7,0.893,59.0,680,25,2342,7,-0.049148541111453566
5336,20230816-9PM_750_25_2342_0,0.458,59.0,750,25,2342,0,-0.3391345219961308
5337,20230816-9PM_750_25_2342_1,0.686,59.0,750,25,2342,1,-0.16367588429324828
5338,20230816-9PM_750_25_2342_2,0.8,59.0,750,25,2342,2,-0.09691001300805639
5339,20230816-9PM_750_25_2342_3,0.856,59.0,750,25,2342,3,-0.06752623532284678
5340,20230816-9PM_750_25_2342_4,0.602,59.0,750,25,2342,4,-0.22040350874217546
5341,20230816-9PM_750_25_2342_5,0.86,59.0,750,25,2342,5,-0.06550154875643228
5342,20230816-9PM_750_25_2342_6,0.613,59.0,750,25,2342,6,-0.21253952548158497
5343,20230816-9PM_750_25_2342_7,0.567,59.0,750,25,2342,7,-0.24641694110709345
5344,20230816-9PM_680_25_4532_0,1.585,59.0,680,25,4532,0,0.2000292665537703
5345,20230816-9PM_680_25_4532_1,1.541,59.0,680,25,4532,1,0.1878026387184193
5346,20230816-9PM_680_25_4532_2,1.664,59.0,680,25,4532,2,0.2211533219547051
5347,20230816-9PM_680_25_4532_3,1.46,59.0,680,25,4532,3,0.1643528557844371
5348,20230816-9PM_680_25_4532_4,1.806,59.0,680,25,4532,4,0.256717745977487
5349,20230816-9PM_680_25_4532_5,1.424,59.0,680,25,4532,5,0.15350998930083753
5350,20230816-9PM_680_25_4532_6,1.913,59.0,680,25,4532,6,0.28171497002729584
5351,20230816-9PM_680_25_4532_7,1.514,59.0,680,25,4532,7,0.18012587516405396
5352,20230816-9PM_750_25_4532_0,0.893,59.0,750,25,4532,0,-0.049148541111453566
5353,20230816-9PM_750_25_4532_1,0.824,59.0,750,25,4532,1,-0.08407278830288423
5354,20230816-9PM_750_25_4532_2,0.912,59.0,750,25,4532,2,-0.04000516167158381
5355,20230816-9PM_750_25_4532_3,0.702,59.0,750,25,4532,3,-0.15366288787019475
5356,20230816-9PM_750_25_4532_4,0.947,59.0,750,25,4532,4,-0.0236500209967266
5357,20230816-9PM_750_25_4532_5,0.785,59.0,750,25,4532,5,-0.10513034325474745
5358,20230816-9PM_750_25_4532_6,0.861,59.0,750,25,4532,6,-0.06499684854634524
5359,20230816-9PM_750_25_4532_7,0.705,59.0,750,25,4532,7,-0.15181088300860132
5360,20230816-9PM_680_25_2344_0,1.119,59.0,680,25,2344,0,0.04883008652835004
5361,20230816-9PM_680_25_2344_1,1.166,59.0,680,25,2344,1,0.06669855042299526
5362,20230816-9PM_680_25_2344_2,1.132,59.0,680,25,2344,2,0.053846426852252584
5363,20230816-9PM_680_25_2344_3,0.94,59.0,680,25,2344,3,-0.026872146400301365
5364,20230816-9PM_680_25_2344_4,1.397,59.0,680,25,2344,4,0.14519640611418191
5365,20230816-9PM_680_25_2344_5,0.957,59.0,680,25,2344,5,-0.01908806222315645
5366,20230816-9PM_680_25_2344_6,1.657,59.0,680,25,2344,6,0.21932250841933676
5367,20230816-9PM_680_25_2344_7,0.688,59.0,680,25,2344,7,-0.16241156176448873
5368,20230816-9PM_750_25_2344_0,0.631,59.0,750,25,2344,0,-0.19997064075586568
5369,20230816-9PM_750_25_2344_1,0.646,59.0,750,25,2344,1,-0.1897674820049159
5370,20230816-9PM_750_25_2344_2,0.667,59.0,750,25,2344,2,-0.17587416608345102
5371,20230816-9PM_750_25_2344_3,0.596,59.0,750,25,2344,3,-0.22475374025976358
5372,20230816-9PM_750_25_2344_4,0.717,59.0,750,25,2344,4,-0.1444808443321999
5373,20230816-9PM_750_25_2344_5,0.598,59.0,750,25,2344,5,-0.22329881601158919
5374,20230816-9PM_750_25_2344_6,0.848,59.0,750,25,2344,6,-0.07160414774328619
5375,20230816-9PM_750_25_2344_7,0.483,59.0,750,25,2344,7,-0.31605286924848786
5376,20230816-9PM_680_25_2343_0,1.442,59.0,680,25,2343,0,0.15896526038341022
5377,20230816-9PM_680_25_2343_1,1.191,59.0,680,25,2343,1,0.07591176148277752
5378,20230816-9PM_680_25_2343_2,0.939,59.0,680,25,2343,2,-0.027334407733889104
5379,20230816-9PM_680_25_2343_3,1.402,59.0,680,25,2343,3,0.14674801363063983
5380,20230816-9PM_680_25_2343_4,0.962,59.0,680,25,2343,4,-0.016824927962187056
5381,20230816-9PM_680_25_2343_5,1.605,59.0,680,25,2343,5,0.20547503674089088
5382,20230816-9PM_680_25_2343_6,1.708,59.0,680,25,2343,6,0.23248786635298624
5383,20230816-9PM_680_25_2343_7,1.459,59.0,680,25,2343,7,0.16405529189345164
5384,20230816-9PM_750_25_2343_0,0.788,59.0,750,25,2343,0,-0.10347378251044466
5385,20230816-9PM_750_25_2343_1,0.737,59.0,750,25,2343,1,-0.13253251214094852
5386,20230816-9PM_750_25_2343_2,0.606,59.0,750,25,2343,2,-0.21752737583371382
5387,20230816-9PM_750_25_2343_3,0.765,59.0,750,25,2343,3,-0.11633856484638239
5388,20230816-9PM_750_25_2343_4,0.646,59.0,750,25,2343,4,-0.1897674820049159
5389,20230816-9PM_750_25_2343_5,0.951,59.0,750,25,2343,5,-0.02181948306258609
5390,20230816-9PM_750_25_2343_6,0.975,59.0,750,25,2343,6,-0.010995384301463193
5391,20230816-9PM_750_25_2343_7,0.919,59.0,750,25,2343,7,-0.03668448861388872
5392,20230816-9PM_680_25_1952_0,1.208,59.0,680,25,1952,0,0.08206693428511301
5393,20230816-9PM_680_25_1952_1,1.652,59.0,680,25,1952,1,0.21801004298436338
5394,20230816-9PM_680_25_1952_2,1.532,59.0,680,25,1952,2,0.18525876529658514
5395,20230816-9PM_680_25_1952_3,1.637,59.0,680,25,1952,3,0.21404867941194144
5396,20230816-9PM_680_25_1952_4,1.533,59.0,680,25,1952,4,0.18554215485437514
5397,20230816-9PM_680_25_1952_5,1.579,59.0,680,25,1952,5,0.19838213000829422
5398,20230816-9PM_680_25_1952_6,1.669,59.0,680,25,1952,6,0.22245633667924672
5399,20230816-9PM_680_25_1952_7,1.388,59.0,680,25,1952,7,0.14238946611883607
5400,20230816-9PM_750_25_1952_0,0.681,59.0,750,25,1952,0,-0.16685288808721482
5401,20230816-9PM_750_25_1952_1,0.856,59.0,750,25,1952,1,-0.06752623532284678
5402,20230816-9PM_750_25_1952_2,0.835,59.0,750,25,1952,2,-0.07831352451639793
5403,20230816-9PM_750_25_1952_3,0.83,59.0,750,25,1952,3,-0.08092190762392612
5404,20230816-9PM_750_25_1952_4,0.806,59.0,750,25,1952,4,-0.09366495819490933
5405,20230816-9PM_750_25_1952_5,0.835,59.0,750,25,1952,5,-0.07831352451639793
5406,20230816-9PM_750_25_1952_6,0.837,59.0,750,25,1952,6,-0.07727454200674003
5407,20230816-9PM_750_25_1952_7,0.776,59.0,750,25,1952,7,-0.11013827874181155
5408,20230816-9PM_680_25_2931_0,1.745,59.0,680,25,2931,0,0.24179543129519873
5409,20230816-9PM_680_25_2931_1,1.221,59.0,680,25,2931,1,0.0867156639448825
5410,20230816-9PM_680_25_2931_2,1.188,59.0,680,25,2931,2,0.07481644064517472
5411,20230816-9PM_680_25_2931_3,1.228,59.0,680,25,2931,3,0.08919836680514887
5412,20230816-9PM_680_25_2931_4,1.442,59.0,680,25,2931,4,0.15896526038341022
5413,20230816-9PM_680_25_2931_5,1.606,59.0,680,25,2931,5,0.20574554094266218
5414,20230816-9PM_680_25_2931_6,1.595,59.0,680,25,2931,6,0.2027606873931999
5415,20230816-9PM_680_25_2931_7,1.54,59.0,680,25,2931,7,0.18752072083646307
5416,20230816-9PM_750_25_2931_0,1.013,59.0,750,25,2931,0,0.005609445360280386
5417,20230816-9PM_750_25_2931_1,0.673,59.0,750,25,2931,1,-0.1719849357760231
5418,20230816-9PM_750_25_2931_2,0.644,59.0,750,25,2931,2,-0.1911141326401879
5419,20230816-9PM_750_25_2931_3,0.681,59.0,750,25,2931,3,-0.16685288808721482
5420,20230816-9PM_750_25_2931_4,0.766,59.0,750,25,2931,4,-0.11577123036739606
5421,20230816-9PM_750_25_2931_5,0.897,59.0,750,25,2931,5,-0.047207556955907906
5422,20230816-9PM_750_25_2931_6,0.866,59.0,750,25,2931,6,-0.06248210798265336
5423,20230816-9PM_750_25_2931_7,0.784,59.0,750,25,2931,7,-0.10568393731556154
5424,20230816-9PM_680_25_JG5_0,0.993,59.0,680,25,JG5,0,-0.0030507515046188267
5425,20230816-9PM_680_25_JG5_1,0.86,59.0,680,25,JG5,1,-0.06550154875643228
5426,20230816-9PM_680_25_JG5_2,1.041,59.0,680,25,JG5,2,0.017450729510536125
5427,20230816-9PM_680_25_JG5_3,0.871,59.0,680,25,JG5,3,-0.059981844992336796
5428,20230816-9PM_680_25_JG5_4,1.811,59.0,680,25,JG5,4,0.2579184503140584
5429,20230816-9PM_680_25_JG5_5,1.204,59.0,680,25,JG5,5,0.08062648692180573
5430,20230816-9PM_680_25_JG5_6,0.935,59.0,680,25,JG5,6,-0.0291883891274822
5431,20230816-9PM_680_25_JG5_7,0.785,59.0,680,25,JG5,7,-0.10513034325474745
5432,20230816-9PM_750_25_JG5_0,0.481,59.0,750,25,JG5,0,-0.31785492362616824
5433,20230816-9PM_750_25_JG5_1,0.41,59.0,750,25,JG5,1,-0.38721614328026455
5434,20230816-9PM_750_25_JG5_2,0.486,59.0,750,25,JG5,2,-0.3133637307377066
5435,20230816-9PM_750_25_JG5_3,0.409,59.0,750,25,JG5,3,-0.38827669199265824
5436,20230816-9PM_750_25_JG5_4,0.869,59.0,750,25,JG5,4,-0.060980223551333534
5437,20230816-9PM_750_25_JG5_5,0.615,59.0,750,25,JG5,5,-0.21112488422458328
5438,20230816-9PM_750_25_JG5_6,0.439,59.0,750,25,JG5,6,-0.35753547975787864
5439,20230816-9PM_750_25_JG5_7,0.417,59.0,750,25,JG5,7,-0.3798639450262425
5440,20230816-9PM_680_25_BMS_0,1.756,59.0,680,25,BMS,0,0.24452451157008376
5441,20230816-9PM_680_25_BMS_1,1.472,59.0,680,25,BMS,1,0.16790781000148003
5442,20230816-9PM_680_25_BMS_2,1.679,59.0,680,25,BMS,2,0.2250506961380488
5443,20230816-9PM_680_25_BMS_3,1.847,59.0,680,25,BMS,3,0.2664668954402414
5444,20230816-9PM_680_25_BMS_4,1.387,59.0,680,25,BMS,4,0.14207646107328487
5445,20230816-9PM_680_25_BMS_5,1.587,59.0,680,25,BMS,5,0.20057692675484817
5446,20230816-9PM_680_25_BMS_6,1.807,59.0,680,25,BMS,6,0.25695815256093185
5447,20230816-9PM_680_25_BMS_7,1.098,59.0,680,25,BMS,7,0.04060234011407314
5448,20230816-9PM_750_25_BMS_0,0.895,59.0,750,25,BMS,0,-0.04817696468408802
5449,20230816-9PM_750_25_BMS_1,0.834,59.0,750,25,BMS,1,-0.0788339493622613
5450,20230816-9PM_750_25_BMS_2,0.809,59.0,750,25,BMS,2,-0.09205147838772766
5451,20230816-9PM_750_25_BMS_3,0.934,59.0,750,25,BMS,3,-0.029653123769906618
5452,20230816-9PM_750_25_BMS_4,0.789,59.0,750,25,BMS,4,-0.10292299679057967
5453,20230816-9PM_750_25_BMS_5,0.857,59.0,750,25,BMS,5,-0.06701917807680184
5454,20230816-9PM_750_25_BMS_6,0.835,59.0,750,25,BMS,6,-0.07831352451639793
5455,20230816-9PM_750_25_BMS_7,0.592,59.0,750,25,BMS,7,-0.22767829327708025
5456,20230816-9PM_680_39_3059_0,0.617,59.0,680,39,3059,0,-0.20971483596675833
5457,20230816-9PM_680_39_3059_1,0.407,59.0,680,39,3059,1,-0.39040559077478
5458,20230816-9PM_680_39_3059_2,0.615,59.0,680,39,3059,2,-0.21112488422458328
5459,20230816-9PM_680_39_3059_3,0.852,59.0,680,39,3059,3,-0.0695604052332999
5460,20230816-9PM_680_39_3059_4,0.971,59.0,680,39,3059,4,-0.012780770091995148
5461,20230816-9PM_680_39_3059_5,0.384,59.0,680,39,3059,5,-0.4156687756324692
5462,20230816-9PM_680_39_3059_6,0.408,59.0,680,39,3059,6,-0.3893398369101201
5463,20230816-9PM_680_39_3059_7,0.765,59.0,680,39,3059,7,-0.11633856484638239
5464,20230816-9PM_750_39_3059_0,0.383,59.0,750,39,3059,0,-0.41680122603137726
5465,20230816-9PM_750_39_3059_1,0.265,59.0,750,39,3059,1,-0.5767541260631921
5466,20230816-9PM_750_39_3059_2,0.379,59.0,750,39,3059,2,-0.42136079003192767
5467,20230816-9PM_750_39_3059_3,0.534,59.0,750,39,3059,3,-0.27245874297144357
5468,20230816-9PM_750_39_3059_4,0.637,59.0,750,39,3059,4,-0.19586056766464957
5469,20230816-9PM_750_39_3059_5,0.25,59.0,750,39,3059,5,-0.6020599913279624
5470,20230816-9PM_750_39_3059_6,0.272,59.0,750,39,3059,6,-0.5654310959658012
5471,20230816-9PM_750_39_3059_7,0.48,59.0,750,39,3059,7,-0.3187587626244128
5472,20230816-9PM_680_39_1691_0,0.748,59.0,680,39,1691,0,-0.12609840213553863
5473,20230816-9PM_680_39_1691_1,0.663,59.0,680,39,1691,1,-0.17848647159522685
5474,20230816-9PM_680_39_1691_2,0.714,59.0,680,39,1691,2,-0.14630178822382564
5475,20230816-9PM_680_39_1691_3,0.688,59.0,680,39,1691,3,-0.16241156176448873
5476,20230816-9PM_680_39_1691_4,0.774,59.0,680,39,1691,4,-0.11125903931710739
5477,20230816-9PM_680_39_1691_5,0.873,59.0,680,39,1691,5,-0.05898575629443027
5478,20230816-9PM_680_39_1691_6,0.826,59.0,680,39,1691,6,-0.0830199526796178
5479,20230816-9PM_680_39_1691_7,0.908,59.0,680,39,1691,7,-0.04191415147891488
5480,20230816-9PM_750_39_1691_0,0.494,59.0,750,39,1691,0,-0.30627305107635305
5481,20230816-9PM_750_39_1691_1,0.416,59.0,750,39,1691,1,-0.3809066693732573
5482,20230816-9PM_750_39_1691_2,0.471,59.0,750,39,1691,2,-0.3269790928711038
5483,20230816-9PM_750_39_1691_3,0.484,59.0,750,39,1691,3,-0.31515463835558755
5484,20230816-9PM_750_39_1691_4,0.495,59.0,750,39,1691,4,-0.3053948010664313
5485,20230816-9PM_750_39_1691_5,0.589,59.0,750,39,1691,5,-0.2298847052128984
5486,20230816-9PM_750_39_1691_6,0.545,59.0,750,39,1691,6,-0.2636034977233575
5487,20230816-9PM_750_39_1691_7,0.565,59.0,750,39,1691,7,-0.2479515521805615
5488,20230816-9PM_680_39_1690_0,0.517,59.0,680,39,1690,0,-0.2865094569060575
5489,20230816-9PM_680_39_1690_1,0.458,59.0,680,39,1690,1,-0.3391345219961308
5490,20230816-9PM_680_39_1690_2,0.542,59.0,680,39,1690,2,-0.266000713461613
5491,20230816-9PM_680_39_1690_3,0.629,59.0,680,39,1690,3,-0.20134935455473107
5492,20230816-9PM_680_39_1690_4,0.425,59.0,680,39,1690,4,-0.37161106994968846
5493,20230816-9PM_680_39_1690_5,0.53,59.0,680,39,1690,5,-0.27572413039921095
5494,20230816-9PM_680_39_1690_6,0.695,59.0,680,39,1690,6,-0.15801519540988615
5495,20230816-9PM_680_39_1690_7,0.491,59.0,680,39,1690,7,-0.3089185078770315
5496,20230816-9PM_750_39_1690_0,0.346,59.0,750,39,1690,0,-0.46092390120722343
5497,20230816-9PM_750_39_1690_1,0.346,59.0,750,39,1690,1,-0.46092390120722343
5498,20230816-9PM_750_39_1690_2,0.404,59.0,750,39,1690,2,-0.393618634889395
5499,20230816-9PM_750_39_1690_3,0.457,59.0,750,39,1690,3,-0.34008379993014975
5500,20230816-9PM_750_39_1690_4,0.311,59.0,750,39,1690,4,-0.5072396109731625
5501,20230816-9PM_750_39_1690_5,0.382,59.0,750,39,1690,5,-0.41793663708829126
5502,20230816-9PM_750_39_1690_6,0.503,59.0,750,39,1690,6,-0.2984320149440726
5503,20230816-9PM_750_39_1690_7,0.39,59.0,750,39,1690,7,-0.4089353929735008
5504,20230816-9PM_680_39_2342_0,0.257,59.0,680,39,2342,0,-0.5900668766687055
5505,20230816-9PM_680_39_2342_1,0.347,59.0,680,39,2342,1,-0.4596705252091263
5506,20230816-9PM_680_39_2342_2,0.421,59.0,680,39,2342,2,-0.3757179041643317
5507,20230816-9PM_680_39_2342_3,0.288,59.0,680,39,2342,3,-0.5406075122407692
5508,20230816-9PM_680_39_2342_4,0.213,59.0,680,39,2342,4,-0.6716203965612623
5509,20230816-9PM_680_39_2342_5,0.358,59.0,680,39,2342,5,-0.44611697335612566
5510,20230816-9PM_680_39_2342_6,0.778,59.0,680,39,2342,6,-0.10902040301031106
5511,20230816-9PM_680_39_2342_7,0.306,59.0,680,39,2342,7,-0.51427857351842
5512,20230816-9PM_750_39_2342_0,0.225,59.0,750,39,2342,0,-0.6478174818886375
5513,20230816-9PM_750_39_2342_1,0.296,59.0,750,39,2342,1,-0.5287082889410615
5514,20230816-9PM_750_39_2342_2,0.333,59.0,750,39,2342,2,-0.4775557664936801
5515,20230816-9PM_750_39_2342_3,0.243,59.0,750,39,2342,3,-0.6143937264016879
5516,20230816-9PM_750_39_2342_4,0.184,59.0,750,39,2342,4,-0.7351821769904635
5517,20230816-9PM_750_39_2342_5,0.302,59.0,750,39,2342,5,-0.5199930570428494
5518,20230816-9PM_750_39_2342_6,0.643,59.0,750,39,2342,6,-0.1917890270757779
5519,20230816-9PM_750_39_2342_7,0.257,59.0,750,39,2342,7,-0.5900668766687055
5520,20230816-9PM_680_39_4532_0,0.724,59.0,680,39,4532,0,-0.1402614338028531
5521,20230816-9PM_680_39_4532_1,0.626,59.0,680,39,4532,1,-0.20342566678957033
5522,20230816-9PM_680_39_4532_2,0.579,59.0,680,39,4532,2,-0.23732143627256383
5523,20230816-9PM_680_39_4532_3,0.54,59.0,680,39,4532,3,-0.26760624017703144
5524,20230816-9PM_680_39_4532_4,0.525,59.0,680,39,4532,4,-0.2798406965940431
5525,20230816-9PM_680_39_4532_5,0.562,59.0,680,39,4532,5,-0.2502636844309389
5526,20230816-9PM_680_39_4532_6,0.528,59.0,680,39,4532,6,-0.27736607746618774
5527,20230816-9PM_680_39_4532_7,0.637,59.0,680,39,4532,7,-0.19586056766464957
5528,20230816-9PM_750_39_4532_0,0.392,59.0,750,39,4532,0,-0.4067139329795427
5529,20230816-9PM_750_39_4532_1,0.388,59.0,750,39,4532,1,-0.41116827440579273
5530,20230816-9PM_750_39_4532_2,0.388,59.0,750,39,4532,2,-0.41116827440579273
5531,20230816-9PM_750_39_4532_3,0.337,59.0,750,39,4532,3,-0.47237009912866135
5532,20230816-9PM_750_39_4532_4,0.352,59.0,750,39,4532,4,-0.453457336521869
5533,20230816-9PM_750_39_4532_5,0.331,59.0,750,39,4532,5,-0.48017200622428124
5534,20230816-9PM_750_39_4532_6,0.354,59.0,750,39,4532,6,-0.4509967379742122
5535,20230816-9PM_750_39_4532_7,0.401,59.0,750,39,4532,7,-0.39685562737981767
5536,20230816-9PM_680_39_2344_0,0.532,59.0,680,39,2344,0,-0.2740883677049518
5537,20230816-9PM_680_39_2344_1,0.348,59.0,680,39,2344,1,-0.4584207560534191
5538,20230816-9PM_680_39_2344_2,0.557,59.0,680,39,2344,2,-0.25414480482627105
5539,20230816-9PM_680_39_2344_3,0.394,59.0,680,39,2344,3,-0.40450377817442584
5540,20230816-9PM_680_39_2344_4,0.42,59.0,680,39,2344,4,-0.37675070960209955
5541,20230816-9PM_680_39_2344_5,0.532,59.0,680,39,2344,5,-0.2740883677049518
5542,20230816-9PM_680_39_2344_6,0.707,59.0,680,39,2344,6,-0.1505805862031006
5543,20230816-9PM_680_39_2344_7,0.414,59.0,680,39,2344,7,-0.3829996588791011
5544,20230816-9PM_750_39_2344_0,0.4,59.0,750,39,2344,0,-0.3979400086720376
5545,20230816-9PM_750_39_2344_1,0.265,59.0,750,39,2344,1,-0.5767541260631921
5546,20230816-9PM_750_39_2344_2,0.402,59.0,750,39,2344,2,-0.3957739469155299
5547,20230816-9PM_750_39_2344_3,0.285,59.0,750,39,2344,3,-0.5451551399914898
5548,20230816-9PM_750_39_2344_4,0.317,59.0,750,39,2344,4,-0.4989407377822485
5549,20230816-9PM_750_39_2344_5,0.395,59.0,750,39,2344,5,-0.40340290437353976
5550,20230816-9PM_750_39_2344_6,0.469,59.0,750,39,2344,6,-0.32882715728491674
5551,20230816-9PM_750_39_2344_7,0.315,59.0,750,39,2344,7,-0.5016894462103995
5552,20230816-9PM_680_39_2343_0,0.584,59.0,680,39,2343,0,-0.23358715288760054
5553,20230816-9PM_680_39_2343_1,0.716,59.0,680,39,2343,1,-0.14508697769214446
5554,20230816-9PM_680_39_2343_2,0.5,59.0,680,39,2343,2,-0.3010299956639812
5555,20230816-9PM_680_39_2343_3,0.639,59.0,680,39,2343,3,-0.19449914184159983
5556,20230816-9PM_680_39_2343_4,0.399,59.0,680,39,2343,4,-0.3990271043132517
5557,20230816-9PM_680_39_2343_5,0.479,59.0,680,39,2343,5,-0.3196644865854368
5558,20230816-9PM_680_39_2343_6,0.505,59.0,680,39,2343,6,-0.2967086218813386
5559,20230816-9PM_680_39_2343_7,0.451,59.0,680,39,2343,7,-0.34582345812203946
5560,20230816-9PM_750_39_2343_0,0.415,59.0,750,39,2343,0,-0.3819519032879073
5561,20230816-9PM_750_39_2343_1,0.475,59.0,750,39,2343,1,-0.3233063903751334
5562,20230816-9PM_750_39_2343_2,0.347,59.0,750,39,2343,2,-0.4596705252091263
5563,20230816-9PM_750_39_2343_3,0.443,59.0,750,39,2343,3,-0.3535962737769304
5564,20230816-9PM_750_39_2343_4,0.304,59.0,750,39,2343,4,-0.5171264163912462
5565,20230816-9PM_750_39_2343_5,0.34,59.0,750,39,2343,5,-0.46852108295774486
5566,20230816-9PM_750_39_2343_6,0.356,59.0,750,39,2343,6,-0.44855000202712486
5567,20230816-9PM_750_39_2343_7,0.351,59.0,750,39,2343,7,-0.4546928835341759
5568,20230816-9PM_680_39_1952_0,0.714,59.0,680,39,1952,0,-0.14630178822382564
5569,20230816-9PM_680_39_1952_1,0.861,59.0,680,39,1952,1,-0.06499684854634524
5570,20230816-9PM_680_39_1952_2,0.719,59.0,680,39,1952,2,-0.14327110961711742
5571,20230816-9PM_680_39_1952_3,0.879,59.0,680,39,1952,3,-0.056011124926228104
5572,20230816-9PM_680_39_1952_4,0.908,59.0,680,39,1952,4,-0.04191415147891488
5573,20230816-9PM_680_39_1952_5,0.97,59.0,680,39,1952,5,-0.01322826573375516
5574,20230816-9PM_680_39_1952_6,0.804,59.0,680,39,1952,6,-0.0947439512515487
5575,20230816-9PM_680_39_1952_7,1.01,59.0,680,39,1952,7,0.004321373782642578
5576,20230816-9PM_750_39_1952_0,0.479,59.0,750,39,1952,0,-0.3196644865854368
5577,20230816-9PM_750_39_1952_1,0.512,59.0,750,39,1952,1,-0.2907300390241692
5578,20230816-9PM_750_39_1952_2,0.441,59.0,750,39,1952,2,-0.35556141053216145
5579,20230816-9PM_750_39_1952_3,0.546,59.0,750,39,1952,3,-0.2628073572952627
5580,20230816-9PM_750_39_1952_4,0.554,59.0,750,39,1952,4,-0.2564902352715702
5581,20230816-9PM_750_39_1952_5,0.585,59.0,750,39,1952,5,-0.23284413391781958
5582,20230816-9PM_750_39_1952_6,0.512,59.0,750,39,1952,6,-0.2907300390241692
5583,20230816-9PM_750_39_1952_7,0.624,59.0,750,39,1952,7,-0.20481541031757602
5584,20230816-9PM_680_39_2931_0,0.783,59.0,680,39,2931,0,-0.10623823794205658
5585,20230816-9PM_680_39_2931_1,0.542,59.0,680,39,2931,1,-0.266000713461613
5586,20230816-9PM_680_39_2931_2,0.659,59.0,680,39,2931,2,-0.18111458540599013
5587,20230816-9PM_680_39_2931_3,0.535,59.0,680,39,2931,3,-0.27164621797877153
5588,20230816-9PM_680_39_2931_4,0.695,59.0,680,39,2931,4,-0.15801519540988615
5589,20230816-9PM_680_39_2931_5,0.406,59.0,680,39,2931,5,-0.39147396642280585
5590,20230816-9PM_680_39_2931_6,0.966,59.0,680,39,2931,6,-0.015022873584506671
5591,20230816-9PM_680_39_2931_7,0.533,59.0,680,39,2931,7,-0.2732727909734277
5592,20230816-9PM_750_39_2931_0,0.477,59.0,750,39,2931,0,-0.3214816209598861
5593,20230816-9PM_750_39_2931_1,0.341,59.0,750,39,2931,1,-0.4672456210075022
5594,20230816-9PM_750_39_2931_2,0.448,59.0,750,39,2931,2,-0.348721986001856
5595,20230816-9PM_750_39_2931_3,0.326,59.0,750,39,2931,3,-0.48678239993206096
5596,20230816-9PM_750_39_2931_4,0.433,59.0,750,39,2931,4,-0.36351210364663455
5597,20230816-9PM_750_39_2931_5,0.276,59.0,750,39,2931,5,-0.5590909179347823
5598,20230816-9PM_750_39_2931_6,0.568,59.0,750,39,2931,6,-0.24565166428898116
5599,20230816-9PM_750_39_2931_7,0.414,59.0,750,39,2931,7,-0.3829996588791011
5600,20230816-9PM_680_39_JG5_0,0.168,59.0,680,39,JG5,0,-0.7746907182741372
5601,20230816-9PM_680_39_JG5_1,0.195,59.0,680,39,JG5,1,-0.7099653886374819
5602,20230816-9PM_680_39_JG5_2,0.163,59.0,680,39,JG5,2,-0.7878123955960422
5603,20230816-9PM_680_39_JG5_3,0.239,59.0,680,39,JG5,3,-0.6216020990518624
5604,20230816-9PM_680_39_JG5_4,0.173,59.0,680,39,JG5,4,-0.7619538968712046
5605,20230816-9PM_680_39_JG5_5,0.154,59.0,680,39,JG5,5,-0.8124792791635369
5606,20230816-9PM_680_39_JG5_6,0.203,59.0,680,39,JG5,6,-0.6925039620867871
5607,20230816-9PM_680_39_JG5_7,0.125,59.0,680,39,JG5,7,-0.9030899869919435
5608,20230816-9PM_750_39_JG5_0,0.132,59.0,750,39,JG5,0,-0.8794260687941501
5609,20230816-9PM_750_39_JG5_1,0.155,59.0,750,39,JG5,1,-0.8096683018297085
5610,20230816-9PM_750_39_JG5_2,0.123,59.0,750,39,JG5,2,-0.9100948885606021
5611,20230816-9PM_750_39_JG5_3,0.175,59.0,750,39,JG5,3,-0.7569619513137056
5612,20230816-9PM_750_39_JG5_4,0.141,59.0,750,39,JG5,4,-0.8507808873446201
5613,20230816-9PM_750_39_JG5_5,0.119,59.0,750,39,JG5,5,-0.9244530386074693
5614,20230816-9PM_750_39_JG5_6,0.143,59.0,750,39,JG5,6,-0.8446639625349383
5615,20230816-9PM_750_39_JG5_7,0.091,59.0,750,39,JG5,7,-1.0409586076789064
5616,20230816-9PM_680_39_BMS_0,0.755,59.0,680,39,BMS,0,-0.12205304837081175
5617,20230816-9PM_680_39_BMS_1,0.969,59.0,680,39,BMS,1,-0.013676222949234686
5618,20230816-9PM_680_39_BMS_2,0.786,59.0,680,39,BMS,2,-0.10457745396059209
5619,20230816-9PM_680_39_BMS_3,1.102,59.0,680,39,BMS,3,0.04218159451576628
5620,20230816-9PM_680_39_BMS_4,0.875,59.0,680,39,BMS,4,-0.057991946977686754
5621,20230816-9PM_680_39_BMS_5,1.009,59.0,680,39,BMS,5,0.0038911662369104775
5622,20230816-9PM_680_39_BMS_6,0.894,59.0,680,39,BMS,6,-0.04866248120408232
5623,20230816-9PM_680_39_BMS_7,0.711,59.0,680,39,BMS,7,-0.14813039927023372
5624,20230816-9PM_750_39_BMS_0,0.49,59.0,750,39,BMS,0,-0.3098039199714863
5625,20230816-9PM_750_39_BMS_1,0.549,59.0,750,39,BMS,1,-0.26042765554990804
5626,20230816-9PM_750_39_BMS_2,0.478,59.0,750,39,BMS,2,-0.3205721033878811
5627,20230816-9PM_750_39_BMS_3,0.624,59.0,750,39,BMS,3,-0.20481541031757602
5628,20230816-9PM_750_39_BMS_4,0.527,59.0,750,39,BMS,4,-0.27818938478745336
5629,20230816-9PM_750_39_BMS_5,0.568,59.0,750,39,BMS,5,-0.24565166428898116
5630,20230816-9PM_750_39_BMS_6,0.508,59.0,750,39,BMS,6,-0.29413628771608075
5631,20230816-9PM_750_39_BMS_7,0.45,59.0,750,39,BMS,7,-0.3467874862246563
5632,20230816-9PM_680_37_3059_0,1.332,59.0,680,37,3059,0,0.12450422483428228
5633,20230816-9PM_680_37_3059_1,1.112,59.0,680,37,3059,1,0.046104787246038705
5634,20230816-9PM_680_37_3059_2,1.146,59.0,680,37,3059,2,0.05918461763137114
5635,20230816-9PM_680_37_3059_3,1.155,59.0,680,37,3059,3,0.06258198422816312
5636,20230816-9PM_680_37_3059_4,1.278,59.0,680,37,3059,4,0.10653085382238137
5637,20230816-9PM_680_37_3059_5,0.863,59.0,680,37,3059,5,-0.06398920428479041
5638,20230816-9PM_680_37_3059_6,0.938,59.0,680,37,3059,6,-0.027797161620935564
5639,20230816-9PM_680_37_3059_7,1.008,59.0,680,37,3059,7,0.003460532109506489
5640,20230816-9PM_750_37_3059_0,0.796,59.0,750,37,3059,0,-0.09908693226233094
5641,20230816-9PM_750_37_3059_1,0.596,59.0,750,37,3059,1,-0.22475374025976358
5642,20230816-9PM_750_37_3059_2,0.737,59.0,750,37,3059,2,-0.13253251214094852
5643,20230816-9PM_750_37_3059_3,0.713,59.0,750,37,3059,3,-0.14691047014813446
5644,20230816-9PM_750_37_3059_4,0.764,59.0,750,37,3059,4,-0.11690664142431006
5645,20230816-9PM_750_37_3059_5,0.493,59.0,750,37,3059,5,-0.30715308072277
5646,20230816-9PM_750_37_3059_6,0.509,59.0,750,37,3059,6,-0.29328221766324125
5647,20230816-9PM_750_37_3059_7,0.725,59.0,750,37,3059,7,-0.13966199342900631
5648,20230816-9PM_680_37_1691_0,0.898,59.0,680,37,1691,0,-0.04672366333269562
5649,20230816-9PM_680_37_1691_1,0.752,59.0,680,37,1691,1,-0.12378215940835775
5650,20230816-9PM_680_37_1691_2,0.751,59.0,680,37,1691,2,-0.1243600629958316
5651,20230816-9PM_680_37_1691_3,1.129,59.0,680,37,1691,3,0.05269394192496786
5652,20230816-9PM_680_37_1691_4,0.758,59.0,680,37,1691,4,-0.12033079436794646
5653,20230816-9PM_680_37_1691_5,1.714,59.0,680,37,1691,5,0.23401081758717934
5654,20230816-9PM_680_37_1691_6,1.274,59.0,680,37,1691,6,0.10516942799933163
5655,20230816-9PM_680_37_1691_7,1.059,59.0,680,37,1691,7,0.024895960107484977
5656,20230816-9PM_750_37_1691_0,0.541,59.0,750,37,1691,0,-0.26680273489343054
5657,20230816-9PM_750_37_1691_1,0.462,59.0,750,37,1691,1,-0.33535802444387447
5658,20230816-9PM_750_37_1691_2,0.469,59.0,750,37,1691,2,-0.32882715728491674
5659,20230816-9PM_750_37_1691_3,0.675,59.0,750,37,1691,3,-0.17069622716897506
5660,20230816-9PM_750_37_1691_4,0.531,59.0,750,37,1691,4,-0.2749054789185309
5661,20230816-9PM_750_37_1691_5,0.958,59.0,750,37,1691,5,-0.018634490921455603
5662,20230816-9PM_750_37_1691_6,0.776,59.0,750,37,1691,6,-0.11013827874181155
5663,20230816-9PM_750_37_1691_7,0.696,59.0,750,37,1691,7,-0.15739076038943792
5664,20230816-9PM_680_37_1690_0,1.111,59.0,680,37,1690,0,0.04571405894086761
5665,20230816-9PM_680_37_1690_1,0.911,59.0,680,37,1690,1,-0.040481623027001735
5666,20230816-9PM_680_37_1690_2,1.203,59.0,680,37,1690,2,0.08026562733984477
5667,20230816-9PM_680_37_1690_3,1.028,59.0,680,37,1690,3,0.011993114659256938
5668,20230816-9PM_680_37_1690_4,0.928,59.0,680,37,1690,4,-0.032452023781137915
5669,20230816-9PM_680_37_1690_5,1.031,59.0,680,37,1690,5,0.013258665283516512
5670,20230816-9PM_680_37_1690_6,1.124,59.0,680,37,1690,6,0.05076631123304232
5671,20230816-9PM_680_37_1690_7,1.162,59.0,680,37,1690,7,0.0652061280543119
5672,20230816-9PM_750_37_1690_0,0.658,59.0,750,37,1690,0,-0.1817741063860445
5673,20230816-9PM_750_37_1690_1,0.601,59.0,750,37,1690,1,-0.22112552799726048
5674,20230816-9PM_750_37_1690_2,0.755,59.0,750,37,1690,2,-0.12205304837081175
5675,20230816-9PM_750_37_1690_3,0.639,59.0,750,37,1690,3,-0.19449914184159983
5676,20230816-9PM_750_37_1690_4,0.6,59.0,750,37,1690,4,-0.2218487496163564
5677,20230816-9PM_750_37_1690_5,0.652,59.0,750,37,1690,5,-0.1857524042680798
5678,20230816-9PM_750_37_1690_6,0.687,59.0,750,37,1690,6,-0.16304326294044955
5679,20230816-9PM_750_37_1690_7,0.736,59.0,750,37,1690,7,-0.13312218566250114
5680,20230816-9PM_680_37_2342_0,0.403,59.0,680,37,2342,0,-0.39469495385889053
5681,20230816-9PM_680_37_2342_1,0.528,59.0,680,37,2342,1,-0.27736607746618774
5682,20230816-9PM_680_37_2342_2,0.511,59.0,680,37,2342,2,-0.29157909986528724
5683,20230816-9PM_680_37_2342_3,0.745,59.0,680,37,2342,3,-0.12784372725170717
5684,20230816-9PM_680_37_2342_4,0.542,59.0,680,37,2342,4,-0.266000713461613
5685,20230816-9PM_680_37_2342_5,0.423,59.0,680,37,2342,5,-0.37365963262495766
5686,20230816-9PM_680_37_2342_6,0.847,59.0,680,37,2342,6,-0.0721165896692931
5687,20230816-9PM_680_37_2342_7,0.691,59.0,680,37,2342,7,-0.16052195262580163
5688,20230816-9PM_750_37_2342_0,0.337,59.0,750,37,2342,0,-0.47237009912866135
5689,20230816-9PM_750_37_2342_1,0.441,59.0,750,37,2342,1,-0.35556141053216145
5690,20230816-9PM_750_37_2342_2,0.409,59.0,750,37,2342,2,-0.38827669199265824
5691,20230816-9PM_750_37_2342_3,0.477,59.0,750,37,2342,3,-0.3214816209598861
5692,20230816-9PM_750_37_2342_4,0.454,59.0,750,37,2342,4,-0.34294414714289606
5693,20230816-9PM_750_37_2342_5,0.357,59.0,750,37,2342,5,-0.4473317838878068
5694,20230816-9PM_750_37_2342_6,0.607,59.0,750,37,2342,6,-0.21681130892474243
5695,20230816-9PM_750_37_2342_7,0.547,59.0,750,37,2342,7,-0.2620126736665692
5696,20230816-9PM_680_37_4532_0,0.757,59.0,680,37,4532,0,-0.12090412049992724
5697,20230816-9PM_680_37_4532_1,0.751,59.0,680,37,4532,1,-0.1243600629958316
5698,20230816-9PM_680_37_4532_2,0.657,59.0,680,37,4532,2,-0.1824346304402192
5699,20230816-9PM_680_37_4532_3,0.725,59.0,680,37,4532,3,-0.13966199342900631
5700,20230816-9PM_680_37_4532_4,0.976,59.0,680,37,4532,4,-0.010550182333308195
5701,20230816-9PM_680_37_4532_5,0.479,59.0,680,37,4532,5,-0.3196644865854368
5702,20230816-9PM_680_37_4532_6,0.54,59.0,680,37,4532,6,-0.26760624017703144
5703,20230816-9PM_680_37_4532_7,0.536,59.0,680,37,4532,7,-0.27083521030722996
5704,20230816-9PM_750_37_4532_0,0.437,59.0,750,37,4532,0,-0.3595185630295782
5705,20230816-9PM_750_37_4532_1,0.485,59.0,750,37,4532,1,-0.3142582613977364
5706,20230816-9PM_750_37_4532_2,0.478,59.0,750,37,4532,2,-0.3205721033878811
5707,20230816-9PM_750_37_4532_3,0.484,59.0,750,37,4532,3,-0.31515463835558755
5708,20230816-9PM_750_37_4532_4,0.561,59.0,750,37,4532,4,-0.25103713874383854
5709,20230816-9PM_750_37_4532_5,0.359,59.0,750,37,4532,5,-0.44490555142168087
5710,20230816-9PM_750_37_4532_6,0.452,59.0,750,37,4532,6,-0.3448615651886179
5711,20230816-9PM_750_37_4532_7,0.405,59.0,750,37,4532,7,-0.3925449767853314
5712,20230816-9PM_680_37_2344_0,0.788,59.0,680,37,2344,0,-0.10347378251044466
5713,20230816-9PM_680_37_2344_1,0.924,59.0,680,37,2344,1,-0.03432802877989328
5714,20230816-9PM_680_37_2344_2,0.942,59.0,680,37,2344,2,-0.025949097207122653
5715,20230816-9PM_680_37_2344_3,0.695,59.0,680,37,2344,3,-0.15801519540988615
5716,20230816-9PM_680_37_2344_4,0.473,59.0,680,37,2344,4,-0.32513885926218844
5717,20230816-9PM_680_37_2344_5,1.064,59.0,680,37,2344,5,0.0269416279590294
5718,20230816-9PM_680_37_2344_6,0.96,59.0,680,37,2344,6,-0.017728766960431602
5719,20230816-9PM_680_37_2344_7,0.695,59.0,680,37,2344,7,-0.15801519540988615
5720,20230816-9PM_750_37_2344_0,0.531,59.0,750,37,2344,0,-0.2749054789185309
5721,20230816-9PM_750_37_2344_1,0.621,59.0,750,37,2344,1,-0.20690839982341983
5722,20230816-9PM_750_37_2344_2,0.606,59.0,750,37,2344,2,-0.21752737583371382
5723,20230816-9PM_750_37_2344_3,0.484,59.0,750,37,2344,3,-0.31515463835558755
5724,20230816-9PM_750_37_2344_4,0.361,59.0,750,37,2344,4,-0.4424927980943421
5725,20230816-9PM_750_37_2344_5,0.673,59.0,750,37,2344,5,-0.1719849357760231
5726,20230816-9PM_750_37_2344_6,0.654,59.0,750,37,2344,6,-0.18442225167573273
5727,20230816-9PM_750_37_2344_7,0.501,59.0,750,37,2344,7,-0.30016227413275426
5728,20230816-9PM_680_37_2343_0,0.485,59.0,680,37,2343,0,-0.3142582613977364
5729,20230816-9PM_680_37_2343_1,0.673,59.0,680,37,2343,1,-0.1719849357760231
5730,20230816-9PM_680_37_2343_2,0.927,59.0,680,37,2343,2,-0.0329202658555029
5731,20230816-9PM_680_37_2343_3,0.681,59.0,680,37,2343,3,-0.16685288808721482
5732,20230816-9PM_680_37_2343_4,0.528,59.0,680,37,2343,4,-0.27736607746618774
5733,20230816-9PM_680_37_2343_5,1.009,59.0,680,37,2343,5,0.0038911662369104775
5734,20230816-9PM_680_37_2343_6,0.562,59.0,680,37,2343,6,-0.2502636844309389
5735,20230816-9PM_680_37_2343_7,0.528,59.0,680,37,2343,7,-0.27736607746618774
5736,20230816-9PM_750_37_2343_0,0.358,59.0,750,37,2343,0,-0.44611697335612566
5737,20230816-9PM_750_37_2343_1,0.455,59.0,750,37,2343,1,-0.34198860334288755
5738,20230816-9PM_750_37_2343_2,0.561,59.0,750,37,2343,2,-0.25103713874383854
5739,20230816-9PM_750_37_2343_3,0.475,59.0,750,37,2343,3,-0.3233063903751334
5740,20230816-9PM_750_37_2343_4,0.409,59.0,750,37,2343,4,-0.38827669199265824
5741,20230816-9PM_750_37_2343_5,0.67,59.0,750,37,2343,5,-0.17392519729917355
5742,20230816-9PM_750_37_2343_6,0.399,59.0,750,37,2343,6,-0.3990271043132517
5743,20230816-9PM_750_37_2343_7,0.38,59.0,750,37,2343,7,-0.42021640338318983
5744,20230816-9PM_680_37_1952_0,0.821,59.0,680,37,1952,0,-0.08565684288055925
5745,20230816-9PM_680_37_1952_1,0.721,59.0,680,37,1952,1,-0.14206473528057098
5746,20230816-9PM_680_37_1952_2,0.621,59.0,680,37,1952,2,-0.20690839982341983
5747,20230816-9PM_680_37_1952_3,0.858,59.0,680,37,1952,3,-0.06651271215129456
5748,20230816-9PM_680_37_1952_4,0.88,59.0,680,37,1952,4,-0.05551732784983137
5749,20230816-9PM_680_37_1952_5,0.919,59.0,680,37,1952,5,-0.03668448861388872
5750,20230816-9PM_680_37_1952_6,0.848,59.0,680,37,1952,6,-0.07160414774328619
5751,20230816-9PM_680_37_1952_7,0.668,59.0,680,37,1952,7,-0.1752235375244543
5752,20230816-9PM_750_37_1952_0,0.495,59.0,750,37,1952,0,-0.3053948010664313
5753,20230816-9PM_750_37_1952_1,0.426,59.0,750,37,1952,1,-0.37059040089728107
5754,20230816-9PM_750_37_1952_2,0.388,59.0,750,37,1952,2,-0.41116827440579273
5755,20230816-9PM_750_37_1952_3,0.518,59.0,750,37,1952,3,-0.28567024025476695
5756,20230816-9PM_750_37_1952_4,0.529,59.0,750,37,1952,4,-0.2765443279648142
5757,20230816-9PM_750_37_1952_5,0.526,59.0,750,37,1952,5,-0.27901425584626094
5758,20230816-9PM_750_37_1952_6,0.488,59.0,750,37,1952,6,-0.3115801779972894
5759,20230816-9PM_750_37_1952_7,0.415,59.0,750,37,1952,7,-0.3819519032879073
5760,20230816-9PM_680_37_2931_0,0.761,59.0,680,37,2931,0,-0.11861534322942717
5761,20230816-9PM_680_37_2931_1,0.74,59.0,680,37,2931,1,-0.13076828026902382
5762,20230816-9PM_680_37_2931_2,0.574,59.0,680,37,2931,2,-0.2410881076020265
5763,20230816-9PM_680_37_2931_3,0.639,59.0,680,37,2931,3,-0.19449914184159983
5764,20230816-9PM_680_37_2931_4,0.527,59.0,680,37,2931,4,-0.27818938478745336
5765,20230816-9PM_680_37_2931_5,0.419,59.0,680,37,2931,5,-0.3777859770337047
5766,20230816-9PM_680_37_2931_6,0.764,59.0,680,37,2931,6,-0.11690664142431006
5767,20230816-9PM_680_37_2931_7,1.327,59.0,680,37,2931,7,0.1228709228644355
5768,20230816-9PM_750_37_2931_0,0.434,59.0,750,37,2931,0,-0.3625102704874893
5769,20230816-9PM_750_37_2931_1,0.433,59.0,750,37,2931,1,-0.36351210364663455
5770,20230816-9PM_750_37_2931_2,0.371,59.0,750,37,2931,2,-0.43062609038495414
5771,20230816-9PM_750_37_2931_3,0.376,59.0,750,37,2931,3,-0.42481215507233894
5772,20230816-9PM_750_37_2931_4,0.328,59.0,750,37,2931,4,-0.4841261562883209
5773,20230816-9PM_750_37_2931_5,0.295,59.0,750,37,2931,5,-0.530177984021837
5774,20230816-9PM_750_37_2931_6,0.449,59.0,750,37,2931,6,-0.3477536589966768
5775,20230816-9PM_750_37_2931_7,0.825,59.0,750,37,2931,7,-0.08354605145007493
5776,20230816-9PM_680_37_JG5_0,0.535,59.0,680,37,JG5,0,-0.27164621797877153
5777,20230816-9PM_680_37_JG5_1,0.435,59.0,680,37,JG5,1,-0.3615107430453627
5778,20230816-9PM_680_37_JG5_2,0.243,59.0,680,37,JG5,2,-0.6143937264016879
5779,20230816-9PM_680_37_JG5_3,0.264,59.0,680,37,JG5,3,-0.5783960731301689
5780,20230816-9PM_680_37_JG5_4,0.773,59.0,680,37,JG5,4,-0.11182050608167508
5781,20230816-9PM_680_37_JG5_5,0.396,59.0,680,37,JG5,5,-0.40230481407448765
5782,20230816-9PM_680_37_JG5_6,0.494,59.0,680,37,JG5,6,-0.30627305107635305
5783,20230816-9PM_680_37_JG5_7,0.343,59.0,680,37,JG5,7,-0.46470587995722945
5784,20230816-9PM_750_37_JG5_0,0.34,59.0,750,37,JG5,0,-0.46852108295774486
5785,20230816-9PM_750_37_JG5_1,0.304,59.0,750,37,JG5,1,-0.5171264163912462
5786,20230816-9PM_750_37_JG5_2,0.19,59.0,750,37,JG5,2,-0.721246399047171
5787,20230816-9PM_750_37_JG5_3,0.182,59.0,750,37,JG5,3,-0.7399286120149252
5788,20230816-9PM_750_37_JG5_4,0.483,59.0,750,37,JG5,4,-0.31605286924848786
5789,20230816-9PM_750_37_JG5_5,0.274,59.0,750,37,JG5,5,-0.562249437179612
5790,20230816-9PM_750_37_JG5_6,0.332,59.0,750,37,JG5,6,-0.4788619162959637
5791,20230816-9PM_750_37_JG5_7,0.234,59.0,750,37,JG5,7,-0.6307841425898572
5792,20230816-9PM_680_37_BMS_0,1.3,59.0,680,37,BMS,0,0.11394335230683679
5793,20230816-9PM_680_37_BMS_1,1.588,59.0,680,37,BMS,1,0.20085049809107747
5794,20230816-9PM_680_37_BMS_2,1.517,59.0,680,37,BMS,2,0.18098558078673047
5795,20230816-9PM_680_37_BMS_3,1.083,59.0,680,37,BMS,3,0.034628456625320346
5796,20230816-9PM_680_37_BMS_4,1.53,59.0,680,37,BMS,4,0.1846914308175988
5797,20230816-9PM_680_37_BMS_5,1.312,59.0,680,37,BMS,5,0.11793383503964149
5798,20230816-9PM_680_37_BMS_6,1.451,59.0,680,37,BMS,6,0.16166741243773589
5799,20230816-9PM_680_37_BMS_7,1.268,59.0,680,37,BMS,7,0.10311925354571388
5800,20230816-9PM_750_37_BMS_0,0.77,59.0,750,37,BMS,0,-0.11350927482751812
5801,20230816-9PM_750_37_BMS_1,0.805,59.0,750,37,BMS,1,-0.09420411963213146
5802,20230816-9PM_750_37_BMS_2,0.843,59.0,750,37,BMS,2,-0.07417242537525769
5803,20230816-9PM_750_37_BMS_3,0.632,59.0,750,37,BMS,3,-0.19928292171761497
5804,20230816-9PM_750_37_BMS_4,0.831,59.0,750,37,BMS,4,-0.08039897621588903
5805,20230816-9PM_750_37_BMS_5,0.748,59.0,750,37,BMS,5,-0.12609840213553863
5806,20230816-9PM_750_37_BMS_6,0.816,59.0,750,37,BMS,6,-0.08830984124613889
5807,20230816-9PM_750_37_BMS_7,0.733,59.0,750,37,BMS,7,-0.13489602535887207
5808,20230818-9AM_680_25_3059_0,1.936,95.0,680,25,3059,0,0.28690535297237485
5809,20230818-9AM_680_25_3059_1,1.966,95.0,680,25,3059,1,0.29358351349611683
5810,20230818-9AM_680_25_3059_2,2.002,95.0,680,25,3059,2,0.3014640731432998
5811,20230818-9AM_680_25_3059_3,1.976,95.0,680,25,3059,3,0.2957869402516093
5812,20230818-9AM_680_25_3059_4,2.032,95.0,680,25,3059,4,0.30792370361188165
5813,20230818-9AM_680_25_3059_5,2.222,95.0,680,25,3059,5,0.3467440546048488
5814,20230818-9AM_680_25_3059_6,1.805,95.0,680,25,3059,6,0.2564772062416767
5815,20230818-9AM_680_25_3059_7,2.192,95.0,680,25,3059,7,0.3408405498123316
5816,20230818-9AM_750_25_3059_0,1.142,95.0,750,25,3059,0,0.05766610390982921
5817,20230818-9AM_750_25_3059_1,1.135,95.0,750,25,3059,1,0.05499586152914153
5818,20230818-9AM_750_25_3059_2,1.146,95.0,750,25,3059,2,0.05918461763137114
5819,20230818-9AM_750_25_3059_3,1.181,95.0,750,25,3059,3,0.07224989761351482
5820,20230818-9AM_750_25_3059_4,1.24,95.0,750,25,3059,4,0.09342168516223506
5821,20230818-9AM_750_25_3059_5,1.125,95.0,750,25,3059,5,0.05115252244738129
5822,20230818-9AM_750_25_3059_6,1.056,95.0,750,25,3059,6,0.023663918197793475
5823,20230818-9AM_750_25_3059_7,1.172,95.0,750,25,3059,7,0.06892761168207182
5824,20230818-9AM_680_25_1691_0,2.125,95.0,680,25,1691,0,0.32735893438633035
5825,20230818-9AM_680_25_1691_1,2.047,95.0,680,25,1691,1,0.3111178426625057
5826,20230818-9AM_680_25_1691_2,2.096,95.0,680,25,1691,2,0.32139127831168907
5827,20230818-9AM_680_25_1691_3,0.81,95.0,680,25,1691,3,-0.09151498112135022
5828,20230818-9AM_680_25_1691_4,1.634,95.0,680,25,1691,4,0.21325205219639665
5829,20230818-9AM_680_25_1691_5,0.886,95.0,680,25,1691,5,-0.05256627811294924
5830,20230818-9AM_680_25_1691_6,1.916,95.0,680,25,1691,6,0.2823955047425256
5831,20230818-9AM_680_25_1691_7,1.772,95.0,680,25,1691,7,0.24846371755103194
5832,20230818-9AM_750_25_1691_0,1.159,95.0,750,25,1691,0,0.064083435963596
5833,20230818-9AM_750_25_1691_1,1.03,95.0,750,25,1691,1,0.012837224705172217
5834,20230818-9AM_750_25_1691_2,1.065,95.0,750,25,1691,2,0.027349607774756507
5835,20230818-9AM_750_25_1691_3,0.481,95.0,750,25,1691,3,-0.31785492362616824
5836,20230818-9AM_750_25_1691_4,0.989,95.0,750,25,1691,4,-0.004803708402820599
5837,20230818-9AM_750_25_1691_5,0.572,95.0,750,25,1691,5,-0.24260397120697583
5838,20230818-9AM_750_25_1691_6,1.073,95.0,750,25,1691,6,0.030599721965951066
5839,20230818-9AM_750_25_1691_7,1.02,95.0,750,25,1691,7,0.00860017176191757
5840,20230818-9AM_680_25_1690_0,1.764,95.0,680,25,1690,0,0.24649858079580092
5841,20230818-9AM_680_25_1690_1,2.282,95.0,680,25,1690,1,0.35831564008219585
5842,20230818-9AM_680_25_1690_2,2.09,95.0,680,25,1690,2,0.32014628611105395
5843,20230818-9AM_680_25_1690_3,1.204,95.0,680,25,1690,3,0.08062648692180573
5844,20230818-9AM_680_25_1690_4,1.047,95.0,680,25,1690,4,0.019946681678842306
5845,20230818-9AM_680_25_1690_5,1.361,95.0,680,25,1690,5,0.13385812520333468
5846,20230818-9AM_680_25_1690_6,1.893,95.0,680,25,1690,6,0.27715061396379675
5847,20230818-9AM_680_25_1690_7,1.644,95.0,680,25,1690,7,0.21590181320403157
5848,20230818-9AM_750_25_1690_0,1.026,95.0,750,25,1690,0,0.011147360775797479
5849,20230818-9AM_750_25_1690_1,1.183,95.0,750,25,1690,1,0.07298474462793039
5850,20230818-9AM_750_25_1690_2,1.097,95.0,750,25,1690,2,0.04020662757471112
5851,20230818-9AM_750_25_1690_3,0.84,95.0,750,25,1690,3,-0.07572071393811836
5852,20230818-9AM_750_25_1690_4,0.66,95.0,750,25,1690,4,-0.1804560644581313
5853,20230818-9AM_750_25_1690_5,0.837,95.0,750,25,1690,5,-0.07727454200674003
5854,20230818-9AM_750_25_1690_6,0.97,95.0,750,25,1690,6,-0.01322826573375516
5855,20230818-9AM_750_25_1690_7,0.959,95.0,750,25,1690,7,-0.018181392829336417
5856,20230818-9AM_680_25_2342_0,1.244,95.0,680,25,2342,0,0.0948203803547999
5857,20230818-9AM_680_25_2342_1,1.344,95.0,680,25,2342,1,0.12839926871780646
5858,20230818-9AM_680_25_2342_2,1.92,95.0,680,25,2342,2,0.28330122870354957
5859,20230818-9AM_680_25_2342_3,1.918,95.0,680,25,2342,3,0.2828486028346448
5860,20230818-9AM_680_25_2342_4,1.108,95.0,680,25,2342,4,0.04453976039241098
5861,20230818-9AM_680_25_2342_5,1.216,95.0,680,25,2342,5,0.08493357493671612
5862,20230818-9AM_680_25_2342_6,1.185,95.0,680,25,2342,6,0.07371835034612269
5863,20230818-9AM_680_25_2342_7,0.983,95.0,680,25,2342,7,-0.007446482167864384
5864,20230818-9AM_750_25_2342_0,0.893,95.0,750,25,2342,0,-0.049148541111453566
5865,20230818-9AM_750_25_2342_1,1.016,95.0,750,25,2342,1,0.006893707947900456
5866,20230818-9AM_750_25_2342_2,1.233,95.0,750,25,2342,2,0.09096307659573168
5867,20230818-9AM_750_25_2342_3,1.284,95.0,750,25,2342,3,0.10856502373283448
5868,20230818-9AM_750_25_2342_4,0.681,95.0,750,25,2342,4,-0.16685288808721482
5869,20230818-9AM_750_25_2342_5,0.914,95.0,750,25,2342,5,-0.039053804266168564
5870,20230818-9AM_750_25_2342_6,0.904,95.0,750,25,2342,6,-0.04383156952463668
5871,20230818-9AM_750_25_2342_7,0.726,95.0,750,25,2342,7,-0.1390633792999063
5872,20230818-9AM_680_25_4532_0,1.882,95.0,680,25,4532,0,0.27461961909123805
5873,20230818-9AM_680_25_4532_1,1.911,95.0,680,25,4532,1,0.2812606870550129
5874,20230818-9AM_680_25_4532_2,1.688,95.0,680,25,4532,2,0.22737244228963624
5875,20230818-9AM_680_25_4532_3,2.192,95.0,680,25,4532,3,0.3408405498123316
5876,20230818-9AM_680_25_4532_4,1.932,95.0,680,25,4532,4,0.28600712207947454
5877,20230818-9AM_680_25_4532_5,1.595,95.0,680,25,4532,5,0.2027606873931999
5878,20230818-9AM_680_25_4532_6,1.958,95.0,680,25,4532,6,0.291812687467119
5879,20230818-9AM_680_25_4532_7,1.458,95.0,680,25,4532,7,0.1637575239819558
5880,20230818-9AM_750_25_4532_0,0.977,95.0,750,25,4532,0,-0.010105436281226938
5881,20230818-9AM_750_25_4532_1,1.04,95.0,750,25,4532,1,0.01703333929878037
5882,20230818-9AM_750_25_4532_2,0.955,95.0,750,25,4532,2,-0.019996628416253676
5883,20230818-9AM_750_25_4532_3,1.095,95.0,750,25,4532,3,0.03941411917613713
5884,20230818-9AM_750_25_4532_4,1.006,95.0,750,25,4532,4,0.0025979807199085947
5885,20230818-9AM_750_25_4532_5,0.885,95.0,750,25,4532,5,-0.05305672930217456
5886,20230818-9AM_750_25_4532_6,1.068,95.0,750,25,4532,6,0.028571252692537637
5887,20230818-9AM_750_25_4532_7,0.931,95.0,750,25,4532,7,-0.031050319018657353
5888,20230818-9AM_680_25_2344_0,1.178,95.0,680,25,2344,0,0.07114529045108281
5889,20230818-9AM_680_25_2344_1,1.718,95.0,680,25,2344,1,0.23502315949522348
5890,20230818-9AM_680_25_2344_2,1.483,95.0,680,25,2344,2,0.17114115102838207
5891,20230818-9AM_680_25_2344_3,1.321,95.0,680,25,2344,3,0.12090281761452719
5892,20230818-9AM_680_25_2344_4,1.5,95.0,680,25,2344,4,0.17609125905568124
5893,20230818-9AM_680_25_2344_5,1.292,95.0,680,25,2344,5,0.1112625136590653
5894,20230818-9AM_680_25_2344_6,1.893,95.0,680,25,2344,6,0.27715061396379675
5895,20230818-9AM_680_25_2344_7,1.242,95.0,680,25,2344,7,0.09412159584056139
5896,20230818-9AM_750_25_2344_0,0.72,95.0,750,25,2344,0,-0.14266750356873156
5897,20230818-9AM_750_25_2344_1,0.927,95.0,750,25,2344,1,-0.0329202658555029
5898,20230818-9AM_750_25_2344_2,0.863,95.0,750,25,2344,2,-0.06398920428479041
5899,20230818-9AM_750_25_2344_3,0.759,95.0,750,25,2344,3,-0.11975822410451964
5900,20230818-9AM_750_25_2344_4,0.869,95.0,750,25,2344,4,-0.060980223551333534
5901,20230818-9AM_750_25_2344_5,0.773,95.0,750,25,2344,5,-0.11182050608167508
5902,20230818-9AM_750_25_2344_6,0.993,95.0,750,25,2344,6,-0.0030507515046188267
5903,20230818-9AM_750_25_2344_7,0.742,95.0,750,25,2344,7,-0.12959609472097294
5904,20230818-9AM_680_25_2343_0,1.52,95.0,680,25,2343,0,0.18184358794477254
5905,20230818-9AM_680_25_2343_1,1.049,95.0,680,25,2343,1,0.02077548819355783
5906,20230818-9AM_680_25_2343_2,0.985,95.0,680,25,2343,2,-0.006563769502388274
5907,20230818-9AM_680_25_2343_3,2.153,95.0,680,25,2343,3,0.3330440298234872
5908,20230818-9AM_680_25_2343_4,1.295,95.0,680,25,2343,4,0.11226976841727061
5909,20230818-9AM_680_25_2343_5,2.137,95.0,680,25,2343,5,0.3298045221640694
5910,20230818-9AM_680_25_2343_6,2.038,95.0,680,25,2343,6,0.30920417967040753
5911,20230818-9AM_680_25_2343_7,1.825,95.0,680,25,2343,7,0.2612628687924935
5912,20230818-9AM_750_25_2343_0,0.954,95.0,750,25,2343,0,-0.020451625295904902
5913,20230818-9AM_750_25_2343_1,0.758,95.0,750,25,2343,1,-0.12033079436794646
5914,20230818-9AM_750_25_2343_2,0.715,95.0,750,25,2343,2,-0.1456939581989194
5915,20230818-9AM_750_25_2343_3,1.228,95.0,750,25,2343,3,0.08919836680514887
5916,20230818-9AM_750_25_2343_4,0.944,95.0,750,25,2343,4,-0.02502800570193105
5917,20230818-9AM_750_25_2343_5,1.319,95.0,750,25,2343,5,0.12024479554636527
5918,20230818-9AM_750_25_2343_6,1.248,95.0,750,25,2343,6,0.09621458534640519
5919,20230818-9AM_750_25_2343_7,1.192,95.0,750,25,2343,7,0.0762762554042176
5920,20230818-9AM_680_25_1952_0,1.66,95.0,680,25,1952,0,0.22010808804005508
5921,20230818-9AM_680_25_1952_1,2.056,95.0,680,25,1952,1,0.31302311032323815
5922,20230818-9AM_680_25_1952_2,0.789,95.0,680,25,1952,2,-0.10292299679057967
5923,20230818-9AM_680_25_1952_3,1.985,95.0,680,25,1952,3,0.2977605110991339
5924,20230818-9AM_680_25_1952_4,1.682,95.0,680,25,1952,4,0.22582599146189336
5925,20230818-9AM_680_25_1952_5,1.902,95.0,680,25,1952,5,0.2792105126013951
5926,20230818-9AM_680_25_1952_6,1.804,95.0,680,25,1952,6,0.25623653320592293
5927,20230818-9AM_680_25_1952_7,1.677,95.0,680,25,1952,7,0.22453306260608574
5928,20230818-9AM_750_25_1952_0,0.984,95.0,750,25,1952,0,-0.007004901568658489
5929,20230818-9AM_750_25_1952_1,1.062,95.0,750,25,1952,1,0.026124516745450282
5930,20230818-9AM_750_25_1952_2,0.577,95.0,750,25,1952,2,-0.2388241868442686
5931,20230818-9AM_750_25_1952_3,1.03,95.0,750,25,1952,3,0.012837224705172217
5932,20230818-9AM_750_25_1952_4,0.956,95.0,750,25,1952,4,-0.019542107723899943
5933,20230818-9AM_750_25_1952_5,1.042,95.0,750,25,1952,5,0.017867718963505686
5934,20230818-9AM_750_25_1952_6,0.953,95.0,750,25,1952,6,-0.02090709936167361
5935,20230818-9AM_750_25_1952_7,1.01,95.0,750,25,1952,7,0.004321373782642578
5936,20230818-9AM_680_25_2931_0,1.804,95.0,680,25,2931,0,0.25623653320592293
5937,20230818-9AM_680_25_2931_1,1.563,95.0,680,25,2931,1,0.1939589780191869
5938,20230818-9AM_680_25_2931_2,1.589,95.0,680,25,2931,2,0.20112389720737955
5939,20230818-9AM_680_25_2931_3,1.581,95.0,680,25,2931,3,0.19893186993220904
5940,20230818-9AM_680_25_2931_4,1.734,95.0,680,25,2931,4,0.2390490931401915
5941,20230818-9AM_680_25_2931_5,1.696,95.0,680,25,2931,5,0.229425847920695
5942,20230818-9AM_680_25_2931_6,1.889,95.0,680,25,2931,6,0.2762319579218336
5943,20230818-9AM_680_25_2931_7,1.956,95.0,680,25,2931,7,0.2913688504515826
5944,20230818-9AM_750_25_2931_0,1.234,95.0,750,25,2931,0,0.09131515969722287
5945,20230818-9AM_750_25_2931_1,0.893,95.0,750,25,2931,1,-0.049148541111453566
5946,20230818-9AM_750_25_2931_2,0.897,95.0,750,25,2931,2,-0.047207556955907906
5947,20230818-9AM_750_25_2931_3,0.933,95.0,750,25,2931,3,-0.030118356253500032
5948,20230818-9AM_750_25_2931_4,0.964,95.0,750,25,2931,4,-0.01592296609716924
5949,20230818-9AM_750_25_2931_5,1.0,95.0,750,25,2931,5,0.0
5950,20230818-9AM_750_25_2931_6,1.19,95.0,750,25,2931,6,0.07554696139253074
5951,20230818-9AM_750_25_2931_7,1.003,95.0,750,25,2931,7,0.001300933020418072
5952,20230818-9AM_680_25_JG5_0,0.89,95.0,680,25,JG5,0,-0.05060999335508721
5953,20230818-9AM_680_25_JG5_1,0.935,95.0,680,25,JG5,1,-0.0291883891274822
5954,20230818-9AM_680_25_JG5_2,0.838,95.0,680,25,JG5,2,-0.07675598136972352
5955,20230818-9AM_680_25_JG5_3,0.947,95.0,680,25,JG5,3,-0.0236500209967266
5956,20230818-9AM_680_25_JG5_4,1.381,95.0,680,25,JG5,4,0.1401936785786313
5957,20230818-9AM_680_25_JG5_5,0.947,95.0,680,25,JG5,5,-0.0236500209967266
5958,20230818-9AM_680_25_JG5_6,1.291,95.0,680,25,JG5,6,0.11092624226642028
5959,20230818-9AM_680_25_JG5_7,1.157,95.0,680,25,JG5,7,0.06333335895174956
5960,20230818-9AM_750_25_JG5_0,0.746,95.0,750,25,JG5,0,-0.1272611725273312
5961,20230818-9AM_750_25_JG5_1,0.581,95.0,750,25,JG5,1,-0.2358238676096693
5962,20230818-9AM_750_25_JG5_2,0.454,95.0,750,25,JG5,2,-0.34294414714289606
5963,20230818-9AM_750_25_JG5_3,0.732,95.0,750,25,JG5,3,-0.13548891894160814
5964,20230818-9AM_750_25_JG5_4,0.809,95.0,750,25,JG5,4,-0.09205147838772766
5965,20230818-9AM_750_25_JG5_5,0.577,95.0,750,25,JG5,5,-0.2388241868442686
5966,20230818-9AM_750_25_JG5_6,0.674,95.0,750,25,JG5,6,-0.17134010346468015
5967,20230818-9AM_750_25_JG5_7,0.584,95.0,750,25,JG5,7,-0.23358715288760054
5968,20230818-9AM_680_25_BMS_0,1.934,95.0,680,25,BMS,0,0.28645646974698286
5969,20230818-9AM_680_25_BMS_1,1.011,95.0,680,25,BMS,1,0.00475115559100102
5970,20230818-9AM_680_25_BMS_2,1.906,95.0,680,25,BMS,2,0.2801228963023076
5971,20230818-9AM_680_25_BMS_3,2.053,95.0,680,25,BMS,3,0.31238894937059186
5972,20230818-9AM_680_25_BMS_4,1.043,95.0,680,25,BMS,4,0.018284308426530838
5973,20230818-9AM_680_25_BMS_5,1.054,95.0,680,25,BMS,5,0.022840610876527823
5974,20230818-9AM_680_25_BMS_6,1.884,95.0,680,25,BMS,6,0.2750808984568585
5975,20230818-9AM_680_25_BMS_7,0.889,95.0,680,25,BMS,7,-0.0510982390297863
5976,20230818-9AM_750_25_BMS_0,1.158,95.0,750,25,BMS,0,0.06370855939141737
5977,20230818-9AM_750_25_BMS_1,0.714,95.0,750,25,BMS,1,-0.14630178822382564
5978,20230818-9AM_750_25_BMS_2,1.076,95.0,750,25,BMS,2,0.0318122713303704
5979,20230818-9AM_750_25_BMS_3,1.199,95.0,750,25,BMS,3,0.0788191830988487
5980,20230818-9AM_750_25_BMS_4,0.738,95.0,750,25,BMS,4,-0.13194363817695845
5981,20230818-9AM_750_25_BMS_5,0.685,95.0,750,25,BMS,5,-0.1643094285075744
5982,20230818-9AM_750_25_BMS_6,1.017,95.0,750,25,BMS,6,0.0073209529227445565
5983,20230818-9AM_750_25_BMS_7,0.627,95.0,750,25,BMS,7,-0.20273245916928356
5984,20230818-9AM_680_39_3059_0,0.741,95.0,680,39,3059,0,-0.13018179202067184
5985,20230818-9AM_680_39_3059_1,0.496,95.0,680,39,3059,1,-0.30451832350980257
5986,20230818-9AM_680_39_3059_2,0.767,95.0,680,39,3059,2,-0.11520463605101904
5987,20230818-9AM_680_39_3059_3,0.852,95.0,680,39,3059,3,-0.0695604052332999
5988,20230818-9AM_680_39_3059_4,0.748,95.0,680,39,3059,4,-0.12609840213553863
5989,20230818-9AM_680_39_3059_5,0.514,95.0,680,39,3059,5,-0.28903688100472424
5990,20230818-9AM_680_39_3059_6,0.603,95.0,680,39,3059,6,-0.2196826878598487
5991,20230818-9AM_680_39_3059_7,0.193,95.0,680,39,3059,7,-0.7144426909922262
5992,20230818-9AM_750_39_3059_0,0.539,95.0,750,39,3059,0,-0.2684112348132613
5993,20230818-9AM_750_39_3059_1,0.324,95.0,750,39,3059,1,-0.48945498979338786
5994,20230818-9AM_750_39_3059_2,0.552,95.0,750,39,3059,2,-0.2580609222708011
5995,20230818-9AM_750_39_3059_3,0.601,95.0,750,39,3059,3,-0.22112552799726048
5996,20230818-9AM_750_39_3059_4,0.634,95.0,750,39,3059,4,-0.1979107421182673
5997,20230818-9AM_750_39_3059_5,0.321,95.0,750,39,3059,5,-0.4934949675951279
5998,20230818-9AM_750_39_3059_6,0.397,95.0,750,39,3059,6,-0.40120949323688493
5999,20230818-9AM_750_39_3059_7,0.145,95.0,750,39,3059,7,-0.8386319977650252
6000,20230818-9AM_680_39_1691_0,0.71,95.0,680,39,1691,0,-0.14874165128092473
6001,20230818-9AM_680_39_1691_1,0.485,95.0,680,39,1691,1,-0.3142582613977364
6002,20230818-9AM_680_39_1691_2,0.52,95.0,680,39,1691,2,-0.28399665636520083
6003,20230818-9AM_680_39_1691_3,1.011,95.0,680,39,1691,3,0.00475115559100102
6004,20230818-9AM_680_39_1691_4,0.519,95.0,680,39,1691,4,-0.28483264215154214
6005,20230818-9AM_680_39_1691_5,0.04,95.0,680,39,1691,5,-1.3979400086720375
6006,20230818-9AM_680_39_1691_6,0.31,95.0,680,39,1691,6,-0.5086383061657274
6007,20230818-9AM_680_39_1691_7,0.137,95.0,680,39,1691,7,-0.8632794328435932
6008,20230818-9AM_750_39_1691_0,0.607,95.0,750,39,1691,0,-0.21681130892474243
6009,20230818-9AM_750_39_1691_1,0.422,95.0,750,39,1691,1,-0.37468754903832613
6010,20230818-9AM_750_39_1691_2,0.46,95.0,750,39,1691,2,-0.3372421683184259
6011,20230818-9AM_750_39_1691_3,0.785,95.0,750,39,1691,3,-0.10513034325474745
6012,20230818-9AM_750_39_1691_4,0.438,95.0,750,39,1691,4,-0.3585258894959005
6013,20230818-9AM_750_39_1691_5,0.041,95.0,750,39,1691,5,-1.3872161432802645
6014,20230818-9AM_750_39_1691_6,0.194,95.0,750,39,1691,6,-0.712198270069774
6015,20230818-9AM_750_39_1691_7,0.112,95.0,750,39,1691,7,-0.9507819773298184
6016,20230818-9AM_680_39_1690_0,0.379,95.0,680,39,1690,0,-0.42136079003192767
6017,20230818-9AM_680_39_1690_1,0.587,95.0,680,39,1690,1,-0.23136189875238555
6018,20230818-9AM_680_39_1690_2,0.62,95.0,680,39,1690,2,-0.20760831050174613
6019,20230818-9AM_680_39_1690_3,0.488,95.0,680,39,1690,3,-0.3115801779972894
6020,20230818-9AM_680_39_1690_4,0.347,95.0,680,39,1690,4,-0.4596705252091263
6021,20230818-9AM_680_39_1690_5,0.449,95.0,680,39,1690,5,-0.3477536589966768
6022,20230818-9AM_680_39_1690_6,0.577,95.0,680,39,1690,6,-0.2388241868442686
6023,20230818-9AM_680_39_1690_7,0.438,95.0,680,39,1690,7,-0.3585258894959005
6024,20230818-9AM_750_39_1690_0,0.335,95.0,750,39,1690,0,-0.47495519296315475
6025,20230818-9AM_750_39_1690_1,0.483,95.0,750,39,1690,1,-0.31605286924848786
6026,20230818-9AM_750_39_1690_2,0.5,95.0,750,39,1690,2,-0.3010299956639812
6027,20230818-9AM_750_39_1690_3,0.437,95.0,750,39,1690,3,-0.3595185630295782
6028,20230818-9AM_750_39_1690_4,0.307,95.0,750,39,1690,4,-0.5128616245228135
6029,20230818-9AM_750_39_1690_5,0.403,95.0,750,39,1690,5,-0.39469495385889053
6030,20230818-9AM_750_39_1690_6,0.499,95.0,750,39,1690,6,-0.3018994543766101
6031,20230818-9AM_750_39_1690_7,0.384,95.0,750,39,1690,7,-0.4156687756324692
6032,20230818-9AM_680_39_2342_0,0.204,95.0,680,39,2342,0,-0.6903698325741012
6033,20230818-9AM_680_39_2342_1,0.27,95.0,680,39,2342,1,-0.5686362358410126
6034,20230818-9AM_680_39_2342_2,0.303,95.0,680,39,2342,2,-0.518557371497695
6035,20230818-9AM_680_39_2342_3,0.244,95.0,680,39,2342,3,-0.6126101736612706
6036,20230818-9AM_680_39_2342_4,0.17,95.0,680,39,2342,4,-0.769551078621726
6037,20230818-9AM_680_39_2342_5,0.286,95.0,680,39,2342,5,-0.543633966870957
6038,20230818-9AM_680_39_2342_6,0.057,95.0,680,39,2342,6,-1.2441251443275085
6039,20230818-9AM_680_39_2342_7,0.408,95.0,680,39,2342,7,-0.3893398369101201
6040,20230818-9AM_750_39_2342_0,0.191,95.0,750,39,2342,0,-0.7189666327522725
6041,20230818-9AM_750_39_2342_1,0.245,95.0,750,39,2342,1,-0.6108339156354675
6042,20230818-9AM_750_39_2342_2,0.275,95.0,750,39,2342,2,-0.5606673061697374
6043,20230818-9AM_750_39_2342_3,0.224,95.0,750,39,2342,3,-0.6497519816658371
6044,20230818-9AM_750_39_2342_4,0.157,95.0,750,39,2342,4,-0.8041003475907662
6045,20230818-9AM_750_39_2342_5,0.253,95.0,750,39,2342,5,-0.5968794788241821
6046,20230818-9AM_750_39_2342_6,0.044,95.0,750,39,2342,6,-1.3565473235138126
6047,20230818-9AM_750_39_2342_7,0.389,95.0,750,39,2342,7,-0.41005039867429227
6048,20230818-9AM_680_39_4532_0,0.282,95.0,680,39,4532,0,-0.549750891680639
6049,20230818-9AM_680_39_4532_1,0.365,95.0,680,39,4532,1,-0.4377071355435253
6050,20230818-9AM_680_39_4532_2,0.323,95.0,680,39,4532,2,-0.4907974776688971
6051,20230818-9AM_680_39_4532_3,0.3,95.0,680,39,4532,3,-0.5228787452803376
6052,20230818-9AM_680_39_4532_4,0.357,95.0,680,39,4532,4,-0.4473317838878068
6053,20230818-9AM_680_39_4532_5,0.269,95.0,680,39,4532,5,-0.5702477199975919
6054,20230818-9AM_680_39_4532_6,0.296,95.0,680,39,4532,6,-0.5287082889410615
6055,20230818-9AM_680_39_4532_7,0.357,95.0,680,39,4532,7,-0.4473317838878068
6056,20230818-9AM_750_39_4532_0,0.25,95.0,750,39,4532,0,-0.6020599913279624
6057,20230818-9AM_750_39_4532_1,0.34,95.0,750,39,4532,1,-0.46852108295774486
6058,20230818-9AM_750_39_4532_2,0.3,95.0,750,39,4532,2,-0.5228787452803376
6059,20230818-9AM_750_39_4532_3,0.282,95.0,750,39,4532,3,-0.549750891680639
6060,20230818-9AM_750_39_4532_4,0.334,95.0,750,39,4532,4,-0.4762535331884355
6061,20230818-9AM_750_39_4532_5,0.248,95.0,750,39,4532,5,-0.6055483191737837
6062,20230818-9AM_750_39_4532_6,0.277,95.0,750,39,4532,6,-0.5575202309355514
6063,20230818-9AM_750_39_4532_7,0.33,95.0,750,39,4532,7,-0.4814860601221125
6064,20230818-9AM_680_39_2344_0,0.539,95.0,680,39,2344,0,-0.2684112348132613
6065,20230818-9AM_680_39_2344_1,0.287,95.0,680,39,2344,1,-0.5421181032660077
6066,20230818-9AM_680_39_2344_2,0.484,95.0,680,39,2344,2,-0.31515463835558755
6067,20230818-9AM_680_39_2344_3,0.359,95.0,680,39,2344,3,-0.44490555142168087
6068,20230818-9AM_680_39_2344_4,0.296,95.0,680,39,2344,4,-0.5287082889410615
6069,20230818-9AM_680_39_2344_5,0.558,95.0,680,39,2344,5,-0.25336580106242124
6070,20230818-9AM_680_39_2344_6,0.641,95.0,680,39,2344,6,-0.19314197048118256
6071,20230818-9AM_680_39_2344_7,0.408,95.0,680,39,2344,7,-0.3893398369101201
6072,20230818-9AM_750_39_2344_0,0.437,95.0,750,39,2344,0,-0.3595185630295782
6073,20230818-9AM_750_39_2344_1,0.244,95.0,750,39,2344,1,-0.6126101736612706
6074,20230818-9AM_750_39_2344_2,0.393,95.0,750,39,2344,2,-0.4056074496245733
6075,20230818-9AM_750_39_2344_3,0.302,95.0,750,39,2344,3,-0.5199930570428494
6076,20230818-9AM_750_39_2344_4,0.255,95.0,750,39,2344,4,-0.5934598195660449
6077,20230818-9AM_750_39_2344_5,0.444,95.0,750,39,2344,5,-0.3526170298853802
6078,20230818-9AM_750_39_2344_6,0.481,95.0,750,39,2344,6,-0.31785492362616824
6079,20230818-9AM_750_39_2344_7,0.325,95.0,750,39,2344,7,-0.4881166390211256
6080,20230818-9AM_680_39_2343_0,0.401,95.0,680,39,2343,0,-0.39685562737981767
6081,20230818-9AM_680_39_2343_1,0.419,95.0,680,39,2343,1,-0.3777859770337047
6082,20230818-9AM_680_39_2343_2,0.324,95.0,680,39,2343,2,-0.48945498979338786
6083,20230818-9AM_680_39_2343_3,0.38,95.0,680,39,2343,3,-0.42021640338318983
6084,20230818-9AM_680_39_2343_4,0.267,95.0,680,39,2343,4,-0.5734887386354247
6085,20230818-9AM_680_39_2343_5,0.358,95.0,680,39,2343,5,-0.44611697335612566
6086,20230818-9AM_680_39_2343_6,0.307,95.0,680,39,2343,6,-0.5128616245228135
6087,20230818-9AM_680_39_2343_7,0.387,95.0,680,39,2343,7,-0.4122890349810886
6088,20230818-9AM_750_39_2343_0,0.309,95.0,750,39,2343,0,-0.5100415205751654
6089,20230818-9AM_750_39_2343_1,0.332,95.0,750,39,2343,1,-0.4788619162959637
6090,20230818-9AM_750_39_2343_2,0.283,95.0,750,39,2343,2,-0.5482135644757098
6091,20230818-9AM_750_39_2343_3,0.299,95.0,750,39,2343,3,-0.5243288116755703
6092,20230818-9AM_750_39_2343_4,0.241,95.0,750,39,2343,4,-0.6179829574251317
6093,20230818-9AM_750_39_2343_5,0.26,95.0,750,39,2343,5,-0.585026652029182
6094,20230818-9AM_750_39_2343_6,0.246,95.0,750,39,2343,6,-0.6090648928966209
6095,20230818-9AM_750_39_2343_7,0.312,95.0,750,39,2343,7,-0.5058454059815573
6096,20230818-9AM_680_39_1952_0,0.668,95.0,680,39,1952,0,-0.1752235375244543
6097,20230818-9AM_680_39_1952_1,0.838,95.0,680,39,1952,1,-0.07675598136972352
6098,20230818-9AM_680_39_1952_2,0.516,95.0,680,39,1952,2,-0.28735029837278864
6099,20230818-9AM_680_39_1952_3,0.868,95.0,680,39,1952,3,-0.0614802748235081
6100,20230818-9AM_680_39_1952_4,0.87,95.0,680,39,1952,4,-0.060480747381381476
6101,20230818-9AM_680_39_1952_5,0.534,95.0,680,39,1952,5,-0.27245874297144357
6102,20230818-9AM_680_39_1952_6,1.166,95.0,680,39,1952,6,0.06669855042299526
6103,20230818-9AM_680_39_1952_7,0.893,95.0,680,39,1952,7,-0.049148541111453566
6104,20230818-9AM_750_39_1952_0,0.493,95.0,750,39,1952,0,-0.30715308072277
6105,20230818-9AM_750_39_1952_1,0.566,95.0,750,39,1952,1,-0.24718356881172862
6106,20230818-9AM_750_39_1952_2,0.346,95.0,750,39,1952,2,-0.46092390120722343
6107,20230818-9AM_750_39_1952_3,0.578,95.0,750,39,1952,3,-0.23807216157947098
6108,20230818-9AM_750_39_1952_4,0.542,95.0,750,39,1952,4,-0.266000713461613
6109,20230818-9AM_750_39_1952_5,0.331,95.0,750,39,1952,5,-0.48017200622428124
6110,20230818-9AM_750_39_1952_6,0.871,95.0,750,39,1952,6,-0.059981844992336796
6111,20230818-9AM_750_39_1952_7,0.636,95.0,750,39,1952,7,-0.19654288435158612
6112,20230818-9AM_680_39_2931_0,0.509,95.0,680,39,2931,0,-0.29328221766324125
6113,20230818-9AM_680_39_2931_1,0.388,95.0,680,39,2931,1,-0.41116827440579273
6114,20230818-9AM_680_39_2931_2,0.532,95.0,680,39,2931,2,-0.2740883677049518
6115,20230818-9AM_680_39_2931_3,0.395,95.0,680,39,2931,3,-0.40340290437353976
6116,20230818-9AM_680_39_2931_4,0.524,95.0,680,39,2931,4,-0.28066871301627333
6117,20230818-9AM_680_39_2931_5,0.386,95.0,680,39,2931,5,-0.41341269532824504
6118,20230818-9AM_680_39_2931_6,0.534,95.0,680,39,2931,6,-0.27245874297144357
6119,20230818-9AM_680_39_2931_7,0.43,95.0,680,39,2931,7,-0.36653154442041347
6120,20230818-9AM_750_39_2931_0,0.433,95.0,750,39,2931,0,-0.36351210364663455
6121,20230818-9AM_750_39_2931_1,0.306,95.0,750,39,2931,1,-0.51427857351842
6122,20230818-9AM_750_39_2931_2,0.417,95.0,750,39,2931,2,-0.3798639450262425
6123,20230818-9AM_750_39_2931_3,0.32,95.0,750,39,2931,3,-0.494850021680094
6124,20230818-9AM_750_39_2931_4,0.419,95.0,750,39,2931,4,-0.3777859770337047
6125,20230818-9AM_750_39_2931_5,0.288,95.0,750,39,2931,5,-0.5406075122407692
6126,20230818-9AM_750_39_2931_6,0.482,95.0,750,39,2931,6,-0.31695296176115045
6127,20230818-9AM_750_39_2931_7,0.374,95.0,750,39,2931,7,-0.42712839779951983
6128,20230818-9AM_680_39_JG5_0,0.094,95.0,680,39,JG5,0,-1.0268721464003014
6129,20230818-9AM_680_39_JG5_1,0.106,95.0,680,39,JG5,1,-0.9746941347352298
6130,20230818-9AM_680_39_JG5_2,0.082,95.0,680,39,JG5,2,-1.0861861476162833
6131,20230818-9AM_680_39_JG5_3,0.129,95.0,680,39,JG5,3,-0.889410289700751
6132,20230818-9AM_680_39_JG5_4,0.093,95.0,680,39,JG5,4,-1.031517051446065
6133,20230818-9AM_680_39_JG5_5,0.077,95.0,680,39,JG5,5,-1.1135092748275182
6134,20230818-9AM_680_39_JG5_6,0.13,95.0,680,39,JG5,6,-0.8860566476931632
6135,20230818-9AM_680_39_JG5_7,0.118,95.0,680,39,JG5,7,-0.9281179926938746
6136,20230818-9AM_750_39_JG5_0,0.091,95.0,750,39,JG5,0,-1.0409586076789064
6137,20230818-9AM_750_39_JG5_1,0.105,95.0,750,39,JG5,1,-0.978810700930062
6138,20230818-9AM_750_39_JG5_2,0.086,95.0,750,39,JG5,2,-1.0655015487564323
6139,20230818-9AM_750_39_JG5_3,0.123,95.0,750,39,JG5,3,-0.9100948885606021
6140,20230818-9AM_750_39_JG5_4,0.092,95.0,750,39,JG5,4,-1.0362121726544447
6141,20230818-9AM_750_39_JG5_5,0.076,95.0,750,39,JG5,5,-1.1191864077192086
6142,20230818-9AM_750_39_JG5_6,0.123,95.0,750,39,JG5,6,-0.9100948885606021
6143,20230818-9AM_750_39_JG5_7,0.113,95.0,750,39,JG5,7,-0.9469215565165803
6144,20230818-9AM_680_39_BMS_0,0.497,95.0,680,39,BMS,0,-0.3036436112666679
6145,20230818-9AM_680_39_BMS_1,0.499,95.0,680,39,BMS,1,-0.3018994543766101
6146,20230818-9AM_680_39_BMS_2,0.499,95.0,680,39,BMS,2,-0.3018994543766101
6147,20230818-9AM_680_39_BMS_3,0.583,95.0,680,39,BMS,3,-0.23433144524098595
6148,20230818-9AM_680_39_BMS_4,0.487,95.0,680,39,BMS,4,-0.3124710387853657
6149,20230818-9AM_680_39_BMS_5,0.554,95.0,680,39,BMS,5,-0.2564902352715702
6150,20230818-9AM_680_39_BMS_6,0.471,95.0,680,39,BMS,6,-0.3269790928711038
6151,20230818-9AM_680_39_BMS_7,0.419,95.0,680,39,BMS,7,-0.3777859770337047
6152,20230818-9AM_750_39_BMS_0,0.458,95.0,750,39,BMS,0,-0.3391345219961308
6153,20230818-9AM_750_39_BMS_1,0.45,95.0,750,39,BMS,1,-0.3467874862246563
6154,20230818-9AM_750_39_BMS_2,0.458,95.0,750,39,BMS,2,-0.3391345219961308
6155,20230818-9AM_750_39_BMS_3,0.534,95.0,750,39,BMS,3,-0.27245874297144357
6156,20230818-9AM_750_39_BMS_4,0.447,95.0,750,39,BMS,4,-0.34969247686806354
6157,20230818-9AM_750_39_BMS_5,0.497,95.0,750,39,BMS,5,-0.3036436112666679
6158,20230818-9AM_750_39_BMS_6,0.43,95.0,750,39,BMS,6,-0.36653154442041347
6159,20230818-9AM_750_39_BMS_7,0.38,95.0,750,39,BMS,7,-0.42021640338318983
6160,20230818-9AM_680_37_3059_0,0.834,95.0,680,37,3059,0,-0.0788339493622613
6161,20230818-9AM_680_37_3059_1,1.14,95.0,680,37,3059,1,0.05690485133647256
6162,20230818-9AM_680_37_3059_2,0.994,95.0,680,37,3059,2,-0.00261361560268669
6163,20230818-9AM_680_37_3059_3,0.887,95.0,680,37,3059,3,-0.0520763801682736
6164,20230818-9AM_680_37_3059_4,0.815,95.0,680,37,3059,4,-0.08884239126002341
6165,20230818-9AM_680_37_3059_5,0.879,95.0,680,37,3059,5,-0.056011124926228104
6166,20230818-9AM_680_37_3059_6,0.917,95.0,680,37,3059,6,-0.03763066432997889
6167,20230818-9AM_680_37_3059_7,1.215,95.0,680,37,3059,7,0.08457627793433102
6168,20230818-9AM_750_37_3059_0,0.66,95.0,750,37,3059,0,-0.1804560644581313
6169,20230818-9AM_750_37_3059_1,0.798,95.0,750,37,3059,1,-0.09799710864927055
6170,20230818-9AM_750_37_3059_2,0.77,95.0,750,37,3059,2,-0.11350927482751812
6171,20230818-9AM_750_37_3059_3,0.675,95.0,750,37,3059,3,-0.17069622716897506
6172,20230818-9AM_750_37_3059_4,0.659,95.0,750,37,3059,4,-0.18111458540599013
6173,20230818-9AM_750_37_3059_5,0.636,95.0,750,37,3059,5,-0.19654288435158612
6174,20230818-9AM_750_37_3059_6,0.652,95.0,750,37,3059,6,-0.1857524042680798
6175,20230818-9AM_750_37_3059_7,0.924,95.0,750,37,3059,7,-0.03432802877989328
6176,20230818-9AM_680_37_1691_0,0.663,95.0,680,37,1691,0,-0.17848647159522685
6177,20230818-9AM_680_37_1691_1,0.769,95.0,680,37,1691,1,-0.11407366019856895
6178,20230818-9AM_680_37_1691_2,0.744,95.0,680,37,1691,2,-0.1284270644541213
6179,20230818-9AM_680_37_1691_3,0.84,95.0,680,37,1691,3,-0.07572071393811836
6180,20230818-9AM_680_37_1691_4,0.644,95.0,680,37,1691,4,-0.1911141326401879
6181,20230818-9AM_680_37_1691_5,1.545,95.0,680,37,1691,5,0.18892848376085342
6182,20230818-9AM_680_37_1691_6,1.262,95.0,680,37,1691,6,0.10105935490811552
6183,20230818-9AM_680_37_1691_7,1.021,95.0,680,37,1691,7,0.009025742086910208
6184,20230818-9AM_750_37_1691_0,0.478,95.0,750,37,1691,0,-0.3205721033878811
6185,20230818-9AM_750_37_1691_1,0.538,95.0,750,37,1691,1,-0.2692177243336108
6186,20230818-9AM_750_37_1691_2,0.529,95.0,750,37,1691,2,-0.2765443279648142
6187,20230818-9AM_750_37_1691_3,0.573,95.0,750,37,1691,3,-0.24184537803261005
6188,20230818-9AM_750_37_1691_4,0.489,95.0,750,37,1691,4,-0.3106911408763798
6189,20230818-9AM_750_37_1691_5,0.908,95.0,750,37,1691,5,-0.04191415147891488
6190,20230818-9AM_750_37_1691_6,0.792,95.0,750,37,1691,6,-0.10127481841050648
6191,20230818-9AM_750_37_1691_7,0.681,95.0,750,37,1691,7,-0.16685288808721482
6192,20230818-9AM_680_37_1690_0,0.893,95.0,680,37,1690,0,-0.049148541111453566
6193,20230818-9AM_680_37_1690_1,0.821,95.0,680,37,1690,1,-0.08565684288055925
6194,20230818-9AM_680_37_1690_2,1.109,95.0,680,37,1690,2,0.04493154614916006
6195,20230818-9AM_680_37_1690_3,0.766,95.0,680,37,1690,3,-0.11577123036739606
6196,20230818-9AM_680_37_1690_4,0.794,95.0,680,37,1690,4,-0.10017949757290372
6197,20230818-9AM_680_37_1690_5,1.036,95.0,680,37,1690,5,0.015359755409214231
6198,20230818-9AM_680_37_1690_6,0.965,95.0,680,37,1690,6,-0.015472686656207449
6199,20230818-9AM_680_37_1690_7,0.988,95.0,680,37,1690,7,-0.005243055412371883
6200,20230818-9AM_750_37_1690_0,0.656,95.0,750,37,1690,0,-0.1830961606243397
6201,20230818-9AM_750_37_1690_1,0.635,95.0,750,37,1690,1,-0.1972262747080243
6202,20230818-9AM_750_37_1690_2,0.936,95.0,750,37,1690,2,-0.028724151261894745
6203,20230818-9AM_750_37_1690_3,0.57,95.0,750,37,1690,3,-0.24412514432750865
6204,20230818-9AM_750_37_1690_4,0.617,95.0,750,37,1690,4,-0.20971483596675833
6205,20230818-9AM_750_37_1690_5,0.771,95.0,750,37,1690,5,-0.11294562194904302
6206,20230818-9AM_750_37_1690_6,0.7,95.0,750,37,1690,6,-0.1549019599857432
6207,20230818-9AM_750_37_1690_7,0.749,95.0,750,37,1690,7,-0.12551818230053352
6208,20230818-9AM_680_37_2342_0,0.374,95.0,680,37,2342,0,-0.42712839779951983
6209,20230818-9AM_680_37_2342_1,0.43,95.0,680,37,2342,1,-0.36653154442041347
6210,20230818-9AM_680_37_2342_2,0.376,95.0,680,37,2342,2,-0.42481215507233894
6211,20230818-9AM_680_37_2342_3,0.449,95.0,680,37,2342,3,-0.3477536589966768
6212,20230818-9AM_680_37_2342_4,0.466,95.0,680,37,2342,4,-0.3316140833099998
6213,20230818-9AM_680_37_2342_5,0.391,95.0,680,37,2342,5,-0.40782324260413316
6214,20230818-9AM_680_37_2342_6,0.707,95.0,680,37,2342,6,-0.1505805862031006
6215,20230818-9AM_680_37_2342_7,0.548,95.0,680,37,2342,7,-0.2612194415156308
6216,20230818-9AM_750_37_2342_0,0.331,95.0,750,37,2342,0,-0.48017200622428124
6217,20230818-9AM_750_37_2342_1,0.387,95.0,750,37,2342,1,-0.4122890349810886
6218,20230818-9AM_750_37_2342_2,0.338,95.0,750,37,2342,2,-0.47108329972234525
6219,20230818-9AM_750_37_2342_3,0.4,95.0,750,37,2342,3,-0.3979400086720376
6220,20230818-9AM_750_37_2342_4,0.409,95.0,750,37,2342,4,-0.38827669199265824
6221,20230818-9AM_750_37_2342_5,0.348,95.0,750,37,2342,5,-0.4584207560534191
6222,20230818-9AM_750_37_2342_6,0.6,95.0,750,37,2342,6,-0.2218487496163564
6223,20230818-9AM_750_37_2342_7,0.482,95.0,750,37,2342,7,-0.31695296176115045
6224,20230818-9AM_680_37_4532_0,0.46,95.0,680,37,4532,0,-0.3372421683184259
6225,20230818-9AM_680_37_4532_1,0.458,95.0,680,37,4532,1,-0.3391345219961308
6226,20230818-9AM_680_37_4532_2,0.47,95.0,680,37,4532,2,-0.3279021420642826
6227,20230818-9AM_680_37_4532_3,0.479,95.0,680,37,4532,3,-0.3196644865854368
6228,20230818-9AM_680_37_4532_4,0.605,95.0,680,37,4532,4,-0.2182446253475311
6229,20230818-9AM_680_37_4532_5,0.398,95.0,680,37,4532,5,-0.40011692792631215
6230,20230818-9AM_680_37_4532_6,0.451,95.0,680,37,4532,6,-0.34582345812203946
6231,20230818-9AM_680_37_4532_7,0.407,95.0,680,37,4532,7,-0.39040559077478
6232,20230818-9AM_750_37_4532_0,0.332,95.0,750,37,4532,0,-0.4788619162959637
6233,20230818-9AM_750_37_4532_1,0.414,95.0,750,37,4532,1,-0.3829996588791011
6234,20230818-9AM_750_37_4532_2,0.44,95.0,750,37,4532,2,-0.3565473235138126
6235,20230818-9AM_750_37_4532_3,0.445,95.0,750,37,4532,3,-0.3516399890190684
6236,20230818-9AM_750_37_4532_4,0.486,95.0,750,37,4532,4,-0.3133637307377066
6237,20230818-9AM_750_37_4532_5,0.343,95.0,750,37,4532,5,-0.46470587995722945
6238,20230818-9AM_750_37_4532_6,0.429,95.0,750,37,4532,6,-0.36754270781527576
6239,20230818-9AM_750_37_4532_7,0.372,95.0,750,37,4532,7,-0.4294570601181025
6240,20230818-9AM_680_37_2344_0,0.776,95.0,680,37,2344,0,-0.11013827874181155
6241,20230818-9AM_680_37_2344_1,0.87,95.0,680,37,2344,1,-0.060480747381381476
6242,20230818-9AM_680_37_2344_2,0.914,95.0,680,37,2344,2,-0.039053804266168564
6243,20230818-9AM_680_37_2344_3,0.658,95.0,680,37,2344,3,-0.1817741063860445
6244,20230818-9AM_680_37_2344_4,0.411,95.0,680,37,2344,4,-0.38615817812393083
6245,20230818-9AM_680_37_2344_5,0.962,95.0,680,37,2344,5,-0.016824927962187056
6246,20230818-9AM_680_37_2344_6,0.828,95.0,680,37,2344,6,-0.08196966321511988
6247,20230818-9AM_680_37_2344_7,0.668,95.0,680,37,2344,7,-0.1752235375244543
6248,20230818-9AM_750_37_2344_0,0.602,95.0,750,37,2344,0,-0.22040350874217546
6249,20230818-9AM_750_37_2344_1,0.658,95.0,750,37,2344,1,-0.1817741063860445
6250,20230818-9AM_750_37_2344_2,0.69,95.0,750,37,2344,2,-0.16115090926274472
6251,20230818-9AM_750_37_2344_3,0.516,95.0,750,37,2344,3,-0.28735029837278864
6252,20230818-9AM_750_37_2344_4,0.353,95.0,750,37,2344,4,-0.4522252946121775
6253,20230818-9AM_750_37_2344_5,0.724,95.0,750,37,2344,5,-0.1402614338028531
6254,20230818-9AM_750_37_2344_6,0.654,95.0,750,37,2344,6,-0.18442225167573273
6255,20230818-9AM_750_37_2344_7,0.531,95.0,750,37,2344,7,-0.2749054789185309
6256,20230818-9AM_680_37_2343_0,0.377,95.0,680,37,2343,0,-0.42365864979420714
6257,20230818-9AM_680_37_2343_1,0.473,95.0,680,37,2343,1,-0.32513885926218844
6258,20230818-9AM_680_37_2343_2,0.602,95.0,680,37,2343,2,-0.22040350874217546
6259,20230818-9AM_680_37_2343_3,0.519,95.0,680,37,2343,3,-0.28483264215154214
6260,20230818-9AM_680_37_2343_4,0.483,95.0,680,37,2343,4,-0.31605286924848786
6261,20230818-9AM_680_37_2343_5,0.925,95.0,680,37,2343,5,-0.03385826726096737
6262,20230818-9AM_680_37_2343_6,0.52,95.0,680,37,2343,6,-0.28399665636520083
6263,20230818-9AM_680_37_2343_7,0.452,95.0,680,37,2343,7,-0.3448615651886179
6264,20230818-9AM_750_37_2343_0,0.31,95.0,750,37,2343,0,-0.5086383061657274
6265,20230818-9AM_750_37_2343_1,0.369,95.0,750,37,2343,1,-0.4329736338409396
6266,20230818-9AM_750_37_2343_2,0.496,95.0,750,37,2343,2,-0.30451832350980257
6267,20230818-9AM_750_37_2343_3,0.375,95.0,750,37,2343,3,-0.42596873227228116
6268,20230818-9AM_750_37_2343_4,0.343,95.0,750,37,2343,4,-0.46470587995722945
6269,20230818-9AM_750_37_2343_5,0.609,95.0,750,37,2343,5,-0.21538270736712464
6270,20230818-9AM_750_37_2343_6,0.383,95.0,750,37,2343,6,-0.41680122603137726
6271,20230818-9AM_750_37_2343_7,0.34,95.0,750,37,2343,7,-0.46852108295774486
6272,20230818-9AM_680_37_1952_0,0.706,95.0,680,37,1952,0,-0.15119529894819625
6273,20230818-9AM_680_37_1952_1,0.688,95.0,680,37,1952,1,-0.16241156176448873
6274,20230818-9AM_680_37_1952_2,0.645,95.0,680,37,1952,2,-0.19044028536473223
6275,20230818-9AM_680_37_1952_3,0.818,95.0,680,37,1952,3,-0.08724669632867703
6276,20230818-9AM_680_37_1952_4,0.781,95.0,680,37,1952,4,-0.10734896612269966
6277,20230818-9AM_680_37_1952_5,1.122,95.0,680,37,1952,5,0.049992856920142645
6278,20230818-9AM_680_37_1952_6,0.874,95.0,680,37,1952,6,-0.05848856736559697
6279,20230818-9AM_680_37_1952_7,0.676,95.0,680,37,1952,7,-0.17005330405836405
6280,20230818-9AM_750_37_1952_0,0.496,95.0,750,37,1952,0,-0.30451832350980257
6281,20230818-9AM_750_37_1952_1,0.459,95.0,750,37,1952,1,-0.33818731446273875
6282,20230818-9AM_750_37_1952_2,0.437,95.0,750,37,1952,2,-0.3595185630295782
6283,20230818-9AM_750_37_1952_3,0.534,95.0,750,37,1952,3,-0.27245874297144357
6284,20230818-9AM_750_37_1952_4,0.531,95.0,750,37,1952,4,-0.2749054789185309
6285,20230818-9AM_750_37_1952_5,0.726,95.0,750,37,1952,5,-0.1390633792999063
6286,20230818-9AM_750_37_1952_6,0.567,95.0,750,37,1952,6,-0.24641694110709345
6287,20230818-9AM_750_37_1952_7,0.46,95.0,750,37,1952,7,-0.3372421683184259
6288,20230818-9AM_680_37_2931_0,0.426,95.0,680,37,2931,0,-0.37059040089728107
6289,20230818-9AM_680_37_2931_1,0.629,95.0,680,37,2931,1,-0.20134935455473107
6290,20230818-9AM_680_37_2931_2,0.529,95.0,680,37,2931,2,-0.2765443279648142
6291,20230818-9AM_680_37_2931_3,0.571,95.0,680,37,2931,3,-0.243363891754152
6292,20230818-9AM_680_37_2931_4,0.452,95.0,680,37,2931,4,-0.3448615651886179
6293,20230818-9AM_680_37_2931_5,0.431,95.0,680,37,2931,5,-0.3655227298392684
6294,20230818-9AM_680_37_2931_6,0.566,95.0,680,37,2931,6,-0.24718356881172862
6295,20230818-9AM_680_37_2931_7,1.12,95.0,680,37,2931,7,0.04921802267018165
6296,20230818-9AM_750_37_2931_0,0.308,95.0,750,37,2931,0,-0.5114492834995558
6297,20230818-9AM_750_37_2931_1,0.39,95.0,750,37,2931,1,-0.4089353929735008
6298,20230818-9AM_750_37_2931_2,0.356,95.0,750,37,2931,2,-0.44855000202712486
6299,20230818-9AM_750_37_2931_3,0.375,95.0,750,37,2931,3,-0.42596873227228116
6300,20230818-9AM_750_37_2931_4,0.303,95.0,750,37,2931,4,-0.518557371497695
6301,20230818-9AM_750_37_2931_5,0.317,95.0,750,37,2931,5,-0.4989407377822485
6302,20230818-9AM_750_37_2931_6,0.362,95.0,750,37,2931,6,-0.4412914294668343
6303,20230818-9AM_750_37_2931_7,0.781,95.0,750,37,2931,7,-0.10734896612269966
6304,20230818-9AM_680_37_JG5_0,0.293,95.0,680,37,JG5,0,-0.5331323796458906
6305,20230818-9AM_680_37_JG5_1,0.26,95.0,680,37,JG5,1,-0.585026652029182
6306,20230818-9AM_680_37_JG5_2,0.157,95.0,680,37,JG5,2,-0.8041003475907662
6307,20230818-9AM_680_37_JG5_3,0.161,95.0,680,37,JG5,3,-0.7931741239681502
6308,20230818-9AM_680_37_JG5_4,0.398,95.0,680,37,JG5,4,-0.40011692792631215
6309,20230818-9AM_680_37_JG5_5,0.28,95.0,680,37,JG5,5,-0.5528419686577808
6310,20230818-9AM_680_37_JG5_6,0.417,95.0,680,37,JG5,6,-0.3798639450262425
6311,20230818-9AM_680_37_JG5_7,0.251,95.0,680,37,JG5,7,-0.6003262785189618
6312,20230818-9AM_750_37_JG5_0,0.246,95.0,750,37,JG5,0,-0.6090648928966209
6313,20230818-9AM_750_37_JG5_1,0.222,95.0,750,37,JG5,1,-0.6536470255493614
6314,20230818-9AM_750_37_JG5_2,0.139,95.0,750,37,JG5,2,-0.8569851997459049
6315,20230818-9AM_750_37_JG5_3,0.141,95.0,750,37,JG5,3,-0.8507808873446201
6316,20230818-9AM_750_37_JG5_4,0.348,95.0,750,37,JG5,4,-0.4584207560534191
6317,20230818-9AM_750_37_JG5_5,0.235,95.0,750,37,JG5,5,-0.6289321377282637
6318,20230818-9AM_750_37_JG5_6,0.342,95.0,750,37,JG5,6,-0.46597389394386496
6319,20230818-9AM_750_37_JG5_7,0.203,95.0,750,37,JG5,7,-0.6925039620867871
6320,20230818-9AM_680_37_BMS_0,0.582,95.0,680,37,BMS,0,-0.23507701535011155
6321,20230818-9AM_680_37_BMS_1,0.592,95.0,680,37,BMS,1,-0.22767829327708025
6322,20230818-9AM_680_37_BMS_2,0.718,95.0,680,37,BMS,2,-0.14387555575769967
6323,20230818-9AM_680_37_BMS_3,0.455,95.0,680,37,BMS,3,-0.34198860334288755
6324,20230818-9AM_680_37_BMS_4,0.621,95.0,680,37,BMS,4,-0.20690839982341983
6325,20230818-9AM_680_37_BMS_5,0.651,95.0,680,37,BMS,5,-0.18641901143180803
6326,20230818-9AM_680_37_BMS_6,0.671,95.0,680,37,BMS,6,-0.17327747983100789
6327,20230818-9AM_680_37_BMS_7,0.52,95.0,680,37,BMS,7,-0.28399665636520083
6328,20230818-9AM_750_37_BMS_0,0.512,95.0,750,37,BMS,0,-0.2907300390241692
6329,20230818-9AM_750_37_BMS_1,0.529,95.0,750,37,BMS,1,-0.2765443279648142
6330,20230818-9AM_750_37_BMS_2,0.619,95.0,750,37,BMS,2,-0.208309350979882
6331,20230818-9AM_750_37_BMS_3,0.401,95.0,750,37,BMS,3,-0.39685562737981767
6332,20230818-9AM_750_37_BMS_4,0.526,95.0,750,37,BMS,4,-0.27901425584626094
6333,20230818-9AM_750_37_BMS_5,0.559,95.0,750,37,BMS,5,-0.25258819211357664
6334,20230818-9AM_750_37_BMS_6,0.582,95.0,750,37,BMS,6,-0.23507701535011155
6335,20230818-9AM_750_37_BMS_7,0.455,95.0,750,37,BMS,7,-0.34198860334288755
6336,20230814-9PM_680_25_3059_0,0.224,11.0,680,25,3059,0,-0.6497519816658371
6337,20230814-9PM_680_25_3059_1,0.227,11.0,680,25,3059,1,-0.6439741428068773
6338,20230814-9PM_680_25_3059_2,0.173,11.0,680,25,3059,2,-0.7619538968712046
6339,20230814-9PM_680_25_3059_3,0.289,11.0,680,25,3059,3,-0.5391021572434522
6340,20230814-9PM_680_25_3059_4,0.308,11.0,680,25,3059,4,-0.5114492834995558
6341,20230814-9PM_680_25_3059_5,0.261,11.0,680,25,3059,5,-0.583359492661719
6342,20230814-9PM_680_25_3059_6,0.264,11.0,680,25,3059,6,-0.5783960731301689
6343,20230814-9PM_680_25_3059_7,0.267,11.0,680,25,3059,7,-0.5734887386354247
6344,20230814-9PM_750_25_3059_0,0.123,11.0,750,25,3059,0,-0.9100948885606021
6345,20230814-9PM_750_25_3059_1,0.133,11.0,750,25,3059,1,-0.8761483590329142
6346,20230814-9PM_750_25_3059_2,0.098,11.0,750,25,3059,2,-1.0087739243075051
6347,20230814-9PM_750_25_3059_3,0.151,11.0,750,25,3059,3,-0.8210230527068306
6348,20230814-9PM_750_25_3059_4,0.158,11.0,750,25,3059,4,-0.8013429130455774
6349,20230814-9PM_750_25_3059_5,0.149,11.0,750,25,3059,5,-0.826813731587726
6350,20230814-9PM_750_25_3059_6,0.155,11.0,750,25,3059,6,-0.8096683018297085
6351,20230814-9PM_750_25_3059_7,0.153,11.0,750,25,3059,7,-0.8153085691824012
6352,20230814-9PM_680_25_1691_0,0.372,11.0,680,25,1691,0,-0.4294570601181025
6353,20230814-9PM_680_25_1691_1,0.309,11.0,680,25,1691,1,-0.5100415205751654
6354,20230814-9PM_680_25_1691_2,0.307,11.0,680,25,1691,2,-0.5128616245228135
6355,20230814-9PM_680_25_1691_3,0.216,11.0,680,25,1691,3,-0.6655462488490691
6356,20230814-9PM_680_25_1691_4,0.315,11.0,680,25,1691,4,-0.5016894462103995
6357,20230814-9PM_680_25_1691_5,0.343,11.0,680,25,1691,5,-0.46470587995722945
6358,20230814-9PM_680_25_1691_6,0.317,11.0,680,25,1691,6,-0.4989407377822485
6359,20230814-9PM_680_25_1691_7,0.336,11.0,680,25,1691,7,-0.4736607226101559
6360,20230814-9PM_750_25_1691_0,0.171,11.0,750,25,1691,0,-0.7670038896078462
6361,20230814-9PM_750_25_1691_1,0.159,11.0,750,25,1691,1,-0.7986028756795485
6362,20230814-9PM_750_25_1691_2,0.166,11.0,750,25,1691,2,-0.7798919119599449
6363,20230814-9PM_750_25_1691_3,0.12,11.0,750,25,1691,3,-0.9208187539523752
6364,20230814-9PM_750_25_1691_4,0.17,11.0,750,25,1691,4,-0.769551078621726
6365,20230814-9PM_750_25_1691_5,0.176,11.0,750,25,1691,5,-0.7544873321858502
6366,20230814-9PM_750_25_1691_6,0.156,11.0,750,25,1691,6,-0.8068754016455384
6367,20230814-9PM_750_25_1691_7,0.185,11.0,750,25,1691,7,-0.7328282715969862
6368,20230814-9PM_680_25_1690_0,0.311,11.0,680,25,1690,0,-0.5072396109731625
6369,20230814-9PM_680_25_1690_1,0.26,11.0,680,25,1690,1,-0.585026652029182
6370,20230814-9PM_680_25_1690_2,0.209,11.0,680,25,1690,2,-0.679853713888946
6371,20230814-9PM_680_25_1690_3,0.136,11.0,680,25,1690,3,-0.8664610916297825
6372,20230814-9PM_680_25_1690_4,0.145,11.0,680,25,1690,4,-0.8386319977650252
6373,20230814-9PM_680_25_1690_5,0.133,11.0,680,25,1690,5,-0.8761483590329142
6374,20230814-9PM_680_25_1690_6,0.214,11.0,680,25,1690,6,-0.6695862266508091
6375,20230814-9PM_680_25_1690_7,0.297,11.0,680,25,1690,7,-0.5272435506827877
6376,20230814-9PM_750_25_1690_0,0.179,11.0,750,25,1690,0,-0.7471469690201068
6377,20230814-9PM_750_25_1690_1,0.169,11.0,750,25,1690,1,-0.7721132953863264
6378,20230814-9PM_750_25_1690_2,0.135,11.0,750,25,1690,2,-0.8696662315049939
6379,20230814-9PM_750_25_1690_3,0.089,11.0,750,25,1690,3,-1.0506099933550872
6380,20230814-9PM_750_25_1690_4,0.101,11.0,750,25,1690,4,-0.9956786262173574
6381,20230814-9PM_750_25_1690_5,0.095,11.0,750,25,1690,5,-1.0222763947111522
6382,20230814-9PM_750_25_1690_6,0.136,11.0,750,25,1690,6,-0.8664610916297825
6383,20230814-9PM_750_25_1690_7,0.178,11.0,750,25,1690,7,-0.7495799976911061
6384,20230814-9PM_680_25_2342_0,0.211,11.0,680,25,2342,0,-0.6757175447023074
6385,20230814-9PM_680_25_2342_1,0.114,11.0,680,25,2342,1,-0.9430951486635274
6386,20230814-9PM_680_25_2342_2,0.147,11.0,680,25,2342,2,-0.8326826652518239
6387,20230814-9PM_680_25_2342_3,0.182,11.0,680,25,2342,3,-0.7399286120149252
6388,20230814-9PM_680_25_2342_4,0.2,11.0,680,25,2342,4,-0.6989700043360187
6389,20230814-9PM_680_25_2342_5,0.203,11.0,680,25,2342,5,-0.6925039620867871
6390,20230814-9PM_680_25_2342_6,0.162,11.0,680,25,2342,6,-0.790484985457369
6391,20230814-9PM_680_25_2342_7,0.212,11.0,680,25,2342,7,-0.6736641390712486
6392,20230814-9PM_750_25_2342_0,0.106,11.0,750,25,2342,0,-0.9746941347352298
6393,20230814-9PM_750_25_2342_1,0.083,11.0,750,25,2342,1,-1.080921907623926
6394,20230814-9PM_750_25_2342_2,0.106,11.0,750,25,2342,2,-0.9746941347352298
6395,20230814-9PM_750_25_2342_3,0.106,11.0,750,25,2342,3,-0.9746941347352298
6396,20230814-9PM_750_25_2342_4,0.103,11.0,750,25,2342,4,-0.9871627752948278
6397,20230814-9PM_750_25_2342_5,0.107,11.0,750,25,2342,5,-0.9706162223147904
6398,20230814-9PM_750_25_2342_6,0.095,11.0,750,25,2342,6,-1.0222763947111522
6399,20230814-9PM_750_25_2342_7,0.111,11.0,750,25,2342,7,-0.9546770212133425
6400,20230814-9PM_680_25_4532_0,0.22,11.0,680,25,4532,0,-0.6575773191777937
6401,20230814-9PM_680_25_4532_1,0.169,11.0,680,25,4532,1,-0.7721132953863264
6402,20230814-9PM_680_25_4532_2,0.171,11.0,680,25,4532,2,-0.7670038896078462
6403,20230814-9PM_680_25_4532_3,0.145,11.0,680,25,4532,3,-0.8386319977650252
6404,20230814-9PM_680_25_4532_4,0.212,11.0,680,25,4532,4,-0.6736641390712486
6405,20230814-9PM_680_25_4532_5,0.181,11.0,680,25,4532,5,-0.7423214251308154
6406,20230814-9PM_680_25_4532_6,0.17,11.0,680,25,4532,6,-0.769551078621726
6407,20230814-9PM_680_25_4532_7,0.138,11.0,680,25,4532,7,-0.8601209135987634
6408,20230814-9PM_750_25_4532_0,0.112,11.0,750,25,4532,0,-0.9507819773298184
6409,20230814-9PM_750_25_4532_1,0.081,11.0,750,25,4532,1,-1.0915149811213503
6410,20230814-9PM_750_25_4532_2,0.096,11.0,750,25,4532,2,-1.0177287669604316
6411,20230814-9PM_750_25_4532_3,0.074,11.0,750,25,4532,3,-1.1307682802690238
6412,20230814-9PM_750_25_4532_4,0.088,11.0,750,25,4532,4,-1.0555173278498313
6413,20230814-9PM_750_25_4532_5,0.076,11.0,750,25,4532,5,-1.1191864077192086
6414,20230814-9PM_750_25_4532_6,0.077,11.0,750,25,4532,6,-1.1135092748275182
6415,20230814-9PM_750_25_4532_7,0.079,11.0,750,25,4532,7,-1.1023729087095586
6416,20230814-9PM_680_25_2344_0,0.108,11.0,680,25,2344,0,-0.9665762445130504
6417,20230814-9PM_680_25_2344_1,0.122,11.0,680,25,2344,1,-0.9136401693252518
6418,20230814-9PM_680_25_2344_2,0.129,11.0,680,25,2344,2,-0.889410289700751
6419,20230814-9PM_680_25_2344_3,0.12,11.0,680,25,2344,3,-0.9208187539523752
6420,20230814-9PM_680_25_2344_4,0.151,11.0,680,25,2344,4,-0.8210230527068306
6421,20230814-9PM_680_25_2344_5,0.132,11.0,680,25,2344,5,-0.8794260687941501
6422,20230814-9PM_680_25_2344_6,0.173,11.0,680,25,2344,6,-0.7619538968712046
6423,20230814-9PM_680_25_2344_7,0.098,11.0,680,25,2344,7,-1.0087739243075051
6424,20230814-9PM_750_25_2344_0,0.089,11.0,750,25,2344,0,-1.0506099933550872
6425,20230814-9PM_750_25_2344_1,0.092,11.0,750,25,2344,1,-1.0362121726544447
6426,20230814-9PM_750_25_2344_2,0.099,11.0,750,25,2344,2,-1.00436480540245
6427,20230814-9PM_750_25_2344_3,0.097,11.0,750,25,2344,3,-1.0132282657337552
6428,20230814-9PM_750_25_2344_4,0.108,11.0,750,25,2344,4,-0.9665762445130504
6429,20230814-9PM_750_25_2344_5,0.104,11.0,750,25,2344,5,-0.9829666607012196
6430,20230814-9PM_750_25_2344_6,0.119,11.0,750,25,2344,6,-0.9244530386074693
6431,20230814-9PM_750_25_2344_7,0.085,11.0,750,25,2344,7,-1.0705810742857071
6432,20230814-9PM_680_25_2343_0,0.353,11.0,680,25,2343,0,-0.4522252946121775
6433,20230814-9PM_680_25_2343_1,0.269,11.0,680,25,2343,1,-0.5702477199975919
6434,20230814-9PM_680_25_2343_2,0.222,11.0,680,25,2343,2,-0.6536470255493614
6435,20230814-9PM_680_25_2343_3,0.24,11.0,680,25,2343,3,-0.619788758288394
6436,20230814-9PM_680_25_2343_4,0.165,11.0,680,25,2343,4,-0.7825160557860937
6437,20230814-9PM_680_25_2343_5,0.233,11.0,680,25,2343,5,-0.632644078973981
6438,20230814-9PM_680_25_2343_6,0.227,11.0,680,25,2343,6,-0.6439741428068773
6439,20230814-9PM_680_25_2343_7,0.28,11.0,680,25,2343,7,-0.5528419686577808
6440,20230814-9PM_750_25_2343_0,0.212,11.0,750,25,2343,0,-0.6736641390712486
6441,20230814-9PM_750_25_2343_1,0.16,11.0,750,25,2343,1,-0.7958800173440752
6442,20230814-9PM_750_25_2343_2,0.13,11.0,750,25,2343,2,-0.8860566476931632
6443,20230814-9PM_750_25_2343_3,0.146,11.0,750,25,2343,3,-0.835647144215563
6444,20230814-9PM_750_25_2343_4,0.107,11.0,750,25,2343,4,-0.9706162223147904
6445,20230814-9PM_750_25_2343_5,0.137,11.0,750,25,2343,5,-0.8632794328435932
6446,20230814-9PM_750_25_2343_6,0.134,11.0,750,25,2343,6,-0.8728952016351923
6447,20230814-9PM_750_25_2343_7,0.153,11.0,750,25,2343,7,-0.8153085691824012
6448,20230814-9PM_680_25_1952_0,0.104,11.0,680,25,1952,0,-0.9829666607012196
6449,20230814-9PM_680_25_1952_1,0.178,11.0,680,25,1952,1,-0.7495799976911061
6450,20230814-9PM_680_25_1952_2,0.195,11.0,680,25,1952,2,-0.7099653886374819
6451,20230814-9PM_680_25_1952_3,0.271,11.0,680,25,1952,3,-0.5670307091255943
6452,20230814-9PM_680_25_1952_4,0.18,11.0,680,25,1952,4,-0.744727494896694
6453,20230814-9PM_680_25_1952_5,0.212,11.0,680,25,1952,5,-0.6736641390712486
6454,20230814-9PM_680_25_1952_6,0.219,11.0,680,25,1952,6,-0.6595558851598816
6455,20230814-9PM_680_25_1952_7,0.181,11.0,680,25,1952,7,-0.7423214251308154
6456,20230814-9PM_750_25_1952_0,0.079,11.0,750,25,1952,0,-1.1023729087095586
6457,20230814-9PM_750_25_1952_1,0.113,11.0,750,25,1952,1,-0.9469215565165803
6458,20230814-9PM_750_25_1952_2,0.124,11.0,750,25,1952,2,-0.906578314837765
6459,20230814-9PM_750_25_1952_3,0.161,11.0,750,25,1952,3,-0.7931741239681502
6460,20230814-9PM_750_25_1952_4,0.122,11.0,750,25,1952,4,-0.9136401693252518
6461,20230814-9PM_750_25_1952_5,0.132,11.0,750,25,1952,5,-0.8794260687941501
6462,20230814-9PM_750_25_1952_6,0.134,11.0,750,25,1952,6,-0.8728952016351923
6463,20230814-9PM_750_25_1952_7,0.114,11.0,750,25,1952,7,-0.9430951486635274
6464,20230814-9PM_680_25_2931_0,0.232,11.0,680,25,2931,0,-0.6345120151091003
6465,20230814-9PM_680_25_2931_1,0.189,11.0,680,25,2931,1,-0.7235381958267558
6466,20230814-9PM_680_25_2931_2,0.161,11.0,680,25,2931,2,-0.7931741239681502
6467,20230814-9PM_680_25_2931_3,0.19,11.0,680,25,2931,3,-0.721246399047171
6468,20230814-9PM_680_25_2931_4,0.24,11.0,680,25,2931,4,-0.619788758288394
6469,20230814-9PM_680_25_2931_5,0.141,11.0,680,25,2931,5,-0.8507808873446201
6470,20230814-9PM_680_25_2931_6,0.201,11.0,680,25,2931,6,-0.6968039425795111
6471,20230814-9PM_680_25_2931_7,0.186,11.0,680,25,2931,7,-0.7304870557820837
6472,20230814-9PM_750_25_2931_0,0.141,11.0,750,25,2931,0,-0.8507808873446201
6473,20230814-9PM_750_25_2931_1,0.117,11.0,750,25,2931,1,-0.9318141382538383
6474,20230814-9PM_750_25_2931_2,0.107,11.0,750,25,2931,2,-0.9706162223147904
6475,20230814-9PM_750_25_2931_3,0.125,11.0,750,25,2931,3,-0.9030899869919435
6476,20230814-9PM_750_25_2931_4,0.149,11.0,750,25,2931,4,-0.826813731587726
6477,20230814-9PM_750_25_2931_5,0.1,11.0,750,25,2931,5,-1.0
6478,20230814-9PM_750_25_2931_6,0.127,11.0,750,25,2931,6,-0.8961962790440431
6479,20230814-9PM_750_25_2931_7,0.113,11.0,750,25,2931,7,-0.9469215565165803
6480,20230814-9PM_680_25_JG5_0,0.122,11.0,680,25,JG5,0,-0.9136401693252518
6481,20230814-9PM_680_25_JG5_1,0.15,11.0,680,25,JG5,1,-0.8239087409443188
6482,20230814-9PM_680_25_JG5_2,0.362,11.0,680,25,JG5,2,-0.4412914294668343
6483,20230814-9PM_680_25_JG5_3,0.34,11.0,680,25,JG5,3,-0.46852108295774486
6484,20230814-9PM_680_25_JG5_4,0.324,11.0,680,25,JG5,4,-0.48945498979338786
6485,20230814-9PM_680_25_JG5_5,0.149,11.0,680,25,JG5,5,-0.826813731587726
6486,20230814-9PM_680_25_JG5_6,0.073,11.0,680,25,JG5,6,-1.136677139879544
6487,20230814-9PM_680_25_JG5_7,0.06,11.0,680,25,JG5,7,-1.2218487496163564
6488,20230814-9PM_750_25_JG5_0,0.088,11.0,750,25,JG5,0,-1.0555173278498313
6489,20230814-9PM_750_25_JG5_1,0.102,11.0,750,25,JG5,1,-0.9913998282380825
6490,20230814-9PM_750_25_JG5_2,0.188,11.0,750,25,JG5,2,-0.7258421507363202
6491,20230814-9PM_750_25_JG5_3,0.181,11.0,750,25,JG5,3,-0.7423214251308154
6492,20230814-9PM_750_25_JG5_4,0.175,11.0,750,25,JG5,4,-0.7569619513137056
6493,20230814-9PM_750_25_JG5_5,0.101,11.0,750,25,JG5,5,-0.9956786262173574
6494,20230814-9PM_750_25_JG5_6,0.064,11.0,750,25,JG5,6,-1.193820026016113
6495,20230814-9PM_750_25_JG5_7,0.056,11.0,750,25,JG5,7,-1.2518119729937995
6496,20230814-9PM_680_25_BMS_0,0.239,11.0,680,25,BMS,0,-0.6216020990518624
6497,20230814-9PM_680_25_BMS_1,0.248,11.0,680,25,BMS,1,-0.6055483191737837
6498,20230814-9PM_680_25_BMS_2,0.212,11.0,680,25,BMS,2,-0.6736641390712486
6499,20230814-9PM_680_25_BMS_3,0.234,11.0,680,25,BMS,3,-0.6307841425898572
6500,20230814-9PM_680_25_BMS_4,0.206,11.0,680,25,BMS,4,-0.6861327796308466
6501,20230814-9PM_680_25_BMS_5,0.183,11.0,680,25,BMS,5,-0.7375489102695706
6502,20230814-9PM_680_25_BMS_6,0.223,11.0,680,25,BMS,6,-0.6516951369518393
6503,20230814-9PM_680_25_BMS_7,0.102,11.0,680,25,BMS,7,-0.9913998282380825
6504,20230814-9PM_750_25_BMS_0,0.139,11.0,750,25,BMS,0,-0.8569851997459049
6505,20230814-9PM_750_25_BMS_1,0.141,11.0,750,25,BMS,1,-0.8507808873446201
6506,20230814-9PM_750_25_BMS_2,0.128,11.0,750,25,BMS,2,-0.8927900303521317
6507,20230814-9PM_750_25_BMS_3,0.137,11.0,750,25,BMS,3,-0.8632794328435932
6508,20230814-9PM_750_25_BMS_4,0.126,11.0,750,25,BMS,4,-0.8996294548824371
6509,20230814-9PM_750_25_BMS_5,0.111,11.0,750,25,BMS,5,-0.9546770212133425
6510,20230814-9PM_750_25_BMS_6,0.131,11.0,750,25,BMS,6,-0.8827287043442357
6511,20230814-9PM_750_25_BMS_7,0.073,11.0,750,25,BMS,7,-1.136677139879544
6512,20230814-9PM_680_39_3059_0,0.158,11.0,680,39,3059,0,-0.8013429130455774
6513,20230814-9PM_680_39_3059_1,0.199,11.0,680,39,3059,1,-0.7011469235902933
6514,20230814-9PM_680_39_3059_2,0.162,11.0,680,39,3059,2,-0.790484985457369
6515,20230814-9PM_680_39_3059_3,0.308,11.0,680,39,3059,3,-0.5114492834995558
6516,20230814-9PM_680_39_3059_4,0.266,11.0,680,39,3059,4,-0.575118363368933
6517,20230814-9PM_680_39_3059_5,0.181,11.0,680,39,3059,5,-0.7423214251308154
6518,20230814-9PM_680_39_3059_6,0.149,11.0,680,39,3059,6,-0.826813731587726
6519,20230814-9PM_680_39_3059_7,0.279,11.0,680,39,3059,7,-0.5543957967264024
6520,20230814-9PM_750_39_3059_0,0.107,11.0,750,39,3059,0,-0.9706162223147904
6521,20230814-9PM_750_39_3059_1,0.126,11.0,750,39,3059,1,-0.8996294548824371
6522,20230814-9PM_750_39_3059_2,0.102,11.0,750,39,3059,2,-0.9913998282380825
6523,20230814-9PM_750_39_3059_3,0.167,11.0,750,39,3059,3,-0.7772835288524167
6524,20230814-9PM_750_39_3059_4,0.15,11.0,750,39,3059,4,-0.8239087409443188
6525,20230814-9PM_750_39_3059_5,0.115,11.0,750,39,3059,5,-0.9393021596463883
6526,20230814-9PM_750_39_3059_6,0.105,11.0,750,39,3059,6,-0.978810700930062
6527,20230814-9PM_750_39_3059_7,0.168,11.0,750,39,3059,7,-0.7746907182741372
6528,20230814-9PM_680_39_1691_0,0.209,11.0,680,39,1691,0,-0.679853713888946
6529,20230814-9PM_680_39_1691_1,0.197,11.0,680,39,1691,1,-0.7055337738384071
6530,20230814-9PM_680_39_1691_2,0.208,11.0,680,39,1691,2,-0.6819366650372385
6531,20230814-9PM_680_39_1691_3,0.228,11.0,680,39,1691,3,-0.6420651529995461
6532,20230814-9PM_680_39_1691_4,0.217,11.0,680,39,1691,4,-0.6635402661514705
6533,20230814-9PM_680_39_1691_5,0.167,11.0,680,39,1691,5,-0.7772835288524167
6534,20230814-9PM_680_39_1691_6,0.305,11.0,680,39,1691,6,-0.5157001606532142
6535,20230814-9PM_680_39_1691_7,0.188,11.0,680,39,1691,7,-0.7258421507363202
6536,20230814-9PM_750_39_1691_0,0.112,11.0,750,39,1691,0,-0.9507819773298184
6537,20230814-9PM_750_39_1691_1,0.099,11.0,750,39,1691,1,-1.00436480540245
6538,20230814-9PM_750_39_1691_2,0.105,11.0,750,39,1691,2,-0.978810700930062
6539,20230814-9PM_750_39_1691_3,0.152,11.0,750,39,1691,3,-0.8181564120552275
6540,20230814-9PM_750_39_1691_4,0.148,11.0,750,39,1691,4,-0.8297382846050426
6541,20230814-9PM_750_39_1691_5,0.14,11.0,750,39,1691,5,-0.8538719643217619
6542,20230814-9PM_750_39_1691_6,0.21,11.0,750,39,1691,6,-0.6777807052660807
6543,20230814-9PM_750_39_1691_7,0.104,11.0,750,39,1691,7,-0.9829666607012196
6544,20230814-9PM_680_39_1690_0,0.238,11.0,680,39,1690,0,-0.623423042943488
6545,20230814-9PM_680_39_1690_1,0.167,11.0,680,39,1690,1,-0.7772835288524167
6546,20230814-9PM_680_39_1690_2,0.134,11.0,680,39,1690,2,-0.8728952016351923
6547,20230814-9PM_680_39_1690_3,0.226,11.0,680,39,1690,3,-0.645891560852599
6548,20230814-9PM_680_39_1690_4,0.156,11.0,680,39,1690,4,-0.8068754016455384
6549,20230814-9PM_680_39_1690_5,0.211,11.0,680,39,1690,5,-0.6757175447023074
6550,20230814-9PM_680_39_1690_6,0.311,11.0,680,39,1690,6,-0.5072396109731625
6551,20230814-9PM_680_39_1690_7,0.233,11.0,680,39,1690,7,-0.632644078973981
6552,20230814-9PM_750_39_1690_0,0.143,11.0,750,39,1690,0,-0.8446639625349383
6553,20230814-9PM_750_39_1690_1,0.12,11.0,750,39,1690,1,-0.9208187539523752
6554,20230814-9PM_750_39_1690_2,0.101,11.0,750,39,1690,2,-0.9956786262173574
6555,20230814-9PM_750_39_1690_3,0.141,11.0,750,39,1690,3,-0.8507808873446201
6556,20230814-9PM_750_39_1690_4,0.116,11.0,750,39,1690,4,-0.9355420107730815
6557,20230814-9PM_750_39_1690_5,0.147,11.0,750,39,1690,5,-0.8326826652518239
6558,20230814-9PM_750_39_1690_6,0.196,11.0,750,39,1690,6,-0.707743928643524
6559,20230814-9PM_750_39_1690_7,0.157,11.0,750,39,1690,7,-0.8041003475907662
6560,20230814-9PM_680_39_2342_0,0.257,11.0,680,39,2342,0,-0.5900668766687055
6561,20230814-9PM_680_39_2342_1,0.267,11.0,680,39,2342,1,-0.5734887386354247
6562,20230814-9PM_680_39_2342_2,0.244,11.0,680,39,2342,2,-0.6126101736612706
6563,20230814-9PM_680_39_2342_3,0.198,11.0,680,39,2342,3,-0.7033348097384688
6564,20230814-9PM_680_39_2342_4,0.142,11.0,680,39,2342,4,-0.8477116556169435
6565,20230814-9PM_680_39_2342_5,0.232,11.0,680,39,2342,5,-0.6345120151091003
6566,20230814-9PM_680_39_2342_6,0.319,11.0,680,39,2342,6,-0.4962093169428189
6567,20230814-9PM_680_39_2342_7,0.163,11.0,680,39,2342,7,-0.7878123955960422
6568,20230814-9PM_750_39_2342_0,0.146,11.0,750,39,2342,0,-0.835647144215563
6569,20230814-9PM_750_39_2342_1,0.185,11.0,750,39,2342,1,-0.7328282715969862
6570,20230814-9PM_750_39_2342_2,0.144,11.0,750,39,2342,2,-0.8416375079047503
6571,20230814-9PM_750_39_2342_3,0.143,11.0,750,39,2342,3,-0.8446639625349383
6572,20230814-9PM_750_39_2342_4,0.096,11.0,750,39,2342,4,-1.0177287669604316
6573,20230814-9PM_750_39_2342_5,0.155,11.0,750,39,2342,5,-0.8096683018297085
6574,20230814-9PM_750_39_2342_6,0.216,11.0,750,39,2342,6,-0.6655462488490691
6575,20230814-9PM_750_39_2342_7,0.144,11.0,750,39,2342,7,-0.8416375079047503
6576,20230814-9PM_680_39_4532_0,0.224,11.0,680,39,4532,0,-0.6497519816658371
6577,20230814-9PM_680_39_4532_1,0.22,11.0,680,39,4532,1,-0.6575773191777937
6578,20230814-9PM_680_39_4532_2,0.109,11.0,680,39,4532,2,-0.9625735020593764
6579,20230814-9PM_680_39_4532_3,0.207,11.0,680,39,4532,3,-0.6840296545430823
6580,20230814-9PM_680_39_4532_4,0.168,11.0,680,39,4532,4,-0.7746907182741372
6581,20230814-9PM_680_39_4532_5,0.127,11.0,680,39,4532,5,-0.8961962790440431
6582,20230814-9PM_680_39_4532_6,0.11,11.0,680,39,4532,6,-0.958607314841775
6583,20230814-9PM_680_39_4532_7,0.245,11.0,680,39,4532,7,-0.6108339156354675
6584,20230814-9PM_750_39_4532_0,0.125,11.0,750,39,4532,0,-0.9030899869919435
6585,20230814-9PM_750_39_4532_1,0.128,11.0,750,39,4532,1,-0.8927900303521317
6586,20230814-9PM_750_39_4532_2,0.116,11.0,750,39,4532,2,-0.9355420107730815
6587,20230814-9PM_750_39_4532_3,0.113,11.0,750,39,4532,3,-0.9469215565165803
6588,20230814-9PM_750_39_4532_4,0.114,11.0,750,39,4532,4,-0.9430951486635274
6589,20230814-9PM_750_39_4532_5,0.113,11.0,750,39,4532,5,-0.9469215565165803
6590,20230814-9PM_750_39_4532_6,0.122,11.0,750,39,4532,6,-0.9136401693252518
6591,20230814-9PM_750_39_4532_7,0.125,11.0,750,39,4532,7,-0.9030899869919435
6592,20230814-9PM_680_39_2344_0,0.232,11.0,680,39,2344,0,-0.6345120151091003
6593,20230814-9PM_680_39_2344_1,0.145,11.0,680,39,2344,1,-0.8386319977650252
6594,20230814-9PM_680_39_2344_2,0.203,11.0,680,39,2344,2,-0.6925039620867871
6595,20230814-9PM_680_39_2344_3,0.178,11.0,680,39,2344,3,-0.7495799976911061
6596,20230814-9PM_680_39_2344_4,0.198,11.0,680,39,2344,4,-0.7033348097384688
6597,20230814-9PM_680_39_2344_5,0.218,11.0,680,39,2344,5,-0.6615435063953952
6598,20230814-9PM_680_39_2344_6,0.198,11.0,680,39,2344,6,-0.7033348097384688
6599,20230814-9PM_680_39_2344_7,0.145,11.0,680,39,2344,7,-0.8386319977650252
6600,20230814-9PM_750_39_2344_0,0.176,11.0,750,39,2344,0,-0.7544873321858502
6601,20230814-9PM_750_39_2344_1,0.109,11.0,750,39,2344,1,-0.9625735020593764
6602,20230814-9PM_750_39_2344_2,0.156,11.0,750,39,2344,2,-0.8068754016455384
6603,20230814-9PM_750_39_2344_3,0.135,11.0,750,39,2344,3,-0.8696662315049939
6604,20230814-9PM_750_39_2344_4,0.142,11.0,750,39,2344,4,-0.8477116556169435
6605,20230814-9PM_750_39_2344_5,0.158,11.0,750,39,2344,5,-0.8013429130455774
6606,20230814-9PM_750_39_2344_6,0.146,11.0,750,39,2344,6,-0.835647144215563
6607,20230814-9PM_750_39_2344_7,0.12,11.0,750,39,2344,7,-0.9208187539523752
6608,20230814-9PM_680_39_2343_0,0.214,11.0,680,39,2343,0,-0.6695862266508091
6609,20230814-9PM_680_39_2343_1,0.285,11.0,680,39,2343,1,-0.5451551399914898
6610,20230814-9PM_680_39_2343_2,0.207,11.0,680,39,2343,2,-0.6840296545430823
6611,20230814-9PM_680_39_2343_3,0.268,11.0,680,39,2343,3,-0.5718652059712112
6612,20230814-9PM_680_39_2343_4,0.16,11.0,680,39,2343,4,-0.7958800173440752
6613,20230814-9PM_680_39_2343_5,0.177,11.0,680,39,2343,5,-0.7520267336381934
6614,20230814-9PM_680_39_2343_6,0.196,11.0,680,39,2343,6,-0.707743928643524
6615,20230814-9PM_680_39_2343_7,0.139,11.0,680,39,2343,7,-0.8569851997459049
6616,20230814-9PM_750_39_2343_0,0.132,11.0,750,39,2343,0,-0.8794260687941501
6617,20230814-9PM_750_39_2343_1,0.208,11.0,750,39,2343,1,-0.6819366650372385
6618,20230814-9PM_750_39_2343_2,0.122,11.0,750,39,2343,2,-0.9136401693252518
6619,20230814-9PM_750_39_2343_3,0.189,11.0,750,39,2343,3,-0.7235381958267558
6620,20230814-9PM_750_39_2343_4,0.124,11.0,750,39,2343,4,-0.906578314837765
6621,20230814-9PM_750_39_2343_5,0.123,11.0,750,39,2343,5,-0.9100948885606021
6622,20230814-9PM_750_39_2343_6,0.134,11.0,750,39,2343,6,-0.8728952016351923
6623,20230814-9PM_750_39_2343_7,0.09,11.0,750,39,2343,7,-1.0457574905606752
6624,20230814-9PM_680_39_1952_0,0.168,11.0,680,39,1952,0,-0.7746907182741372
6625,20230814-9PM_680_39_1952_1,0.221,11.0,680,39,1952,1,-0.6556077263148893
6626,20230814-9PM_680_39_1952_2,0.15,11.0,680,39,1952,2,-0.8239087409443188
6627,20230814-9PM_680_39_1952_3,0.226,11.0,680,39,1952,3,-0.645891560852599
6628,20230814-9PM_680_39_1952_4,0.172,11.0,680,39,1952,4,-0.7644715530924511
6629,20230814-9PM_680_39_1952_5,0.228,11.0,680,39,1952,5,-0.6420651529995461
6630,20230814-9PM_680_39_1952_6,0.174,11.0,680,39,1952,6,-0.7594507517174003
6631,20230814-9PM_680_39_1952_7,0.227,11.0,680,39,1952,7,-0.6439741428068773
6632,20230814-9PM_750_39_1952_0,0.118,11.0,750,39,1952,0,-0.9281179926938746
6633,20230814-9PM_750_39_1952_1,0.151,11.0,750,39,1952,1,-0.8210230527068306
6634,20230814-9PM_750_39_1952_2,0.109,11.0,750,39,1952,2,-0.9625735020593764
6635,20230814-9PM_750_39_1952_3,0.146,11.0,750,39,1952,3,-0.835647144215563
6636,20230814-9PM_750_39_1952_4,0.126,11.0,750,39,1952,4,-0.8996294548824371
6637,20230814-9PM_750_39_1952_5,0.15,11.0,750,39,1952,5,-0.8239087409443188
6638,20230814-9PM_750_39_1952_6,0.119,11.0,750,39,1952,6,-0.9244530386074693
6639,20230814-9PM_750_39_1952_7,0.141,11.0,750,39,1952,7,-0.8507808873446201
6640,20230814-9PM_680_39_2931_0,0.197,11.0,680,39,2931,0,-0.7055337738384071
6641,20230814-9PM_680_39_2931_1,0.208,11.0,680,39,2931,1,-0.6819366650372385
6642,20230814-9PM_680_39_2931_2,0.155,11.0,680,39,2931,2,-0.8096683018297085
6643,20230814-9PM_680_39_2931_3,0.144,11.0,680,39,2931,3,-0.8416375079047503
6644,20230814-9PM_680_39_2931_4,0.156,11.0,680,39,2931,4,-0.8068754016455384
6645,20230814-9PM_680_39_2931_5,0.099,11.0,680,39,2931,5,-1.00436480540245
6646,20230814-9PM_680_39_2931_6,0.138,11.0,680,39,2931,6,-0.8601209135987634
6647,20230814-9PM_680_39_2931_7,0.191,11.0,680,39,2931,7,-0.7189666327522725
6648,20230814-9PM_750_39_2931_0,0.129,11.0,750,39,2931,0,-0.889410289700751
6649,20230814-9PM_750_39_2931_1,0.122,11.0,750,39,2931,1,-0.9136401693252518
6650,20230814-9PM_750_39_2931_2,0.117,11.0,750,39,2931,2,-0.9318141382538383
6651,20230814-9PM_750_39_2931_3,0.117,11.0,750,39,2931,3,-0.9318141382538383
6652,20230814-9PM_750_39_2931_4,0.138,11.0,750,39,2931,4,-0.8601209135987634
6653,20230814-9PM_750_39_2931_5,0.082,11.0,750,39,2931,5,-1.0861861476162833
6654,20230814-9PM_750_39_2931_6,0.128,11.0,750,39,2931,6,-0.8927900303521317
6655,20230814-9PM_750_39_2931_7,0.124,11.0,750,39,2931,7,-0.906578314837765
6656,20230814-9PM_680_39_JG5_0,0.124,11.0,680,39,JG5,0,-0.906578314837765
6657,20230814-9PM_680_39_JG5_1,0.183,11.0,680,39,JG5,1,-0.7375489102695706
6658,20230814-9PM_680_39_JG5_2,0.087,11.0,680,39,JG5,2,-1.0604807473813815
6659,20230814-9PM_680_39_JG5_3,0.166,11.0,680,39,JG5,3,-0.7798919119599449
6660,20230814-9PM_680_39_JG5_4,0.148,11.0,680,39,JG5,4,-0.8297382846050426
6661,20230814-9PM_680_39_JG5_5,0.115,11.0,680,39,JG5,5,-0.9393021596463883
6662,20230814-9PM_680_39_JG5_6,0.127,11.0,680,39,JG5,6,-0.8961962790440431
6663,20230814-9PM_680_39_JG5_7,0.108,11.0,680,39,JG5,7,-0.9665762445130504
6664,20230814-9PM_750_39_JG5_0,0.083,11.0,750,39,JG5,0,-1.080921907623926
6665,20230814-9PM_750_39_JG5_1,0.111,11.0,750,39,JG5,1,-0.9546770212133425
6666,20230814-9PM_750_39_JG5_2,0.072,11.0,750,39,JG5,2,-1.1426675035687315
6667,20230814-9PM_750_39_JG5_3,0.11,11.0,750,39,JG5,3,-0.958607314841775
6668,20230814-9PM_750_39_JG5_4,0.106,11.0,750,39,JG5,4,-0.9746941347352298
6669,20230814-9PM_750_39_JG5_5,0.091,11.0,750,39,JG5,5,-1.0409586076789064
6670,20230814-9PM_750_39_JG5_6,0.091,11.0,750,39,JG5,6,-1.0409586076789064
6671,20230814-9PM_750_39_JG5_7,0.083,11.0,750,39,JG5,7,-1.080921907623926
6672,20230814-9PM_680_39_BMS_0,0.247,11.0,680,39,BMS,0,-0.6073030467403343
6673,20230814-9PM_680_39_BMS_1,0.287,11.0,680,39,BMS,1,-0.5421181032660077
6674,20230814-9PM_680_39_BMS_2,0.268,11.0,680,39,BMS,2,-0.5718652059712112
6675,20230814-9PM_680_39_BMS_3,0.248,11.0,680,39,BMS,3,-0.6055483191737837
6676,20230814-9PM_680_39_BMS_4,0.247,11.0,680,39,BMS,4,-0.6073030467403343
6677,20230814-9PM_680_39_BMS_5,0.242,11.0,680,39,BMS,5,-0.6161846340195687
6678,20230814-9PM_680_39_BMS_6,0.25,11.0,680,39,BMS,6,-0.6020599913279624
6679,20230814-9PM_680_39_BMS_7,0.251,11.0,680,39,BMS,7,-0.6003262785189618
6680,20230814-9PM_750_39_BMS_0,0.144,11.0,750,39,BMS,0,-0.8416375079047503
6681,20230814-9PM_750_39_BMS_1,0.169,11.0,750,39,BMS,1,-0.7721132953863264
6682,20230814-9PM_750_39_BMS_2,0.188,11.0,750,39,BMS,2,-0.7258421507363202
6683,20230814-9PM_750_39_BMS_3,0.16,11.0,750,39,BMS,3,-0.7958800173440752
6684,20230814-9PM_750_39_BMS_4,0.155,11.0,750,39,BMS,4,-0.8096683018297085
6685,20230814-9PM_750_39_BMS_5,0.153,11.0,750,39,BMS,5,-0.8153085691824012
6686,20230814-9PM_750_39_BMS_6,0.165,11.0,750,39,BMS,6,-0.7825160557860937
6687,20230814-9PM_750_39_BMS_7,0.161,11.0,750,39,BMS,7,-0.7931741239681502
6688,20230814-9PM_680_37_3059_0,0.229,11.0,680,37,3059,0,-0.640164517660112
6689,20230814-9PM_680_37_3059_1,0.233,11.0,680,37,3059,1,-0.632644078973981
6690,20230814-9PM_680_37_3059_2,0.151,11.0,680,37,3059,2,-0.8210230527068306
6691,20230814-9PM_680_37_3059_3,0.307,11.0,680,37,3059,3,-0.5128616245228135
6692,20230814-9PM_680_37_3059_4,0.234,11.0,680,37,3059,4,-0.6307841425898572
6693,20230814-9PM_680_37_3059_5,0.183,11.0,680,37,3059,5,-0.7375489102695706
6694,20230814-9PM_680_37_3059_6,0.18,11.0,680,37,3059,6,-0.744727494896694
6695,20230814-9PM_680_37_3059_7,0.241,11.0,680,37,3059,7,-0.6179829574251317
6696,20230814-9PM_750_37_3059_0,0.13,11.0,750,37,3059,0,-0.8860566476931632
6697,20230814-9PM_750_37_3059_1,0.14,11.0,750,37,3059,1,-0.8538719643217619
6698,20230814-9PM_750_37_3059_2,0.095,11.0,750,37,3059,2,-1.0222763947111522
6699,20230814-9PM_750_37_3059_3,0.169,11.0,750,37,3059,3,-0.7721132953863264
6700,20230814-9PM_750_37_3059_4,0.129,11.0,750,37,3059,4,-0.889410289700751
6701,20230814-9PM_750_37_3059_5,0.117,11.0,750,37,3059,5,-0.9318141382538383
6702,20230814-9PM_750_37_3059_6,0.115,11.0,750,37,3059,6,-0.9393021596463883
6703,20230814-9PM_750_37_3059_7,0.141,11.0,750,37,3059,7,-0.8507808873446201
6704,20230814-9PM_680_37_1691_0,0.189,11.0,680,37,1691,0,-0.7235381958267558
6705,20230814-9PM_680_37_1691_1,0.136,11.0,680,37,1691,1,-0.8664610916297825
6706,20230814-9PM_680_37_1691_2,0.152,11.0,680,37,1691,2,-0.8181564120552275
6707,20230814-9PM_680_37_1691_3,0.134,11.0,680,37,1691,3,-0.8728952016351923
6708,20230814-9PM_680_37_1691_4,0.158,11.0,680,37,1691,4,-0.8013429130455774
6709,20230814-9PM_680_37_1691_5,0.206,11.0,680,37,1691,5,-0.6861327796308466
6710,20230814-9PM_680_37_1691_6,0.112,11.0,680,37,1691,6,-0.9507819773298184
6711,20230814-9PM_680_37_1691_7,0.154,11.0,680,37,1691,7,-0.8124792791635369
6712,20230814-9PM_750_37_1691_0,0.154,11.0,750,37,1691,0,-0.8124792791635369
6713,20230814-9PM_750_37_1691_1,0.124,11.0,750,37,1691,1,-0.906578314837765
6714,20230814-9PM_750_37_1691_2,0.11,11.0,750,37,1691,2,-0.958607314841775
6715,20230814-9PM_750_37_1691_3,0.141,11.0,750,37,1691,3,-0.8507808873446201
6716,20230814-9PM_750_37_1691_4,0.133,11.0,750,37,1691,4,-0.8761483590329142
6717,20230814-9PM_750_37_1691_5,0.179,11.0,750,37,1691,5,-0.7471469690201068
6718,20230814-9PM_750_37_1691_6,0.128,11.0,750,37,1691,6,-0.8927900303521317
6719,20230814-9PM_750_37_1691_7,0.123,11.0,750,37,1691,7,-0.9100948885606021
6720,20230814-9PM_680_37_1690_0,0.242,11.0,680,37,1690,0,-0.6161846340195687
6721,20230814-9PM_680_37_1690_1,0.187,11.0,680,37,1690,1,-0.7281583934635011
6722,20230814-9PM_680_37_1690_2,0.306,11.0,680,37,1690,2,-0.51427857351842
6723,20230814-9PM_680_37_1690_3,0.245,11.0,680,37,1690,3,-0.6108339156354675
6724,20230814-9PM_680_37_1690_4,0.16,11.0,680,37,1690,4,-0.7958800173440752
6725,20230814-9PM_680_37_1690_5,0.208,11.0,680,37,1690,5,-0.6819366650372385
6726,20230814-9PM_680_37_1690_6,0.332,11.0,680,37,1690,6,-0.4788619162959637
6727,20230814-9PM_680_37_1690_7,0.316,11.0,680,37,1690,7,-0.5003129173815962
6728,20230814-9PM_750_37_1690_0,0.146,11.0,750,37,1690,0,-0.835647144215563
6729,20230814-9PM_750_37_1690_1,0.123,11.0,750,37,1690,1,-0.9100948885606021
6730,20230814-9PM_750_37_1690_2,0.203,11.0,750,37,1690,2,-0.6925039620867871
6731,20230814-9PM_750_37_1690_3,0.147,11.0,750,37,1690,3,-0.8326826652518239
6732,20230814-9PM_750_37_1690_4,0.113,11.0,750,37,1690,4,-0.9469215565165803
6733,20230814-9PM_750_37_1690_5,0.141,11.0,750,37,1690,5,-0.8507808873446201
6734,20230814-9PM_750_37_1690_6,0.204,11.0,750,37,1690,6,-0.6903698325741012
6735,20230814-9PM_750_37_1690_7,0.199,11.0,750,37,1690,7,-0.7011469235902933
6736,20230814-9PM_680_37_2342_0,0.294,11.0,680,37,2342,0,-0.5316526695878427
6737,20230814-9PM_680_37_2342_1,0.383,11.0,680,37,2342,1,-0.41680122603137726
6738,20230814-9PM_680_37_2342_2,0.198,11.0,680,37,2342,2,-0.7033348097384688
6739,20230814-9PM_680_37_2342_3,0.177,11.0,680,37,2342,3,-0.7520267336381934
6740,20230814-9PM_680_37_2342_4,0.264,11.0,680,37,2342,4,-0.5783960731301689
6741,20230814-9PM_680_37_2342_5,0.228,11.0,680,37,2342,5,-0.6420651529995461
6742,20230814-9PM_680_37_2342_6,0.288,11.0,680,37,2342,6,-0.5406075122407692
6743,20230814-9PM_680_37_2342_7,0.264,11.0,680,37,2342,7,-0.5783960731301689
6744,20230814-9PM_750_37_2342_0,0.153,11.0,750,37,2342,0,-0.8153085691824012
6745,20230814-9PM_750_37_2342_1,0.197,11.0,750,37,2342,1,-0.7055337738384071
6746,20230814-9PM_750_37_2342_2,0.137,11.0,750,37,2342,2,-0.8632794328435932
6747,20230814-9PM_750_37_2342_3,0.147,11.0,750,37,2342,3,-0.8326826652518239
6748,20230814-9PM_750_37_2342_4,0.171,11.0,750,37,2342,4,-0.7670038896078462
6749,20230814-9PM_750_37_2342_5,0.141,11.0,750,37,2342,5,-0.8507808873446201
6750,20230814-9PM_750_37_2342_6,0.194,11.0,750,37,2342,6,-0.712198270069774
6751,20230814-9PM_750_37_2342_7,0.158,11.0,750,37,2342,7,-0.8013429130455774
6752,20230814-9PM_680_37_4532_0,0.19,11.0,680,37,4532,0,-0.721246399047171
6753,20230814-9PM_680_37_4532_1,0.182,11.0,680,37,4532,1,-0.7399286120149252
6754,20230814-9PM_680_37_4532_2,0.188,11.0,680,37,4532,2,-0.7258421507363202
6755,20230814-9PM_680_37_4532_3,0.18,11.0,680,37,4532,3,-0.744727494896694
6756,20230814-9PM_680_37_4532_4,0.255,11.0,680,37,4532,4,-0.5934598195660449
6757,20230814-9PM_680_37_4532_5,0.158,11.0,680,37,4532,5,-0.8013429130455774
6758,20230814-9PM_680_37_4532_6,0.075,11.0,680,37,4532,6,-1.1249387366083
6759,20230814-9PM_680_37_4532_7,0.12,11.0,680,37,4532,7,-0.9208187539523752
6760,20230814-9PM_750_37_4532_0,0.11,11.0,750,37,4532,0,-0.958607314841775
6761,20230814-9PM_750_37_4532_1,0.169,11.0,750,37,4532,1,-0.7721132953863264
6762,20230814-9PM_750_37_4532_2,0.117,11.0,750,37,4532,2,-0.9318141382538383
6763,20230814-9PM_750_37_4532_3,0.117,11.0,750,37,4532,3,-0.9318141382538383
6764,20230814-9PM_750_37_4532_4,0.14,11.0,750,37,4532,4,-0.8538719643217619
6765,20230814-9PM_750_37_4532_5,0.112,11.0,750,37,4532,5,-0.9507819773298184
6766,20230814-9PM_750_37_4532_6,0.094,11.0,750,37,4532,6,-1.0268721464003014
6767,20230814-9PM_750_37_4532_7,0.105,11.0,750,37,4532,7,-0.978810700930062
6768,20230814-9PM_680_37_2344_0,0.203,11.0,680,37,2344,0,-0.6925039620867871
6769,20230814-9PM_680_37_2344_1,0.175,11.0,680,37,2344,1,-0.7569619513137056
6770,20230814-9PM_680_37_2344_2,0.197,11.0,680,37,2344,2,-0.7055337738384071
6771,20230814-9PM_680_37_2344_3,0.206,11.0,680,37,2344,3,-0.6861327796308466
6772,20230814-9PM_680_37_2344_4,0.183,11.0,680,37,2344,4,-0.7375489102695706
6773,20230814-9PM_680_37_2344_5,0.271,11.0,680,37,2344,5,-0.5670307091255943
6774,20230814-9PM_680_37_2344_6,0.225,11.0,680,37,2344,6,-0.6478174818886375
6775,20230814-9PM_680_37_2344_7,0.201,11.0,680,37,2344,7,-0.6968039425795111
6776,20230814-9PM_750_37_2344_0,0.154,11.0,750,37,2344,0,-0.8124792791635369
6777,20230814-9PM_750_37_2344_1,0.133,11.0,750,37,2344,1,-0.8761483590329142
6778,20230814-9PM_750_37_2344_2,0.147,11.0,750,37,2344,2,-0.8326826652518239
6779,20230814-9PM_750_37_2344_3,0.151,11.0,750,37,2344,3,-0.8210230527068306
6780,20230814-9PM_750_37_2344_4,0.13,11.0,750,37,2344,4,-0.8860566476931632
6781,20230814-9PM_750_37_2344_5,0.192,11.0,750,37,2344,5,-0.7166987712964504
6782,20230814-9PM_750_37_2344_6,0.16,11.0,750,37,2344,6,-0.7958800173440752
6783,20230814-9PM_750_37_2344_7,0.155,11.0,750,37,2344,7,-0.8096683018297085
6784,20230814-9PM_680_37_2343_0,0.226,11.0,680,37,2343,0,-0.645891560852599
6785,20230814-9PM_680_37_2343_1,0.216,11.0,680,37,2343,1,-0.6655462488490691
6786,20230814-9PM_680_37_2343_2,0.293,11.0,680,37,2343,2,-0.5331323796458906
6787,20230814-9PM_680_37_2343_3,0.232,11.0,680,37,2343,3,-0.6345120151091003
6788,20230814-9PM_680_37_2343_4,0.171,11.0,680,37,2343,4,-0.7670038896078462
6789,20230814-9PM_680_37_2343_5,0.221,11.0,680,37,2343,5,-0.6556077263148893
6790,20230814-9PM_680_37_2343_6,0.182,11.0,680,37,2343,6,-0.7399286120149252
6791,20230814-9PM_680_37_2343_7,0.158,11.0,680,37,2343,7,-0.8013429130455774
6792,20230814-9PM_750_37_2343_0,0.138,11.0,750,37,2343,0,-0.8601209135987634
6793,20230814-9PM_750_37_2343_1,0.167,11.0,750,37,2343,1,-0.7772835288524167
6794,20230814-9PM_750_37_2343_2,0.16,11.0,750,37,2343,2,-0.7958800173440752
6795,20230814-9PM_750_37_2343_3,0.185,11.0,750,37,2343,3,-0.7328282715969862
6796,20230814-9PM_750_37_2343_4,0.131,11.0,750,37,2343,4,-0.8827287043442357
6797,20230814-9PM_750_37_2343_5,0.133,11.0,750,37,2343,5,-0.8761483590329142
6798,20230814-9PM_750_37_2343_6,0.118,11.0,750,37,2343,6,-0.9281179926938746
6799,20230814-9PM_750_37_2343_7,0.101,11.0,750,37,2343,7,-0.9956786262173574
6800,20230814-9PM_680_37_1952_0,0.223,11.0,680,37,1952,0,-0.6516951369518393
6801,20230814-9PM_680_37_1952_1,0.266,11.0,680,37,1952,1,-0.575118363368933
6802,20230814-9PM_680_37_1952_2,0.239,11.0,680,37,1952,2,-0.6216020990518624
6803,20230814-9PM_680_37_1952_3,0.262,11.0,680,37,1952,3,-0.5816987086802545
6804,20230814-9PM_680_37_1952_4,0.256,11.0,680,37,1952,4,-0.5917600346881504
6805,20230814-9PM_680_37_1952_5,0.259,11.0,680,37,1952,5,-0.5867002359187482
6806,20230814-9PM_680_37_1952_6,0.333,11.0,680,37,1952,6,-0.4775557664936801
6807,20230814-9PM_680_37_1952_7,0.264,11.0,680,37,1952,7,-0.5783960731301689
6808,20230814-9PM_750_37_1952_0,0.148,11.0,750,37,1952,0,-0.8297382846050426
6809,20230814-9PM_750_37_1952_1,0.158,11.0,750,37,1952,1,-0.8013429130455774
6810,20230814-9PM_750_37_1952_2,0.157,11.0,750,37,1952,2,-0.8041003475907662
6811,20230814-9PM_750_37_1952_3,0.159,11.0,750,37,1952,3,-0.7986028756795485
6812,20230814-9PM_750_37_1952_4,0.17,11.0,750,37,1952,4,-0.769551078621726
6813,20230814-9PM_750_37_1952_5,0.176,11.0,750,37,1952,5,-0.7544873321858502
6814,20230814-9PM_750_37_1952_6,0.202,11.0,750,37,1952,6,-0.6946486305533762
6815,20230814-9PM_750_37_1952_7,0.153,11.0,750,37,1952,7,-0.8153085691824012
6816,20230814-9PM_680_37_2931_0,0.233,11.0,680,37,2931,0,-0.632644078973981
6817,20230814-9PM_680_37_2931_1,0.136,11.0,680,37,2931,1,-0.8664610916297825
6818,20230814-9PM_680_37_2931_2,0.156,11.0,680,37,2931,2,-0.8068754016455384
6819,20230814-9PM_680_37_2931_3,0.145,11.0,680,37,2931,3,-0.8386319977650252
6820,20230814-9PM_680_37_2931_4,0.177,11.0,680,37,2931,4,-0.7520267336381934
6821,20230814-9PM_680_37_2931_5,0.103,11.0,680,37,2931,5,-0.9871627752948278
6822,20230814-9PM_680_37_2931_6,0.111,11.0,680,37,2931,6,-0.9546770212133425
6823,20230814-9PM_680_37_2931_7,0.103,11.0,680,37,2931,7,-0.9871627752948278
6824,20230814-9PM_750_37_2931_0,0.117,11.0,750,37,2931,0,-0.9318141382538383
6825,20230814-9PM_750_37_2931_1,0.105,11.0,750,37,2931,1,-0.978810700930062
6826,20230814-9PM_750_37_2931_2,0.124,11.0,750,37,2931,2,-0.906578314837765
6827,20230814-9PM_750_37_2931_3,0.095,11.0,750,37,2931,3,-1.0222763947111522
6828,20230814-9PM_750_37_2931_4,0.141,11.0,750,37,2931,4,-0.8507808873446201
6829,20230814-9PM_750_37_2931_5,0.078,11.0,750,37,2931,5,-1.1079053973095196
6830,20230814-9PM_750_37_2931_6,0.117,11.0,750,37,2931,6,-0.9318141382538383
6831,20230814-9PM_750_37_2931_7,0.1,11.0,750,37,2931,7,-1.0
6832,20230814-9PM_680_37_JG5_0,0.192,11.0,680,37,JG5,0,-0.7166987712964504
6833,20230814-9PM_680_37_JG5_1,0.192,11.0,680,37,JG5,1,-0.7166987712964504
6834,20230814-9PM_680_37_JG5_2,0.114,11.0,680,37,JG5,2,-0.9430951486635274
6835,20230814-9PM_680_37_JG5_3,0.092,11.0,680,37,JG5,3,-1.0362121726544447
6836,20230814-9PM_680_37_JG5_4,0.242,11.0,680,37,JG5,4,-0.6161846340195687
6837,20230814-9PM_680_37_JG5_5,0.134,11.0,680,37,JG5,5,-0.8728952016351923
6838,20230814-9PM_680_37_JG5_6,0.094,11.0,680,37,JG5,6,-1.0268721464003014
6839,20230814-9PM_680_37_JG5_7,0.118,11.0,680,37,JG5,7,-0.9281179926938746
6840,20230814-9PM_750_37_JG5_0,0.112,11.0,750,37,JG5,0,-0.9507819773298184
6841,20230814-9PM_750_37_JG5_1,0.107,11.0,750,37,JG5,1,-0.9706162223147904
6842,20230814-9PM_750_37_JG5_2,0.084,11.0,750,37,JG5,2,-1.0757207139381184
6843,20230814-9PM_750_37_JG5_3,0.067,11.0,750,37,JG5,3,-1.1739251972991736
6844,20230814-9PM_750_37_JG5_4,0.141,11.0,750,37,JG5,4,-0.8507808873446201
6845,20230814-9PM_750_37_JG5_5,0.099,11.0,750,37,JG5,5,-1.00436480540245
6846,20230814-9PM_750_37_JG5_6,0.073,11.0,750,37,JG5,6,-1.136677139879544
6847,20230814-9PM_750_37_JG5_7,0.085,11.0,750,37,JG5,7,-1.0705810742857071
6848,20230814-9PM_680_37_BMS_0,0.274,11.0,680,37,BMS,0,-0.562249437179612
6849,20230814-9PM_680_37_BMS_1,0.307,11.0,680,37,BMS,1,-0.5128616245228135
6850,20230814-9PM_680_37_BMS_2,0.223,11.0,680,37,BMS,2,-0.6516951369518393
6851,20230814-9PM_680_37_BMS_3,0.225,11.0,680,37,BMS,3,-0.6478174818886375
6852,20230814-9PM_680_37_BMS_4,0.299,11.0,680,37,BMS,4,-0.5243288116755703
6853,20230814-9PM_680_37_BMS_5,0.263,11.0,680,37,BMS,5,-0.5800442515102421
6854,20230814-9PM_680_37_BMS_6,0.273,11.0,680,37,BMS,6,-0.563837352959244
6855,20230814-9PM_680_37_BMS_7,0.279,11.0,680,37,BMS,7,-0.5543957967264024
6856,20230814-9PM_750_37_BMS_0,0.161,11.0,750,37,BMS,0,-0.7931741239681502
6857,20230814-9PM_750_37_BMS_1,0.195,11.0,750,37,BMS,1,-0.7099653886374819
6858,20230814-9PM_750_37_BMS_2,0.16,11.0,750,37,BMS,2,-0.7958800173440752
6859,20230814-9PM_750_37_BMS_3,0.154,11.0,750,37,BMS,3,-0.8124792791635369
6860,20230814-9PM_750_37_BMS_4,0.185,11.0,750,37,BMS,4,-0.7328282715969862
6861,20230814-9PM_750_37_BMS_5,0.18,11.0,750,37,BMS,5,-0.744727494896694
6862,20230814-9PM_750_37_BMS_6,0.181,11.0,750,37,BMS,6,-0.7423214251308154
6863,20230814-9PM_750_37_BMS_7,0.16,11.0,750,37,BMS,7,-0.7958800173440752
6864,20230815-9PM_680_25_3059_0,0.861,35.0,680,25,3059,0,-0.06499684854634524
6865,20230815-9PM_680_25_3059_1,0.591,35.0,680,25,3059,1,-0.22841251911874466
6866,20230815-9PM_680_25_3059_2,0.77,35.0,680,25,3059,2,-0.11350927482751812
6867,20230815-9PM_680_25_3059_3,1.078,35.0,680,25,3059,3,0.03261876085071993
6868,20230815-9PM_680_25_3059_4,1.284,35.0,680,25,3059,4,0.10856502373283448
6869,20230815-9PM_680_25_3059_5,0.766,35.0,680,25,3059,5,-0.11577123036739606
6870,20230815-9PM_680_25_3059_6,0.595,35.0,680,25,3059,6,-0.22548303427145044
6871,20230815-9PM_680_25_3059_7,0.79,35.0,680,25,3059,7,-0.10237290870955855
6872,20230815-9PM_750_25_3059_0,0.402,35.0,750,25,3059,0,-0.3957739469155299
6873,20230815-9PM_750_25_3059_1,0.298,35.0,750,25,3059,1,-0.5257837359237448
6874,20230815-9PM_750_25_3059_2,0.364,35.0,750,25,3059,2,-0.438898616350944
6875,20230815-9PM_750_25_3059_3,0.43,35.0,750,25,3059,3,-0.36653154442041347
6876,20230815-9PM_750_25_3059_4,0.607,35.0,750,25,3059,4,-0.21681130892474243
6877,20230815-9PM_750_25_3059_5,0.381,35.0,750,25,3059,5,-0.4190750243243807
6878,20230815-9PM_750_25_3059_6,0.311,35.0,750,25,3059,6,-0.5072396109731625
6879,20230815-9PM_750_25_3059_7,0.352,35.0,750,25,3059,7,-0.453457336521869
6880,20230815-9PM_680_25_1691_0,0.551,35.0,680,25,1691,0,-0.2588484011482149
6881,20230815-9PM_680_25_1691_1,0.534,35.0,680,25,1691,1,-0.27245874297144357
6882,20230815-9PM_680_25_1691_2,0.44,35.0,680,25,1691,2,-0.3565473235138126
6883,20230815-9PM_680_25_1691_3,0.451,35.0,680,25,1691,3,-0.34582345812203946
6884,20230815-9PM_680_25_1691_4,0.51,35.0,680,25,1691,4,-0.2924298239020636
6885,20230815-9PM_680_25_1691_5,0.57,35.0,680,25,1691,5,-0.24412514432750865
6886,20230815-9PM_680_25_1691_6,0.589,35.0,680,25,1691,6,-0.2298847052128984
6887,20230815-9PM_680_25_1691_7,0.485,35.0,680,25,1691,7,-0.3142582613977364
6888,20230815-9PM_750_25_1691_0,0.207,35.0,750,25,1691,0,-0.6840296545430823
6889,20230815-9PM_750_25_1691_1,0.241,35.0,750,25,1691,1,-0.6179829574251317
6890,20230815-9PM_750_25_1691_2,0.234,35.0,750,25,1691,2,-0.6307841425898572
6891,20230815-9PM_750_25_1691_3,0.228,35.0,750,25,1691,3,-0.6420651529995461
6892,20230815-9PM_750_25_1691_4,0.307,35.0,750,25,1691,4,-0.5128616245228135
6893,20230815-9PM_750_25_1691_5,0.259,35.0,750,25,1691,5,-0.5867002359187482
6894,20230815-9PM_750_25_1691_6,0.317,35.0,750,25,1691,6,-0.4989407377822485
6895,20230815-9PM_750_25_1691_7,0.274,35.0,750,25,1691,7,-0.562249437179612
6896,20230815-9PM_680_25_1690_0,1.054,35.0,680,25,1690,0,0.022840610876527823
6897,20230815-9PM_680_25_1690_1,1.29,35.0,680,25,1690,1,0.11058971029924898
6898,20230815-9PM_680_25_1690_2,1.253,35.0,680,25,1690,2,0.09795107099414996
6899,20230815-9PM_680_25_1690_3,0.85,35.0,680,25,1690,3,-0.07058107428570728
6900,20230815-9PM_680_25_1690_4,0.708,35.0,680,25,1690,4,-0.149966742310231
6901,20230815-9PM_680_25_1690_5,0.422,35.0,680,25,1690,5,-0.37468754903832613
6902,20230815-9PM_680_25_1690_6,1.057,35.0,680,25,1690,6,0.024074987307426243
6903,20230815-9PM_680_25_1690_7,1.286,35.0,680,25,1690,7,0.10924096858820327
6904,20230815-9PM_750_25_1690_0,0.558,35.0,750,25,1690,0,-0.25336580106242124
6905,20230815-9PM_750_25_1690_1,0.668,35.0,750,25,1690,1,-0.1752235375244543
6906,20230815-9PM_750_25_1690_2,0.633,35.0,750,25,1690,2,-0.1985962899826449
6907,20230815-9PM_750_25_1690_3,0.417,35.0,750,25,1690,3,-0.3798639450262425
6908,20230815-9PM_750_25_1690_4,0.344,35.0,750,25,1690,4,-0.46344155742846993
6909,20230815-9PM_750_25_1690_5,0.261,35.0,750,25,1690,5,-0.583359492661719
6910,20230815-9PM_750_25_1690_6,0.563,35.0,750,25,1690,6,-0.24949160514865382
6911,20230815-9PM_750_25_1690_7,0.771,35.0,750,25,1690,7,-0.11294562194904302
6912,20230815-9PM_680_25_2342_0,0.724,35.0,680,25,2342,0,-0.1402614338028531
6913,20230815-9PM_680_25_2342_1,0.378,35.0,680,25,2342,1,-0.4225082001627747
6914,20230815-9PM_680_25_2342_2,0.293,35.0,680,25,2342,2,-0.5331323796458906
6915,20230815-9PM_680_25_2342_3,0.443,35.0,680,25,2342,3,-0.3535962737769304
6916,20230815-9PM_680_25_2342_4,0.627,35.0,680,25,2342,4,-0.20273245916928356
6917,20230815-9PM_680_25_2342_5,1.103,35.0,680,25,2342,5,0.04257551244019059
6918,20230815-9PM_680_25_2342_6,0.81,35.0,680,25,2342,6,-0.09151498112135022
6919,20230815-9PM_680_25_2342_7,0.899,35.0,680,25,2342,7,-0.046240308266771224
6920,20230815-9PM_750_25_2342_0,0.375,35.0,750,25,2342,0,-0.42596873227228116
6921,20230815-9PM_750_25_2342_1,0.216,35.0,750,25,2342,1,-0.6655462488490691
6922,20230815-9PM_750_25_2342_2,0.148,35.0,750,25,2342,2,-0.8297382846050426
6923,20230815-9PM_750_25_2342_3,0.174,35.0,750,25,2342,3,-0.7594507517174003
6924,20230815-9PM_750_25_2342_4,0.341,35.0,750,25,2342,4,-0.4672456210075022
6925,20230815-9PM_750_25_2342_5,0.543,35.0,750,25,2342,5,-0.265200170411153
6926,20230815-9PM_750_25_2342_6,0.411,35.0,750,25,2342,6,-0.38615817812393083
6927,20230815-9PM_750_25_2342_7,0.324,35.0,750,25,2342,7,-0.48945498979338786
6928,20230815-9PM_680_25_4532_0,1.202,35.0,680,25,4532,0,0.0799044676667207
6929,20230815-9PM_680_25_4532_1,1.091,35.0,680,25,4532,1,0.037824750588341866
6930,20230815-9PM_680_25_4532_2,0.885,35.0,680,25,4532,2,-0.05305672930217456
6931,20230815-9PM_680_25_4532_3,0.969,35.0,680,25,4532,3,-0.013676222949234686
6932,20230815-9PM_680_25_4532_4,0.674,35.0,680,25,4532,4,-0.17134010346468015
6933,20230815-9PM_680_25_4532_5,0.829,35.0,680,25,4532,5,-0.08144546944972647
6934,20230815-9PM_680_25_4532_6,1.036,35.0,680,25,4532,6,0.015359755409214231
6935,20230815-9PM_680_25_4532_7,0.575,35.0,680,25,4532,7,-0.24033215531036956
6936,20230815-9PM_750_25_4532_0,0.415,35.0,750,25,4532,0,-0.3819519032879073
6937,20230815-9PM_750_25_4532_1,0.396,35.0,750,25,4532,1,-0.40230481407448765
6938,20230815-9PM_750_25_4532_2,0.388,35.0,750,25,4532,2,-0.41116827440579273
6939,20230815-9PM_750_25_4532_3,0.317,35.0,750,25,4532,3,-0.4989407377822485
6940,20230815-9PM_750_25_4532_4,0.393,35.0,750,25,4532,4,-0.4056074496245733
6941,20230815-9PM_750_25_4532_5,0.384,35.0,750,25,4532,5,-0.4156687756324692
6942,20230815-9PM_750_25_4532_6,0.421,35.0,750,25,4532,6,-0.3757179041643317
6943,20230815-9PM_750_25_4532_7,0.293,35.0,750,25,4532,7,-0.5331323796458906
6944,20230815-9PM_680_25_2344_0,0.399,35.0,680,25,2344,0,-0.3990271043132517
6945,20230815-9PM_680_25_2344_1,0.362,35.0,680,25,2344,1,-0.4412914294668343
6946,20230815-9PM_680_25_2344_2,0.381,35.0,680,25,2344,2,-0.4190750243243807
6947,20230815-9PM_680_25_2344_3,0.31,35.0,680,25,2344,3,-0.5086383061657274
6948,20230815-9PM_680_25_2344_4,0.52,35.0,680,25,2344,4,-0.28399665636520083
6949,20230815-9PM_680_25_2344_5,0.332,35.0,680,25,2344,5,-0.4788619162959637
6950,20230815-9PM_680_25_2344_6,0.611,35.0,680,25,2344,6,-0.21395878975744578
6951,20230815-9PM_680_25_2344_7,0.228,35.0,680,25,2344,7,-0.6420651529995461
6952,20230815-9PM_750_25_2344_0,0.255,35.0,750,25,2344,0,-0.5934598195660449
6953,20230815-9PM_750_25_2344_1,0.227,35.0,750,25,2344,1,-0.6439741428068773
6954,20230815-9PM_750_25_2344_2,0.258,35.0,750,25,2344,2,-0.5883802940367698
6955,20230815-9PM_750_25_2344_3,0.223,35.0,750,25,2344,3,-0.6516951369518393
6956,20230815-9PM_750_25_2344_4,0.319,35.0,750,25,2344,4,-0.4962093169428189
6957,20230815-9PM_750_25_2344_5,0.235,35.0,750,25,2344,5,-0.6289321377282637
6958,20230815-9PM_750_25_2344_6,0.364,35.0,750,25,2344,6,-0.438898616350944
6959,20230815-9PM_750_25_2344_7,0.178,35.0,750,25,2344,7,-0.7495799976911061
6960,20230815-9PM_680_25_2343_0,1.075,35.0,680,25,2343,0,0.03140846425162412
6961,20230815-9PM_680_25_2343_1,1.009,35.0,680,25,2343,1,0.0038911662369104775
6962,20230815-9PM_680_25_2343_2,0.598,35.0,680,25,2343,2,-0.22329881601158919
6963,20230815-9PM_680_25_2343_3,1.253,35.0,680,25,2343,3,0.09795107099414996
6964,20230815-9PM_680_25_2343_4,1.147,35.0,680,25,2343,4,0.059563417901267686
6965,20230815-9PM_680_25_2343_5,1.139,35.0,680,25,2343,5,0.05652372407910037
6966,20230815-9PM_680_25_2343_6,0.963,35.0,680,25,2343,6,-0.0163737128754655
6967,20230815-9PM_680_25_2343_7,1.012,35.0,680,25,2343,7,0.005180512503780314
6968,20230815-9PM_750_25_2343_0,0.541,35.0,750,25,2343,0,-0.26680273489343054
6969,20230815-9PM_750_25_2343_1,0.546,35.0,750,25,2343,1,-0.2628073572952627
6970,20230815-9PM_750_25_2343_2,0.241,35.0,750,25,2343,2,-0.6179829574251317
6971,20230815-9PM_750_25_2343_3,0.657,35.0,750,25,2343,3,-0.1824346304402192
6972,20230815-9PM_750_25_2343_4,0.606,35.0,750,25,2343,4,-0.21752737583371382
6973,20230815-9PM_750_25_2343_5,0.623,35.0,750,25,2343,5,-0.2055119533408304
6974,20230815-9PM_750_25_2343_6,0.547,35.0,750,25,2343,6,-0.2620126736665692
6975,20230815-9PM_750_25_2343_7,0.521,35.0,750,25,2343,7,-0.2831622767004755
6976,20230815-9PM_680_25_1952_0,0.333,35.0,680,25,1952,0,-0.4775557664936801
6977,20230815-9PM_680_25_1952_1,0.761,35.0,680,25,1952,1,-0.11861534322942717
6978,20230815-9PM_680_25_1952_2,0.732,35.0,680,25,1952,2,-0.13548891894160814
6979,20230815-9PM_680_25_1952_3,0.944,35.0,680,25,1952,3,-0.02502800570193105
6980,20230815-9PM_680_25_1952_4,0.735,35.0,680,25,1952,4,-0.1337126609158051
6981,20230815-9PM_680_25_1952_5,0.848,35.0,680,25,1952,5,-0.07160414774328619
6982,20230815-9PM_680_25_1952_6,0.953,35.0,680,25,1952,6,-0.02090709936167361
6983,20230815-9PM_680_25_1952_7,0.728,35.0,680,25,1952,7,-0.13786862068696282
6984,20230815-9PM_750_25_1952_0,0.215,35.0,750,25,1952,0,-0.6675615400843947
6985,20230815-9PM_750_25_1952_1,0.421,35.0,750,25,1952,1,-0.3757179041643317
6986,20230815-9PM_750_25_1952_2,0.408,35.0,750,25,1952,2,-0.3893398369101201
6987,20230815-9PM_750_25_1952_3,0.525,35.0,750,25,1952,3,-0.2798406965940431
6988,20230815-9PM_750_25_1952_4,0.43,35.0,750,25,1952,4,-0.36653154442041347
6989,20230815-9PM_750_25_1952_5,0.471,35.0,750,25,1952,5,-0.3269790928711038
6990,20230815-9PM_750_25_1952_6,0.515,35.0,750,25,1952,6,-0.28819277095880896
6991,20230815-9PM_750_25_1952_7,0.429,35.0,750,25,1952,7,-0.36754270781527576
6992,20230815-9PM_680_25_2931_0,0.825,35.0,680,25,2931,0,-0.08354605145007493
6993,20230815-9PM_680_25_2931_1,0.361,35.0,680,25,2931,1,-0.4424927980943421
6994,20230815-9PM_680_25_2931_2,0.43,35.0,680,25,2931,2,-0.36653154442041347
6995,20230815-9PM_680_25_2931_3,0.61,35.0,680,25,2931,3,-0.21467016498923297
6996,20230815-9PM_680_25_2931_4,0.721,35.0,680,25,2931,4,-0.14206473528057098
6997,20230815-9PM_680_25_2931_5,0.46,35.0,680,25,2931,5,-0.3372421683184259
6998,20230815-9PM_680_25_2931_6,0.619,35.0,680,25,2931,6,-0.208309350979882
6999,20230815-9PM_680_25_2931_7,0.592,35.0,680,25,2931,7,-0.22767829327708025
7000,20230815-9PM_750_25_2931_0,0.45,35.0,750,25,2931,0,-0.3467874862246563
7001,20230815-9PM_750_25_2931_1,0.202,35.0,750,25,2931,1,-0.6946486305533762
7002,20230815-9PM_750_25_2931_2,0.248,35.0,750,25,2931,2,-0.6055483191737837
7003,20230815-9PM_750_25_2931_3,0.355,35.0,750,25,2931,3,-0.44977164694490596
7004,20230815-9PM_750_25_2931_4,0.386,35.0,750,25,2931,4,-0.41341269532824504
7005,20230815-9PM_750_25_2931_5,0.274,35.0,750,25,2931,5,-0.562249437179612
7006,20230815-9PM_750_25_2931_6,0.347,35.0,750,25,2931,6,-0.4596705252091263
7007,20230815-9PM_750_25_2931_7,0.329,35.0,750,25,2931,7,-0.48280410205002566
7008,20230815-9PM_680_25_JG5_0,0.857,35.0,680,25,JG5,0,-0.06701917807680184
7009,20230815-9PM_680_25_JG5_1,0.34,35.0,680,25,JG5,1,-0.46852108295774486
7010,20230815-9PM_680_25_JG5_2,1.201,35.0,680,25,JG5,2,0.07954300740290607
7011,20230815-9PM_680_25_JG5_3,1.012,35.0,680,25,JG5,3,0.005180512503780314
7012,20230815-9PM_680_25_JG5_4,1.036,35.0,680,25,JG5,4,0.015359755409214231
7013,20230815-9PM_680_25_JG5_5,0.609,35.0,680,25,JG5,5,-0.21538270736712464
7014,20230815-9PM_680_25_JG5_6,0.293,35.0,680,25,JG5,6,-0.5331323796458906
7015,20230815-9PM_680_25_JG5_7,0.382,35.0,680,25,JG5,7,-0.41793663708829126
7016,20230815-9PM_750_25_JG5_0,0.451,35.0,750,25,JG5,0,-0.34582345812203946
7017,20230815-9PM_750_25_JG5_1,0.211,35.0,750,25,JG5,1,-0.6757175447023074
7018,20230815-9PM_750_25_JG5_2,0.564,35.0,750,25,JG5,2,-0.24872089601665776
7019,20230815-9PM_750_25_JG5_3,0.482,35.0,750,25,JG5,3,-0.31695296176115045
7020,20230815-9PM_750_25_JG5_4,0.489,35.0,750,25,JG5,4,-0.3106911408763798
7021,20230815-9PM_750_25_JG5_5,0.328,35.0,750,25,JG5,5,-0.4841261562883209
7022,20230815-9PM_750_25_JG5_6,0.171,35.0,750,25,JG5,6,-0.7670038896078462
7023,20230815-9PM_750_25_JG5_7,0.214,35.0,750,25,JG5,7,-0.6695862266508091
7024,20230815-9PM_680_25_BMS_0,0.848,35.0,680,25,BMS,0,-0.07160414774328619
7025,20230815-9PM_680_25_BMS_1,0.984,35.0,680,25,BMS,1,-0.007004901568658489
7026,20230815-9PM_680_25_BMS_2,0.815,35.0,680,25,BMS,2,-0.08884239126002341
7027,20230815-9PM_680_25_BMS_3,0.955,35.0,680,25,BMS,3,-0.019996628416253676
7028,20230815-9PM_680_25_BMS_4,0.932,35.0,680,25,BMS,4,-0.030584087646018613
7029,20230815-9PM_680_25_BMS_5,0.709,35.0,680,25,BMS,5,-0.1493537648169335
7030,20230815-9PM_680_25_BMS_6,0.763,35.0,680,25,BMS,6,-0.11747546204511952
7031,20230815-9PM_680_25_BMS_7,0.542,35.0,680,25,BMS,7,-0.266000713461613
7032,20230815-9PM_750_25_BMS_0,0.476,35.0,750,25,BMS,0,-0.32239304727950685
7033,20230815-9PM_750_25_BMS_1,0.505,35.0,750,25,BMS,1,-0.2967086218813386
7034,20230815-9PM_750_25_BMS_2,0.451,35.0,750,25,BMS,2,-0.34582345812203946
7035,20230815-9PM_750_25_BMS_3,0.487,35.0,750,25,BMS,3,-0.3124710387853657
7036,20230815-9PM_750_25_BMS_4,0.517,35.0,750,25,BMS,4,-0.2865094569060575
7037,20230815-9PM_750_25_BMS_5,0.401,35.0,750,25,BMS,5,-0.39685562737981767
7038,20230815-9PM_750_25_BMS_6,0.43,35.0,750,25,BMS,6,-0.36653154442041347
7039,20230815-9PM_750_25_BMS_7,0.293,35.0,750,25,BMS,7,-0.5331323796458906
7040,20230815-9PM_680_39_3059_0,0.38,35.0,680,39,3059,0,-0.42021640338318983
7041,20230815-9PM_680_39_3059_1,0.33,35.0,680,39,3059,1,-0.4814860601221125
7042,20230815-9PM_680_39_3059_2,0.359,35.0,680,39,3059,2,-0.44490555142168087
7043,20230815-9PM_680_39_3059_3,0.642,35.0,680,39,3059,3,-0.19246497193114673
7044,20230815-9PM_680_39_3059_4,0.671,35.0,680,39,3059,4,-0.17327747983100789
7045,20230815-9PM_680_39_3059_5,0.301,35.0,680,39,3059,5,-0.5214335044061567
7046,20230815-9PM_680_39_3059_6,0.264,35.0,680,39,3059,6,-0.5783960731301689
7047,20230815-9PM_680_39_3059_7,0.554,35.0,680,39,3059,7,-0.2564902352715702
7048,20230815-9PM_750_39_3059_0,0.228,35.0,750,39,3059,0,-0.6420651529995461
7049,20230815-9PM_750_39_3059_1,0.202,35.0,750,39,3059,1,-0.6946486305533762
7050,20230815-9PM_750_39_3059_2,0.204,35.0,750,39,3059,2,-0.6903698325741012
7051,20230815-9PM_750_39_3059_3,0.35,35.0,750,39,3059,3,-0.4559319556497244
7052,20230815-9PM_750_39_3059_4,0.367,35.0,750,39,3059,4,-0.4353339357479107
7053,20230815-9PM_750_39_3059_5,0.191,35.0,750,39,3059,5,-0.7189666327522725
7054,20230815-9PM_750_39_3059_6,0.169,35.0,750,39,3059,6,-0.7721132953863264
7055,20230815-9PM_750_39_3059_7,0.303,35.0,750,39,3059,7,-0.518557371497695
7056,20230815-9PM_680_39_1691_0,0.589,35.0,680,39,1691,0,-0.2298847052128984
7057,20230815-9PM_680_39_1691_1,0.524,35.0,680,39,1691,1,-0.28066871301627333
7058,20230815-9PM_680_39_1691_2,0.555,35.0,680,39,1691,2,-0.2557070168773237
7059,20230815-9PM_680_39_1691_3,0.642,35.0,680,39,1691,3,-0.19246497193114673
7060,20230815-9PM_680_39_1691_4,0.615,35.0,680,39,1691,4,-0.21112488422458328
7061,20230815-9PM_680_39_1691_5,0.823,35.0,680,39,1691,5,-0.08460016478773018
7062,20230815-9PM_680_39_1691_6,0.859,35.0,680,39,1691,6,-0.0660068361687577
7063,20230815-9PM_680_39_1691_7,0.797,35.0,680,39,1691,7,-0.09854167860388763
7064,20230815-9PM_750_39_1691_0,0.325,35.0,750,39,1691,0,-0.4881166390211256
7065,20230815-9PM_750_39_1691_1,0.29,35.0,750,39,1691,1,-0.5376020021010439
7066,20230815-9PM_750_39_1691_2,0.31,35.0,750,39,1691,2,-0.5086383061657274
7067,20230815-9PM_750_39_1691_3,0.383,35.0,750,39,1691,3,-0.41680122603137726
7068,20230815-9PM_750_39_1691_4,0.366,35.0,750,39,1691,4,-0.43651891460558934
7069,20230815-9PM_750_39_1691_5,0.509,35.0,750,39,1691,5,-0.29328221766324125
7070,20230815-9PM_750_39_1691_6,0.498,35.0,750,39,1691,6,-0.30277065724028246
7071,20230815-9PM_750_39_1691_7,0.449,35.0,750,39,1691,7,-0.3477536589966768
7072,20230815-9PM_680_39_1690_0,0.468,35.0,680,39,1690,0,-0.32975414692587596
7073,20230815-9PM_680_39_1690_1,0.354,35.0,680,39,1690,1,-0.4509967379742122
7074,20230815-9PM_680_39_1690_2,0.313,35.0,680,39,1690,2,-0.5044556624535516
7075,20230815-9PM_680_39_1690_3,0.637,35.0,680,39,1690,3,-0.19586056766464957
7076,20230815-9PM_680_39_1690_4,0.333,35.0,680,39,1690,4,-0.4775557664936801
7077,20230815-9PM_680_39_1690_5,0.454,35.0,680,39,1690,5,-0.34294414714289606
7078,20230815-9PM_680_39_1690_6,0.65,35.0,680,39,1690,6,-0.18708664335714442
7079,20230815-9PM_680_39_1690_7,0.51,35.0,680,39,1690,7,-0.2924298239020636
7080,20230815-9PM_750_39_1690_0,0.291,35.0,750,39,1690,0,-0.5361070110140927
7081,20230815-9PM_750_39_1690_1,0.248,35.0,750,39,1690,1,-0.6055483191737837
7082,20230815-9PM_750_39_1690_2,0.227,35.0,750,39,1690,2,-0.6439741428068773
7083,20230815-9PM_750_39_1690_3,0.37,35.0,750,39,1690,3,-0.431798275933005
7084,20230815-9PM_750_39_1690_4,0.24,35.0,750,39,1690,4,-0.619788758288394
7085,20230815-9PM_750_39_1690_5,0.316,35.0,750,39,1690,5,-0.5003129173815962
7086,20230815-9PM_750_39_1690_6,0.417,35.0,750,39,1690,6,-0.3798639450262425
7087,20230815-9PM_750_39_1690_7,0.341,35.0,750,39,1690,7,-0.4672456210075022
7088,20230815-9PM_680_39_2342_0,0.327,35.0,680,39,2342,0,-0.4854522473397139
7089,20230815-9PM_680_39_2342_1,0.585,35.0,680,39,2342,1,-0.23284413391781958
7090,20230815-9PM_680_39_2342_2,0.519,35.0,680,39,2342,2,-0.28483264215154214
7091,20230815-9PM_680_39_2342_3,0.44,35.0,680,39,2342,3,-0.3565473235138126
7092,20230815-9PM_680_39_2342_4,0.331,35.0,680,39,2342,4,-0.48017200622428124
7093,20230815-9PM_680_39_2342_5,0.453,35.0,680,39,2342,5,-0.34390179798716813
7094,20230815-9PM_680_39_2342_6,1.009,35.0,680,39,2342,6,0.0038911662369104775
7095,20230815-9PM_680_39_2342_7,0.44,35.0,680,39,2342,7,-0.3565473235138126
7096,20230815-9PM_750_39_2342_0,0.226,35.0,750,39,2342,0,-0.645891560852599
7097,20230815-9PM_750_39_2342_1,0.359,35.0,750,39,2342,1,-0.44490555142168087
7098,20230815-9PM_750_39_2342_2,0.322,35.0,750,39,2342,2,-0.4921441283041691
7099,20230815-9PM_750_39_2342_3,0.267,35.0,750,39,2342,3,-0.5734887386354247
7100,20230815-9PM_750_39_2342_4,0.197,35.0,750,39,2342,4,-0.7055337738384071
7101,20230815-9PM_750_39_2342_5,0.28,35.0,750,39,2342,5,-0.5528419686577808
7102,20230815-9PM_750_39_2342_6,0.652,35.0,750,39,2342,6,-0.1857524042680798
7103,20230815-9PM_750_39_2342_7,0.279,35.0,750,39,2342,7,-0.5543957967264024
7104,20230815-9PM_680_39_4532_0,0.77,35.0,680,39,4532,0,-0.11350927482751812
7105,20230815-9PM_680_39_4532_1,0.653,35.0,680,39,4532,1,-0.18508681872492605
7106,20230815-9PM_680_39_4532_2,0.594,35.0,680,39,4532,2,-0.22621355501880647
7107,20230815-9PM_680_39_4532_3,0.548,35.0,680,39,4532,3,-0.2612194415156308
7108,20230815-9PM_680_39_4532_4,0.672,35.0,680,39,4532,4,-0.17263072694617473
7109,20230815-9PM_680_39_4532_5,0.568,35.0,680,39,4532,5,-0.24565166428898116
7110,20230815-9PM_680_39_4532_6,0.509,35.0,680,39,4532,6,-0.29328221766324125
7111,20230815-9PM_680_39_4532_7,0.655,35.0,680,39,4532,7,-0.18375870000821692
7112,20230815-9PM_750_39_4532_0,0.458,35.0,750,39,4532,0,-0.3391345219961308
7113,20230815-9PM_750_39_4532_1,0.421,35.0,750,39,4532,1,-0.3757179041643317
7114,20230815-9PM_750_39_4532_2,0.394,35.0,750,39,4532,2,-0.40450377817442584
7115,20230815-9PM_750_39_4532_3,0.363,35.0,750,39,4532,3,-0.4400933749638875
7116,20230815-9PM_750_39_4532_4,0.404,35.0,750,39,4532,4,-0.393618634889395
7117,20230815-9PM_750_39_4532_5,0.36,35.0,750,39,4532,5,-0.44369749923271273
7118,20230815-9PM_750_39_4532_6,0.343,35.0,750,39,4532,6,-0.46470587995722945
7119,20230815-9PM_750_39_4532_7,0.416,35.0,750,39,4532,7,-0.3809066693732573
7120,20230815-9PM_680_39_2344_0,0.454,35.0,680,39,2344,0,-0.34294414714289606
7121,20230815-9PM_680_39_2344_1,0.285,35.0,680,39,2344,1,-0.5451551399914898
7122,20230815-9PM_680_39_2344_2,0.467,35.0,680,39,2344,2,-0.33068311943388784
7123,20230815-9PM_680_39_2344_3,0.337,35.0,680,39,2344,3,-0.47237009912866135
7124,20230815-9PM_680_39_2344_4,0.354,35.0,680,39,2344,4,-0.4509967379742122
7125,20230815-9PM_680_39_2344_5,0.468,35.0,680,39,2344,5,-0.32975414692587596
7126,20230815-9PM_680_39_2344_6,0.578,35.0,680,39,2344,6,-0.23807216157947098
7127,20230815-9PM_680_39_2344_7,0.299,35.0,680,39,2344,7,-0.5243288116755703
7128,20230815-9PM_750_39_2344_0,0.326,35.0,750,39,2344,0,-0.48678239993206096
7129,20230815-9PM_750_39_2344_1,0.217,35.0,750,39,2344,1,-0.6635402661514705
7130,20230815-9PM_750_39_2344_2,0.329,35.0,750,39,2344,2,-0.48280410205002566
7131,20230815-9PM_750_39_2344_3,0.24,35.0,750,39,2344,3,-0.619788758288394
7132,20230815-9PM_750_39_2344_4,0.242,35.0,750,39,2344,4,-0.6161846340195687
7133,20230815-9PM_750_39_2344_5,0.338,35.0,750,39,2344,5,-0.47108329972234525
7134,20230815-9PM_750_39_2344_6,0.357,35.0,750,39,2344,6,-0.4473317838878068
7135,20230815-9PM_750_39_2344_7,0.221,35.0,750,39,2344,7,-0.6556077263148893
7136,20230815-9PM_680_39_2343_0,0.562,35.0,680,39,2343,0,-0.2502636844309389
7137,20230815-9PM_680_39_2343_1,0.811,35.0,680,39,2343,1,-0.09097914578884395
7138,20230815-9PM_680_39_2343_2,0.556,35.0,680,39,2343,2,-0.2549252084179425
7139,20230815-9PM_680_39_2343_3,0.673,35.0,680,39,2343,3,-0.1719849357760231
7140,20230815-9PM_680_39_2343_4,0.328,35.0,680,39,2343,4,-0.4841261562883209
7141,20230815-9PM_680_39_2343_5,0.538,35.0,680,39,2343,5,-0.2692177243336108
7142,20230815-9PM_680_39_2343_6,0.534,35.0,680,39,2343,6,-0.27245874297144357
7143,20230815-9PM_680_39_2343_7,0.418,35.0,680,39,2343,7,-0.3788237182249648
7144,20230815-9PM_750_39_2343_0,0.355,35.0,750,39,2343,0,-0.44977164694490596
7145,20230815-9PM_750_39_2343_1,0.492,35.0,750,39,2343,1,-0.30803489723263966
7146,20230815-9PM_750_39_2343_2,0.34,35.0,750,39,2343,2,-0.46852108295774486
7147,20230815-9PM_750_39_2343_3,0.434,35.0,750,39,2343,3,-0.3625102704874893
7148,20230815-9PM_750_39_2343_4,0.247,35.0,750,39,2343,4,-0.6073030467403343
7149,20230815-9PM_750_39_2343_5,0.344,35.0,750,39,2343,5,-0.46344155742846993
7150,20230815-9PM_750_39_2343_6,0.35,35.0,750,39,2343,6,-0.4559319556497244
7151,20230815-9PM_750_39_2343_7,0.292,35.0,750,39,2343,7,-0.5346171485515817
7152,20230815-9PM_680_39_1952_0,0.544,35.0,680,39,1952,0,-0.26440110030182007
7153,20230815-9PM_680_39_1952_1,0.711,35.0,680,39,1952,1,-0.14813039927023372
7154,20230815-9PM_680_39_1952_2,0.641,35.0,680,39,1952,2,-0.19314197048118256
7155,20230815-9PM_680_39_1952_3,0.915,35.0,680,39,1952,3,-0.038578905933551705
7156,20230815-9PM_680_39_1952_4,0.695,35.0,680,39,1952,4,-0.15801519540988615
7157,20230815-9PM_680_39_1952_5,0.925,35.0,680,39,1952,5,-0.03385826726096737
7158,20230815-9PM_680_39_1952_6,0.898,35.0,680,39,1952,6,-0.04672366333269562
7159,20230815-9PM_680_39_1952_7,0.922,35.0,680,39,1952,7,-0.03526907894637064
7160,20230815-9PM_750_39_1952_0,0.332,35.0,750,39,1952,0,-0.4788619162959637
7161,20230815-9PM_750_39_1952_1,0.396,35.0,750,39,1952,1,-0.40230481407448765
7162,20230815-9PM_750_39_1952_2,0.353,35.0,750,39,1952,2,-0.4522252946121775
7163,20230815-9PM_750_39_1952_3,0.505,35.0,750,39,1952,3,-0.2967086218813386
7164,20230815-9PM_750_39_1952_4,0.392,35.0,750,39,1952,4,-0.4067139329795427
7165,20230815-9PM_750_39_1952_5,0.5,35.0,750,39,1952,5,-0.3010299956639812
7166,20230815-9PM_750_39_1952_6,0.489,35.0,750,39,1952,6,-0.3106911408763798
7167,20230815-9PM_750_39_1952_7,0.532,35.0,750,39,1952,7,-0.2740883677049518
7168,20230815-9PM_680_39_2931_0,0.872,35.0,680,39,2931,0,-0.05948351506743278
7169,20230815-9PM_680_39_2931_1,0.459,35.0,680,39,2931,1,-0.33818731446273875
7170,20230815-9PM_680_39_2931_2,0.655,35.0,680,39,2931,2,-0.18375870000821692
7171,20230815-9PM_680_39_2931_3,0.516,35.0,680,39,2931,3,-0.28735029837278864
7172,20230815-9PM_680_39_2931_4,0.669,35.0,680,39,2931,4,-0.17457388223217687
7173,20230815-9PM_680_39_2931_5,0.162,35.0,680,39,2931,5,-0.790484985457369
7174,20230815-9PM_680_39_2931_6,1.093,35.0,680,39,2931,6,0.03862016194970278
7175,20230815-9PM_680_39_2931_7,0.905,35.0,680,39,2931,7,-0.043351420794796675
7176,20230815-9PM_750_39_2931_0,0.458,35.0,750,39,2931,0,-0.3391345219961308
7177,20230815-9PM_750_39_2931_1,0.27,35.0,750,39,2931,1,-0.5686362358410126
7178,20230815-9PM_750_39_2931_2,0.361,35.0,750,39,2931,2,-0.4424927980943421
7179,20230815-9PM_750_39_2931_3,0.284,35.0,750,39,2931,3,-0.5466816599529624
7180,20230815-9PM_750_39_2931_4,0.371,35.0,750,39,2931,4,-0.43062609038495414
7181,20230815-9PM_750_39_2931_5,0.118,35.0,750,39,2931,5,-0.9281179926938746
7182,20230815-9PM_750_39_2931_6,0.543,35.0,750,39,2931,6,-0.265200170411153
7183,20230815-9PM_750_39_2931_7,0.492,35.0,750,39,2931,7,-0.30803489723263966
7184,20230815-9PM_680_39_JG5_0,0.171,35.0,680,39,JG5,0,-0.7670038896078462
7185,20230815-9PM_680_39_JG5_1,0.207,35.0,680,39,JG5,1,-0.6840296545430823
7186,20230815-9PM_680_39_JG5_2,0.142,35.0,680,39,JG5,2,-0.8477116556169435
7187,20230815-9PM_680_39_JG5_3,0.276,35.0,680,39,JG5,3,-0.5590909179347823
7188,20230815-9PM_680_39_JG5_4,0.202,35.0,680,39,JG5,4,-0.6946486305533762
7189,20230815-9PM_680_39_JG5_5,0.15,35.0,680,39,JG5,5,-0.8239087409443188
7190,20230815-9PM_680_39_JG5_6,0.247,35.0,680,39,JG5,6,-0.6073030467403343
7191,20230815-9PM_680_39_JG5_7,0.135,35.0,680,39,JG5,7,-0.8696662315049939
7192,20230815-9PM_750_39_JG5_0,0.115,35.0,750,39,JG5,0,-0.9393021596463883
7193,20230815-9PM_750_39_JG5_1,0.15,35.0,750,39,JG5,1,-0.8239087409443188
7194,20230815-9PM_750_39_JG5_2,0.111,35.0,750,39,JG5,2,-0.9546770212133425
7195,20230815-9PM_750_39_JG5_3,0.166,35.0,750,39,JG5,3,-0.7798919119599449
7196,20230815-9PM_750_39_JG5_4,0.146,35.0,750,39,JG5,4,-0.835647144215563
7197,20230815-9PM_750_39_JG5_5,0.114,35.0,750,39,JG5,5,-0.9430951486635274
7198,20230815-9PM_750_39_JG5_6,0.156,35.0,750,39,JG5,6,-0.8068754016455384
7199,20230815-9PM_750_39_JG5_7,0.089,35.0,750,39,JG5,7,-1.0506099933550872
7200,20230815-9PM_680_39_BMS_0,0.581,35.0,680,39,BMS,0,-0.2358238676096693
7201,20230815-9PM_680_39_BMS_1,0.801,35.0,680,39,BMS,1,-0.09636748391576232
7202,20230815-9PM_680_39_BMS_2,0.615,35.0,680,39,BMS,2,-0.21112488422458328
7203,20230815-9PM_680_39_BMS_3,0.688,35.0,680,39,BMS,3,-0.16241156176448873
7204,20230815-9PM_680_39_BMS_4,0.8,35.0,680,39,BMS,4,-0.09691001300805639
7205,20230815-9PM_680_39_BMS_5,0.779,35.0,680,39,BMS,5,-0.10846254232743553
7206,20230815-9PM_680_39_BMS_6,0.79,35.0,680,39,BMS,6,-0.10237290870955855
7207,20230815-9PM_680_39_BMS_7,0.593,35.0,680,39,BMS,7,-0.22694530663573742
7208,20230815-9PM_750_39_BMS_0,0.355,35.0,750,39,BMS,0,-0.44977164694490596
7209,20230815-9PM_750_39_BMS_1,0.443,35.0,750,39,BMS,1,-0.3535962737769304
7210,20230815-9PM_750_39_BMS_2,0.382,35.0,750,39,BMS,2,-0.41793663708829126
7211,20230815-9PM_750_39_BMS_3,0.404,35.0,750,39,BMS,3,-0.393618634889395
7212,20230815-9PM_750_39_BMS_4,0.461,35.0,750,39,BMS,4,-0.33629907461035186
7213,20230815-9PM_750_39_BMS_5,0.466,35.0,750,39,BMS,5,-0.3316140833099998
7214,20230815-9PM_750_39_BMS_6,0.448,35.0,750,39,BMS,6,-0.348721986001856
7215,20230815-9PM_750_39_BMS_7,0.375,35.0,750,39,BMS,7,-0.42596873227228116
7216,20230815-9PM_680_37_3059_0,0.849,35.0,680,37,3059,0,-0.07109230975604734
7217,20230815-9PM_680_37_3059_1,0.56,35.0,680,37,3059,1,-0.25181197299379954
7218,20230815-9PM_680_37_3059_2,0.795,35.0,680,37,3059,2,-0.09963287134352969
7219,20230815-9PM_680_37_3059_3,0.815,35.0,680,37,3059,3,-0.08884239126002341
7220,20230815-9PM_680_37_3059_4,0.777,35.0,680,37,3059,4,-0.10957898119908573
7221,20230815-9PM_680_37_3059_5,0.445,35.0,680,37,3059,5,-0.3516399890190684
7222,20230815-9PM_680_37_3059_6,0.466,35.0,680,37,3059,6,-0.3316140833099998
7223,20230815-9PM_680_37_3059_7,0.697,35.0,680,37,3059,7,-0.1567672219019906
7224,20230815-9PM_750_37_3059_0,0.449,35.0,750,37,3059,0,-0.3477536589966768
7225,20230815-9PM_750_37_3059_1,0.296,35.0,750,37,3059,1,-0.5287082889410615
7226,20230815-9PM_750_37_3059_2,0.371,35.0,750,37,3059,2,-0.43062609038495414
7227,20230815-9PM_750_37_3059_3,0.394,35.0,750,37,3059,3,-0.40450377817442584
7228,20230815-9PM_750_37_3059_4,0.451,35.0,750,37,3059,4,-0.34582345812203946
7229,20230815-9PM_750_37_3059_5,0.252,35.0,750,37,3059,5,-0.5985994592184559
7230,20230815-9PM_750_37_3059_6,0.253,35.0,750,37,3059,6,-0.5968794788241821
7231,20230815-9PM_750_37_3059_7,0.364,35.0,750,37,3059,7,-0.438898616350944
7232,20230815-9PM_680_37_1691_0,0.861,35.0,680,37,1691,0,-0.06499684854634524
7233,20230815-9PM_680_37_1691_1,0.602,35.0,680,37,1691,1,-0.22040350874217546
7234,20230815-9PM_680_37_1691_2,0.615,35.0,680,37,1691,2,-0.21112488422458328
7235,20230815-9PM_680_37_1691_3,0.928,35.0,680,37,1691,3,-0.032452023781137915
7236,20230815-9PM_680_37_1691_4,0.727,35.0,680,37,1691,4,-0.1384655891409622
7237,20230815-9PM_680_37_1691_5,1.327,35.0,680,37,1691,5,0.1228709228644355
7238,20230815-9PM_680_37_1691_6,1.125,35.0,680,37,1691,6,0.05115252244738129
7239,20230815-9PM_680_37_1691_7,0.921,35.0,680,37,1691,7,-0.03574036980315106
7240,20230815-9PM_750_37_1691_0,0.488,35.0,750,37,1691,0,-0.3115801779972894
7241,20230815-9PM_750_37_1691_1,0.357,35.0,750,37,1691,1,-0.4473317838878068
7242,20230815-9PM_750_37_1691_2,0.35,35.0,750,37,1691,2,-0.4559319556497244
7243,20230815-9PM_750_37_1691_3,0.55,35.0,750,37,1691,3,-0.2596373105057561
7244,20230815-9PM_750_37_1691_4,0.443,35.0,750,37,1691,4,-0.3535962737769304
7245,20230815-9PM_750_37_1691_5,0.775,35.0,750,37,1691,5,-0.1106982974936897
7246,20230815-9PM_750_37_1691_6,0.668,35.0,750,37,1691,6,-0.1752235375244543
7247,20230815-9PM_750_37_1691_7,0.584,35.0,750,37,1691,7,-0.23358715288760054
7248,20230815-9PM_680_37_1690_0,0.92,35.0,680,37,1690,0,-0.036212172654444715
7249,20230815-9PM_680_37_1690_1,0.675,35.0,680,37,1690,1,-0.17069622716897506
7250,20230815-9PM_680_37_1690_2,1.044,35.0,680,37,1690,2,0.01870049866624337
7251,20230815-9PM_680_37_1690_3,0.936,35.0,680,37,1690,3,-0.028724151261894745
7252,20230815-9PM_680_37_1690_4,0.603,35.0,680,37,1690,4,-0.2196826878598487
7253,20230815-9PM_680_37_1690_5,0.715,35.0,680,37,1690,5,-0.1456939581989194
7254,20230815-9PM_680_37_1690_6,0.919,35.0,680,37,1690,6,-0.03668448861388872
7255,20230815-9PM_680_37_1690_7,0.922,35.0,680,37,1690,7,-0.03526907894637064
7256,20230815-9PM_750_37_1690_0,0.497,35.0,750,37,1690,0,-0.3036436112666679
7257,20230815-9PM_750_37_1690_1,0.415,35.0,750,37,1690,1,-0.3819519032879073
7258,20230815-9PM_750_37_1690_2,0.611,35.0,750,37,1690,2,-0.21395878975744578
7259,20230815-9PM_750_37_1690_3,0.501,35.0,750,37,1690,3,-0.30016227413275426
7260,20230815-9PM_750_37_1690_4,0.393,35.0,750,37,1690,4,-0.4056074496245733
7261,20230815-9PM_750_37_1690_5,0.476,35.0,750,37,1690,5,-0.32239304727950685
7262,20230815-9PM_750_37_1690_6,0.525,35.0,750,37,1690,6,-0.2798406965940431
7263,20230815-9PM_750_37_1690_7,0.57,35.0,750,37,1690,7,-0.24412514432750865
7264,20230815-9PM_680_37_2342_0,0.5,35.0,680,37,2342,0,-0.3010299956639812
7265,20230815-9PM_680_37_2342_1,0.767,35.0,680,37,2342,1,-0.11520463605101904
7266,20230815-9PM_680_37_2342_2,0.724,35.0,680,37,2342,2,-0.1402614338028531
7267,20230815-9PM_680_37_2342_3,0.95,35.0,680,37,2342,3,-0.022276394711152253
7268,20230815-9PM_680_37_2342_4,0.839,35.0,680,37,2342,4,-0.07623803917129975
7269,20230815-9PM_680_37_2342_5,0.433,35.0,680,37,2342,5,-0.36351210364663455
7270,20230815-9PM_680_37_2342_6,1.001,35.0,680,37,2342,6,0.0004340774793185929
7271,20230815-9PM_680_37_2342_7,0.958,35.0,680,37,2342,7,-0.018634490921455603
7272,20230815-9PM_750_37_2342_0,0.357,35.0,750,37,2342,0,-0.4473317838878068
7273,20230815-9PM_750_37_2342_1,0.521,35.0,750,37,2342,1,-0.2831622767004755
7274,20230815-9PM_750_37_2342_2,0.449,35.0,750,37,2342,2,-0.3477536589966768
7275,20230815-9PM_750_37_2342_3,0.526,35.0,750,37,2342,3,-0.27901425584626094
7276,20230815-9PM_750_37_2342_4,0.523,35.0,750,37,2342,4,-0.2814983111327257
7277,20230815-9PM_750_37_2342_5,0.324,35.0,750,37,2342,5,-0.48945498979338786
7278,20230815-9PM_750_37_2342_6,0.639,35.0,750,37,2342,6,-0.19449914184159983
7279,20230815-9PM_750_37_2342_7,0.614,35.0,750,37,2342,7,-0.21183162885883233
7280,20230815-9PM_680_37_4532_0,0.85,35.0,680,37,4532,0,-0.07058107428570728
7281,20230815-9PM_680_37_4532_1,0.851,35.0,680,37,4532,1,-0.07007043991541213
7282,20230815-9PM_680_37_4532_2,0.789,35.0,680,37,4532,2,-0.10292299679057967
7283,20230815-9PM_680_37_4532_3,0.838,35.0,680,37,4532,3,-0.07675598136972352
7284,20230815-9PM_680_37_4532_4,1.121,35.0,680,37,4532,4,0.04960561259497315
7285,20230815-9PM_680_37_4532_5,0.545,35.0,680,37,4532,5,-0.2636034977233575
7286,20230815-9PM_680_37_4532_6,0.675,35.0,680,37,4532,6,-0.17069622716897506
7287,20230815-9PM_680_37_4532_7,0.664,35.0,680,37,4532,7,-0.1778319206319825
7288,20230815-9PM_750_37_4532_0,0.488,35.0,750,37,4532,0,-0.3115801779972894
7289,20230815-9PM_750_37_4532_1,0.528,35.0,750,37,4532,1,-0.27736607746618774
7290,20230815-9PM_750_37_4532_2,0.496,35.0,750,37,4532,2,-0.30451832350980257
7291,20230815-9PM_750_37_4532_3,0.505,35.0,750,37,4532,3,-0.2967086218813386
7292,20230815-9PM_750_37_4532_4,0.601,35.0,750,37,4532,4,-0.22112552799726048
7293,20230815-9PM_750_37_4532_5,0.361,35.0,750,37,4532,5,-0.4424927980943421
7294,20230815-9PM_750_37_4532_6,0.454,35.0,750,37,4532,6,-0.34294414714289606
7295,20230815-9PM_750_37_4532_7,0.425,35.0,750,37,4532,7,-0.37161106994968846
7296,20230815-9PM_680_37_2344_0,0.493,35.0,680,37,2344,0,-0.30715308072277
7297,20230815-9PM_680_37_2344_1,0.677,35.0,680,37,2344,1,-0.16941133131485567
7298,20230815-9PM_680_37_2344_2,0.618,35.0,680,37,2344,2,-0.20901152491118416
7299,20230815-9PM_680_37_2344_3,0.456,35.0,680,37,2344,3,-0.341035157335565
7300,20230815-9PM_680_37_2344_4,0.383,35.0,680,37,2344,4,-0.41680122603137726
7301,20230815-9PM_680_37_2344_5,0.881,35.0,680,37,2344,5,-0.05502409158795209
7302,20230815-9PM_680_37_2344_6,0.741,35.0,680,37,2344,6,-0.13018179202067184
7303,20230815-9PM_680_37_2344_7,0.513,35.0,680,37,2344,7,-0.2898826348881837
7304,20230815-9PM_750_37_2344_0,0.366,35.0,750,37,2344,0,-0.43651891460558934
7305,20230815-9PM_750_37_2344_1,0.436,35.0,750,37,2344,1,-0.36051351073141397
7306,20230815-9PM_750_37_2344_2,0.443,35.0,750,37,2344,2,-0.3535962737769304
7307,20230815-9PM_750_37_2344_3,0.344,35.0,750,37,2344,3,-0.46344155742846993
7308,20230815-9PM_750_37_2344_4,0.28,35.0,750,37,2344,4,-0.5528419686577808
7309,20230815-9PM_750_37_2344_5,0.577,35.0,750,37,2344,5,-0.2388241868442686
7310,20230815-9PM_750_37_2344_6,0.468,35.0,750,37,2344,6,-0.32975414692587596
7311,20230815-9PM_750_37_2344_7,0.379,35.0,750,37,2344,7,-0.42136079003192767
7312,20230815-9PM_680_37_2343_0,0.567,35.0,680,37,2343,0,-0.24641694110709345
7313,20230815-9PM_680_37_2343_1,0.688,35.0,680,37,2343,1,-0.16241156176448873
7314,20230815-9PM_680_37_2343_2,0.781,35.0,680,37,2343,2,-0.10734896612269966
7315,20230815-9PM_680_37_2343_3,0.731,35.0,680,37,2343,3,-0.13608262304213956
7316,20230815-9PM_680_37_2343_4,0.488,35.0,680,37,2343,4,-0.3115801779972894
7317,20230815-9PM_680_37_2343_5,1.06,35.0,680,37,2343,5,0.02530586526477026
7318,20230815-9PM_680_37_2343_6,0.56,35.0,680,37,2343,6,-0.25181197299379954
7319,20230815-9PM_680_37_2343_7,0.517,35.0,680,37,2343,7,-0.2865094569060575
7320,20230815-9PM_750_37_2343_0,0.358,35.0,750,37,2343,0,-0.44611697335612566
7321,20230815-9PM_750_37_2343_1,0.434,35.0,750,37,2343,1,-0.3625102704874893
7322,20230815-9PM_750_37_2343_2,0.449,35.0,750,37,2343,2,-0.3477536589966768
7323,20230815-9PM_750_37_2343_3,0.467,35.0,750,37,2343,3,-0.33068311943388784
7324,20230815-9PM_750_37_2343_4,0.361,35.0,750,37,2343,4,-0.4424927980943421
7325,20230815-9PM_750_37_2343_5,0.718,35.0,750,37,2343,5,-0.14387555575769967
7326,20230815-9PM_750_37_2343_6,0.368,35.0,750,37,2343,6,-0.43415218132648237
7327,20230815-9PM_750_37_2343_7,0.342,35.0,750,37,2343,7,-0.46597389394386496
7328,20230815-9PM_680_37_1952_0,0.807,35.0,680,37,1952,0,-0.09312646527792956
7329,20230815-9PM_680_37_1952_1,0.731,35.0,680,37,1952,1,-0.13608262304213956
7330,20230815-9PM_680_37_1952_2,0.819,35.0,680,37,1952,2,-0.08671609823958155
7331,20230815-9PM_680_37_1952_3,0.806,35.0,680,37,1952,3,-0.09366495819490933
7332,20230815-9PM_680_37_1952_4,0.909,35.0,680,37,1952,4,-0.041436116778032536
7333,20230815-9PM_680_37_1952_5,1.04,35.0,680,37,1952,5,0.01703333929878037
7334,20230815-9PM_680_37_1952_6,0.768,35.0,680,37,1952,6,-0.114638779968488
7335,20230815-9PM_680_37_1952_7,0.623,35.0,680,37,1952,7,-0.2055119533408304
7336,20230815-9PM_750_37_1952_0,0.441,35.0,750,37,1952,0,-0.35556141053216145
7337,20230815-9PM_750_37_1952_1,0.406,35.0,750,37,1952,1,-0.39147396642280585
7338,20230815-9PM_750_37_1952_2,0.476,35.0,750,37,1952,2,-0.32239304727950685
7339,20230815-9PM_750_37_1952_3,0.448,35.0,750,37,1952,3,-0.348721986001856
7340,20230815-9PM_750_37_1952_4,0.48,35.0,750,37,1952,4,-0.3187587626244128
7341,20230815-9PM_750_37_1952_5,0.574,35.0,750,37,1952,5,-0.2410881076020265
7342,20230815-9PM_750_37_1952_6,0.428,35.0,750,37,1952,6,-0.368556230986828
7343,20230815-9PM_750_37_1952_7,0.371,35.0,750,37,1952,7,-0.43062609038495414
7344,20230815-9PM_680_37_2931_0,0.698,35.0,680,37,2931,0,-0.15614457737683893
7345,20230815-9PM_680_37_2931_1,0.703,35.0,680,37,2931,1,-0.15304467498017607
7346,20230815-9PM_680_37_2931_2,0.668,35.0,680,37,2931,2,-0.1752235375244543
7347,20230815-9PM_680_37_2931_3,0.634,35.0,680,37,2931,3,-0.1979107421182673
7348,20230815-9PM_680_37_2931_4,0.584,35.0,680,37,2931,4,-0.23358715288760054
7349,20230815-9PM_680_37_2931_5,0.319,35.0,680,37,2931,5,-0.4962093169428189
7350,20230815-9PM_680_37_2931_6,0.725,35.0,680,37,2931,6,-0.13966199342900631
7351,20230815-9PM_680_37_2931_7,1.028,35.0,680,37,2931,7,0.011993114659256938
7352,20230815-9PM_750_37_2931_0,0.413,35.0,750,37,2931,0,-0.384049948343599
7353,20230815-9PM_750_37_2931_1,0.4,35.0,750,37,2931,1,-0.3979400086720376
7354,20230815-9PM_750_37_2931_2,0.41,35.0,750,37,2931,2,-0.38721614328026455
7355,20230815-9PM_750_37_2931_3,0.374,35.0,750,37,2931,3,-0.42712839779951983
7356,20230815-9PM_750_37_2931_4,0.339,35.0,750,37,2931,4,-0.4698003017969178
7357,20230815-9PM_750_37_2931_5,0.228,35.0,750,37,2931,5,-0.6420651529995461
7358,20230815-9PM_750_37_2931_6,0.417,35.0,750,37,2931,6,-0.3798639450262425
7359,20230815-9PM_750_37_2931_7,0.63,35.0,750,37,2931,7,-0.2006594505464183
7360,20230815-9PM_680_37_JG5_0,0.43,35.0,680,37,JG5,0,-0.36653154442041347
7361,20230815-9PM_680_37_JG5_1,0.359,35.0,680,37,JG5,1,-0.44490555142168087
7362,20230815-9PM_680_37_JG5_2,0.238,35.0,680,37,JG5,2,-0.623423042943488
7363,20230815-9PM_680_37_JG5_3,0.204,35.0,680,37,JG5,3,-0.6903698325741012
7364,20230815-9PM_680_37_JG5_4,0.655,35.0,680,37,JG5,4,-0.18375870000821692
7365,20230815-9PM_680_37_JG5_5,0.384,35.0,680,37,JG5,5,-0.4156687756324692
7366,20230815-9PM_680_37_JG5_6,0.286,35.0,680,37,JG5,6,-0.543633966870957
7367,20230815-9PM_680_37_JG5_7,0.311,35.0,680,37,JG5,7,-0.5072396109731625
7368,20230815-9PM_750_37_JG5_0,0.253,35.0,750,37,JG5,0,-0.5968794788241821
7369,20230815-9PM_750_37_JG5_1,0.22,35.0,750,37,JG5,1,-0.6575773191777937
7370,20230815-9PM_750_37_JG5_2,0.162,35.0,750,37,JG5,2,-0.790484985457369
7371,20230815-9PM_750_37_JG5_3,0.137,35.0,750,37,JG5,3,-0.8632794328435932
7372,20230815-9PM_750_37_JG5_4,0.356,35.0,750,37,JG5,4,-0.44855000202712486
7373,20230815-9PM_750_37_JG5_5,0.237,35.0,750,37,JG5,5,-0.6252516539898961
7374,20230815-9PM_750_37_JG5_6,0.169,35.0,750,37,JG5,6,-0.7721132953863264
7375,20230815-9PM_750_37_JG5_7,0.192,35.0,750,37,JG5,7,-0.7166987712964504
7376,20230815-9PM_680_37_BMS_0,1.107,35.0,680,37,BMS,0,0.0441476208787228
7377,20230815-9PM_680_37_BMS_1,1.43,35.0,680,37,BMS,1,0.1553360374650618
7378,20230815-9PM_680_37_BMS_2,1.099,35.0,680,37,BMS,2,0.04099769242349056
7379,20230815-9PM_680_37_BMS_3,0.969,35.0,680,37,BMS,3,-0.013676222949234686
7380,20230815-9PM_680_37_BMS_4,1.243,35.0,680,37,BMS,4,0.0944711286416448
7381,20230815-9PM_680_37_BMS_5,1.301,35.0,680,37,BMS,5,0.11427729656158624
7382,20230815-9PM_680_37_BMS_6,1.397,35.0,680,37,BMS,6,0.14519640611418191
7383,20230815-9PM_680_37_BMS_7,1.07,35.0,680,37,BMS,7,0.029383777685209667
7384,20230815-9PM_750_37_BMS_0,0.63,35.0,750,37,BMS,0,-0.2006594505464183
7385,20230815-9PM_750_37_BMS_1,0.762,35.0,750,37,BMS,1,-0.1180450286603995
7386,20230815-9PM_750_37_BMS_2,0.605,35.0,750,37,BMS,2,-0.2182446253475311
7387,20230815-9PM_750_37_BMS_3,0.539,35.0,750,37,BMS,3,-0.2684112348132613
7388,20230815-9PM_750_37_BMS_4,0.71,35.0,750,37,BMS,4,-0.14874165128092473
7389,20230815-9PM_750_37_BMS_5,0.73,35.0,750,37,BMS,5,-0.1366771398795441
7390,20230815-9PM_750_37_BMS_6,0.765,35.0,750,37,BMS,6,-0.11633856484638239
7391,20230815-9PM_750_37_BMS_7,0.584,35.0,750,37,BMS,7,-0.23358715288760054
7392,20230818-3PM_680_25_3059_0,2.044,101.0,680,25,3059,0,0.31048089146267516
7393,20230818-3PM_680_25_3059_1,1.964,101.0,680,25,3059,1,0.29314148345093083
7394,20230818-3PM_680_25_3059_2,2.069,101.0,680,25,3059,2,0.3157604906657346
7395,20230818-3PM_680_25_3059_3,2.075,101.0,680,25,3059,3,0.31701810104811157
7396,20230818-3PM_680_25_3059_4,1.924,101.0,680,25,3059,4,0.28420506770179416
7397,20230818-3PM_680_25_3059_5,2.214,101.0,680,25,3059,5,0.345177616542704
7398,20230818-3PM_680_25_3059_6,1.81,101.0,680,25,3059,6,0.2576785748691845
7399,20230818-3PM_680_25_3059_7,2.229,101.0,680,25,3059,7,0.34811006848023773
7400,20230818-3PM_750_25_3059_0,1.202,101.0,750,25,3059,0,0.0799044676667207
7401,20230818-3PM_750_25_3059_1,1.136,101.0,750,25,3059,1,0.05537833137500003
7402,20230818-3PM_750_25_3059_2,1.175,101.0,750,25,3059,2,0.07003786660775509
7403,20230818-3PM_750_25_3059_3,1.234,101.0,750,25,3059,3,0.09131515969722287
7404,20230818-3PM_750_25_3059_4,1.219,101.0,750,25,3059,4,0.08600370561838196
7405,20230818-3PM_750_25_3059_5,1.126,101.0,750,25,3059,5,0.05153839051532738
7406,20230818-3PM_750_25_3059_6,1.075,101.0,750,25,3059,6,0.03140846425162412
7407,20230818-3PM_750_25_3059_7,1.202,101.0,750,25,3059,7,0.0799044676667207
7408,20230818-3PM_680_25_1691_0,2.418,101.0,680,25,1691,0,0.3834562965247531
7409,20230818-3PM_680_25_1691_1,2.126,101.0,680,25,1691,1,0.32756326018727794
7410,20230818-3PM_680_25_1691_2,2.212,101.0,680,25,1691,2,0.3447851226326607
7411,20230818-3PM_680_25_1691_3,0.706,101.0,680,25,1691,3,-0.15119529894819625
7412,20230818-3PM_680_25_1691_4,1.735,101.0,680,25,1691,4,0.23929947912689256
7413,20230818-3PM_680_25_1691_5,0.859,101.0,680,25,1691,5,-0.0660068361687577
7414,20230818-3PM_680_25_1691_6,2.215,101.0,680,25,1691,6,0.3453737305590883
7415,20230818-3PM_680_25_1691_7,2.016,101.0,680,25,1691,7,0.3044905277734877
7416,20230818-3PM_750_25_1691_0,1.24,101.0,750,25,1691,0,0.09342168516223506
7417,20230818-3PM_750_25_1691_1,1.019,101.0,750,25,1691,1,0.008174184006426355
7418,20230818-3PM_750_25_1691_2,1.101,101.0,750,25,1691,2,0.041787318971751766
7419,20230818-3PM_750_25_1691_3,0.408,101.0,750,25,1691,3,-0.3893398369101201
7420,20230818-3PM_750_25_1691_4,1.015,101.0,750,25,1691,4,0.006466042249231681
7421,20230818-3PM_750_25_1691_5,0.554,101.0,750,25,1691,5,-0.2564902352715702
7422,20230818-3PM_750_25_1691_6,1.122,101.0,750,25,1691,6,0.049992856920142645
7423,20230818-3PM_750_25_1691_7,1.091,101.0,750,25,1691,7,0.037824750588341866
7424,20230818-3PM_680_25_1690_0,1.765,101.0,680,25,1690,0,0.24674470972384135
7425,20230818-3PM_680_25_1690_1,2.263,101.0,680,25,1690,1,0.3546845539547286
7426,20230818-3PM_680_25_1690_2,2.088,101.0,680,25,1690,2,0.31973049433022455
7427,20230818-3PM_680_25_1690_3,1.206,101.0,680,25,1690,3,0.08134730780413249
7428,20230818-3PM_680_25_1690_4,0.972,101.0,680,25,1690,4,-0.012333735073725434
7429,20230818-3PM_680_25_1690_5,1.399,101.0,680,25,1690,5,0.14581771449182765
7430,20230818-3PM_680_25_1690_6,1.87,101.0,680,25,1690,6,0.27184160653649897
7431,20230818-3PM_680_25_1690_7,1.634,101.0,680,25,1690,7,0.21325205219639665
7432,20230818-3PM_750_25_1690_0,1.035,101.0,750,25,1690,0,0.014940349792936524
7433,20230818-3PM_750_25_1690_1,1.181,101.0,750,25,1690,1,0.07224989761351482
7434,20230818-3PM_750_25_1690_2,1.104,101.0,750,25,1690,2,0.04296907339318013
7435,20230818-3PM_750_25_1690_3,0.845,101.0,750,25,1690,3,-0.07314329105030767
7436,20230818-3PM_750_25_1690_4,0.86,101.0,750,25,1690,4,-0.06550154875643228
7437,20230818-3PM_750_25_1690_5,0.86,101.0,750,25,1690,5,-0.06550154875643228
7438,20230818-3PM_750_25_1690_6,0.966,101.0,750,25,1690,6,-0.015022873584506671
7439,20230818-3PM_750_25_1690_7,0.957,101.0,750,25,1690,7,-0.01908806222315645
7440,20230818-3PM_680_25_2342_0,1.274,101.0,680,25,2342,0,0.10516942799933163
7441,20230818-3PM_680_25_2342_1,1.441,101.0,680,25,2342,1,0.15866398081398933
7442,20230818-3PM_680_25_2342_2,1.906,101.0,680,25,2342,2,0.2801228963023076
7443,20230818-3PM_680_25_2342_3,1.884,101.0,680,25,2342,3,0.2750808984568585
7444,20230818-3PM_680_25_2342_4,1.173,101.0,680,25,2342,4,0.06929801211552926
7445,20230818-3PM_680_25_2342_5,1.192,101.0,680,25,2342,5,0.0762762554042176
7446,20230818-3PM_680_25_2342_6,1.272,101.0,680,25,2342,6,0.10448711131239508
7447,20230818-3PM_680_25_2342_7,1.038,101.0,680,25,2342,7,0.01619735351243906
7448,20230818-3PM_750_25_2342_0,0.921,101.0,750,25,2342,0,-0.03574036980315106
7449,20230818-3PM_750_25_2342_1,1.095,101.0,750,25,2342,1,0.03941411917613713
7450,20230818-3PM_750_25_2342_2,1.257,101.0,750,25,2342,2,0.0993352776859577
7451,20230818-3PM_750_25_2342_3,1.298,101.0,750,25,2342,3,0.11327469246435044
7452,20230818-3PM_750_25_2342_4,0.759,101.0,750,25,2342,4,-0.11975822410451964
7453,20230818-3PM_750_25_2342_5,0.913,101.0,750,25,2342,5,-0.039529222465701036
7454,20230818-3PM_750_25_2342_6,0.969,101.0,750,25,2342,6,-0.013676222949234686
7455,20230818-3PM_750_25_2342_7,0.765,101.0,750,25,2342,7,-0.11633856484638239
7456,20230818-3PM_680_25_4532_0,1.892,101.0,680,25,4532,0,0.27692113206577396
7457,20230818-3PM_680_25_4532_1,1.92,101.0,680,25,4532,1,0.28330122870354957
7458,20230818-3PM_680_25_4532_2,1.796,101.0,680,25,4532,2,0.2543063323312856
7459,20230818-3PM_680_25_4532_3,1.853,101.0,680,25,4532,3,0.2678754193188976
7460,20230818-3PM_680_25_4532_4,2.08,101.0,680,25,4532,4,0.31806333496276157
7461,20230818-3PM_680_25_4532_5,1.516,101.0,680,25,4532,5,0.18069920129603473
7462,20230818-3PM_680_25_4532_6,2.037,101.0,680,25,4532,6,0.3089910290001641
7463,20230818-3PM_680_25_4532_7,1.593,101.0,680,25,4532,7,0.20221577580113148
7464,20230818-3PM_750_25_4532_0,0.968,101.0,750,25,4532,0,-0.014124642691606345
7465,20230818-3PM_750_25_4532_1,0.952,101.0,750,25,4532,1,-0.021363051615525673
7466,20230818-3PM_750_25_4532_2,1.05,101.0,750,25,4532,2,0.021189299069938092
7467,20230818-3PM_750_25_4532_3,0.957,101.0,750,25,4532,3,-0.01908806222315645
7468,20230818-3PM_750_25_4532_4,1.141,101.0,750,25,4532,4,0.05728564441821465
7469,20230818-3PM_750_25_4532_5,0.808,101.0,750,25,4532,5,-0.09258863922541381
7470,20230818-3PM_750_25_4532_6,1.035,101.0,750,25,4532,6,0.014940349792936524
7471,20230818-3PM_750_25_4532_7,0.853,101.0,750,25,4532,7,-0.06905096883247698
7472,20230818-3PM_680_25_2344_0,1.209,101.0,680,25,2344,0,0.0824263008607719
7473,20230818-3PM_680_25_2344_1,1.728,101.0,680,25,2344,1,0.23754373814287447
7474,20230818-3PM_680_25_2344_2,1.498,101.0,680,25,2344,2,0.17551181336344768
7475,20230818-3PM_680_25_2344_3,1.343,101.0,680,25,2344,3,0.12807601266871535
7476,20230818-3PM_680_25_2344_4,1.517,101.0,680,25,2344,4,0.18098558078673047
7477,20230818-3PM_680_25_2344_5,1.317,101.0,680,25,2344,5,0.1195857749617838
7478,20230818-3PM_680_25_2344_6,1.91,101.0,680,25,2344,6,0.28103336724772754
7479,20230818-3PM_680_25_2344_7,1.273,101.0,680,25,2344,7,0.10482840365365537
7480,20230818-3PM_750_25_2344_0,0.748,101.0,750,25,2344,0,-0.12609840213553863
7481,20230818-3PM_750_25_2344_1,0.934,101.0,750,25,2344,1,-0.029653123769906618
7482,20230818-3PM_750_25_2344_2,0.876,101.0,750,25,2344,2,-0.05749589383191927
7483,20230818-3PM_750_25_2344_3,0.776,101.0,750,25,2344,3,-0.11013827874181155
7484,20230818-3PM_750_25_2344_4,0.88,101.0,750,25,2344,4,-0.05551732784983137
7485,20230818-3PM_750_25_2344_5,0.79,101.0,750,25,2344,5,-0.10237290870955855
7486,20230818-3PM_750_25_2344_6,1.006,101.0,750,25,2344,6,0.0025979807199085947
7487,20230818-3PM_750_25_2344_7,0.758,101.0,750,25,2344,7,-0.12033079436794646
7488,20230818-3PM_680_25_2343_0,1.488,101.0,680,25,2343,0,0.1726029312098599
7489,20230818-3PM_680_25_2343_1,0.995,101.0,680,25,2343,1,-0.002176919254274547
7490,20230818-3PM_680_25_2343_2,0.949,101.0,680,25,2343,2,-0.022733787572707352
7491,20230818-3PM_680_25_2343_3,2.185,101.0,680,25,2343,3,0.33945144130644067
7492,20230818-3PM_680_25_2343_4,1.312,101.0,680,25,2343,4,0.11793383503964149
7493,20230818-3PM_680_25_2343_5,2.046,101.0,680,25,2343,5,0.3109056293761413
7494,20230818-3PM_680_25_2343_6,2.129,101.0,680,25,2343,6,0.32817566143832255
7495,20230818-3PM_680_25_2343_7,1.9,101.0,680,25,2343,7,0.2787536009528289
7496,20230818-3PM_750_25_2343_0,0.917,101.0,750,25,2343,0,-0.03763066432997889
7497,20230818-3PM_750_25_2343_1,0.742,101.0,750,25,2343,1,-0.12959609472097294
7498,20230818-3PM_750_25_2343_2,0.708,101.0,750,25,2343,2,-0.149966742310231
7499,20230818-3PM_750_25_2343_3,1.248,101.0,750,25,2343,3,0.09621458534640519
7500,20230818-3PM_750_25_2343_4,0.954,101.0,750,25,2343,4,-0.020451625295904902
7501,20230818-3PM_750_25_2343_5,1.311,101.0,750,25,2343,5,0.11760269169008426
7502,20230818-3PM_750_25_2343_6,1.282,101.0,750,25,2343,6,0.10788802518279862
7503,20230818-3PM_750_25_2343_7,1.266,101.0,750,25,2343,7,0.1024337056813363
7504,20230818-3PM_680_25_1952_0,1.664,101.0,680,25,1952,0,0.2211533219547051
7505,20230818-3PM_680_25_1952_1,2.071,101.0,680,25,1952,1,0.3161800988934526
7506,20230818-3PM_680_25_1952_2,0.679,101.0,680,25,1952,2,-0.1681302257194983
7507,20230818-3PM_680_25_1952_3,2.046,101.0,680,25,1952,3,0.3109056293761413
7508,20230818-3PM_680_25_1952_4,1.721,101.0,680,25,1952,4,0.2357808703275603
7509,20230818-3PM_680_25_1952_5,1.976,101.0,680,25,1952,5,0.2957869402516093
7510,20230818-3PM_680_25_1952_6,1.834,101.0,680,25,1952,6,0.2633993313340023
7511,20230818-3PM_680_25_1952_7,1.732,101.0,680,25,1952,7,0.23854788768132784
7512,20230818-3PM_750_25_1952_0,1.015,101.0,750,25,1952,0,0.006466042249231681
7513,20230818-3PM_750_25_1952_1,1.072,101.0,750,25,1952,1,0.03019478535675124
7514,20230818-3PM_750_25_1952_2,0.412,101.0,750,25,1952,2,-0.3851027839668654
7515,20230818-3PM_750_25_1952_3,1.077,101.0,750,25,1952,3,0.03221570329798157
7516,20230818-3PM_750_25_1952_4,0.995,101.0,750,25,1952,4,-0.002176919254274547
7517,20230818-3PM_750_25_1952_5,1.081,101.0,750,25,1952,5,0.03382569395331033
7518,20230818-3PM_750_25_1952_6,1.009,101.0,750,25,1952,6,0.0038911662369104775
7519,20230818-3PM_750_25_1952_7,1.055,101.0,750,25,1952,7,0.023252459633711444
7520,20230818-3PM_680_25_2931_0,1.745,101.0,680,25,2931,0,0.24179543129519873
7521,20230818-3PM_680_25_2931_1,1.576,101.0,680,25,2931,1,0.19755621315353653
7522,20230818-3PM_680_25_2931_2,1.602,101.0,680,25,2931,2,0.20466251174821887
7523,20230818-3PM_680_25_2931_3,1.569,101.0,680,25,2931,3,0.19562294358693666
7524,20230818-3PM_680_25_2931_4,1.715,101.0,680,25,2931,4,0.23426412437878932
7525,20230818-3PM_680_25_2931_5,1.706,101.0,680,25,2931,5,0.2319790268315042
7526,20230818-3PM_680_25_2931_6,1.87,101.0,680,25,2931,6,0.27184160653649897
7527,20230818-3PM_680_25_2931_7,1.988,101.0,680,25,2931,7,0.2984163800612945
7528,20230818-3PM_750_25_2931_0,1.23,101.0,750,25,2931,0,0.08990511143939793
7529,20230818-3PM_750_25_2931_1,0.901,101.0,750,25,2931,1,-0.04527520902093701
7530,20230818-3PM_750_25_2931_2,0.912,101.0,750,25,2931,2,-0.04000516167158381
7531,20230818-3PM_750_25_2931_3,0.942,101.0,750,25,2931,3,-0.025949097207122653
7532,20230818-3PM_750_25_2931_4,0.964,101.0,750,25,2931,4,-0.01592296609716924
7533,20230818-3PM_750_25_2931_5,1.014,101.0,750,25,2931,5,0.006037954997317177
7534,20230818-3PM_750_25_2931_6,1.211,101.0,750,25,2931,6,0.08314414314305227
7535,20230818-3PM_750_25_2931_7,1.02,101.0,750,25,2931,7,0.00860017176191757
7536,20230818-3PM_680_25_JG5_0,1.123,101.0,680,25,JG5,0,0.050379756261457784
7537,20230818-3PM_680_25_JG5_1,1.105,101.0,680,25,JG5,1,0.0433622780211295
7538,20230818-3PM_680_25_JG5_2,0.739,101.0,680,25,JG5,2,-0.13135556160517428
7539,20230818-3PM_680_25_JG5_3,0.902,101.0,680,25,JG5,3,-0.04479346245805826
7540,20230818-3PM_680_25_JG5_4,1.365,101.0,680,25,JG5,4,0.13513265137677483
7541,20230818-3PM_680_25_JG5_5,0.866,101.0,680,25,JG5,5,-0.06248210798265336
7542,20230818-3PM_680_25_JG5_6,1.039,101.0,680,25,JG5,6,0.016615547557177382
7543,20230818-3PM_680_25_JG5_7,1.046,101.0,680,25,JG5,7,0.01953168453125545
7544,20230818-3PM_750_25_JG5_0,0.74,101.0,750,25,JG5,0,-0.13076828026902382
7545,20230818-3PM_750_25_JG5_1,0.719,101.0,750,25,JG5,1,-0.14327110961711742
7546,20230818-3PM_750_25_JG5_2,0.481,101.0,750,25,JG5,2,-0.31785492362616824
7547,20230818-3PM_750_25_JG5_3,0.582,101.0,750,25,JG5,3,-0.23507701535011155
7548,20230818-3PM_750_25_JG5_4,0.797,101.0,750,25,JG5,4,-0.09854167860388763
7549,20230818-3PM_750_25_JG5_5,0.57,101.0,750,25,JG5,5,-0.24412514432750865
7550,20230818-3PM_750_25_JG5_6,0.569,101.0,750,25,JG5,6,-0.24488773360492885
7551,20230818-3PM_750_25_JG5_7,0.627,101.0,750,25,JG5,7,-0.20273245916928356
7552,20230818-3PM_680_25_BMS_0,2.08,101.0,680,25,BMS,0,0.31806333496276157
7553,20230818-3PM_680_25_BMS_1,1.191,101.0,680,25,BMS,1,0.07591176148277752
7554,20230818-3PM_680_25_BMS_2,1.66,101.0,680,25,BMS,2,0.22010808804005508
7555,20230818-3PM_680_25_BMS_3,1.677,101.0,680,25,BMS,3,0.22453306260608574
7556,20230818-3PM_680_25_BMS_4,1.33,101.0,680,25,BMS,4,0.12385164096708581
7557,20230818-3PM_680_25_BMS_5,1.116,101.0,680,25,BMS,5,0.04766419460155998
7558,20230818-3PM_680_25_BMS_6,1.977,101.0,680,25,BMS,6,0.2960066693136723
7559,20230818-3PM_680_25_BMS_7,0.989,101.0,680,25,BMS,7,-0.004803708402820599
7560,20230818-3PM_750_25_BMS_0,1.206,101.0,750,25,BMS,0,0.08134730780413249
7561,20230818-3PM_750_25_BMS_1,0.742,101.0,750,25,BMS,1,-0.12959609472097294
7562,20230818-3PM_750_25_BMS_2,1.043,101.0,750,25,BMS,2,0.018284308426530838
7563,20230818-3PM_750_25_BMS_3,1.081,101.0,750,25,BMS,3,0.03382569395331033
7564,20230818-3PM_750_25_BMS_4,0.936,101.0,750,25,BMS,4,-0.028724151261894745
7565,20230818-3PM_750_25_BMS_5,0.769,101.0,750,25,BMS,5,-0.11407366019856895
7566,20230818-3PM_750_25_BMS_6,1.102,101.0,750,25,BMS,6,0.04218159451576628
7567,20230818-3PM_750_25_BMS_7,0.704,101.0,750,25,BMS,7,-0.1524273408578878
7568,20230818-3PM_680_39_3059_0,0.731,101.0,680,39,3059,0,-0.13608262304213956
7569,20230818-3PM_680_39_3059_1,0.513,101.0,680,39,3059,1,-0.2898826348881837
7570,20230818-3PM_680_39_3059_2,0.782,101.0,680,39,3059,2,-0.10679324694015198
7571,20230818-3PM_680_39_3059_3,0.836,101.0,680,39,3059,3,-0.07779372256098363
7572,20230818-3PM_680_39_3059_4,0.779,101.0,680,39,3059,4,-0.10846254232743553
7573,20230818-3PM_680_39_3059_5,0.54,101.0,680,39,3059,5,-0.26760624017703144
7574,20230818-3PM_680_39_3059_6,0.63,101.0,680,39,3059,6,-0.2006594505464183
7575,20230818-3PM_680_39_3059_7,0.142,101.0,680,39,3059,7,-0.8477116556169435
7576,20230818-3PM_750_39_3059_0,0.539,101.0,750,39,3059,0,-0.2684112348132613
7577,20230818-3PM_750_39_3059_1,0.337,101.0,750,39,3059,1,-0.47237009912866135
7578,20230818-3PM_750_39_3059_2,0.571,101.0,750,39,3059,2,-0.243363891754152
7579,20230818-3PM_750_39_3059_3,0.592,101.0,750,39,3059,3,-0.22767829327708025
7580,20230818-3PM_750_39_3059_4,0.67,101.0,750,39,3059,4,-0.17392519729917355
7581,20230818-3PM_750_39_3059_5,0.338,101.0,750,39,3059,5,-0.47108329972234525
7582,20230818-3PM_750_39_3059_6,0.415,101.0,750,39,3059,6,-0.3819519032879073
7583,20230818-3PM_750_39_3059_7,0.101,101.0,750,39,3059,7,-0.9956786262173574
7584,20230818-3PM_680_39_1691_0,0.68,101.0,680,39,1691,0,-0.16749108729376366
7585,20230818-3PM_680_39_1691_1,0.461,101.0,680,39,1691,1,-0.33629907461035186
7586,20230818-3PM_680_39_1691_2,0.495,101.0,680,39,1691,2,-0.3053948010664313
7587,20230818-3PM_680_39_1691_3,0.815,101.0,680,39,1691,3,-0.08884239126002341
7588,20230818-3PM_680_39_1691_4,0.508,101.0,680,39,1691,4,-0.29413628771608075
7589,20230818-3PM_680_39_1691_5,0.036,101.0,680,39,1691,5,-1.4436974992327127
7590,20230818-3PM_680_39_1691_6,0.308,101.0,680,39,1691,6,-0.5114492834995558
7591,20230818-3PM_680_39_1691_7,0.436,101.0,680,39,1691,7,-0.36051351073141397
7592,20230818-3PM_750_39_1691_0,0.596,101.0,750,39,1691,0,-0.22475374025976358
7593,20230818-3PM_750_39_1691_1,0.409,101.0,750,39,1691,1,-0.38827669199265824
7594,20230818-3PM_750_39_1691_2,0.444,101.0,750,39,1691,2,-0.3526170298853802
7595,20230818-3PM_750_39_1691_3,0.628,101.0,750,39,1691,3,-0.20204035626280387
7596,20230818-3PM_750_39_1691_4,0.436,101.0,750,39,1691,4,-0.36051351073141397
7597,20230818-3PM_750_39_1691_5,0.037,101.0,750,39,1691,5,-1.431798275933005
7598,20230818-3PM_750_39_1691_6,0.193,101.0,750,39,1691,6,-0.7144426909922262
7599,20230818-3PM_750_39_1691_7,0.306,101.0,750,39,1691,7,-0.51427857351842
7600,20230818-3PM_680_39_1690_0,0.376,101.0,680,39,1690,0,-0.42481215507233894
7601,20230818-3PM_680_39_1690_1,0.533,101.0,680,39,1690,1,-0.2732727909734277
7602,20230818-3PM_680_39_1690_2,0.583,101.0,680,39,1690,2,-0.23433144524098595
7603,20230818-3PM_680_39_1690_3,0.476,101.0,680,39,1690,3,-0.32239304727950685
7604,20230818-3PM_680_39_1690_4,0.345,101.0,680,39,1690,4,-0.4621809049267259
7605,20230818-3PM_680_39_1690_5,0.448,101.0,680,39,1690,5,-0.348721986001856
7606,20230818-3PM_680_39_1690_6,0.589,101.0,680,39,1690,6,-0.2298847052128984
7607,20230818-3PM_680_39_1690_7,0.439,101.0,680,39,1690,7,-0.35753547975787864
7608,20230818-3PM_750_39_1690_0,0.337,101.0,750,39,1690,0,-0.47237009912866135
7609,20230818-3PM_750_39_1690_1,0.441,101.0,750,39,1690,1,-0.35556141053216145
7610,20230818-3PM_750_39_1690_2,0.463,101.0,750,39,1690,2,-0.33441900898204685
7611,20230818-3PM_750_39_1690_3,0.428,101.0,750,39,1690,3,-0.368556230986828
7612,20230818-3PM_750_39_1690_4,0.305,101.0,750,39,1690,4,-0.5157001606532142
7613,20230818-3PM_750_39_1690_5,0.405,101.0,750,39,1690,5,-0.3925449767853314
7614,20230818-3PM_750_39_1690_6,0.511,101.0,750,39,1690,6,-0.29157909986528724
7615,20230818-3PM_750_39_1690_7,0.387,101.0,750,39,1690,7,-0.4122890349810886
7616,20230818-3PM_680_39_2342_0,0.203,101.0,680,39,2342,0,-0.6925039620867871
7617,20230818-3PM_680_39_2342_1,0.268,101.0,680,39,2342,1,-0.5718652059712112
7618,20230818-3PM_680_39_2342_2,0.298,101.0,680,39,2342,2,-0.5257837359237448
7619,20230818-3PM_680_39_2342_3,0.241,101.0,680,39,2342,3,-0.6179829574251317
7620,20230818-3PM_680_39_2342_4,0.169,101.0,680,39,2342,4,-0.7721132953863264
7621,20230818-3PM_680_39_2342_5,0.275,101.0,680,39,2342,5,-0.5606673061697374
7622,20230818-3PM_680_39_2342_6,0.047,101.0,680,39,2342,6,-1.3279021420642825
7623,20230818-3PM_680_39_2342_7,0.391,101.0,680,39,2342,7,-0.40782324260413316
7624,20230818-3PM_750_39_2342_0,0.187,101.0,750,39,2342,0,-0.7281583934635011
7625,20230818-3PM_750_39_2342_1,0.244,101.0,750,39,2342,1,-0.6126101736612706
7626,20230818-3PM_750_39_2342_2,0.269,101.0,750,39,2342,2,-0.5702477199975919
7627,20230818-3PM_750_39_2342_3,0.221,101.0,750,39,2342,3,-0.6556077263148893
7628,20230818-3PM_750_39_2342_4,0.156,101.0,750,39,2342,4,-0.8068754016455384
7629,20230818-3PM_750_39_2342_5,0.246,101.0,750,39,2342,5,-0.6090648928966209
7630,20230818-3PM_750_39_2342_6,0.043,101.0,750,39,2342,6,-1.3665315444204136
7631,20230818-3PM_750_39_2342_7,0.321,101.0,750,39,2342,7,-0.4934949675951279
7632,20230818-3PM_680_39_4532_0,0.275,101.0,680,39,4532,0,-0.5606673061697374
7633,20230818-3PM_680_39_4532_1,0.366,101.0,680,39,4532,1,-0.43651891460558934
7634,20230818-3PM_680_39_4532_2,0.32,101.0,680,39,4532,2,-0.494850021680094
7635,20230818-3PM_680_39_4532_3,0.3,101.0,680,39,4532,3,-0.5228787452803376
7636,20230818-3PM_680_39_4532_4,0.354,101.0,680,39,4532,4,-0.4509967379742122
7637,20230818-3PM_680_39_4532_5,0.267,101.0,680,39,4532,5,-0.5734887386354247
7638,20230818-3PM_680_39_4532_6,0.292,101.0,680,39,4532,6,-0.5346171485515817
7639,20230818-3PM_680_39_4532_7,0.353,101.0,680,39,4532,7,-0.4522252946121775
7640,20230818-3PM_750_39_4532_0,0.246,101.0,750,39,4532,0,-0.6090648928966209
7641,20230818-3PM_750_39_4532_1,0.34,101.0,750,39,4532,1,-0.46852108295774486
7642,20230818-3PM_750_39_4532_2,0.297,101.0,750,39,4532,2,-0.5272435506827877
7643,20230818-3PM_750_39_4532_3,0.281,101.0,750,39,4532,3,-0.5512936800949201
7644,20230818-3PM_750_39_4532_4,0.333,101.0,750,39,4532,4,-0.4775557664936801
7645,20230818-3PM_750_39_4532_5,0.248,101.0,750,39,4532,5,-0.6055483191737837
7646,20230818-3PM_750_39_4532_6,0.275,101.0,750,39,4532,6,-0.5606673061697374
7647,20230818-3PM_750_39_4532_7,0.328,101.0,750,39,4532,7,-0.4841261562883209
7648,20230818-3PM_680_39_2344_0,0.521,101.0,680,39,2344,0,-0.2831622767004755
7649,20230818-3PM_680_39_2344_1,0.283,101.0,680,39,2344,1,-0.5482135644757098
7650,20230818-3PM_680_39_2344_2,0.459,101.0,680,39,2344,2,-0.33818731446273875
7651,20230818-3PM_680_39_2344_3,0.351,101.0,680,39,2344,3,-0.4546928835341759
7652,20230818-3PM_680_39_2344_4,0.285,101.0,680,39,2344,4,-0.5451551399914898
7653,20230818-3PM_680_39_2344_5,0.605,101.0,680,39,2344,5,-0.2182446253475311
7654,20230818-3PM_680_39_2344_6,0.633,101.0,680,39,2344,6,-0.1985962899826449
7655,20230818-3PM_680_39_2344_7,0.408,101.0,680,39,2344,7,-0.3893398369101201
7656,20230818-3PM_750_39_2344_0,0.432,101.0,750,39,2344,0,-0.3645162531850879
7657,20230818-3PM_750_39_2344_1,0.242,101.0,750,39,2344,1,-0.6161846340195687
7658,20230818-3PM_750_39_2344_2,0.384,101.0,750,39,2344,2,-0.4156687756324692
7659,20230818-3PM_750_39_2344_3,0.299,101.0,750,39,2344,3,-0.5243288116755703
7660,20230818-3PM_750_39_2344_4,0.251,101.0,750,39,2344,4,-0.6003262785189618
7661,20230818-3PM_750_39_2344_5,0.479,101.0,750,39,2344,5,-0.3196644865854368
7662,20230818-3PM_750_39_2344_6,0.481,101.0,750,39,2344,6,-0.31785492362616824
7663,20230818-3PM_750_39_2344_7,0.328,101.0,750,39,2344,7,-0.4841261562883209
7664,20230818-3PM_680_39_2343_0,0.366,101.0,680,39,2343,0,-0.43651891460558934
7665,20230818-3PM_680_39_2343_1,0.381,101.0,680,39,2343,1,-0.4190750243243807
7666,20230818-3PM_680_39_2343_2,0.305,101.0,680,39,2343,2,-0.5157001606532142
7667,20230818-3PM_680_39_2343_3,0.347,101.0,680,39,2343,3,-0.4596705252091263
7668,20230818-3PM_680_39_2343_4,0.272,101.0,680,39,2343,4,-0.5654310959658012
7669,20230818-3PM_680_39_2343_5,0.318,101.0,680,39,2343,5,-0.4975728800155673
7670,20230818-3PM_680_39_2343_6,0.283,101.0,680,39,2343,6,-0.5482135644757098
7671,20230818-3PM_680_39_2343_7,0.37,101.0,680,39,2343,7,-0.431798275933005
7672,20230818-3PM_750_39_2343_0,0.285,101.0,750,39,2343,0,-0.5451551399914898
7673,20230818-3PM_750_39_2343_1,0.317,101.0,750,39,2343,1,-0.4989407377822485
7674,20230818-3PM_750_39_2343_2,0.277,101.0,750,39,2343,2,-0.5575202309355514
7675,20230818-3PM_750_39_2343_3,0.286,101.0,750,39,2343,3,-0.543633966870957
7676,20230818-3PM_750_39_2343_4,0.237,101.0,750,39,2343,4,-0.6252516539898961
7677,20230818-3PM_750_39_2343_5,0.242,101.0,750,39,2343,5,-0.6161846340195687
7678,20230818-3PM_750_39_2343_6,0.238,101.0,750,39,2343,6,-0.623423042943488
7679,20230818-3PM_750_39_2343_7,0.303,101.0,750,39,2343,7,-0.518557371497695
7680,20230818-3PM_680_39_1952_0,0.645,101.0,680,39,1952,0,-0.19044028536473223
7681,20230818-3PM_680_39_1952_1,0.804,101.0,680,39,1952,1,-0.0947439512515487
7682,20230818-3PM_680_39_1952_2,0.489,101.0,680,39,1952,2,-0.3106911408763798
7683,20230818-3PM_680_39_1952_3,1.044,101.0,680,39,1952,3,0.01870049866624337
7684,20230818-3PM_680_39_1952_4,0.894,101.0,680,39,1952,4,-0.04866248120408232
7685,20230818-3PM_680_39_1952_5,0.852,101.0,680,39,1952,5,-0.0695604052332999
7686,20230818-3PM_680_39_1952_6,1.214,101.0,680,39,1952,6,0.08421868673923877
7687,20230818-3PM_680_39_1952_7,1.02,101.0,680,39,1952,7,0.00860017176191757
7688,20230818-3PM_750_39_1952_0,0.483,101.0,750,39,1952,0,-0.31605286924848786
7689,20230818-3PM_750_39_1952_1,0.555,101.0,750,39,1952,1,-0.2557070168773237
7690,20230818-3PM_750_39_1952_2,0.332,101.0,750,39,1952,2,-0.4788619162959637
7691,20230818-3PM_750_39_1952_3,0.708,101.0,750,39,1952,3,-0.149966742310231
7692,20230818-3PM_750_39_1952_4,0.56,101.0,750,39,1952,4,-0.25181197299379954
7693,20230818-3PM_750_39_1952_5,0.536,101.0,750,39,1952,5,-0.27083521030722996
7694,20230818-3PM_750_39_1952_6,0.915,101.0,750,39,1952,6,-0.038578905933551705
7695,20230818-3PM_750_39_1952_7,0.72,101.0,750,39,1952,7,-0.14266750356873156
7696,20230818-3PM_680_39_2931_0,0.497,101.0,680,39,2931,0,-0.3036436112666679
7697,20230818-3PM_680_39_2931_1,0.387,101.0,680,39,2931,1,-0.4122890349810886
7698,20230818-3PM_680_39_2931_2,0.559,101.0,680,39,2931,2,-0.25258819211357664
7699,20230818-3PM_680_39_2931_3,0.385,101.0,680,39,2931,3,-0.4145392704914993
7700,20230818-3PM_680_39_2931_4,0.522,101.0,680,39,2931,4,-0.28232949699773785
7701,20230818-3PM_680_39_2931_5,0.372,101.0,680,39,2931,5,-0.4294570601181025
7702,20230818-3PM_680_39_2931_6,0.528,101.0,680,39,2931,6,-0.27736607746618774
7703,20230818-3PM_680_39_2931_7,0.438,101.0,680,39,2931,7,-0.3585258894959005
7704,20230818-3PM_750_39_2931_0,0.43,101.0,750,39,2931,0,-0.36653154442041347
7705,20230818-3PM_750_39_2931_1,0.305,101.0,750,39,2931,1,-0.5157001606532142
7706,20230818-3PM_750_39_2931_2,0.444,101.0,750,39,2931,2,-0.3526170298853802
7707,20230818-3PM_750_39_2931_3,0.318,101.0,750,39,2931,3,-0.4975728800155673
7708,20230818-3PM_750_39_2931_4,0.419,101.0,750,39,2931,4,-0.3777859770337047
7709,20230818-3PM_750_39_2931_5,0.286,101.0,750,39,2931,5,-0.543633966870957
7710,20230818-3PM_750_39_2931_6,0.474,101.0,750,39,2931,6,-0.324221658325915
7711,20230818-3PM_750_39_2931_7,0.382,101.0,750,39,2931,7,-0.41793663708829126
7712,20230818-3PM_680_39_JG5_0,0.094,101.0,680,39,JG5,0,-1.0268721464003014
7713,20230818-3PM_680_39_JG5_1,0.106,101.0,680,39,JG5,1,-0.9746941347352298
7714,20230818-3PM_680_39_JG5_2,0.081,101.0,680,39,JG5,2,-1.0915149811213503
7715,20230818-3PM_680_39_JG5_3,0.127,101.0,680,39,JG5,3,-0.8961962790440431
7716,20230818-3PM_680_39_JG5_4,0.094,101.0,680,39,JG5,4,-1.0268721464003014
7717,20230818-3PM_680_39_JG5_5,0.076,101.0,680,39,JG5,5,-1.1191864077192086
7718,20230818-3PM_680_39_JG5_6,0.13,101.0,680,39,JG5,6,-0.8860566476931632
7719,20230818-3PM_680_39_JG5_7,0.117,101.0,680,39,JG5,7,-0.9318141382538383
7720,20230818-3PM_750_39_JG5_0,0.09,101.0,750,39,JG5,0,-1.0457574905606752
7721,20230818-3PM_750_39_JG5_1,0.104,101.0,750,39,JG5,1,-0.9829666607012196
7722,20230818-3PM_750_39_JG5_2,0.08,101.0,750,39,JG5,2,-1.0969100130080565
7723,20230818-3PM_750_39_JG5_3,0.122,101.0,750,39,JG5,3,-0.9136401693252518
7724,20230818-3PM_750_39_JG5_4,0.092,101.0,750,39,JG5,4,-1.0362121726544447
7725,20230818-3PM_750_39_JG5_5,0.076,101.0,750,39,JG5,5,-1.1191864077192086
7726,20230818-3PM_750_39_JG5_6,0.122,101.0,750,39,JG5,6,-0.9136401693252518
7727,20230818-3PM_750_39_JG5_7,0.113,101.0,750,39,JG5,7,-0.9469215565165803
7728,20230818-3PM_680_39_BMS_0,0.495,101.0,680,39,BMS,0,-0.3053948010664313
7729,20230818-3PM_680_39_BMS_1,0.491,101.0,680,39,BMS,1,-0.3089185078770315
7730,20230818-3PM_680_39_BMS_2,0.494,101.0,680,39,BMS,2,-0.30627305107635305
7731,20230818-3PM_680_39_BMS_3,0.575,101.0,680,39,BMS,3,-0.24033215531036956
7732,20230818-3PM_680_39_BMS_4,0.498,101.0,680,39,BMS,4,-0.30277065724028246
7733,20230818-3PM_680_39_BMS_5,0.559,101.0,680,39,BMS,5,-0.25258819211357664
7734,20230818-3PM_680_39_BMS_6,0.472,101.0,680,39,BMS,6,-0.32605800136591223
7735,20230818-3PM_680_39_BMS_7,0.41,101.0,680,39,BMS,7,-0.38721614328026455
7736,20230818-3PM_750_39_BMS_0,0.457,101.0,750,39,BMS,0,-0.34008379993014975
7737,20230818-3PM_750_39_BMS_1,0.447,101.0,750,39,BMS,1,-0.34969247686806354
7738,20230818-3PM_750_39_BMS_2,0.452,101.0,750,39,BMS,2,-0.3448615651886179
7739,20230818-3PM_750_39_BMS_3,0.524,101.0,750,39,BMS,3,-0.28066871301627333
7740,20230818-3PM_750_39_BMS_4,0.455,101.0,750,39,BMS,4,-0.34198860334288755
7741,20230818-3PM_750_39_BMS_5,0.506,101.0,750,39,BMS,5,-0.2958494831602009
7742,20230818-3PM_750_39_BMS_6,0.424,101.0,750,39,BMS,6,-0.37263414340726736
7743,20230818-3PM_750_39_BMS_7,0.374,101.0,750,39,BMS,7,-0.42712839779951983
7744,20230818-3PM_680_37_3059_0,0.777,101.0,680,37,3059,0,-0.10957898119908573
7745,20230818-3PM_680_37_3059_1,1.048,101.0,680,37,3059,1,0.020361282647707864
7746,20230818-3PM_680_37_3059_2,0.928,101.0,680,37,3059,2,-0.032452023781137915
7747,20230818-3PM_680_37_3059_3,0.989,101.0,680,37,3059,3,-0.004803708402820599
7748,20230818-3PM_680_37_3059_4,0.767,101.0,680,37,3059,4,-0.11520463605101904
7749,20230818-3PM_680_37_3059_5,0.876,101.0,680,37,3059,5,-0.05749589383191927
7750,20230818-3PM_680_37_3059_6,0.893,101.0,680,37,3059,6,-0.049148541111453566
7751,20230818-3PM_680_37_3059_7,1.492,101.0,680,37,3059,7,0.17376882313664999
7752,20230818-3PM_750_37_3059_0,0.639,101.0,750,37,3059,0,-0.19449914184159983
7753,20230818-3PM_750_37_3059_1,0.766,101.0,750,37,3059,1,-0.11577123036739606
7754,20230818-3PM_750_37_3059_2,0.761,101.0,750,37,3059,2,-0.11861534322942717
7755,20230818-3PM_750_37_3059_3,0.764,101.0,750,37,3059,3,-0.11690664142431006
7756,20230818-3PM_750_37_3059_4,0.645,101.0,750,37,3059,4,-0.19044028536473223
7757,20230818-3PM_750_37_3059_5,0.651,101.0,750,37,3059,5,-0.18641901143180803
7758,20230818-3PM_750_37_3059_6,0.65,101.0,750,37,3059,6,-0.18708664335714442
7759,20230818-3PM_750_37_3059_7,1.11,101.0,750,37,3059,7,0.045322978786657475
7760,20230818-3PM_680_37_1691_0,0.615,101.0,680,37,1691,0,-0.21112488422458328
7761,20230818-3PM_680_37_1691_1,0.766,101.0,680,37,1691,1,-0.11577123036739606
7762,20230818-3PM_680_37_1691_2,0.743,101.0,680,37,1691,2,-0.1290111862394247
7763,20230818-3PM_680_37_1691_3,0.785,101.0,680,37,1691,3,-0.10513034325474745
7764,20230818-3PM_680_37_1691_4,0.612,101.0,680,37,1691,4,-0.21324857785443882
7765,20230818-3PM_680_37_1691_5,1.568,101.0,680,37,1691,5,0.19534605834841964
7766,20230818-3PM_680_37_1691_6,1.647,101.0,680,37,1691,6,0.21669359916975436
7767,20230818-3PM_680_37_1691_7,1.077,101.0,680,37,1691,7,0.03221570329798157
7768,20230818-3PM_750_37_1691_0,0.458,101.0,750,37,1691,0,-0.3391345219961308
7769,20230818-3PM_750_37_1691_1,0.546,101.0,750,37,1691,1,-0.2628073572952627
7770,20230818-3PM_750_37_1691_2,0.54,101.0,750,37,1691,2,-0.26760624017703144
7771,20230818-3PM_750_37_1691_3,0.556,101.0,750,37,1691,3,-0.2549252084179425
7772,20230818-3PM_750_37_1691_4,0.481,101.0,750,37,1691,4,-0.31785492362616824
7773,20230818-3PM_750_37_1691_5,0.925,101.0,750,37,1691,5,-0.03385826726096737
7774,20230818-3PM_750_37_1691_6,1.0,101.0,750,37,1691,6,0.0
7775,20230818-3PM_750_37_1691_7,0.717,101.0,750,37,1691,7,-0.1444808443321999
7776,20230818-3PM_680_37_1690_0,0.833,101.0,680,37,1690,0,-0.07935499859321243
7777,20230818-3PM_680_37_1690_1,0.761,101.0,680,37,1690,1,-0.11861534322942717
7778,20230818-3PM_680_37_1690_2,1.063,101.0,680,37,1690,2,0.026533264523296733
7779,20230818-3PM_680_37_1690_3,0.736,101.0,680,37,1690,3,-0.13312218566250114
7780,20230818-3PM_680_37_1690_4,0.811,101.0,680,37,1690,4,-0.09097914578884395
7781,20230818-3PM_680_37_1690_5,1.039,101.0,680,37,1690,5,0.016615547557177382
7782,20230818-3PM_680_37_1690_6,0.903,101.0,680,37,1690,6,-0.04431224968649419
7783,20230818-3PM_680_37_1690_7,1.196,101.0,680,37,1690,7,0.07773117965239203
7784,20230818-3PM_750_37_1690_0,0.64,101.0,750,37,1690,0,-0.1938200260161128
7785,20230818-3PM_750_37_1690_1,0.608,101.0,750,37,1690,1,-0.21609642072726507
7786,20230818-3PM_750_37_1690_2,0.824,101.0,750,37,1690,2,-0.08407278830288423
7787,20230818-3PM_750_37_1690_3,0.554,101.0,750,37,1690,3,-0.2564902352715702
7788,20230818-3PM_750_37_1690_4,0.658,101.0,750,37,1690,4,-0.1817741063860445
7789,20230818-3PM_750_37_1690_5,0.796,101.0,750,37,1690,5,-0.09908693226233094
7790,20230818-3PM_750_37_1690_6,0.687,101.0,750,37,1690,6,-0.16304326294044955
7791,20230818-3PM_750_37_1690_7,0.907,101.0,750,37,1690,7,-0.04239271293990473
7792,20230818-3PM_680_37_2342_0,0.379,101.0,680,37,2342,0,-0.42136079003192767
7793,20230818-3PM_680_37_2342_1,0.426,101.0,680,37,2342,1,-0.37059040089728107
7794,20230818-3PM_680_37_2342_2,0.375,101.0,680,37,2342,2,-0.42596873227228116
7795,20230818-3PM_680_37_2342_3,0.445,101.0,680,37,2342,3,-0.3516399890190684
7796,20230818-3PM_680_37_2342_4,0.454,101.0,680,37,2342,4,-0.34294414714289606
7797,20230818-3PM_680_37_2342_5,0.395,101.0,680,37,2342,5,-0.40340290437353976
7798,20230818-3PM_680_37_2342_6,0.734,101.0,680,37,2342,6,-0.13430394008392949
7799,20230818-3PM_680_37_2342_7,0.547,101.0,680,37,2342,7,-0.2620126736665692
7800,20230818-3PM_750_37_2342_0,0.336,101.0,750,37,2342,0,-0.4736607226101559
7801,20230818-3PM_750_37_2342_1,0.386,101.0,750,37,2342,1,-0.41341269532824504
7802,20230818-3PM_750_37_2342_2,0.333,101.0,750,37,2342,2,-0.4775557664936801
7803,20230818-3PM_750_37_2342_3,0.397,101.0,750,37,2342,3,-0.40120949323688493
7804,20230818-3PM_750_37_2342_4,0.406,101.0,750,37,2342,4,-0.39147396642280585
7805,20230818-3PM_750_37_2342_5,0.349,101.0,750,37,2342,5,-0.45717457304082015
7806,20230818-3PM_750_37_2342_6,0.621,101.0,750,37,2342,6,-0.20690839982341983
7807,20230818-3PM_750_37_2342_7,0.488,101.0,750,37,2342,7,-0.3115801779972894
7808,20230818-3PM_680_37_4532_0,0.421,101.0,680,37,4532,0,-0.3757179041643317
7809,20230818-3PM_680_37_4532_1,0.44,101.0,680,37,4532,1,-0.3565473235138126
7810,20230818-3PM_680_37_4532_2,0.466,101.0,680,37,4532,2,-0.3316140833099998
7811,20230818-3PM_680_37_4532_3,0.474,101.0,680,37,4532,3,-0.324221658325915
7812,20230818-3PM_680_37_4532_4,0.553,101.0,680,37,4532,4,-0.2572748686953017
7813,20230818-3PM_680_37_4532_5,0.378,101.0,680,37,4532,5,-0.4225082001627747
7814,20230818-3PM_680_37_4532_6,0.463,101.0,680,37,4532,6,-0.33441900898204685
7815,20230818-3PM_680_37_4532_7,0.408,101.0,680,37,4532,7,-0.3893398369101201
7816,20230818-3PM_750_37_4532_0,0.321,101.0,750,37,4532,0,-0.4934949675951279
7817,20230818-3PM_750_37_4532_1,0.407,101.0,750,37,4532,1,-0.39040559077478
7818,20230818-3PM_750_37_4532_2,0.44,101.0,750,37,4532,2,-0.3565473235138126
7819,20230818-3PM_750_37_4532_3,0.443,101.0,750,37,4532,3,-0.3535962737769304
7820,20230818-3PM_750_37_4532_4,0.472,101.0,750,37,4532,4,-0.32605800136591223
7821,20230818-3PM_750_37_4532_5,0.342,101.0,750,37,4532,5,-0.46597389394386496
7822,20230818-3PM_750_37_4532_6,0.433,101.0,750,37,4532,6,-0.36351210364663455
7823,20230818-3PM_750_37_4532_7,0.368,101.0,750,37,4532,7,-0.43415218132648237
7824,20230818-3PM_680_37_2344_0,0.772,101.0,680,37,2344,0,-0.11238269966426384
7825,20230818-3PM_680_37_2344_1,0.853,101.0,680,37,2344,1,-0.06905096883247698
7826,20230818-3PM_680_37_2344_2,0.894,101.0,680,37,2344,2,-0.04866248120408232
7827,20230818-3PM_680_37_2344_3,0.638,101.0,680,37,2344,3,-0.19517932127883766
7828,20230818-3PM_680_37_2344_4,0.397,101.0,680,37,2344,4,-0.40120949323688493
7829,20230818-3PM_680_37_2344_5,0.872,101.0,680,37,2344,5,-0.05948351506743278
7830,20230818-3PM_680_37_2344_6,0.784,101.0,680,37,2344,6,-0.10568393731556154
7831,20230818-3PM_680_37_2344_7,0.65,101.0,680,37,2344,7,-0.18708664335714442
7832,20230818-3PM_750_37_2344_0,0.585,101.0,750,37,2344,0,-0.23284413391781958
7833,20230818-3PM_750_37_2344_1,0.654,101.0,750,37,2344,1,-0.18442225167573273
7834,20230818-3PM_750_37_2344_2,0.673,101.0,750,37,2344,2,-0.1719849357760231
7835,20230818-3PM_750_37_2344_3,0.508,101.0,750,37,2344,3,-0.29413628771608075
7836,20230818-3PM_750_37_2344_4,0.346,101.0,750,37,2344,4,-0.46092390120722343
7837,20230818-3PM_750_37_2344_5,0.683,101.0,750,37,2344,5,-0.1655792963184674
7838,20230818-3PM_750_37_2344_6,0.629,101.0,750,37,2344,6,-0.20134935455473107
7839,20230818-3PM_750_37_2344_7,0.522,101.0,750,37,2344,7,-0.28232949699773785
7840,20230818-3PM_680_37_2343_0,0.366,101.0,680,37,2343,0,-0.43651891460558934
7841,20230818-3PM_680_37_2343_1,0.447,101.0,680,37,2343,1,-0.34969247686806354
7842,20230818-3PM_680_37_2343_2,0.581,101.0,680,37,2343,2,-0.2358238676096693
7843,20230818-3PM_680_37_2343_3,0.463,101.0,680,37,2343,3,-0.33441900898204685
7844,20230818-3PM_680_37_2343_4,0.444,101.0,680,37,2343,4,-0.3526170298853802
7845,20230818-3PM_680_37_2343_5,0.9,101.0,680,37,2343,5,-0.045757490560675115
7846,20230818-3PM_680_37_2343_6,0.492,101.0,680,37,2343,6,-0.30803489723263966
7847,20230818-3PM_680_37_2343_7,0.431,101.0,680,37,2343,7,-0.3655227298392684
7848,20230818-3PM_750_37_2343_0,0.306,101.0,750,37,2343,0,-0.51427857351842
7849,20230818-3PM_750_37_2343_1,0.355,101.0,750,37,2343,1,-0.44977164694490596
7850,20230818-3PM_750_37_2343_2,0.477,101.0,750,37,2343,2,-0.3214816209598861
7851,20230818-3PM_750_37_2343_3,0.354,101.0,750,37,2343,3,-0.4509967379742122
7852,20230818-3PM_750_37_2343_4,0.312,101.0,750,37,2343,4,-0.5058454059815573
7853,20230818-3PM_750_37_2343_5,0.595,101.0,750,37,2343,5,-0.22548303427145044
7854,20230818-3PM_750_37_2343_6,0.373,101.0,750,37,2343,6,-0.4282911681913124
7855,20230818-3PM_750_37_2343_7,0.324,101.0,750,37,2343,7,-0.48945498979338786
7856,20230818-3PM_680_37_1952_0,0.655,101.0,680,37,1952,0,-0.18375870000821692
7857,20230818-3PM_680_37_1952_1,0.673,101.0,680,37,1952,1,-0.1719849357760231
7858,20230818-3PM_680_37_1952_2,0.643,101.0,680,37,1952,2,-0.1917890270757779
7859,20230818-3PM_680_37_1952_3,0.752,101.0,680,37,1952,3,-0.12378215940835775
7860,20230818-3PM_680_37_1952_4,0.741,101.0,680,37,1952,4,-0.13018179202067184
7861,20230818-3PM_680_37_1952_5,1.108,101.0,680,37,1952,5,0.04453976039241098
7862,20230818-3PM_680_37_1952_6,0.869,101.0,680,37,1952,6,-0.060980223551333534
7863,20230818-3PM_680_37_1952_7,0.661,101.0,680,37,1952,7,-0.17979854051435976
7864,20230818-3PM_750_37_1952_0,0.479,101.0,750,37,1952,0,-0.3196644865854368
7865,20230818-3PM_750_37_1952_1,0.464,101.0,750,37,1952,1,-0.3334820194451191
7866,20230818-3PM_750_37_1952_2,0.437,101.0,750,37,1952,2,-0.3595185630295782
7867,20230818-3PM_750_37_1952_3,0.499,101.0,750,37,1952,3,-0.3018994543766101
7868,20230818-3PM_750_37_1952_4,0.51,101.0,750,37,1952,4,-0.2924298239020636
7869,20230818-3PM_750_37_1952_5,0.723,101.0,750,37,1952,5,-0.1408617027054692
7870,20230818-3PM_750_37_1952_6,0.581,101.0,750,37,1952,6,-0.2358238676096693
7871,20230818-3PM_750_37_1952_7,0.455,101.0,750,37,1952,7,-0.34198860334288755
7872,20230818-3PM_680_37_2931_0,0.424,101.0,680,37,2931,0,-0.37263414340726736
7873,20230818-3PM_680_37_2931_1,0.624,101.0,680,37,2931,1,-0.20481541031757602
7874,20230818-3PM_680_37_2931_2,0.542,101.0,680,37,2931,2,-0.266000713461613
7875,20230818-3PM_680_37_2931_3,0.563,101.0,680,37,2931,3,-0.24949160514865382
7876,20230818-3PM_680_37_2931_4,0.446,101.0,680,37,2931,4,-0.35066514128785814
7877,20230818-3PM_680_37_2931_5,0.433,101.0,680,37,2931,5,-0.36351210364663455
7878,20230818-3PM_680_37_2931_6,0.547,101.0,680,37,2931,6,-0.2620126736665692
7879,20230818-3PM_680_37_2931_7,1.158,101.0,680,37,2931,7,0.06370855939141737
7880,20230818-3PM_750_37_2931_0,0.316,101.0,750,37,2931,0,-0.5003129173815962
7881,20230818-3PM_750_37_2931_1,0.397,101.0,750,37,2931,1,-0.40120949323688493
7882,20230818-3PM_750_37_2931_2,0.37,101.0,750,37,2931,2,-0.431798275933005
7883,20230818-3PM_750_37_2931_3,0.379,101.0,750,37,2931,3,-0.42136079003192767
7884,20230818-3PM_750_37_2931_4,0.312,101.0,750,37,2931,4,-0.5058454059815573
7885,20230818-3PM_750_37_2931_5,0.319,101.0,750,37,2931,5,-0.4962093169428189
7886,20230818-3PM_750_37_2931_6,0.362,101.0,750,37,2931,6,-0.4412914294668343
7887,20230818-3PM_750_37_2931_7,0.797,101.0,750,37,2931,7,-0.09854167860388763
7888,20230818-3PM_680_37_JG5_0,0.28,101.0,680,37,JG5,0,-0.5528419686577808
7889,20230818-3PM_680_37_JG5_1,0.247,101.0,680,37,JG5,1,-0.6073030467403343
7890,20230818-3PM_680_37_JG5_2,0.142,101.0,680,37,JG5,2,-0.8477116556169435
7891,20230818-3PM_680_37_JG5_3,0.153,101.0,680,37,JG5,3,-0.8153085691824012
7892,20230818-3PM_680_37_JG5_4,0.39,101.0,680,37,JG5,4,-0.4089353929735008
7893,20230818-3PM_680_37_JG5_5,0.288,101.0,680,37,JG5,5,-0.5406075122407692
7894,20230818-3PM_680_37_JG5_6,0.409,101.0,680,37,JG5,6,-0.38827669199265824
7895,20230818-3PM_680_37_JG5_7,0.227,101.0,680,37,JG5,7,-0.6439741428068773
7896,20230818-3PM_750_37_JG5_0,0.239,101.0,750,37,JG5,0,-0.6216020990518624
7897,20230818-3PM_750_37_JG5_1,0.212,101.0,750,37,JG5,1,-0.6736641390712486
7898,20230818-3PM_750_37_JG5_2,0.131,101.0,750,37,JG5,2,-0.8827287043442357
7899,20230818-3PM_750_37_JG5_3,0.139,101.0,750,37,JG5,3,-0.8569851997459049
7900,20230818-3PM_750_37_JG5_4,0.342,101.0,750,37,JG5,4,-0.46597389394386496
7901,20230818-3PM_750_37_JG5_5,0.24,101.0,750,37,JG5,5,-0.619788758288394
7902,20230818-3PM_750_37_JG5_6,0.338,101.0,750,37,JG5,6,-0.47108329972234525
7903,20230818-3PM_750_37_JG5_7,0.199,101.0,750,37,JG5,7,-0.7011469235902933
7904,20230818-3PM_680_37_BMS_0,0.572,101.0,680,37,BMS,0,-0.24260397120697583
7905,20230818-3PM_680_37_BMS_1,0.581,101.0,680,37,BMS,1,-0.2358238676096693
7906,20230818-3PM_680_37_BMS_2,0.684,101.0,680,37,BMS,2,-0.16494389827988373
7907,20230818-3PM_680_37_BMS_3,0.446,101.0,680,37,BMS,3,-0.35066514128785814
7908,20230818-3PM_680_37_BMS_4,0.591,101.0,680,37,BMS,4,-0.22841251911874466
7909,20230818-3PM_680_37_BMS_5,0.636,101.0,680,37,BMS,5,-0.19654288435158612
7910,20230818-3PM_680_37_BMS_6,0.643,101.0,680,37,BMS,6,-0.1917890270757779
7911,20230818-3PM_680_37_BMS_7,0.505,101.0,680,37,BMS,7,-0.2967086218813386
7912,20230818-3PM_750_37_BMS_0,0.506,101.0,750,37,BMS,0,-0.2958494831602009
7913,20230818-3PM_750_37_BMS_1,0.52,101.0,750,37,BMS,1,-0.28399665636520083
7914,20230818-3PM_750_37_BMS_2,0.601,101.0,750,37,BMS,2,-0.22112552799726048
7915,20230818-3PM_750_37_BMS_3,0.396,101.0,750,37,BMS,3,-0.40230481407448765
7916,20230818-3PM_750_37_BMS_4,0.509,101.0,750,37,BMS,4,-0.29328221766324125
7917,20230818-3PM_750_37_BMS_5,0.549,101.0,750,37,BMS,5,-0.26042765554990804
7918,20230818-3PM_750_37_BMS_6,0.566,101.0,750,37,BMS,6,-0.24718356881172862
7919,20230818-3PM_750_37_BMS_7,0.452,101.0,750,37,BMS,7,-0.3448615651886179
